INFO_SATNAME,INFO_NORAD_NUMBER,INFO_OBJECT_TYPE,INFO_TYPE_OF_ORBIT,INFO_COUNTRY_OF_OPERATOR_OWNER,INFO_USERS,INFO_LAUNCH_DATE,INFO_REENTRY_DATE,PERIOD,INCLINATION,APOGEE,PERIGEE,LAUNCH_YEAR,LAUNCH_MASS_KG,RCS_SIZE,COUNTRY,PURPOSE,CLASS_OF_ORBIT,EXPECTED_LIFETIME_YRS,INFO_NO_REENTRY_RECORDED
TDRS 3,19548,PAYLOAD,,USA,Government,1988-09-29,,1435.99,12.92,35947,35622,1988,3180,LARGE,US,COMMUNICATIONS,GEO,10,True
FLTSATCOM 8 (USA 46),20253,PAYLOAD,,USA,Military,1989-09-25,,1436.2,12.54,35815,35762,1989,2310,LARGE,US,COMMUNICATIONS,GEO,5,True
HST,20580,PAYLOAD,Non-Polar Inclined,ESA,Government,1990-04-24,,94.45,28.47,493,491,1990,11110,LARGE,US,SPACE SCIENCE,LEO,10,True
SKYNET 4C,20776,PAYLOAD,,United Kingdom,Military,1990-08-30,,1436.1,13.48,35797,35777,1990,1474,LARGE,UK,COMMUNICATIONS,GEO,7,True
TDRS 6,22314,PAYLOAD,,USA,Government/Commercial,1993-01-13,,1436.08,14.17,35817,35755,1993,3180,LARGE,US,COMMUNICATIONS,GEO,10,True
USA 99,22988,PAYLOAD,,USA,Military,1994-02-07,,1436.06,16.99,35794,35778,1994,4536,LARGE,US,COMMUNICATIONS,GEO,10,True
UFO 4 (USA 108),23467,PAYLOAD,,USA,Military,1995-01-29,,1436.05,9.72,35795,35776,1995,3200,LARGE,US,COMMUNICATIONS,GEO,4,True
TDRS 7,23613,PAYLOAD,,USA,Government,1995-07-13,,1436.03,13.55,35904,35667,1995,3180,LARGE,US,COMMUNICATIONS,GEO,10,True
USA 113,23628,PAYLOAD,,USA,Military,1995-07-31,,1459.47,13.02,36253,36233,1995,1156,LARGE,US,COMMUNICATIONS,GEO,10,True
GALAXY 25 (TELSTAR 5),24812,PAYLOAD,,USA,Commercial,1997-05-24,,1453.25,6.33,36151,36092,1997,3515,LARGE,US,COMMUNICATIONS,GEO,13,True
NAVSTAR 43 (USA 132),24876,PAYLOAD,Non-Polar Inclined,USA,Military/Commercial,1997-07-23,,717.98,55.79,20418,19947,1997,2217,LARGE,US,NAVIGATION/GLOBAL POSITIONING,MEO,10,True
FORTE,24920,PAYLOAD,Polar,USA,Government,1997-08-29,,100.86,69.95,814,785,1997,215,LARGE,US,EARTH OBSERVATION,LEO,3,True
ORBCOMM FM 10,25113,PAYLOAD,Non-Polar Inclined,USA,Commercial,1997-12-23,,99.63,45.01,744,738,1997,45,MEDIUM,ORB,COMMUNICATIONS,LEO,5,True
ORBCOMM FM 11,25114,PAYLOAD,Non-Polar Inclined,USA,Commercial,1997-12-23,,99.64,45.01,745,738,1997,45,MEDIUM,ORB,COMMUNICATIONS,LEO,5,True
ORBCOMM FM 9,25116,PAYLOAD,Non-Polar Inclined,USA,Commercial,1997-12-23,,99.65,45.01,746,738,1997,45,MEDIUM,ORB,COMMUNICATIONS,LEO,5,True
ORBCOMM FM 5,25117,PAYLOAD,Non-Polar Inclined,USA,Commercial,1997-12-23,,99.6,45.01,741,738,1997,45,MEDIUM,ORB,COMMUNICATIONS,LEO,5,True
INMARSAT 3-F5,25153,PAYLOAD,,United Kingdom,Commercial,1998-02-04,,1436.15,8.75,35808,35767,1998,2000,LARGE,IM,COMMUNICATIONS,GEO,13,True
UFO 8 (USA 138),25258,PAYLOAD,,USA,Military,1998-03-16,,1434.28,10.62,35769,35733,1998,3206,LARGE,US,COMMUNICATIONS,GEO,4,True
ORBCOMM FM 18,25414,PAYLOAD,Non-Polar Inclined,USA,Commercial,1998-08-02,,100.11,44.99,768,760,1998,45,MEDIUM,ORB,COMMUNICATIONS,LEO,5,True
ORBCOMM FM 20,25416,PAYLOAD,Non-Polar Inclined,USA,Commercial,1998-08-02,,100.2,44.99,770,766,1998,45,MEDIUM,ORB,COMMUNICATIONS,LEO,5,True
ORBCOMM FM 15,25418,PAYLOAD,Non-Polar Inclined,USA,Commercial,1998-08-02,,100.11,45,768,760,1998,45,MEDIUM,ORB,COMMUNICATIONS,LEO,5,True
ASTRA 2A,25462,PAYLOAD,,Luxembourg,Commercial,1998-08-30,,1448.99,6.03,36050,36027,1998,3635,LARGE,SES,COMMUNICATIONS,GEO,15,True
ORBCOMM FM 21,25475,PAYLOAD,Non-Polar Inclined,USA,Commercial,1998-09-23,,100.19,45.01,770,765,1998,45,MEDIUM,ORB,COMMUNICATIONS,LEO,5,True
ORBCOMM FM 23,25477,PAYLOAD,Non-Polar Inclined,USA,Commercial,1998-09-23,,100.18,45.01,770,764,1998,45,MEDIUM,ORB,COMMUNICATIONS,LEO,5,True
ORBCOMM FM 27,25481,PAYLOAD,Non-Polar Inclined,USA,Commercial,1998-09-23,,100.14,45,767,763,1998,45,MEDIUM,ORB,COMMUNICATIONS,LEO,5,True
GLOBALSTAR M037,25652,PAYLOAD,Non-Polar Inclined,USA,Commercial,1999-03-15,,114.06,52,1415,1411,1999,450,LARGE,GLOB,COMMUNICATIONS,LEO,10,True
LANDSAT 7,25682,PAYLOAD,Sun-Synchronous,USA,Government,1999-04-15,,98.4,97.87,683,681,1999,2744,LARGE,US,EARTH OBSERVATION,LEO,15,True
CXO,25867,PAYLOAD,Deep Highly Eccentric,USA,Government,1999-07-23,,3809,48.27,143136,5691,1999,4742,LARGE,US,SPACE SCIENCE,ELLIPTICAL,5,True
ABS 6 (LMI 1),25924,PAYLOAD,,Multinational,Commercial,1999-09-26,,1435.99,0.03,35795,35774,1999,2894,LARGE,ABS,COMMUNICATIONS,GEO,15,True
NAVSTAR 46 (USA 145),25933,PAYLOAD,Non-Polar Inclined,USA,Military/Commercial,1999-10-07,,717.99,51.83,20489,19876,1999,2217,LARGE,US,NAVIGATION/GLOBAL POSITIONING,MEO,10,True
ORBCOMM FM 31,25981,PAYLOAD,Non-Polar Inclined,USA,Commercial,1999-12-04,,100.2,45.02,771,765,1999,45,MEDIUM,ORB,COMMUNICATIONS,LEO,5,True
ORBCOMM FM 32,25982,PAYLOAD,Non-Polar Inclined,USA,Commercial,1999-12-04,,100.27,45.02,775,767,1999,45,MEDIUM,ORB,COMMUNICATIONS,LEO,5,True
ORBCOMM FM 36,25984,PAYLOAD,Non-Polar Inclined,USA,Commercial,1999-12-04,,100.14,45.04,768,762,1999,45,MEDIUM,ORB,COMMUNICATIONS,LEO,5,True
ORBCOMM FM 35,25985,PAYLOAD,Non-Polar Inclined,USA,Commercial,1999-12-04,,100.21,45.04,771,766,1999,45,MEDIUM,ORB,COMMUNICATIONS,LEO,5,True
DMSP 5D-2 F15 (USA 147),25991,PAYLOAD,Sun-Synchronous,USA,Military,1999-12-12,,101.6,99.04,842,826,1999,1152,LARGE,US,EARTH OBSERVATION,LEO,5,True
TERRA,25994,PAYLOAD,Sun-Synchronous,USA/Canada/Japan,Government,1999-12-18,,98.59,98,694,689,1999,4854,LARGE,US,EARTH OBSERVATION,LEO,6,True
GALAXY 11,26038,PAYLOAD,,USA,Commercial,1999-12-22,,1454.22,5.67,36194,36088,1999,4488,LARGE,US,COMMUNICATIONS,GEO,14,True
ASIASTAR,26107,PAYLOAD,,USA,Commercial,2000-03-21,,1436.15,8.14,35807,35768,2000,2775,LARGE,US,COMMUNICATIONS,GEO,15,True
NAVSTAR 47 (USA 150),26360,PAYLOAD,Non-Polar Inclined,USA,Military/Commercial,2000-05-11,,718.01,54.9,20281,20085,2000,2217,LARGE,US,NAVIGATION/GLOBAL POSITIONING,MEO,10,True
TDRS 8,26388,PAYLOAD,,USA,Government,2000-06-30,,1436.17,12.03,35809,35767,2000,3180,LARGE,US,COMMUNICATIONS,GEO,11,True
NAVSTAR 48 (USA 151),26407,PAYLOAD,Non-Polar Inclined,USA,Military/Commercial,2000-07-16,,717.97,54.96,20537,19827,2000,2217,LARGE,US,NAVIGATION/GLOBAL POSITIONING,MEO,10,True
INTELSAT 9 (PAS 9),26451,PAYLOAD,,USA,Commercial,2000-07-28,,1436.09,9.46,35803,35770,2000,3659,LARGE,US,COMMUNICATIONS,GEO,15,True
CLUSTER II-FM8,26464,PAYLOAD,Deep Highly Eccentric,ESA,Government,2000-08-09,,3241.67,143.72,126165,6190,2000,1200,LARGE,ESA,SPACE SCIENCE,ELLIPTICAL,4,True
BRAZILSAT B4,26469,PAYLOAD,,Brazil,Commercial,2000-08-17,,1452.17,8.26,36120,36081,2000,2495,LARGE,BRAZ,COMMUNICATIONS,GEO,12,True
USA 152,26473,PAYLOAD,Non-Polar Inclined,USA,Military,2000-08-17,,,,,,2000,14500,,US,EARTH OBSERVATION,LEO,9,True
SIRIUS 2,26483,PAYLOAD,Molniya,USA,Commercial,2000-09-05,,872.82,66.77,24476,23275,2000,3792,LARGE,US,COMMUNICATIONS,ELLIPTICAL,15,True
NSS 11 (AAP-1),26554,PAYLOAD,,Netherlands,Commercial,2000-10-01,,1436.11,1.04,35800,35774,2000,3582,LARGE,SES,COMMUNICATIONS,GEO,15,True
USA 153,26575,PAYLOAD,,USA,Military,2000-10-20,,1436.11,10.9,35794,35780,2000,1156,LARGE,US,COMMUNICATIONS,GEO,10,True
INTELSAT 1R (PAS 1R),26608,PAYLOAD,,USA,Commercial,2000-11-16,,1454.96,7.03,36192,36118,2000,4793,LARGE,US,COMMUNICATIONS,GEO,15,True
ANIK F1,26624,PAYLOAD,,Canada,Commercial,2000-11-21,,1455.19,4.11,36187,36133,2000,4710,LARGE,CA,COMMUNICATIONS,GEO,15,True
ASTRA 2D,26638,PAYLOAD,,Luxembourg,Commercial,2000-12-20,,1454.49,9.55,36152,36140,2000,1420,LARGE,SES,COMMUNICATIONS,GEO,15,True
NAVSTAR 50 (USA 156),26690,PAYLOAD,Non-Polar Inclined,USA,Military/Commercial,2001-01-30,,751.61,54.89,21014,20997,2001,2217,LARGE,US,NAVIGATION/GLOBAL POSITIONING,MEO,10,True
SICRAL 1,26694,PAYLOAD,,Italy,Military,2001-02-07,,,,,,2001,2596,,IT,COMMUNICATIONS,GEO,12,True
USA 157,26715,PAYLOAD,,USA,Military,2001-02-27,,1436.06,11.08,35946,35625,2001,4536,LARGE,US,COMMUNICATIONS,GEO,12,True
INTELSAT 10 (PAS 10),26766,PAYLOAD,,USA,Commercial,2001-05-15,,1436.08,8.07,35804,35769,2001,3739,LARGE,US,COMMUNICATIONS,GEO,15,True
INTELSAT 901,26824,PAYLOAD,,USA,Commercial,2001-06-09,,1457.29,0.15,36216,36185,2001,4723,LARGE,ITSO,COMMUNICATIONS,GEO,13,True
PROBA 1,26958,PAYLOAD,Sun-Synchronous,ESA,Government,2001-10-22,,95.69,97.95,593,510,2001,100,MEDIUM,ESA,TECHNOLOGY DEMONSTRATION,LEO,2,True
BIRD 2,26959,PAYLOAD,Sun-Synchronous,Germany,Government/Civil,2001-10-22,2023-10-13,87.72,97.77,168,155,2001,92,MEDIUM,GER,EARTH OBSERVATION/TECHNOLOGY DEVELOPMENT,LEO,1.5,False
TIMED,26998,PAYLOAD,Polar,USA,Government/Civil,2001-12-07,,96.4,74.07,588,585,2001,587,LARGE,US,SPACE SCIENCE,LEO,2,True
MAROC TUBSAT,27004,PAYLOAD,Sun-Synchronous,Morocco/Germany,Government,2001-12-10,,105.09,99.77,1014,984,2001,47,MEDIUM,GER,TECHNOLOGY DEVELOPMENT,LEO,3,True
COSMOS 2386,27057,PAYLOAD,Polar,Russia,Military,2001-12-28,,114.14,82.54,1417,1416,2001,225,MEDIUM,CIS,COMMUNICATIONS,LEO,3,True
ECHOSTAR 7,27378,PAYLOAD,,USA,Commercial,2002-02-21,,1442.38,2.93,35925,35894,2002,4027,LARGE,US,COMMUNICATIONS,GEO,12,True
INTELSAT 904,27380,PAYLOAD,,USA,Commercial,2002-02-23,,1436.11,5.86,35800,35774,2002,4680,LARGE,ITSO,COMMUNICATIONS,GEO,13,True
TDRS 9,27389,PAYLOAD,,USA,Government,2002-03-08,,1454.84,11.28,36160,36145,2002,3180,LARGE,US,COMMUNICATIONS,GEO,11,True
NSS 7,27414,PAYLOAD,,Netherlands,Commercial,2002-04-16,,1453.3,8.32,36132,36114,2002,4500,LARGE,SES,COMMUNICATIONS,GEO,14,True
DIRECTV 5 (TEMPO 1),27426,PAYLOAD,,USA,Commercial,2002-05-07,,1436.1,3.8,35801,35773,2002,4300,LARGE,US,COMMUNICATIONS,GEO,15,True
OFEQ 5,27434,PAYLOAD,Non-Polar Inclined,Israel,Military,2002-05-28,2024-02-21,,,,,2002,300,,ISRA,EARTH OBSERVATION,LEO,4,False
INTELSAT 905,27438,PAYLOAD,,USA,Commercial,2002-06-05,,1441,5.69,35897,35868,2002,4723,LARGE,ITSO,COMMUNICATIONS,GEO,13,True
COSMOS 2390,27464,PAYLOAD,Equatorial,Russia,Military,2002-07-08,,115.7,82.48,1508,1466,2002,225,MEDIUM,CIS,COMMUNICATIONS,LEO,3,True
INTELSAT 906,27513,PAYLOAD,,USA,Commercial,2002-09-06,,1436.1,4.73,35799,35774,2002,4723,LARGE,ITSO,COMMUNICATIONS,GEO,13,True
HISPASAT 30W-4,27528,PAYLOAD,,Spain,Government/Commercial/Military,2002-09-18,,1455.55,5.48,36357,35976,2002,3288,LARGE,SPN,COMMUNICATIONS,GEO,15,True
INTEGRAL,27540,PAYLOAD,Deep Highly Eccentric,ESA/Russia,Government,2002-10-17,,3832.88,91.06,144642,4860,2002,4000,LARGE,ESA,SPACE SCIENCE,ELLIPTICAL,2,True
SORCE,27651,PAYLOAD,Non-Polar Inclined,USA,Government/Civil,2003-01-25,,95.99,39.99,580,553,2003,315,LARGE,US,SPACE SCIENCE,LEO,6,True
NAVSTAR 51 (USA 166),27663,PAYLOAD,Non-Polar Inclined,USA,Military/Commercial,2003-01-29,,718,54.99,20563,19803,2003,2217,LARGE,US,NAVIGATION/GLOBAL POSITIONING,MEO,10,True
NAVSTAR 52 (USA 168),27704,PAYLOAD,Non-Polar Inclined,USA,Military/Commercial,2003-03-31,,717.95,55.03,20875,19488,2003,2217,LARGE,US,NAVIGATION/GLOBAL POSITIONING,MEO,10,True
USA 169,27711,PAYLOAD,,USA,Military,2003-04-08,,1436.07,11.71,36209,35363,2003,4536,LARGE,US,COMMUNICATIONS,GEO,12,True
GALAXY 12,27715,PAYLOAD,,USA,Commercial,2003-04-09,,1454.78,5.92,36168,36135,2003,1760,LARGE,ITSO,COMMUNICATIONS,GEO,15,True
HELLAS-SAT 2,27811,PAYLOAD,,Greece,Commercial,2003-05-13,,1436.09,6.3,35806,35767,2003,3300,LARGE,GREC,COMMUNICATIONS,GEO,15,True
THURAYA 2,27825,PAYLOAD,,United Arab Emirates,Commercial,2003-06-10,,1436.08,8.18,35821,35752,2003,5250,LARGE,UAE,COMMUNICATIONS,GEO,12,True
GALAXY 23 (TELSTAR 13),27854,PAYLOAD,,USA,Commercial,2003-08-08,,1436.1,2.11,35799,35775,2003,4000,LARGE,US,COMMUNICATIONS,GEO,13,True
COSMOS 2400,27868,PAYLOAD,Polar,Russia,Military,2003-08-19,,115.65,82.47,1501,1468,2003,225,MEDIUM,CIS,COMMUNICATIONS,LEO,3,True
HORIZONS 1 (GALAXY 13),27954,PAYLOAD,,USA/Japan,Commercial,2003-10-01,,1436.1,0.33,35797,35777,2003,4060,LARGE,US,COMMUNICATIONS,GEO,15,True
IRS P6,28051,PAYLOAD,Sun-Synchronous,India,Government,2003-10-17,,100.28,98.25,818,725,2003,1360,LARGE,IND,EARTH OBSERVATION,LEO,5,True
DMSP 5D-3 F16 (USA 172),28054,PAYLOAD,Sun-Synchronous,USA,Military,2003-10-18,,101.81,99.02,849,840,2003,1154,LARGE,US,EARTH OBSERVATION,LEO,5,True
YAMAL 202,28089,PAYLOAD,,Russia,Commercial,2003-11-24,,1436.09,5.28,35800,35773,2003,1320,LARGE,CIS,COMMUNICATIONS,GEO,12,True
UFO 11 (USA 174),28117,PAYLOAD,,USA,Military,2003-12-18,,1436.09,8.56,35798,35775,2003,3200,LARGE,US,COMMUNICATIONS,GEO,4,True
ABS 4 (MBSAT),28184,PAYLOAD,,Multinational,Commercial,2004-03-13,,1436.06,4.98,35809,35762,2004,4143,LARGE,ABS,COMMUNICATIONS,GEO,12,True
NAVSTAR 54 (USA 177),28190,PAYLOAD,Non-Polar Inclined,USA,Military/Commercial,2004-03-20,,717.96,55.19,20457,19907,2004,2217,LARGE,US,NAVIGATION/GLOBAL POSITIONING,MEO,10,True
AMC-11 (GE-11),28252,PAYLOAD,,USA,Commercial,2004-05-19,,1436.1,0.05,35801,35773,2004,2340,LARGE,SES,COMMUNICATIONS,GEO,15,True
INTELSAT 1002,28358,PAYLOAD,,USA,Commercial,2004-06-16,,1436.11,0.04,35791,35783,2004,5576,LARGE,ITSO,COMMUNICATIONS,GEO,13,True
AURA,28376,PAYLOAD,Sun-Synchronous,USA,Government,2004-07-15,,98.61,98.29,693,691,2004,2967,LARGE,US,EARTH OBSERVATION,LEO,5,True
USA 179,28384,PAYLOAD,Molniya,USA,Military,2004-08-31,,717.64,64,39765,583,2004,,,US,COMMUNICATIONS,ELLIPTICAL,10,True
SHIJIAN 6 01B (SJ-6 01B),28414,PAYLOAD,Sun-Synchronous,China,Government,2004-09-08,,95.81,97.63,563,553,2004,,LARGE,PRC,SPACE SCIENCE,LEO,2,True
COSMOS 2408,28419,PAYLOAD,Polar,Russia,Military,2004-09-23,,115.6,82.49,1496,1469,2004,225,MEDIUM,CIS,COMMUNICATIONS,LEO,3,True
COSMOS 2409,28420,PAYLOAD,Polar,Russia,Military,2004-09-23,,115.63,82.49,1496,1473,2004,225,MEDIUM,CIS,COMMUNICATIONS,LEO,3,True
JB-3 C,28470,PAYLOAD,Sun-Synchronous,China,Military,2004-11-06,,95.04,97.23,545,497,2004,,LARGE,PRC,EARTH OBSERVATION,LEO,5,True
SWIFT,28485,PAYLOAD,Non-Polar Inclined,USA/United Kingdom/Italy,Government/Civil,2004-11-20,,93.75,20.55,462,454,2004,1463,LARGE,US,SPACE SCIENCE,LEO,7,True
HELIOS 2A,28492,PAYLOAD,Sun-Synchronous,France/Italy/Belgium/Spain/Greece,Military,2004-12-18,,95.95,98.31,569,560,2004,4200,LARGE,FR,EARTH OBSERVATION,LEO,5,True
NSS 10 (AMC-12),28526,PAYLOAD,,Netherlands,Commercial,2005-02-03,,1436.11,5.39,35800,35774,2005,5396,LARGE,SES,COMMUNICATIONS,GEO,16,True
XTAR-EUR,28542,PAYLOAD,,Spain,Military/Government,2005-02-12,,1436.09,3.25,35808,35765,2005,3631,LARGE,US,COMMUNICATIONS,GEO,15,True
INMARSAT 4-F1,28628,PAYLOAD,,United Kingdom,Commercial,2005-03-11,,1436.16,4.63,35801,35774,2005,5959,LARGE,IM,COMMUNICATIONS,GEO,15,True
USA 182,28646,PAYLOAD,Non-Polar Inclined,USA,Military,2005-04-30,,99.18,57.01,724,715,2005,14500,,US,EARTH OBSERVATION,LEO,9,True
CARTOSAT-1,28649,PAYLOAD,Sun-Synchronous,India,Government,2005-05-05,,96.68,97.57,601,598,2005,1560,LARGE,IND,EARTH OBSERVATION,LEO,6,True
NOAA 18,28654,PAYLOAD,Sun-Synchronous,USA,Government,2005-05-20,,101.87,98.84,857,838,2005,2223,LARGE,US,EARTH OBSERVATION,LEO,3,True
EXPRESS AM-3,28707,PAYLOAD,,Russia,Commercial,2005-06-24,,1454.58,6.25,36162,36133,2005,2600,LARGE,CIS,COMMUNICATIONS,GEO,12,True
IPSTAR 1,28786,PAYLOAD,,Thailand,Commercial,2005-08-11,,1436.17,0.02,35798,35778,2005,6505,LARGE,THAI,COMMUNICATIONS,GEO,12,True
ANIK F1-R,28868,PAYLOAD,,Canada,Commercial,2005-09-08,,1436.1,3.23,35801,35773,2005,4500,LARGE,CA,COMMUNICATIONS,GEO,15,True
NAVSTAR 57 (USA 183),28874,PAYLOAD,Non-Polar Inclined,USA,Military/Commercial,2005-09-26,,717.97,55.23,20534,19830,2005,2217,LARGE,US,NAVIGATION/GLOBAL POSITIONING,MEO,10,True
BEIJING 1 (TSINGHUA),28890,PAYLOAD,Sun-Synchronous,China,Commercial,2005-10-27,,98.42,98.23,694,672,2005,166,MEDIUM,PRC,EARTH OBSERVATION,LEO,7,True
SPACEWAY 2,28903,PAYLOAD,,USA,Commercial,2005-11-16,,1453.65,4.39,36144,36115,2005,5993,LARGE,US,COMMUNICATIONS,GEO,12.5,True
EUTE 172A (GE 23),28924,PAYLOAD,,Multinational,Commercial,2005-12-29,,1436.1,3.15,35814,35759,2005,5000,LARGE,EUTE,COMMUNICATIONS,GEO,16,True
JCSAT 9,29045,PAYLOAD,,Japan,Commercial,2006-04-12,,1436.12,0.11,35794,35780,2006,4400,LARGE,JPN,COMMUNICATIONS,GEO,12,True
FORMOSAT 3A,29047,PAYLOAD,Polar,Taiwan,Government/Civil,2006-04-15,,100.64,71.98,825,752,2006,70,MEDIUM,TWN,EARTH OBSERVATION,LEO,2,True
FORMOSAT 3B,29048,PAYLOAD,Polar,Taiwan,Government/Civil,2006-04-15,,100.64,71.97,820,758,2006,70,MEDIUM,TWN,EARTH OBSERVATION,LEO,2,True
FORMOSAT 3E,29051,PAYLOAD,Polar,Taiwan,Government/Civil,2006-04-15,,100.63,72,834,742,2006,70,MEDIUM,TWN,EARTH OBSERVATION,LEO,2,True
FORMOSAT 3F,29052,PAYLOAD,Polar,Taiwan,Government/Civil,2006-04-15,,100.62,72.03,816,760,2006,70,MEDIUM,TWN,EARTH OBSERVATION,LEO,2,True
ASTRA 1KR,29055,PAYLOAD,,Luxembourg,Commercial,2006-04-20,,1436.12,0.03,35791,35783,2006,4332,LARGE,SES,COMMUNICATIONS,GEO,15,True
EROS B,29079,PAYLOAD,Sun-Synchronous,Israel,Military/Commercial,2006-04-25,,93.77,97.34,464,454,2006,350,MEDIUM,ISRA,EARTH OBSERVATION,LEO,10,True
CALIPSO,29108,PAYLOAD,Sun-Synchronous,France,Government,2006-04-28,,98.09,98.45,668,666,2006,587,LARGE,FR,EARTH SCIENCE,LEO,3,True
GOES 13,29155,PAYLOAD,,USA,Military,2006-05-24,,1457.01,3.44,36472,35918,2006,3200,LARGE,US,EARTH OBSERVATION,GEO,7,True
GALAXY 16,29236,PAYLOAD,,USA,Commercial,2006-06-18,,1436.07,0.03,35798,35774,2006,4640,LARGE,US,COMMUNICATIONS,GEO,15,True
JCSAT 10,29272,PAYLOAD,,Japan,Commercial,2006-08-11,,1436.13,0.01,35797,35778,2006,4400,LARGE,JPN,COMMUNICATIONS,GEO,15,True
SYRACUSE 3B,29273,PAYLOAD,,France,Military,2006-08-11,,1436.1,1.82,35805,35768,2006,3750,LARGE,FR,COMMUNICATIONS,GEO,12,True
XM-4,29520,PAYLOAD,,USA,Commercial,2006-10-30,,1457.27,1.75,36241,36159,2006,5193,LARGE,US,COMMUNICATIONS,GEO,15,True
DMSP 5D-3 F17 (USA 191),29522,PAYLOAD,Sun-Synchronous,USA,Military,2006-11-04,,101.78,98.74,850,836,2006,1154,LARGE,US,EARTH OBSERVATION,LEO,5,True
WILDBLUE 1,29643,PAYLOAD,,USA,Commercial,2006-12-08,,1436.1,1.71,35794,35780,2006,4735,LARGE,US,COMMUNICATIONS,GEO,12,True
AMC-18,29644,PAYLOAD,,USA,Commercial,2006-12-08,,1456.67,1.51,36209,36167,2006,2081,LARGE,SES,COMMUNICATIONS,GEO,15,True
SAR LUPE 1,29658,PAYLOAD,Non-Polar Inclined,Germany,Military,2006-12-19,,,,,,2006,770,,GER,EARTH OBSERVATION,LEO,10,True
COSMOS 2426 (GLONASS),29671,PAYLOAD,Non-Polar Inclined,Russia,Military/Commercial,2006-12-25,,676.17,64.7,19196,19086,2006,1480,LARGE,CIS,NAVIGATION/GLOBAL POSITIONING,MEO,7,True
CARTOSAT 2AT,29710,PAYLOAD,Sun-Synchronous,India,Government,2007-01-10,2024-02-14,87.32,97.86,147,137,2007,680,LARGE,IND,EARTH OBSERVATION,LEO,5,False
THEMIS A,30580,PAYLOAD,,Multinational,Government/Civil,2007-02-17,,1639.38,4.99,78609,746,2007,126,MEDIUM,US,SPACE SCIENCE,ELLIPTICAL,2,True
SKYNET 5A,30794,PAYLOAD,,United Kingdom,Military,2007-03-11,,1436.12,4.23,35804,35771,2007,4700,LARGE,UK,COMMUNICATIONS,GEO,15,True
THEMIS E,30798,PAYLOAD,,Multinational,Government/Civil,2007-02-17,,1639.4,2.5,78427,928,2007,126,MEDIUM,US,SPACE SCIENCE,ELLIPTICAL,2,True
ASTRA 1L,31306,PAYLOAD,,Luxembourg,Commercial,2007-05-04,,1436.13,0.24,35801,35774,2007,4500,LARGE,SES,COMMUNICATIONS,GEO,15,True
GALAXY 17,31307,PAYLOAD,,USA,Commercial,2007-05-04,,1436.1,1.9,35790,35783,2007,4100,LARGE,US,COMMUNICATIONS,GEO,15,True
GLOBALSTAR M065,31571,PAYLOAD,Non-Polar Inclined,USA,Commercial,2007-05-29,,114.1,51.99,1423,1407,2007,450,LARGE,GLOB,COMMUNICATIONS,LEO,10,True
GLOBALSTAR M069,31573,PAYLOAD,Non-Polar Inclined,USA,Commercial,2007-05-29,,116.18,52,1510,1508,2007,450,LARGE,GLOB,COMMUNICATIONS,LEO,10,True
SKYMED 1,31598,PAYLOAD,Sun-Synchronous,Italy,Military/Civil,2007-06-08,,97.06,97.89,619,617,2007,1700,LARGE,IT,EARTH OBSERVATION,LEO,5,True
TERRA SAR X,31698,PAYLOAD,Sun-Synchronous,Germany,Government/Commercial,2007-06-15,,94.79,97.44,510,507,2007,1230,LARGE,GER,EARTH OBSERVATION,LEO,5,True
CHINASAT 6B,31800,PAYLOAD,,China,Government/Commercial,2007-07-05,,1436.08,1.31,35801,35772,2007,4600,LARGE,PRC,COMMUNICATIONS,GEO,15,True
SPACEWAY 3,32018,PAYLOAD,,USA,Commercial,2007-08-14,,1452.53,2.91,36114,36101,2007,6100,LARGE,US,COMMUNICATIONS,GEO,12,True
BSAT-3A,32019,PAYLOAD,,Japan,Commercial,2007-08-14,,1452.44,0.57,36111,36101,2007,1980,LARGE,JPN,COMMUNICATIONS,GEO,13,True
WGS F1 (USA 195),32258,PAYLOAD,,USA,Military,2007-10-11,,1436.11,0.11,35788,35786,2007,5900,LARGE,US,COMMUNICATIONS,GEO,14,True
NAVSTAR 60 (USA 196),32260,PAYLOAD,Non-Polar Inclined,USA,Military/Commercial,2007-10-17,,717.93,53.79,20604,19758,2007,2217,LARGE,US,NAVIGATION/GLOBAL POSITIONING,MEO,10,True
GLOBALSTAR M067,32263,PAYLOAD,Non-Polar Inclined,USA,Commercial,2007-10-20,,116.07,51.97,1505,1503,2007,450,LARGE,GLOB,COMMUNICATIONS,LEO,10,True
GLOBALSTAR M070,32264,PAYLOAD,Non-Polar Inclined,USA,Commercial,2007-10-20,,114.08,51.98,1414,1413,2007,450,LARGE,GLOB,COMMUNICATIONS,LEO,10,True
COSMOS 2433 (GLONASS),32275,PAYLOAD,Non-Polar Inclined,Russia,Military/Commercial,2007-10-26,,675.73,65.8,19132,19128,2007,1480,LARGE,CIS,NAVIGATION/GLOBAL POSITIONING,MEO,7,True
STAR ONE C1,32293,PAYLOAD,,Brazil,Commercial,2007-11-14,,1453.57,3.67,36175,36081,2007,4100,LARGE,BRAZ,COMMUNICATIONS,GEO,15,True
USA 198,32378,PAYLOAD,Molniya,USA,Military,2007-12-10,,717.83,63.88,38814,1544,2007,,,US,COMMUNICATIONS,ELLIPTICAL,10,True
NAVSTAR 61 (USA 199),32384,PAYLOAD,Non-Polar Inclined,USA,Military/Commercial,2007-12-20,,717.97,55.38,20264,20100,2007,2060,LARGE,US,NAVIGATION/GLOBAL POSITIONING,MEO,10,True
HORIZONS 2,32388,PAYLOAD,,USA/Japan,Commercial,2007-12-21,,1436.09,1.51,35795,35778,2007,2300,LARGE,ITSO,COMMUNICATIONS,GEO,15,True
THURAYA 3,32404,PAYLOAD,,United Arab Emirates,Commercial,2008-01-15,,1436.11,5.31,35795,35779,2008,5180,LARGE,UAE,COMMUNICATIONS,GEO,12,True
EXPRESS AM-33,32478,PAYLOAD,,Russia,Commercial,2008-01-28,,1436.43,3.72,35829,35757,2008,2600,LARGE,CIS,COMMUNICATIONS,GEO,12,True
THOR 5,32487,PAYLOAD,,Norway,Commercial,2008-02-11,,1436.1,0.01,35797,35776,2008,2024,LARGE,NOR,COMMUNICATIONS,GEO,15,True
NAVSTAR 62 (USA 201),32711,PAYLOAD,Non-Polar Inclined,USA,Military/Commercial,2008-03-15,,718,54.46,20707,19658,2008,2217,LARGE,US,NAVIGATION/GLOBAL POSITIONING,MEO,10,True
ICO G-1,32763,PAYLOAD,,USA,Commercial,2008-04-14,,1436.09,5.39,35796,35777,2008,6600,LARGE,US,COMMUNICATIONS,GEO,15,True
CARTOSAT 2A,32783,PAYLOAD,Sun-Synchronous,India,Military,2008-04-28,,97.38,97.82,641,625,2008,680,LARGE,IND,EARTH OBSERVATION,LEO,5,True
AMOS 3,32794,PAYLOAD,,Israel,Military/Commercial,2008-04-28,,1436.08,0.03,35796,35777,2008,,LARGE,ISRA,COMMUNICATIONS,GEO,12,True
COSMOS 2437,32954,PAYLOAD,Polar,Russia,Military,2008-05-23,,115.87,82.5,1512,1478,2008,280,MEDIUM,CIS,COMMUNICATIONS,LEO,5,True
COSMOS 2439,32956,PAYLOAD,Polar,Russia,Military,2008-05-23,,115.84,82.5,1511,1477,2008,280,MEDIUM,CIS,COMMUNICATIONS,LEO,5,True
SAR LUPE 5,33244,PAYLOAD,Non-Polar Inclined,Germany,Military,2008-07-22,,,,,,2008,770,,GER,EARTH OBSERVATION,LEO,10,True
SUPERBIRD 7,33274,PAYLOAD,,Japan,Commercial,2008-08-14,,1436.13,1.27,35791,35783,2008,5000,LARGE,JPN,COMMUNICATIONS,GEO,15,True
INMARSAT 4-F3,33278,PAYLOAD,,United Kingdom,Commercial,2008-08-18,,1436.09,3.95,35798,35775,2008,5960,LARGE,IM,COMMUNICATIONS,GEO,15,True
HJ-1B,33321,PAYLOAD,Sun-Synchronous,China,Government,2008-09-06,,97.16,97.63,650,596,2008,470,LARGE,PRC,EARTH OBSERVATION,LEO,3,True
NIMIQ 4,33373,PAYLOAD,,Canada,Commercial,2008-09-19,,1436.08,0.02,35796,35777,2008,4850,LARGE,CA,COMMUNICATIONS,GEO,15,True
GALAXY 19,33376,PAYLOAD,,USA,Commercial,2008-09-24,,1436.1,0.03,35799,35774,2008,4690,LARGE,US,COMMUNICATIONS,GEO,15,True
CIEL-2,33453,PAYLOAD,,Canada,Commercial,2008-12-10,,1454.17,1.69,36175,36104,2008,,LARGE,CA,COMMUNICATIONS,GEO,15,True
KKS-1 (KISEKI),33499,PAYLOAD,Sun-Synchronous,Japan,Civil,2009-01-23,,97.2,98.12,630,620,2009,3,SMALL,JPN,TECHNOLOGY DEVELOPMENT,LEO,1,True
NOAA 19,33591,PAYLOAD,Sun-Synchronous,USA,Government,2009-02-06,,101.89,99,859,837,2009,1420,LARGE,US,EARTH OBSERVATION,LEO,3,True
TELSTAR 11N,34111,PAYLOAD,,Canada,Commercial,2009-02-26,,1436.16,0.02,35798,35777,2009,4010,LARGE,CA,COMMUNICATIONS,GEO,15,True
WGS F2 (USA 204),34713,PAYLOAD,,USA,Military,2009-04-04,,1436.13,0.02,35788,35787,2009,5987,LARGE,US,COMMUNICATIONS,GEO,14,True
MEASAT 3A,35362,PAYLOAD,,Malaysia,Commercial,2009-06-21,,1436.14,0.02,35803,35772,2009,2417,LARGE,MALA,COMMUNICATIONS,GEO,15,True
GOES 14,35491,PAYLOAD,,USA,Government,2009-06-27,,1436.11,0.59,35790,35784,2009,3200,LARGE,US,EARTH OBSERVATION,GEO,10,True
SIRIUS FM-5,35493,PAYLOAD,,USA,Commercial,2009-06-30,,1436.12,0.02,35796,35778,2009,5800,LARGE,US,COMMUNICATIONS,GEO,15,True
TERRESTAR 1,35496,PAYLOAD,,USA,Commercial,2009-07-01,,1436.1,4.87,35798,35776,2009,6910,LARGE,US,COMMUNICATIONS,GEO,15,True
DEIMOS 1,35681,PAYLOAD,Sun-Synchronous,Spain,Government,2009-07-29,,97.66,97.7,649,645,2009,90,MEDIUM,SPN,EARTH OBSERVATION,LEO,5,True
DMC 2,35683,PAYLOAD,Sun-Synchronous,United Kingdom,Government,2009-07-29,,97.63,97.82,646,644,2009,96.5,MEDIUM,UK,EARTH OBSERVATION,LEO,5,True
NAVSTAR 64 (USA 206),35752,PAYLOAD,Non-Polar Inclined,USA,Military/Commercial,2009-08-17,,718.02,55.92,20329,20038,2009,2059,LARGE,US,NAVIGATION/GLOBAL POSITIONING,MEO,10,True
JCSAT 12,35755,PAYLOAD,,Japan,Commercial,2009-08-21,,1436.12,0.04,35792,35782,2009,4000,LARGE,JPN,COMMUNICATIONS,GEO,15,True
OPTUS D3,35756,PAYLOAD,,Australia,Commercial,2009-08-21,,1436.09,0.81,35809,35763,2009,2501,LARGE,AUS,COMMUNICATIONS,GEO,15,True
SWISSCUBE,35932,PAYLOAD,Sun-Synchronous,Switzerland,Civil,2009-09-23,,98.55,98.43,695,683,2009,1,SMALL,SWTZ,TECHNOLOGY DEVELOPMENT,LEO,1,True
AMAZONAS 2,35942,PAYLOAD,,Spain,Commercial,2009-09-30,,1436.12,0.72,35801,35773,2009,5465,LARGE,BRAZ,COMMUNICATIONS,GEO,15,True
DMSP 5D-3 F18 (USA 210),35951,PAYLOAD,Sun-Synchronous,USA,Military,2009-10-18,,101.8,98.86,852,835,2009,1155,LARGE,US,EARTH OBSERVATION,LEO,5,True
NSS 12,36032,PAYLOAD,,Netherlands,Commercial,2009-10-29,,1436.08,0.07,35802,35771,2009,,LARGE,SES,COMMUNICATIONS,GEO,15,True
PROBA 2,36037,PAYLOAD,Sun-Synchronous,ESA,Government,2009-11-02,,99,98.24,721,701,2009,130,MEDIUM,ESA,TECHNOLOGY DEMONSTRATION,LEO,2,True
SJ-11-01,36088,PAYLOAD,Sun-Synchronous,China,Government,2009-11-12,,98.43,97.97,690,677,2009,,LARGE,PRC,SPACE SCIENCE,LEO,3,True
INTELSAT 14,36097,PAYLOAD,,USA,Commercial,2009-11-23,,1436.09,0.02,35798,35775,2009,5613,LARGE,ITSO,COMMUNICATIONS,GEO,16,True
INTELSAT 15,36106,PAYLOAD,,USA,Commercial,2009-11-30,,1436.17,0.02,35798,35778,2009,2550,LARGE,ITSO,COMMUNICATIONS,GEO,17,True
WGS F3 (USA 211),36108,PAYLOAD,,USA,Military,2009-12-06,,1437.74,0.27,35820,35818,2009,5990,LARGE,US,COMMUNICATIONS,GEO,14,True
COSMOS 2456 (GLONASS),36111,PAYLOAD,Non-Polar Inclined,Russia,Military/Commercial,2009-12-14,,675.73,64.77,19146,19114,2009,1415,LARGE,CIS,NAVIGATION/GLOBAL POSITIONING,MEO,7,True
INTELSAT 16,36397,PAYLOAD,,USA,Commercial,2010-02-12,,1436.12,0.04,35796,35778,2010,2450,LARGE,ITSO,COMMUNICATIONS,GEO,15,True
COSMOS 2459 (GLONASS),36400,PAYLOAD,Non-Polar Inclined,Russia,Military/Commercial,2010-03-01,,675.69,65.67,19196,19062,2010,1415,LARGE,CIS,NAVIGATION/GLOBAL POSITIONING,MEO,7,True
GOES 15,36411,PAYLOAD,,USA,Government,2010-03-04,,1436.06,0.18,35793,35779,2010,3175,LARGE,US,EARTH OBSERVATION,GEO,10,True
ECHOSTAR 14,36499,PAYLOAD,,USA,Commercial,2010-03-20,,1436.1,0.02,35794,35779,2010,6384,LARGE,US,COMMUNICATIONS,GEO,15,True
SES 1,36516,PAYLOAD,,Luxembourg,Commercial,2010-04-24,,1436.09,0.02,35798,35775,2010,,LARGE,SES,COMMUNICATIONS,GEO,15,True
ASTRA 3B,36581,PAYLOAD,,Luxembourg,Commercial,2010-05-21,,1436.05,0.38,35801,35770,2010,5471,LARGE,SES,COMMUNICATIONS,GEO,15,True
COMSATBW-2,36582,PAYLOAD,,Germany,Military,2010-05-21,,1436.11,0.05,35793,35781,2010,2440,LARGE,GER,COMMUNICATIONS,GEO,15,True
OFEQ 9,36608,PAYLOAD,Non-Polar Inclined,Israel,Military,2010-06-22,,,,,,2010,300,,ISRA,EARTH OBSERVATION,LEO,5,True
CARTOSAT 2B,36795,PAYLOAD,Sun-Synchronous,India,Government,2010-07-12,,97.38,97.81,642,624,2010,694,LARGE,IND,EARTH OBSERVATION,LEO,5,True
AISSAT 1,36797,PAYLOAD,Sun-Synchronous,Norway,Government,2010-07-12,,96.34,98.14,590,576,2010,6,MEDIUM,NOR,COMMUNICATIONS,LEO,3,True
RASCOM QAF 1R,36831,PAYLOAD,,Multinational,Commercial,2010-08-04,,1436.08,0.05,35812,35760,2010,3050,LARGE,RASC,COMMUNICATIONS,GEO,15,True
COSMOS 2464 (GLONASS),37139,PAYLOAD,Non-Polar Inclined,Russia,Military/Commercial,2010-09-02,,675.74,63.91,19214,19046,2010,1415,LARGE,CIS,NAVIGATION/GLOBAL POSITIONING,MEO,7,True
CHINASAT 6A,37150,PAYLOAD,,China,Commercial,2010-09-04,,1444.29,3.14,35960,35933,2010,5000,LARGE,PRC,COMMUNICATIONS,GEO,15,True
COSMOS 2467,37152,PAYLOAD,Polar,Russia,Military,2010-09-08,,115.85,82.46,1495,1493,2010,225,LARGE,CIS,COMMUNICATIONS,LEO,3,True
QZS-1 (MICHIBIKI),37158,PAYLOAD,,Japan,Government,2010-09-11,,1641.68,43.66,39727,39713,2010,4000,LARGE,JPN,NAVIGATION/REGIONAL POSITIONING,GEO,15,True
XM-5,37185,PAYLOAD,,USA,Commercial,2010-10-14,,1436.1,0.04,35795,35778,2010,5983,LARGE,US,COMMUNICATIONS,GEO,15,True
GLOBALSTAR M076,37190,PAYLOAD,Non-Polar Inclined,USA,Commercial,2010-10-19,,114.08,52,1414,1413,2010,700,LARGE,GLOB,COMMUNICATIONS,LEO,15,True
GLOBALSTAR M075,37192,PAYLOAD,Non-Polar Inclined,USA,Commercial,2010-10-19,,114.08,52,1414,1413,2010,700,LARGE,GLOB,COMMUNICATIONS,LEO,15,True
BSAT-3B,37207,PAYLOAD,,Japan,Commercial,2010-10-28,,1436.11,0.02,35787,35786,2010,2060,LARGE,JPN,COMMUNICATIONS,GEO,15,True
SKYMED 4,37216,PAYLOAD,Sun-Synchronous,Italy,Military/Government,2010-11-06,,97.16,97.89,623,622,2010,1700,LARGE,IT,EARTH OBSERVATION,LEO,5,True
O/OREOS (USA 219),37224,PAYLOAD,Polar,USA,Government/Civil,2010-11-20,,96.57,71.97,604,584,2010,5.5,SMALL,US,SPACE SCIENCE,LEO,0.5,True
HYLAS 1,37237,PAYLOAD,,United Kingdom,Commercial,2010-11-26,,1445.01,4.57,35966,35956,2010,2242,LARGE,UK,COMMUNICATIONS,GEO,15,True
BEIDOU 7,37256,PAYLOAD,,China,Military/Government,2010-12-17,,1436.36,48.31,35963,35621,2010,4200,LARGE,PRC,NAVIGATION/GLOBAL POSITIONING,GEO,8,True
EUTE KA SAT 9A (KA SAT),37258,PAYLOAD,,Multinational,Commercial,2010-12-26,,1436.09,0.07,35803,35770,2010,6150,LARGE,EUTE,COMMUNICATIONS,GEO,15,True
HISPASAT 30W-5,37264,PAYLOAD,,Spain,Commercial,2010-12-29,,1436.11,0.06,35805,35769,2010,5320,LARGE,SPN,COMMUNICATIONS,GEO,15,True
COSMOS 2471 (GLONASS),37372,PAYLOAD,Non-Polar Inclined,Russia,Military/Commercial,2011-02-26,,676.34,65.64,19168,19122,2011,935,LARGE,CIS,NAVIGATION/GLOBAL POSITIONING,MEO,10,True
RESOURCESAT 2,37387,PAYLOAD,Sun-Synchronous,India/Canada,Government,2011-04-20,,101.23,98.81,824,810,2011,1206,LARGE,IND,EARTH OBSERVATION,LEO,5,True
YOUTHSAT,37388,PAYLOAD,Sun-Synchronous,India,Government,2011-04-20,,101.03,98.32,818,796,2011,92,MEDIUM,IND,SPACE SCIENCE,LEO,2,True
XSAT,37389,PAYLOAD,Sun-Synchronous,Singapore,Government,2011-04-20,,101.05,98.31,819,798,2011,91,MEDIUM,SING,EARTH OBSERVATION,LEO,3,True
TELSTAR 14R,37602,PAYLOAD,,Canada,Commercial,2011-05-20,,1436.09,0.01,35800,35773,2011,4970,LARGE,CA,COMMUNICATIONS,GEO,15,True
ST 2,37606,PAYLOAD,,Singapore/Taiwan,Commercial,2011-05-20,,1436.1,0.02,35794,35780,2011,5090,LARGE,STCT,COMMUNICATIONS,GEO,15,True
GLOBALSTAR M083,37739,PAYLOAD,Non-Polar Inclined,USA,Commercial,2011-07-13,,114.08,51.99,1414,1413,2011,700,LARGE,GLOB,COMMUNICATIONS,LEO,15,True
GLOBALSTAR M088,37740,PAYLOAD,Non-Polar Inclined,USA,Commercial,2011-07-13,,114.08,51.97,1414,1413,2011,700,LARGE,GLOB,COMMUNICATIONS,LEO,15,True
GLOBALSTAR M085,37742,PAYLOAD,Non-Polar Inclined,USA,Commercial,2011-07-13,,114.08,51.99,1414,1413,2011,700,LARGE,GLOB,COMMUNICATIONS,LEO,15,True
GLOBALSTAR M081,37743,PAYLOAD,Non-Polar Inclined,USA,Commercial,2011-07-13,,114.08,52,1414,1413,2011,700,LARGE,GLOB,COMMUNICATIONS,LEO,15,True
NAVSTAR 66 (USA 232),37753,PAYLOAD,Non-Polar Inclined,USA,Military/Commercial,2011-07-16,,717.97,56.72,20541,19823,2011,1630,LARGE,US,NAVIGATION/GLOBAL POSITIONING,MEO,12,True
SPEKTR R,37755,PAYLOAD,Cislunar,Multinational,Government,2011-07-18,,13234.04,85.06,306818,51094,2011,3660,LARGE,CIS,SPACE SCIENCE,ELLIPTICAL,5,True
BEIDOU 9,37763,PAYLOAD,,China,Military/Government,2011-07-26,,1435.85,54.57,36379,35185,2011,4200,LARGE,PRC,NAVIGATION/GLOBAL POSITIONING,GEO,8,True
PAKSAT 1R,37779,PAYLOAD,,Pakistan,Government/Commercial,2011-08-11,,1436.05,0.06,35791,35781,2011,5120,LARGE,PAKI,COMMUNICATIONS,GEO,15,True
RASAT,37791,PAYLOAD,Sun-Synchronous,Turkey,Government,2011-08-17,,98.13,98.07,685,653,2011,113,MEDIUM,TURK,EARTH OBSERVATION,LEO,3,True
SES 2,37809,PAYLOAD,,Luxembourg,Commercial,2011-09-21,,1436.13,0.01,35800,35774,2011,3200,LARGE,SES,COMMUNICATIONS,GEO,18,True
QUETZSAT 1,37826,PAYLOAD,,USA,Commercial,2011-09-29,,1436.15,0.02,35798,35777,2011,5514,LARGE,MEX,COMMUNICATIONS,GEO,15,True
VIASAT 1,37843,PAYLOAD,,USA,Commercial,2011-10-19,,1436.13,0.02,35797,35778,2011,6740,LARGE,US,COMMUNICATIONS,GEO,15,True
GALILEO-FM2,37847,PAYLOAD,Non-Polar Inclined,ESA,Commercial,2011-10-21,,844.69,57.1,23235,23209,2011,700,LARGE,ESA,NAVIGATION/GLOBAL POSITIONING,MEO,12,True
COSMOS 2476 (GLONASS),37867,PAYLOAD,Non-Polar Inclined,Russia,Military/Commercial,2011-11-04,,675.73,65.04,19192,19068,2011,1415,LARGE,CIS,NAVIGATION/GLOBAL POSITIONING,MEO,7,True
COSMOS 2477 (GLONASS),37868,PAYLOAD,Non-Polar Inclined,Russia,Military/Commercial,2011-11-04,,675.73,65.04,19184,19075,2011,1415,LARGE,CIS,NAVIGATION/GLOBAL POSITIONING,MEO,7,True
ASIASAT 7,37933,PAYLOAD,,China,Commercial,2011-11-25,,1436.13,0.02,35793,35782,2011,3813,LARGE,AC,COMMUNICATIONS,GEO,15,True
PLEIADES 1,38012,PAYLOAD,Sun-Synchronous,France/Italy,Government,2011-12-17,,98.73,98.2,699,697,2011,1000,LARGE,FR,EARTH OBSERVATION,LEO,5,True
NIGCOMSAT 1R,38014,PAYLOAD,,Nigeria,Commercial,2011-12-19,,1436.09,0.07,35791,35782,2011,5150,LARGE,NIG,COMMUNICATIONS,GEO,15,True
GLOBALSTAR M082,38042,PAYLOAD,Non-Polar Inclined,USA,Commercial,2011-12-28,,114.08,52.01,1414,1413,2011,700,LARGE,GLOB,COMMUNICATIONS,LEO,15,True
GLOBALSTAR M092,38043,PAYLOAD,Non-Polar Inclined,USA,Commercial,2011-12-28,,114.08,52.01,1414,1413,2011,700,LARGE,GLOB,COMMUNICATIONS,LEO,15,True
WGS F4 (USA 233),38070,PAYLOAD,,USA,Military,2012-01-20,,1436.12,0.01,35789,35785,2012,5990,LARGE,US,COMMUNICATIONS,GEO,14,True
BEIDOU 11,38091,PAYLOAD,,China,Military/Government,2012-02-24,,1436.06,2.52,35834,35738,2012,2300,LARGE,PRC,NAVIGATION/GLOBAL POSITIONING,GEO,8,True
INTELSAT 22,38098,PAYLOAD,,USA,Commercial,2012-03-25,,1436.11,0.02,35794,35779,2012,6199,LARGE,ITSO,COMMUNICATIONS,GEO,18,True
AEHF 2 (USA 235),38254,PAYLOAD,,USA,Military,2012-05-04,,1436.09,5.68,35798,35775,2012,6169,LARGE,US,COMMUNICATIONS,GEO,14,True
JCSAT 13,38331,PAYLOAD,,Japan,Commercial,2012-05-15,,1436.16,0.02,35799,35777,2012,4500,LARGE,JPN,COMMUNICATIONS,GEO,15,True
GCOM W1,38337,PAYLOAD,Sun-Synchronous,USA/Japan,Government,2012-05-17,,98.83,98.2,704,702,2012,1900,LARGE,JPN,EARTH OBSERVATION,LEO,5,True
HORYU 2,38340,PAYLOAD,Sun-Synchronous,Japan,Civil,2012-05-17,,96.83,98.17,614,600,2012,7.1,SMALL,JPN,TECHNOLOGY DEVELOPMENT,LEO,1,True
NIMIQ 6,38342,PAYLOAD,,Canada,Commercial,2012-05-17,,1436.11,0.05,35799,35775,2012,4745,LARGE,CA,COMMUNICATIONS,GEO,15,True
ECHOSTAR 17,38551,PAYLOAD,,USA,Commercial,2012-07-05,,1436.13,0.02,35795,35780,2012,6100,LARGE,US,COMMUNICATIONS,GEO,15,True
METEOSAT 10 (MSG 3),38552,PAYLOAD,,Multinational,Government/Civil,2012-07-05,,1436.19,3.68,35792,35785,2012,2000,LARGE,EUME,EARTH OBSERVATION,GEO,7,True
SES 5,38652,PAYLOAD,,Luxembourg,Commercial,2012-07-09,,1436.08,0.05,35795,35778,2012,6007,LARGE,SES,COMMUNICATIONS,GEO,15,True
BKA 2,38708,PAYLOAD,Sun-Synchronous,Belarus,Government,2012-07-22,2024-10-17,87.37,97.2,147,142,2012,400,LARGE,BELA,EARTH OBSERVATION,LEO,5,False
TET-1,38710,PAYLOAD,Sun-Synchronous,Germany,Commercial,2012-07-22,2022-11-21,92.61,97.55,404,401,2012,120,MEDIUM,GER,TECHNOLOGY DEVELOPMENT,LEO,1,False
COSMOS 2481,38733,PAYLOAD,Polar,Russia,Military,2012-07-28,,115.9,82.48,1510,1482,2012,280,MEDIUM,CIS,COMMUNICATIONS,LEO,5,True
HYLAS 2,38741,PAYLOAD,,United Kingdom,Commercial,2012-08-02,,1436.12,1.34,35793,35781,2012,3311,LARGE,UK,COMMUNICATIONS,GEO,15,True
INTELSAT 21,38749,PAYLOAD,,USA,Commercial,2012-08-19,,1436.11,0.04,35795,35779,2012,5984,LARGE,ITSO,COMMUNICATIONS,GEO,15,True
METOP-B,38771,PAYLOAD,Sun-Synchronous,Multinational,Government/Civil,2012-09-17,,101.3,98.58,822,819,2012,4085,LARGE,EUME,EARTH OBSERVATION,LEO,5,True
BEIDOU 15,38775,PAYLOAD,Non-Polar Inclined,China,Military/Government,2012-09-18,,773.23,56.17,21569,21487,2012,3800,LARGE,PRC,NAVIGATION/GLOBAL POSITIONING,MEO,8,True
VRSS-1,38782,PAYLOAD,Sun-Synchronous,Venezuela,Government,2012-09-29,,97.37,97.58,646,620,2012,880,LARGE,VENZ,EARTH OBSERVATION,LEO,5,True
NAVSTAR 67 (USA 239),38833,PAYLOAD,Non-Polar Inclined,USA,Military/Commercial,2012-10-04,,717.98,53.53,20618,19747,2012,1630,LARGE,US,NAVIGATION/GLOBAL POSITIONING,MEO,10,True
GALILEO-FM3,38857,PAYLOAD,Non-Polar Inclined,ESA,Commercial,2012-10-12,,844.71,55.56,23240,23204,2012,700,LARGE,ESA,NAVIGATION/GLOBAL POSITIONING,MEO,12,True
INTELSAT 23,38867,PAYLOAD,,USA,Commercial,2012-10-14,,1436.13,0.02,35792,35782,2012,3200,LARGE,ITSO,COMMUNICATIONS,GEO,18,True
MERIDIAN 6,38995,PAYLOAD,Molniya,Russia,Military,2012-11-14,,717.67,64.82,39371,978,2012,2500,LARGE,CIS,COMMUNICATIONS,ELLIPTICAL,7,True
ECHOSTAR 16,39008,PAYLOAD,,USA,Commercial,2012-11-20,,1436.09,0.02,35793,35780,2012,6658,LARGE,US,COMMUNICATIONS,GEO,15,True
PLEIADES 1B,39019,PAYLOAD,Sun-Synchronous,France,Commercial,2012-12-02,,98.73,98.2,699,697,2012,970,LARGE,FR,EARTH OBSERVATION,LEO,5,True
EUTE 70B,39020,PAYLOAD,,Multinational,Commercial,2012-12-03,,1436.1,0.07,35807,35767,2012,5250,LARGE,EUTE,COMMUNICATIONS,GEO,15,True
MEXSAT 3,39035,PAYLOAD,,Mexico,Government/Military,2012-12-19,,1436.09,0.01,35795,35778,2012,2900,LARGE,MEX,COMMUNICATIONS,GEO,15,True
COSMOS 2483,39058,PAYLOAD,Polar,Russia,Military,2013-01-15,,115.75,82.49,1502,1477,2013,250,LARGE,CIS,COMMUNICATIONS,LEO,5,True
IGS 8B (DEMO),39062,PAYLOAD,Sun-Synchronous,Japan,Government,2013-01-27,2019-02-20,,,,,2013,1600,,JPN,EARTH OBSERVATION,LEO,5,False
STSAT 2C,39068,PAYLOAD,Polar,South Korea,Government,2013-01-30,2019-11-13,92.85,80.19,566,262,2013,93,MEDIUM,SKOR,TECHNOLOGY DEVELOPMENT,LEO,2,False
TDRS 11,39070,PAYLOAD,,USA,Government,2013-01-31,,1435.98,2.98,35806,35763,2013,3454,LARGE,US,COMMUNICATIONS,GEO,15,True
GLOBALSTAR M097,39072,PAYLOAD,Non-Polar Inclined,USA,Commercial,2013-02-06,,114.08,52,1414,1413,2013,700,LARGE,GLOB,COMMUNICATIONS,LEO,15,True
GLOBALSTAR M078,39076,PAYLOAD,Non-Polar Inclined,USA,Commercial,2013-02-06,,114.08,51.98,1415,1413,2013,700,LARGE,GLOB,COMMUNICATIONS,LEO,15,True
AMAZONAS 3,39078,PAYLOAD,,Spain,Commercial,2013-02-07,,1436.1,0.02,35793,35781,2013,6265,LARGE,BRAZ,COMMUNICATIONS,GEO,15,True
AZERSPACE 1,39079,PAYLOAD,,Azerbaijan,Government,2013-02-07,,1436.12,0.04,35793,35782,2013,3250,LARGE,AZER,COMMUNICATIONS,GEO,15,True
LANDSAT 8,39084,PAYLOAD,Sun-Synchronous,USA,Government,2013-02-11,,98.82,98.19,703,702,2013,2780,LARGE,US,EARTH OBSERVATION,LEO,5,True
SAPPHIRE,39088,PAYLOAD,Non-Polar Inclined,Canada,Military,2013-02-25,,100.34,98.41,784,766,2013,148,MEDIUM,CA,SPACE OBSERVATION,LEO,5,True
SBIRS GEO 2 (USA 241),39120,PAYLOAD,,USA,Military,2013-03-19,,1436.1,3.6,35795,35778,2013,4500,LARGE,US,EARTH OBSERVATION,GEO,12,True
ANIK G1,39127,PAYLOAD,,Canada,Commercial,2013-04-15,,1436.1,0.04,35796,35778,2013,4905,LARGE,CA,COMMUNICATIONS,GEO,15,True
GAOFEN 1,39150,PAYLOAD,Sun-Synchronous,China,Government,2013-04-26,,97.53,97.95,653,628,2013,1000,LARGE,PRC,EARTH OBSERVATION,LEO,8,True
COSMOS 2485 (GLONASS),39155,PAYLOAD,Non-Polar Inclined,Russia,Military/Commercial,2013-04-26,,675.72,65.19,19192,19067,2013,1415,LARGE,CIS,NAVIGATION/GLOBAL POSITIONING,MEO,7,True
CHINASAT 11,39157,PAYLOAD,,China,Commercial,2013-05-01,,1436.11,0.04,35804,35770,2013,5100,LARGE,PRC,COMMUNICATIONS,GEO,15,True
PROBA V,39159,PAYLOAD,Sun-Synchronous,ESA,Government,2013-05-07,,101.16,98.32,816,811,2013,140,MEDIUM,ESA,EARTH OBSERVATION,LEO,2.5,True
VNREDSAT 1,39160,PAYLOAD,Sun-Synchronous,Vietnam,Government,2013-05-07,,98.3,97.95,679,677,2013,115,MEDIUM,VTNM,EARTH OBSERVATION,LEO,5,True
EUTE 7B (EUTE 3D),39163,PAYLOAD,,Multinational,Commercial,2013-05-14,,1436.07,0.08,35812,35760,2013,5404,LARGE,EUTE,COMMUNICATIONS,GEO,15,True
NAVSTAR 68 (USA 242),39166,PAYLOAD,Non-Polar Inclined,USA,Military/Commercial,2013-05-15,,717.98,54.85,20537,19828,2013,1630,LARGE,US,NAVIGATION/GLOBAL POSITIONING,MEO,10,True
COSMOS 2486,39177,PAYLOAD,Sun-Synchronous,Russia,Military,2013-06-07,,98.91,97.96,713,700,2013,7000,LARGE,CIS,EARTH OBSERVATION,LEO,5,True
IRNSS R1A,39199,PAYLOAD,,India,Government,2013-07-01,,1436.07,34.78,35860,35713,2013,1425,LARGE,IND,NAVIGATION/REGIONAL POSITIONING,GEO,12,True
MUOS 2,39206,PAYLOAD,,USA,Military,2013-07-19,,1436.1,4.18,35997,35576,2013,6804,LARGE,US,COMMUNICATIONS,GEO,12,True
ALPHASAT (I-4A F4),39215,PAYLOAD,,United Kingdom/ESA,Government/Commercial,2013-07-25,,1436.1,2.93,35797,35777,2013,6650,LARGE,IM,COMMUNICATIONS/TECHNOLOGY DEVELOPMENT,GEO,15,True
WGS 6 (USA 244),39222,PAYLOAD,,USA,Military,2013-08-08,,1436.12,0.02,35792,35782,2013,5990,LARGE,US,COMMUNICATIONS,GEO,14,True
KOMPSAT 5,39227,PAYLOAD,Sun-Synchronous,South Korea,Government/Commercial,2013-08-22,,95.71,97.62,556,550,2013,1400,LARGE,SKOR,EARTH OBSERVATION,LEO,5,True
ES'HAIL 1,39233,PAYLOAD,,Multinational,Commercial,2013-08-29,,1436.03,0.06,35796,35775,2013,,LARGE,QAT,COMMUNICATIONS,GEO,15,True
GSAT 7,39234,PAYLOAD,,India,Military,2013-08-29,,1436.09,0.12,35803,35770,2013,2650,LARGE,IND,COMMUNICATIONS,GEO,7,True
GONETS M 05,39249,PAYLOAD,Polar,Russia,Commercial,2013-09-11,,115.86,82.48,1508,1481,2013,270,LARGE,CIS,COMMUNICATIONS,LEO,7,True
GONETS M 06,39250,PAYLOAD,Polar,Russia,Commercial,2013-09-11,,115.85,82.48,1509,1478,2013,270,LARGE,CIS,COMMUNICATIONS,LEO,7,True
AEHF 3 (USA 246),39256,PAYLOAD,,USA,Military,2013-09-18,,1436.09,4.25,36156,35417,2013,6169,LARGE,US,COMMUNICATIONS,GEO,14,True
CASSIOPE,39265,PAYLOAD,Elliptical,Canada,Government,2013-09-29,,96.28,80.94,859,302,2013,490,LARGE,CA,EARTH SCIENCE,LEO,2,True
ASTRA 2E,39285,PAYLOAD,,Luxembourg,Commercial,2013-09-29,,1436.13,0.07,35799,35775,2013,6052,LARGE,SES,COMMUNICATIONS,GEO,15,True
RADUGA 1M-3,39375,PAYLOAD,,Russia,Military,2013-11-11,,1436.09,4.89,35791,35782,2013,2400,LARGE,CIS,COMMUNICATIONS,GEO,5,True
DUBAISAT 2,39419,PAYLOAD,Sun-Synchronous,United Arab Emirates,Government,2013-11-21,,95.62,97.43,558,539,2013,300,LARGE,UAE,EARTH OBSERVATION,LEO,5,True
WNISAT 1,39423,PAYLOAD,Sun-Synchronous,Japan,Commercial,2013-11-21,,98.83,97.68,821,585,2013,10,MEDIUM,JPN,EARTH OBSERVATION,LEO,2,True
SWARM B,39451,PAYLOAD,Polar,ESA,Government,2013-11-22,,94.44,87.74,493,489,2013,468,LARGE,ESA,EARTH OBSERVATION,LEO,4,True
SWARM A,39452,PAYLOAD,Polar,ESA,Government,2013-11-22,,93.42,87.34,444,440,2013,468,LARGE,ESA,EARTH OBSERVATION,LEO,4,True
SES 8,39460,PAYLOAD,,Luxembourg,Commercial,2013-12-03,,1436.09,0.01,35798,35775,2013,3138,LARGE,SES,COMMUNICATIONS,GEO,15,True
INMARSAT 5-F1,39476,PAYLOAD,,United Kingdom,Commercial,2013-12-08,,1436.12,0,35789,35785,2013,6070,LARGE,IM,COMMUNICATIONS,GEO,15,True
COSMOS 2489,39484,PAYLOAD,Polar,Russia,Military,2013-12-25,,115.86,82.49,1510,1479,2013,280,LARGE,CIS,COMMUNICATIONS,LEO,5,True
EXPRESS AM-5,39487,PAYLOAD,,Russia,Commercial,2013-12-26,,1436.09,0.02,35787,35786,2013,3400,LARGE,CIS,COMMUNICATIONS,GEO,15,True
GSAT 14,39498,PAYLOAD,,India,Government,2014-01-05,,1436.11,0.06,35796,35778,2014,1982,LARGE,IND,COMMUNICATIONS,GEO,12,True
THAICOM 6,39500,PAYLOAD,,Thailand,Commercial,2014-01-06,,1436.09,0.07,35798,35774,2014,3325,LARGE,THAI,COMMUNICATIONS,GEO,15,True
ABS 2,39508,PAYLOAD,,Multinational,Commercial,2014-02-06,,1436.1,0.05,35802,35771,2014,6330,MEDIUM,ABS,COMMUNICATIONS,GEO,15,True
TURKSAT 4A,39522,PAYLOAD,,Turkey,Commercial,2014-02-14,,1436.1,0.06,35799,35774,2014,4869,LARGE,TURK,COMMUNICATIONS,GEO,15,True
NAVSTAR 69 (USA 248),39533,PAYLOAD,Non-Polar Inclined,USA,Military/Commercial,2014-02-21,,717.99,53.61,20389,19976,2014,1630,LARGE,US,NAVIGATION/GLOBAL POSITIONING,MEO,10,True
EXPRESS AT1,39612,PAYLOAD,,Russia,Commercial,2014-03-15,,1436.13,0.02,35789,35786,2014,1726,LARGE,CIS,COMMUNICATIONS,GEO,15,True
EXPRESS AT2,39613,PAYLOAD,,Russia,Commercial,2014-03-15,,1436.07,0.02,35788,35784,2014,1427,LARGE,CIS,COMMUNICATIONS,GEO,15,True
SENTINEL 1A,39634,PAYLOAD,Sun-Synchronous,ESA,Government,2014-04-03,,98.68,98.18,697,695,2014,2300,LARGE,ESA,EARTH OBSERVATION,LEO,7,True
IRNSS 1B,39635,PAYLOAD,,India,Government,2014-04-04,,1436.03,28.83,35878,35693,2014,1432,LARGE,IND,NAVIGATION/REGIONAL POSITIONING,GEO,12,True
LUCH 5V,39727,PAYLOAD,,Russia,Government,2014-04-28,,1436.16,4.08,35799,35777,2014,1148,LARGE,CIS,COMMUNICATIONS,GEO,10,True
KAZEOSAT 1,39731,PAYLOAD,Sun-Synchronous,Kazakhstan,Government,2014-04-30,,99.86,98.36,753,751,2014,830,LARGE,KAZ,EARTH OBSERVATION,LEO,7.25,True
NAVSTAR 70 (USA 251),39741,PAYLOAD,Non-Polar Inclined,USA,Military/Commercial,2014-05-17,,717.92,56.66,20276,20086,2014,1630,LARGE,US,NAVIGATION/GLOBAL POSITIONING,MEO,10,True
COSMOS 2497,39762,PAYLOAD,Polar,Russia,Military,2014-05-23,,115.86,82.46,1510,1479,2014,280,LARGE,CIS,COMMUNICATIONS,LEO,5,True
COSMOS 2498,39763,PAYLOAD,Polar,Russia,Military,2014-05-23,,115.85,82.45,1510,1478,2014,280,LARGE,CIS,COMMUNICATIONS,LEO,5,True
ALOS 2,39766,PAYLOAD,Sun-Synchronous,Japan,Government,2014-05-24,,97.33,97.92,632,630,2014,2120,LARGE,JPN,EARTH OBSERVATION,LEO,7,True
COSMOS 2500 (GLONASS),40001,PAYLOAD,Non-Polar Inclined,Russia,Military/Commercial,2014-06-14,,675.72,65.47,19142,19117,2014,1415,LARGE,CIS,NAVIGATION/GLOBAL POSITIONING,MEO,7,True
KAZEOSAT 2,40010,PAYLOAD,Sun-Synchronous,Kazakhstan,Government,2014-06-19,,97,97.58,621,610,2014,185,MEDIUM,KAZ,EARTH OBSERVATION,LEO,7,True
DEIMOS 2,40013,PAYLOAD,Sun-Synchronous,Spain,Government,2014-06-19,,96.53,97.64,593,591,2014,310,LARGE,SPN,EARTH OBSERVATION,LEO,10,True
SPOT 7,40053,PAYLOAD,Sun-Synchronous,France/Belgium/Sweden,Commercial,2014-06-30,,98.6,98.11,693,691,2014,714,LARGE,AZER,EARTH OBSERVATION,LEO,10,True
GONETS M 08 (M18),40061,PAYLOAD,Polar,Russia,Commercial,2014-07-03,,115.85,82.51,1517,1471,2014,280,LARGE,CIS,COMMUNICATIONS,LEO,7,True
GONETS M 10 (M20),40063,PAYLOAD,Polar,Russia,Commercial,2014-07-03,,115.86,82.51,1511,1478,2014,280,LARGE,CIS,COMMUNICATIONS,LEO,7,True
ORBCOMM FM 103,40091,PAYLOAD,Non-Polar Inclined,USA,Commercial,2014-07-14,,98.76,47.01,700,698,2014,172,MEDIUM,ORB,COMMUNICATIONS,LEO,5,True
ASIASAT 8,40107,PAYLOAD,,China,Commercial,2014-08-05,,1432.44,0.01,35719,35711,2014,4500,LARGE,AC,COMMUNICATIONS,GEO,15,True
BRITE-PL 2,40119,PAYLOAD,Sun-Synchronous,Multinational,Government,2014-08-19,,96.5,97.88,602,580,2014,10,MEDIUM,POL,SPACE SCIENCE,LEO,2,True
GALILEO 5 (261),40128,PAYLOAD,Non-Polar Inclined,ESA,Commercial,2014-08-22,,776.2,49.34,26151,17048,2014,733,LARGE,ESA,NAVIGATION/GLOBAL POSITIONING,ELLIPTICAL,12,True
GALILEO 6 (262),40129,PAYLOAD,Non-Polar Inclined,ESA,Commercial,2014-08-22,,776.2,49.35,26150,17048,2014,733,LARGE,ESA,NAVIGATION/GLOBAL POSITIONING,ELLIPTICAL,12,True
HIMAWARI 8,40267,PAYLOAD,,Japan,Government,2014-10-07,,1436.08,0.03,35788,35784,2014,3500,LARGE,JPN,EARTH OBSERVATION,GEO,8,True
INTELSAT 30,40271,PAYLOAD,,USA,Commercial,2014-10-16,,1436.1,0.01,35790,35783,2014,6220,LARGE,ITSO,COMMUNICATIONS,GEO,15,True
ARSAT 1,40272,PAYLOAD,,Argentina,Commercial,2014-10-16,,1436.11,0.02,35795,35779,2014,3000,LARGE,ARGN,COMMUNICATIONS,GEO,15,True
EXPRESS AM-6,40277,PAYLOAD,,Russia,Commercial,2014-10-21,,1436.08,0.01,35789,35783,2014,3358,LARGE,CIS,COMMUNICATIONS,GEO,15,True
ASNARO,40298,PAYLOAD,Sun-Synchronous,Japan,Government,2014-11-06,,94.74,97.38,511,501,2014,500,LARGE,JPN,EARTH OBSERVATION,LEO,3,True
CBERS-4,40336,PAYLOAD,Sun-Synchronous,China/Brazil,Government,2014-12-07,,100.31,98.36,775,772,2014,1980,LARGE,PRC,EARTH OBSERVATION,LEO,3,True
YAMAL 401,40345,PAYLOAD,,Russia,Commercial,2014-12-15,,1436.09,0.01,35788,35785,2014,2976,LARGE,CIS,COMMUNICATIONS,GEO,15,True
RESURS P2,40360,PAYLOAD,Sun-Synchronous,Russia,Government/Commercial,2014-12-26,2025-02-12,87.17,97.09,140,129,2014,5900,LARGE,CIS,EARTH OBSERVATION/COMMUNICATIONS/SPACE SCIENCE,LEO,3,False
ASTRA 2G,40364,PAYLOAD,,Luxembourg,Commercial,2014-12-27,,1436.06,0.05,35806,35766,2014,6000,LARGE,SES,COMMUNICATIONS,GEO,15,True
SMAP,40376,PAYLOAD,Sun-Synchronous,USA,Government,2015-01-31,,98.41,98.13,683,682,2015,,LARGE,US,EARTH OBSERVATION,LEO,3,True
IGS,40381,PAYLOAD,Sun-Synchronous,Japan,Government,2015-02-01,,,,,,2015,1600,,JPN,EARTH OBSERVATION,LEO,5,True
INMARSAT 5-F2,40384,PAYLOAD,,United Kingdom,Commercial,2015-02-01,,1436.11,0.02,35787,35787,2015,6105,LARGE,IM,COMMUNICATIONS,GEO,15,True
ABS 3A,40424,PAYLOAD,,Multinational,Commercial,2015-03-02,,1436.11,0.01,35794,35780,2015,2000,LARGE,ABS,COMMUNICATIONS,GEO,15,True
EUTE 115 WEST B(SATMEX 7,40425,PAYLOAD,,Multinational,Commercial,2015-03-02,,1436.1,0.01,35788,35785,2015,,LARGE,EUTE,COMMUNICATIONS,GEO,15,True
MMS 1,40482,PAYLOAD,,USA,Government,2015-03-13,,5065.43,62.9,177048,5600,2015,1360,LARGE,US,SPACE SCIENCE,ELLIPTICAL,3,True
MMS 2,40483,PAYLOAD,,USA,Government,2015-03-13,,5065.28,62.9,177038,5607,2015,1360,LARGE,US,SPACE SCIENCE,ELLIPTICAL,3,True
MMS 3,40484,PAYLOAD,,USA,Government,2015-03-13,,5065.44,62.9,177026,5623,2015,1360,LARGE,US,SPACE SCIENCE,ELLIPTICAL,3,True
IGS O-5,40538,PAYLOAD,Sun-Synchronous,Japan,Government,2015-03-26,,,,,,2015,1600,,JPN,EARTH OBSERVATION,LEO,5,True
GALILEO 7 (263),40544,PAYLOAD,Non-Polar Inclined,ESA,Commercial,2015-03-27,,844.7,56.9,23230,23214,2015,723,LARGE,ESA,NAVIGATION/GLOBAL POSITIONING,MEO,12,True
BD-17,40549,PAYLOAD,,China,Military/Government,2015-03-30,,1435.84,49.99,35942,35621,2015,4200,LARGE,PRC,NAVIGATION/GLOBAL POSITIONING,GEO,8,True
GONETS M 12 (M22),40553,PAYLOAD,Polar,Russia,Commercial,2015-03-31,,115.86,82.49,1506,1483,2015,280,LARGE,CIS,COMMUNICATIONS,LEO,7,True
GONETS M 13 (M23),40554,PAYLOAD,Polar,Russia,Commercial,2015-03-31,,115.86,82.48,1505,1484,2015,280,LARGE,CIS,COMMUNICATIONS,LEO,7,True
THOR 7,40613,PAYLOAD,,Norway,Commercial,2015-04-26,,1436.1,0.04,35797,35776,2015,4600,LARGE,NOR,COMMUNICATIONS,GEO,15,True
SICRAL 2,40614,PAYLOAD,,France/Italy,Military,2015-04-26,,,,,,2015,4400,,FRIT,COMMUNICATIONS,GEO,15,True
TURKMENALEM 52E/MONACOSA,40617,PAYLOAD,,Turkmenistan/Monaco,Government/Commercial,2015-04-27,,1436.11,0.04,35801,35773,2015,4700,LARGE,TMMC,COMMUNICATIONS,GEO,15,True
DIRECTV 15,40663,PAYLOAD,,USA,Commercial,2015-05-27,,1436.13,0.05,35789,35785,2015,5500,LARGE,US,COMMUNICATIONS,GEO,15,True
SKY MEXICO-1,40664,PAYLOAD,,Mexico,Commercial,2015-05-27,,1436.11,0.04,35798,35775,2015,3180,LARGE,MEX,COMMUNICATIONS,GEO,18,True
GAOFEN 8,40701,PAYLOAD,Sun-Synchronous,China,Military,2015-06-26,,94.07,97.69,482,465,2015,1000,LARGE,PRC,EARTH OBSERVATION,LEO,8,True
DMC 3-FM2,40716,PAYLOAD,Sun-Synchronous,United Kingdom,Commercial,2015-07-10,,96.97,97.71,619,608,2015,447,LARGE,UK,EARTH OBSERVATION,LEO,10,True
DMC 3-FM3,40717,PAYLOAD,Sun-Synchronous,United Kingdom,Commercial,2015-07-10,,96.94,97.72,617,607,2015,447,LARGE,UK,EARTH OBSERVATION,LEO,10,True
NAVSTAR 74 (USA 262),40730,PAYLOAD,Non-Polar Inclined,USA,Military/Commercial,2015-07-15,,718.02,54.33,20462,19905,2015,1630,LARGE,US,NAVIGATION/GLOBAL POSITIONING,MEO,12,True
METEOSAT 11 (MSG 4),40732,PAYLOAD,,Multinational,Government/Civil,2015-07-15,,1435.97,2.15,35788,35780,2015,2000,LARGE,EUME,EARTH OBSERVATION,GEO,12,True
STARONE C4,40733,PAYLOAD,,Brazil,Commercial,2015-07-15,,1436.14,0.02,35798,35777,2015,5634,LARGE,BRAZ,COMMUNICATIONS,GEO,15,True
BD-18,40748,PAYLOAD,Non-Polar Inclined,China,Military/Government,2015-07-25,,773.24,55.24,21550,21506,2015,800,LARGE,PRC,NAVIGATION/GLOBAL POSITIONING,MEO,8,True
BD-19,40749,PAYLOAD,Non-Polar Inclined,China,Military/Government,2015-07-25,,773.14,55.23,21537,21514,2015,800,LARGE,PRC,NAVIGATION/GLOBAL POSITIONING,MEO,8,True
INMARSAT 5-F3,40882,PAYLOAD,,United Kingdom,Commercial,2015-08-28,,1436.11,0.04,35789,35785,2015,6100,LARGE,IM,COMMUNICATIONS,GEO,15,True
GALILEO 10 (206),40890,PAYLOAD,Non-Polar Inclined,ESA,Commercial,2015-09-11,,844.7,55.09,23229,23215,2015,723,LARGE,ESA,NAVIGATION/GLOBAL POSITIONING,MEO,12,True
GAOFEN 9,40894,PAYLOAD,Sun-Synchronous,China,Government,2015-09-14,,97.18,97.68,645,603,2015,1000,LARGE,PRC,EARTH OBSERVATION,LEO,8,True
EXPRESS AM-8,40895,PAYLOAD,,Russia,Commercial,2015-09-14,,1436.11,0.02,35788,35786,2015,2100,LARGE,CIS,COMMUNICATIONS,GEO,15,True
COSMOS 2507,40920,PAYLOAD,Polar,Russia,Military,2015-09-23,,115.86,82.49,1501,1487,2015,280,LARGE,CIS,COMMUNICATIONS,LEO,5,True
COSMOS 2508,40921,PAYLOAD,Polar,Russia,Military,2015-09-23,,115.86,82.49,1505,1484,2015,280,LARGE,CIS,COMMUNICATIONS,LEO,5,True
ASTROSAT,40930,PAYLOAD,Equatorial,India,Government,2015-09-28,,97.21,6,631,620,2015,230,LARGE,IND,SPACE SCIENCE,LEO,5,True
BD-20,40938,PAYLOAD,,China,Military/Government,2015-09-29,,1435.98,49.88,36027,35541,2015,4200,LARGE,PRC,NAVIGATION/GLOBAL POSITIONING,GEO,8,True
SKY MUSTER,40940,PAYLOAD,,Australia,Commercial,2015-09-30,,1436.13,0.02,35794,35780,2015,6440,LARGE,AUS,COMMUNICATIONS,GEO,15,True
MORELOS 3,40946,PAYLOAD,,Mexico,Government,2015-10-02,,1436.09,2.98,35799,35774,2015,5325,LARGE,MEX,COMMUNICATIONS,GEO,15,True
APSTAR 9,40982,PAYLOAD,,China,Commercial,2015-10-16,,1436.17,0.01,35792,35784,2015,5200,LARGE,PRC,COMMUNICATIONS,GEO,15,True
GSAT 15,41028,PAYLOAD,,India,Government,2015-11-10,,1436.1,0.06,35801,35772,2015,3164,LARGE,IND,COMMUNICATIONS,GEO,12,True
BADR 7,41029,PAYLOAD,,Multinational,Government,2015-11-10,,1436.07,0.04,35796,35776,2015,5500,LARGE,AB,COMMUNICATIONS,GEO,15,True
LAOSAT 1,41034,PAYLOAD,,Laos,Government,2015-11-20,,1436.13,0.01,35795,35779,2015,3800,LARGE,LAOS,COMMUNICATIONS,GEO,15,True
ELEKTRO-L 2,41105,PAYLOAD,,Russia,Government,2015-12-11,,1436.09,5.63,35795,35778,2015,1800,LARGE,CIS,EARTH OBSERVATION,GEO,10,True
TELEOS 1,41169,PAYLOAD,Equatorial,Singapore,Commercial,2015-12-16,,91.59,14.98,356,349,2015,400,LARGE,SING,EARTH OBSERVATION,LEO,5,True
DAMPE,41173,PAYLOAD,Sun-Synchronous,China,Government,2015-12-17,,94.16,97.45,488,468,2015,1850,LARGE,PRC,SPACE SCIENCE,LEO,3,True
ORBCOMM FM 110,41182,PAYLOAD,Non-Polar Inclined,USA,Commercial,2015-12-22,,98.77,47,702,698,2015,172,MEDIUM,ORB,COMMUNICATIONS,LEO,5,True
ORBCOMM FM 112,41184,PAYLOAD,Non-Polar Inclined,USA,Commercial,2015-12-22,,98.77,47,700,699,2015,172,MEDIUM,ORB,COMMUNICATIONS,LEO,5,True
ORBCOMM FM 113,41185,PAYLOAD,Non-Polar Inclined,USA,Commercial,2015-12-22,,98.76,47,700,699,2015,172,MEDIUM,ORB,COMMUNICATIONS,LEO,5,True
ORBCOMM FM 115,41186,PAYLOAD,Non-Polar Inclined,USA,Commercial,2015-12-22,,98.47,47,686,685,2015,172,MEDIUM,ORB,COMMUNICATIONS,LEO,5,True
ORBCOMM FM 108,41187,PAYLOAD,Non-Polar Inclined,USA,Commercial,2015-12-22,,98.76,47.01,701,698,2015,172,MEDIUM,ORB,COMMUNICATIONS,LEO,5,True
EXPRESS AMU1,41191,PAYLOAD,,Russia,Commercial,2015-12-24,,1436.07,0.03,35798,35774,2015,2700,LARGE,CIS,COMMUNICATIONS,GEO,15,True
JASON 3,41240,PAYLOAD,Non-Polar Inclined,USA/France,Government,2016-01-17,,112.42,66.04,1344,1332,2016,553,LARGE,US,EARTH OBSERVATION,LEO,5,True
EUTE 9B,41310,PAYLOAD,,Multinational,Commercial,2016-01-29,,1436.1,0.07,35801,35772,2016,5200,LARGE,EUTE,COMMUNICATIONS,GEO,15,True
NAVSTAR 76 (USA 266),41328,PAYLOAD,Non-Polar Inclined,USA,Military/Commercial,2016-02-05,,717.94,55.27,20414,19948,2016,1630,LARGE,US,NAVIGATION/GLOBAL POSITIONING,MEO,12,True
COSMOS 2514 (GLONASS),41330,PAYLOAD,Non-Polar Inclined,Russia,Military/Commercial,2016-02-07,,675.73,65.26,19152,19108,2016,1415,LARGE,CIS,NAVIGATION/GLOBAL POSITIONING,MEO,7,True
SENTINEL 3A,41335,PAYLOAD,Sun-Synchronous,ESA,Government,2016-02-16,,100.93,98.63,803,802,2016,2300,LARGE,ESA,EARTH OBSERVATION,LEO,7,True
EUTE 65W,41382,PAYLOAD,,Multinational,Commercial,2016-03-09,,1436.14,0.06,35797,35778,2016,6654,LARGE,EUTE,COMMUNICATIONS,GEO,15,True
IRNSS 1F,41384,PAYLOAD,,India,Government,2016-03-10,,1436.04,4.3,35864,35707,2016,1425,,IND,NAVIGATION/REGIONAL POSITIONING,GEO,12,True
RESURS P3,41386,PAYLOAD,Sun-Synchronous,Russia,Government/Commercial,2016-03-13,2023-10-17,90.97,97.17,324,320,2016,5900,LARGE,CIS,EARTH OBSERVATION,LEO,5,False
BEIDOU IGSO-6,41434,PAYLOAD,,China,Military/Government,2016-03-29,,1436.33,59.63,36010,35572,2016,4200,LARGE,PRC,NAVIGATION/GLOBAL POSITIONING,GEO,8,True
SENTINEL 1B,41456,PAYLOAD,Sun-Synchronous,ESA,Government,2016-04-25,,96.25,98.15,592,566,2016,2300,LARGE,ESA,EARTH OBSERVATION,LEO,7,True
MVL 300,41464,PAYLOAD,Sun-Synchronous,Russia,Civil/Government,2016-04-28,2023-12-16,87.51,96.94,164,139,2016,645,LARGE,CIS,SPACE SCIENCE,LEO,3,False
IRNSS 1G,41469,PAYLOAD,,India,Government,2016-04-28,,1436.14,4.17,35816,35759,2016,1425,LARGE,IND,NAVIGATION/REGIONAL POSITIONING,GEO,12,True
JCSAT 2B,41471,PAYLOAD,,Japan,Commercial,2016-05-06,,1436.16,0.02,35792,35784,2016,4500,LARGE,JPN,COMMUNICATIONS,GEO,15,True
THAICOM 8,41552,PAYLOAD,,Thailand,Commercial,2016-05-27,,1436.09,0.06,35806,35767,2016,3025,LARGE,THAI,COMMUNICATIONS,GEO,15,True
COSMOS 2516 (GLONASS),41554,PAYLOAD,Non-Polar Inclined,Russia,Military/Commercial,2016-05-29,,675.72,63.84,19172,19087,2016,1415,LARGE,CIS,NAVIGATION/GLOBAL POSITIONING,MEO,7,True
COSMOS 2517 (GEO-IK),41579,PAYLOAD,Sun-Synchronous,Russia,Military,2016-06-04,,103.9,99.2,944,942,2016,900,LARGE,CIS,EARTH SCIENCE,LEO,5,True
INTELSAT 31,41581,PAYLOAD,,USA,Commercial,2016-06-09,,1436.1,0.01,35795,35779,2016,6450,LARGE,ITSO,COMMUNICATIONS,GEO,20,True
ABS 2A,41588,PAYLOAD,,Multinational,Commercial,2016-06-15,,1436.12,0.01,35794,35780,2016,1800,LARGE,ABS,COMMUNICATIONS,GEO,15,True
EUTE 117W B,41589,PAYLOAD,,Multinational,Commercial,2016-06-15,,1436.11,0.01,35789,35785,2016,5500,LARGE,EUTE,COMMUNICATIONS,GEO,15,True
CARTOSAT 2C,41599,PAYLOAD,Sun-Synchronous,India,Government,2016-06-22,,94.79,97.43,517,500,2016,727,LARGE,IND,EARTH OBSERVATION,LEO,5,True
JCSAT 16,41729,PAYLOAD,,Japan,Commercial,2016-08-14,,1436.16,0.02,35797,35779,2016,4500,LARGE,JPN,COMMUNICATIONS,GEO,15,True
QSS,41731,PAYLOAD,Sun-Synchronous,China,Government,2016-08-15,,92.86,97.3,420,409,2016,700,LARGE,PRC,SPACE SCIENCE,LEO,2,True
INTELSAT 36,41747,PAYLOAD,,USA,Commercial,2016-08-24,,1436.11,0.01,35791,35782,2016,3250,LARGE,ITSO,COMMUNICATIONS,GEO,15,True
ALSAT 1B,41785,PAYLOAD,Sun-Synchronous,Algeria,Government,2016-09-26,,97.84,97.79,663,648,2016,103,MEDIUM,ALG,EARTH OBSERVATION,LEO,5,True
SCATSAT 1,41790,PAYLOAD,Sun-Synchronous,India,Government,2016-09-26,,97.43,98.17,675,596,2016,371,LARGE,IND,EARTH OBSERVATION,LEO,5,True
SKY MUSTER 2,41794,PAYLOAD,,Australia,Commercial,2016-10-05,,1436.12,0.02,35793,35781,2016,6405,LARGE,AUS,COMMUNICATIONS,GEO,15,True
RAVAN,41849,PAYLOAD,Sun-Synchronous,USA,Government,2016-11-11,,94.2,98.05,487,473,2016,5,SMALL,US,TECHNOLOGY DEVELOPMENT,LEO,0.5,True
PROMETHEUS 2-3,41855,PAYLOAD,Equatorial,USA,Military,2016-11-11,,93.28,98.08,440,431,2016,1,SMALL,US,TECHNOLOGY DEVELOPMENT,LEO,2,True
GALILEO 17 (26D),41861,PAYLOAD,Non-Polar Inclined,ESA,Commercial,2016-11-17,,844.7,55.25,23240,23205,2016,723,LARGE,ESA,NAVIGATION/GLOBAL POSITIONING,MEO,12,True
GALILEO 18 (26E),41862,PAYLOAD,Non-Polar Inclined,ESA,Commercial,2016-11-17,,844.7,55.24,23237,23207,2016,723,LARGE,ESA,NAVIGATION/GLOBAL POSITIONING,MEO,12,True
WGS 8 (USA 272),41879,PAYLOAD,,USA,Military,2016-12-07,,1436.07,0.01,35788,35785,2016,5990,LARGE,US,COMMUNICATIONS,GEO,14,True
TANSAT,41898,PAYLOAD,Sun-Synchronous,China,Government,2016-12-21,,98.66,98.51,710,680,2016,620,LARGE,PRC,EARTH OBSERVATION,LEO,3,True
STARONE D1,41904,PAYLOAD,,Brazil,Commercial,2016-12-21,,1436.15,0.01,35794,35781,2016,6433,LARGE,BRAZ,COMMUNICATIONS,GEO,15,True
SUPERVIEW-1 01,41907,PAYLOAD,Sun-Synchronous,China,Commercial,2016-12-28,2025-01-15,87.4,97.39,153,138,2016,560,LARGE,PRC,EARTH OBSERVATION,LEO,8,False
SUPERVIEW-1 02,41908,PAYLOAD,Sun-Synchronous,China,Commercial,2016-12-28,2024-12-22,87.37,97.21,150,139,2016,560,LARGE,PRC,EARTH OBSERVATION,LEO,8,False
IRIDIUM 103,41918,PAYLOAD,Polar,USA,Government/Commercial,2017-01-14,,100.4,86.39,779,777,2017,860,LARGE,US,COMMUNICATIONS,LEO,15,True
IRIDIUM 102,41920,PAYLOAD,Polar,USA,Government/Commercial,2017-01-14,,100.4,86.39,780,776,2017,860,LARGE,US,COMMUNICATIONS,LEO,15,True
IRIDIUM 105,41921,PAYLOAD,Polar,USA,Government/Commercial,2017-01-14,,100.4,86.4,779,776,2017,860,LARGE,US,COMMUNICATIONS,LEO,15,True
IRIDIUM 104,41922,PAYLOAD,Polar,USA,Government/Commercial,2017-01-14,,100.4,86.39,779,776,2017,860,LARGE,US,COMMUNICATIONS,LEO,15,True
IRIDIUM 111,41926,PAYLOAD,Polar,USA,Government/Commercial,2017-01-14,,100.4,86.39,779,776,2017,860,LARGE,US,COMMUNICATIONS,LEO,15,True
SBIRS GEO 4 (USA 273),41937,PAYLOAD,,USA,Military,2017-01-21,,1439.94,1.58,35870,35854,2017,4500,LARGE,US,EARTH OBSERVATION,GEO,12,True
DSN-2,41940,PAYLOAD,,Japan,Military,2017-01-24,,,,,,2017,,,JPN,COMMUNICATIONS,GEO,15,True
HISPASAT 36W-1,41942,PAYLOAD,,Spain,Commercial,2017-01-28,,1436.09,0.01,35791,35782,2017,3220,LARGE,SPN,COMMUNICATIONS,GEO,15,True
TELKOM 3S,41944,PAYLOAD,,Indonesia,Commercial,2017-02-14,,1436.11,0.01,35797,35777,2017,3550,LARGE,INDO,COMMUNICATIONS,GEO,18,True
INTELSAT 32E,41945,PAYLOAD,,Brazil,Commercial,2017-02-14,,1436.11,0.01,35790,35783,2017,6000,LARGE,ITSO,COMMUNICATIONS,GEO,15,True
CARTOSAT 2D,41948,PAYLOAD,Sun-Synchronous,India,Government,2017-02-15,,94.78,97.47,511,505,2017,714,LARGE,IND,EARTH OBSERVATION,LEO,5,True
FLOCK 3P 4,41965,PAYLOAD,Sun-Synchronous,USA,Commercial,2017-02-15,2023-01-15,88.08,97.26,182,176,2017,4,SMALL,US,EARTH OBSERVATION,LEO,3,False
FLOCK 3P 2,41966,PAYLOAD,Sun-Synchronous,USA,Commercial,2017-02-15,2023-01-25,87.62,97.22,161,152,2017,4,SMALL,US,EARTH OBSERVATION,LEO,3,False
FLOCK 3P 3,41968,PAYLOAD,Sun-Synchronous,USA,Commercial,2017-02-15,2023-03-20,87.48,97.19,158,141,2017,4,SMALL,US,EARTH OBSERVATION,LEO,3,False
FLOCK 3P 11,41975,PAYLOAD,Sun-Synchronous,USA,Commercial,2017-02-15,2023-01-08,87.65,97.22,164,152,2017,4,SMALL,US,EARTH OBSERVATION,LEO,3,False
FLOCK 3P 57,41978,PAYLOAD,Sun-Synchronous,USA,Commercial,2017-02-15,2022-01-14,87.42,97.2,161,133,2017,4,SMALL,US,EARTH OBSERVATION,LEO,3,False
FLOCK 3P 34,41988,PAYLOAD,Sun-Synchronous,USA,Commercial,2017-02-15,2023-02-14,87.32,97.24,151,132,2017,4,SMALL,US,EARTH OBSERVATION,LEO,3,False
FLOCK 3P 33,41990,PAYLOAD,Sun-Synchronous,USA,Commercial,2017-02-15,2023-03-22,87.76,97.2,172,155,2017,4,SMALL,US,EARTH OBSERVATION,LEO,3,False
FLOCK 3P 49,42001,PAYLOAD,Sun-Synchronous,USA,Commercial,2017-02-15,2023-02-03,88.11,97.25,186,176,2017,4,SMALL,US,EARTH OBSERVATION,LEO,3,False
FLOCK 3P 54,42014,PAYLOAD,Sun-Synchronous,USA,Commercial,2017-02-15,2023-02-07,88.2,97.22,192,180,2017,4,SMALL,US,EARTH OBSERVATION,LEO,3,False
FLOCK 3P 80,42026,PAYLOAD,Sun-Synchronous,USA,Commercial,2017-02-15,2023-02-13,87.67,97.21,166,153,2017,4,SMALL,US,EARTH OBSERVATION,LEO,3,False
FLOCK 3P 66,42027,PAYLOAD,Sun-Synchronous,USA,Commercial,2017-02-15,2023-01-31,87.91,97.22,177,165,2017,4,SMALL,US,EARTH OBSERVATION,LEO,3,False
FLOCK 3P 65,42028,PAYLOAD,Sun-Synchronous,USA,Commercial,2017-02-15,2023-01-20,87.19,97.2,144,126,2017,4,SMALL,US,EARTH OBSERVATION,LEO,3,False
FLOCK 3P 46,42031,PAYLOAD,Sun-Synchronous,USA,Commercial,2017-02-15,2023-02-28,86.98,97.22,134,115,2017,4,SMALL,US,EARTH OBSERVATION,LEO,3,False
FLOCK 3P 74,42048,PAYLOAD,Sun-Synchronous,USA,Commercial,2017-02-15,2023-03-29,87.69,97.2,170,151,2017,4,SMALL,US,EARTH OBSERVATION,LEO,3,False
SENTINEL 2B,42063,PAYLOAD,Sun-Synchronous,ESA,Government,2017-03-07,,100.64,98.56,790,788,2017,1130,LARGE,ESA,EARTH OBSERVATION,LEO,7,True
IGS R-5,42072,PAYLOAD,Sun-Synchronous,Japan,Government,2017-03-17,,,,,,2017,1600,,JPN,EARTH OBSERVATION,LEO,5,True
SES 10,42432,PAYLOAD,,Luxembourg,Commercial,2017-03-30,,1436.11,0.01,35799,35775,2017,5271,LARGE,SES,COMMUNICATIONS,GEO,15,True
KOREASAT 7,42691,PAYLOAD,,South Korea,Commercial,2017-05-04,,1436.12,0.03,35793,35781,2017,3680,LARGE,SKOR,COMMUNICATIONS,GEO,15,True
GSAT 9,42695,PAYLOAD,,India,Government,2017-05-05,,1436.17,0.06,35798,35778,2017,2230,LARGE,IND,COMMUNICATIONS,GEO,12,True
SES 15,42709,PAYLOAD,,Luxembourg,Commercial,2017-05-18,,1436.15,0.01,35790,35786,2017,,LARGE,SES,COMMUNICATIONS,GEO,18,True
EUTE 172B,42741,PAYLOAD,,Multinational,Commercial,2017-06-01,,1436.11,0.01,35788,35786,2017,3600,LARGE,EUTE,COMMUNICATIONS,GEO,15,True
GSAT 19,42747,PAYLOAD,,India,Government,2017-06-05,,1436.08,0.07,35805,35767,2017,3136,LARGE,IND,COMMUNICATIONS,GEO,10,True
CARTOSAT 2E,42767,PAYLOAD,Sun-Synchronous,India,Government,2017-06-23,,94.78,97.48,509,507,2017,712,LARGE,IND,EARTH OBSERVATION,LEO,5,True
AALTO 1,42775,PAYLOAD,Sun-Synchronous,Finland,Civil,2017-06-23,2024-09-01,87.43,97.07,154,140,2017,4.5,SMALL,FIN,TECHNOLOGY DEVELOPMENT,LEO,2,False
BULGARIASAT-1,42801,PAYLOAD,,Bulgaria,Commercial,2017-06-23,,1436.07,0.04,35801,35771,2017,3669,LARGE,BGR,COMMUNICATIONS,GEO,15,True
IRIDIUM 113,42803,PAYLOAD,Polar,USA,Government/Commercial,2017-06-25,,100.4,86.4,779,776,2017,860,LARGE,US,COMMUNICATIONS,LEO,15,True
IRIDIUM 123,42804,PAYLOAD,Polar,USA,Government/Commercial,2017-06-25,,100.4,86.4,779,776,2017,860,LARGE,US,COMMUNICATIONS,LEO,15,True
IRIDIUM 120,42805,PAYLOAD,Polar,USA,Government/Commercial,2017-06-25,,100.4,86.39,779,776,2017,860,LARGE,US,COMMUNICATIONS,LEO,15,True
IRIDIUM 115,42806,PAYLOAD,Polar,USA,Government/Commercial,2017-06-25,,99.77,86.45,749,746,2017,860,LARGE,US,COMMUNICATIONS,LEO,15,True
IRIDIUM 118,42807,PAYLOAD,Polar,USA,Government/Commercial,2017-06-25,,100.4,86.4,779,776,2017,860,LARGE,US,COMMUNICATIONS,LEO,15,True
IRIDIUM 117,42808,PAYLOAD,Polar,USA,Government/Commercial,2017-06-25,,100.4,86.4,779,776,2017,860,LARGE,US,COMMUNICATIONS,LEO,15,True
IRIDIUM 126,42809,PAYLOAD,Polar,USA,Government/Commercial,2017-06-25,,100.4,86.4,779,776,2017,860,LARGE,US,COMMUNICATIONS,LEO,15,True
IRIDIUM 128,42811,PAYLOAD,Polar,USA,Government/Commercial,2017-06-25,,100.4,86.4,779,776,2017,860,LARGE,US,COMMUNICATIONS,LEO,15,True
IRIDIUM 121,42812,PAYLOAD,Polar,USA,Government/Commercial,2017-06-25,,100.4,86.4,779,776,2017,860,LARGE,US,COMMUNICATIONS,LEO,15,True
HELLAS-SAT 3,42814,PAYLOAD,,Greece/United Kingdom,Commercial,2017-06-28,,1436.11,0.05,35809,35765,2017,5780,LARGE,ESA,COMMUNICATIONS,GEO,15,True
GSAT 17,42815,PAYLOAD,,India,Government,2017-06-28,,1436.11,0.09,35799,35775,2017,3477,LARGE,IND,COMMUNICATIONS,GEO,15,True
INTELSAT 35E,42818,PAYLOAD,,USA,Commercial,2017-07-05,,1436.12,0,35795,35779,2017,6761,LARGE,ITSO,COMMUNICATIONS,GEO,15,True
FLYING LAPTOP,42831,PAYLOAD,Sun-Synchronous,Germany,Civil,2017-07-14,,96.1,97.4,581,563,2017,120,MEDIUM,GER,EARTH OBSERVATION/SPACE SCIENCE,LEO,2,True
COSMOS 2520,42907,PAYLOAD,,Russia,Military/Commercial,2017-08-16,,1436.06,0.03,35787,35784,2017,3000,,CIS,COMMUNICATIONS,GEO,15,True
QZS-3,42917,PAYLOAD,,Japan,Government,2017-08-19,,1436.11,0.07,35798,35776,2017,4000,LARGE,JPN,NAVIGATION/REGIONAL POSITIONING,GEO,15,True
ORS 5 SENSORSAT,42921,PAYLOAD,Equatorial,USA,Military,2017-08-26,,96.08,0.05,578,563,2017,140,MEDIUM,US,TECHNOLOGY DEMONSTRATION,LEO,3,True
AMAZONAS 5,42934,PAYLOAD,,Spain,Commercial,2017-09-11,,1436.12,0.04,35806,35768,2017,5900,LARGE,BRAZ,COMMUNICATIONS,GEO,15,True
ASIASAT 9,42942,PAYLOAD,,China,Commercial,2017-09-28,,1436.09,0.02,35797,35776,2017,6140,LARGE,AC,COMMUNICATIONS,GEO,15,True
INTELSAT 37E,42950,PAYLOAD,,USA,Commercial,2017-09-29,,1436.11,0.02,35798,35776,2017,6438,LARGE,ITSO,COMMUNICATIONS,GEO,15,True
BSAT-4A,42951,PAYLOAD,,Japan,Commercial,2017-09-29,,1436.07,0.08,35805,35768,2017,3520,LARGE,JPN,COMMUNICATIONS,GEO,15,True
IRIDIUM 133,42955,PAYLOAD,Polar,USA,Government/Commercial,2017-10-09,,100.4,86.4,779,776,2017,860,LARGE,US,COMMUNICATIONS,LEO,15,True
IRIDIUM 100,42956,PAYLOAD,Polar,USA,Government/Commercial,2017-10-09,,100.4,86.4,779,776,2017,860,LARGE,US,COMMUNICATIONS,LEO,15,True
IRIDIUM 122,42957,PAYLOAD,Polar,USA,Government/Commercial,2017-10-09,,100.4,86.4,779,776,2017,860,LARGE,US,COMMUNICATIONS,LEO,15,True
IRIDIUM 129,42958,PAYLOAD,Polar,USA,Government/Commercial,2017-10-09,,100.4,86.4,779,776,2017,860,LARGE,US,COMMUNICATIONS,LEO,15,True
IRIDIUM 119,42959,PAYLOAD,Polar,USA,Government/Commercial,2017-10-09,,100.4,86.4,779,776,2017,860,LARGE,US,COMMUNICATIONS,LEO,15,True
IRIDIUM 132,42961,PAYLOAD,Polar,USA,Government/Commercial,2017-10-09,,100.4,86.4,779,776,2017,860,LARGE,US,COMMUNICATIONS,LEO,15,True
IRIDIUM 125,42964,PAYLOAD,Polar,USA,Government/Commercial,2017-10-09,,100.4,86.4,779,776,2017,860,LARGE,US,COMMUNICATIONS,LEO,15,True
ECHOSTAR 105/SES 11,42967,PAYLOAD,,Luxembourg,Commercial,2017-10-11,,1436.1,0.02,35800,35773,2017,5200,LARGE,SES,COMMUNICATIONS,GEO,15,True
SENTINEL 5P,42969,PAYLOAD,Sun-Synchronous,ESA,Government,2017-10-13,,101.44,98.75,828,826,2017,820,LARGE,ESA,EARTH OBSERVATION,LEO,7,True
FLOCK 3M 4,42997,PAYLOAD,Sun-Synchronous,USA,Commercial,2017-10-31,2023-02-28,83.81,97.43,0,0,2017,4,SMALL,US,EARTH OBSERVATION,LEO,3,False
BEIDOU 3M1,43001,PAYLOAD,,China,Military/Government,2017-11-05,,773.23,56.32,21562,21494,2017,800,LARGE,PRC,NAVIGATION/GLOBAL POSITIONING,MEO,8,True
BEIDOU 3M2,43002,PAYLOAD,,China,Military/Government,2017-11-05,,773.23,56.32,21556,21500,2017,800,LARGE,PRC,NAVIGATION/GLOBAL POSITIONING,MEO,8,True
HEAD-1,43011,PAYLOAD,Sun-Synchronous,China,Commercial,2017-11-14,,100.81,98.96,804,791,2017,45,MEDIUM,PRC,EARTH OBSERVATION,LEO,3,True
BUCCANEER RMM,43014,PAYLOAD,,Australia,Military/Civil,2017-11-18,2024-10-04,87.65,97.53,167,149,2017,4,MEDIUM,AUS,TECHNOLOGY DEVELOPMENT,LEO,5,False
JILIN-01-04,43022,PAYLOAD,Sun-Synchronous,China,Commercial,2017-11-21,,94.07,97.47,476,471,2017,95,MEDIUM,PRC,EARTH OBSERVATION,LEO,3,True
ALCOMSAT 1,43039,PAYLOAD,,Algeria,Government,2017-12-10,,1436.1,0.03,35792,35781,2017,5225,LARGE,ALG,COMMUNICATIONS,GEO,15,True
GALILEO 19 (2C5),43055,PAYLOAD,Non-Polar Inclined,ESA,Commercial,2017-12-12,,844.7,55.21,23225,23219,2017,715,LARGE,ESA,NAVIGATION/GLOBAL POSITIONING,MEO,12,True
GALILEO 20 (2C6),43056,PAYLOAD,Non-Polar Inclined,ESA,Commercial,2017-12-12,,844.7,55.22,23229,23216,2017,715,LARGE,ESA,NAVIGATION/GLOBAL POSITIONING,MEO,12,True
GALILEO 21 (2C7),43057,PAYLOAD,Non-Polar Inclined,ESA,Commercial,2017-12-12,,844.7,55.21,23227,23217,2017,715,LARGE,ESA,NAVIGATION/GLOBAL POSITIONING,MEO,12,True
GALILEO 22 (2C8),43058,PAYLOAD,Non-Polar Inclined,ESA,Commercial,2017-12-12,,844.7,55.21,23230,23214,2017,715,LARGE,ESA,NAVIGATION/GLOBAL POSITIONING,MEO,12,True
GCOM-C,43065,PAYLOAD,Sun-Synchronous,Japan,Government,2017-12-23,,100.89,98.67,802,800,2017,2200,LARGE,JPN,EARTH OBSERVATION,LEO,5,True
IRIDIUM 135,43070,PAYLOAD,Polar,USA,Government/Commercial,2017-12-23,,100.4,86.4,779,776,2017,860,LARGE,US,COMMUNICATIONS,LEO,15,True
IRIDIUM 138,43071,PAYLOAD,Polar,USA,Government/Commercial,2017-12-23,,100.4,86.39,779,776,2017,860,LARGE,US,COMMUNICATIONS,LEO,15,True
IRIDIUM 116,43072,PAYLOAD,Polar,USA,Government/Commercial,2017-12-23,,100.4,86.4,779,776,2017,860,LARGE,US,COMMUNICATIONS,LEO,15,True
IRIDIUM 130,43073,PAYLOAD,Polar,USA,Government/Commercial,2017-12-23,,100.4,86.4,779,776,2017,860,LARGE,US,COMMUNICATIONS,LEO,15,True
IRIDIUM 134,43075,PAYLOAD,Polar,USA,Government/Commercial,2017-12-23,,100.4,86.4,779,776,2017,860,LARGE,US,COMMUNICATIONS,LEO,15,True
IRIDIUM 141,43077,PAYLOAD,Polar,USA,Government/Commercial,2017-12-23,,100.4,86.4,779,776,2017,860,LARGE,US,COMMUNICATIONS,LEO,15,True
SUPERVIEW-1 03,43099,PAYLOAD,Sun-Synchronous,China,Commercial,2018-01-09,,94.42,97.34,534,447,2018,560,LARGE,PRC,EARTH OBSERVATION,LEO,8,True
SUPERVIEW-1 04,43100,PAYLOAD,Sun-Synchronous,China,Commercial,2018-01-09,2025-04-18,87.36,97.33,153,134,2018,560,LARGE,PRC,EARTH OBSERVATION,LEO,8,False
BEIDOU 3M3,43107,PAYLOAD,,China,Military/Government,2018-01-11,,773.23,54.7,21542,21514,2018,800,LARGE,PRC,NAVIGATION/GLOBAL POSITIONING,MEO,8,True
BEIDOU 3M4,43108,PAYLOAD,,China,Military/Government,2018-01-11,,773.23,54.69,21535,21521,2018,800,LARGE,PRC,NAVIGATION/GLOBAL POSITIONING,MEO,8,True
CARTOSAT 2F,43111,PAYLOAD,Sun-Synchronous,India,Government,2018-01-12,,94.78,97.46,509,507,2018,712,LARGE,IND,EARTH OBSERVATION,LEO,5,True
JILIN-01-08,43160,PAYLOAD,Sun-Synchronous,China,Commercial,2018-01-19,,94.33,97.21,492,480,2018,95,MEDIUM,PRC,EARTH OBSERVATION,LEO,3,True
SBIRS GEO 3 (USA 282),43162,PAYLOAD,,USA,Military,2018-01-20,,1436.09,2.11,35796,35777,2018,4500,LARGE,US,EARTH OBSERVATION,GEO,12,True
AL YAH 3,43174,PAYLOAD,,United Arab Emirates,Commercial,2018-01-25,,1436.11,0.46,35806,35768,2018,3795,LARGE,UAE,COMMUNICATIONS,GEO,15,True
SES 16/GOVSAT 1,43178,PAYLOAD,,Luxembourg,Government/Military,2018-01-31,,,,,,2018,4230,,SES,COMMUNICATIONS,GEO,15,True
S-NET D,43186,PAYLOAD,Sun-Synchronous,Germany,Civil,2018-02-01,,95.29,97.57,540,525,2018,8.5,MEDIUM,GER,TECHNOLOGY DEVELOPMENT,LEO,1,True
ZHANGHENG 1,43194,PAYLOAD,Sun-Synchronous,China/Italy,Government,2018-02-02,,94.66,97.64,508,496,2018,730,LARGE,PRC,EARTH SCIENCE,LEO,5,True
BEIDOU 3M5,43207,PAYLOAD,,China,Military/Government,2018-02-12,,773.23,56.28,21549,21507,2018,800,LARGE,PRC,NAVIGATION/GLOBAL POSITIONING,MEO,8,True
GOES 17,43226,PAYLOAD,,USA,Government,2018-03-01,,1436.1,0.02,35797,35776,2018,5211,LARGE,US,EARTH OBSERVATION,GEO,15,True
HISPASAT 30W-6,43228,PAYLOAD,,Spain,Commercial,2018-03-06,,1436.14,0.02,35814,35761,2018,6100,LARGE,SPN,COMMUNICATIONS,GEO,15,True
BEIDOU 3M7,43245,PAYLOAD,,China,Military/Government,2018-03-29,,773.23,54.57,21530,21526,2018,800,LARGE,PRC,NAVIGATION/GLOBAL POSITIONING,MEO,8,True
IRIDIUM 149,43250,PAYLOAD,Polar,USA,Government/Commercial,2018-03-30,,100.4,86.39,779,776,2018,860,LARGE,US,COMMUNICATIONS,LEO,15,True
IRIDIUM 157,43251,PAYLOAD,Polar,USA,Government/Commercial,2018-03-30,,100.4,86.39,779,776,2018,860,LARGE,US,COMMUNICATIONS,LEO,15,True
IRIDIUM 140,43252,PAYLOAD,Polar,USA,Government/Commercial,2018-03-30,,100.4,86.39,779,776,2018,860,LARGE,US,COMMUNICATIONS,LEO,15,True
IRIDIUM 146,43254,PAYLOAD,Polar,USA,Government/Commercial,2018-03-30,,100.4,86.39,779,776,2018,860,LARGE,US,COMMUNICATIONS,LEO,15,True
IRIDIUM 148,43255,PAYLOAD,Polar,USA,Government/Commercial,2018-03-30,,100.4,86.39,779,776,2018,860,LARGE,US,COMMUNICATIONS,LEO,15,True
IRIDIUM 143,43258,PAYLOAD,Polar,USA,Government/Commercial,2018-03-30,,100.4,86.39,779,776,2018,860,LARGE,US,COMMUNICATIONS,LEO,15,True
GAOFEN 1-02,43259,PAYLOAD,Sun-Synchronous,China,Government,2018-03-31,,97.52,97.78,642,638,2018,805,LARGE,PRC,EARTH OBSERVATION,LEO,8,True
GAOFEN 1-03,43260,PAYLOAD,Sun-Synchronous,China,Government,2018-03-31,,97.52,97.78,643,637,2018,805,LARGE,PRC,EARTH OBSERVATION,LEO,8,True
HYLAS 4,43272,PAYLOAD,,United Kingdom,Commercial,2018-04-05,,1436.12,0.07,35792,35782,2018,4050,LARGE,UK,COMMUNICATIONS,GEO,15,True
IRNSS 1I,43286,PAYLOAD,,India,Government,2018-04-11,,1436.09,29.02,35869,35704,2018,1425,LARGE,IND,NAVIGATION/REGIONAL POSITIONING,GEO,10,True
SENTINEL 3B,43437,PAYLOAD,Sun-Synchronous,ESA,Government,2018-04-25,,100.93,98.63,804,802,2018,2300,LARGE,ESA,EARTH OBSERVATION,LEO,7,True
BANGABANDHUSAT-1,43463,PAYLOAD,,Bangladesh,Government,2018-05-11,,1436.12,0.02,35797,35777,2018,3500,LARGE,BGD,COMMUNICATIONS,GEO,15,True
GRACE-FO 1,43476,PAYLOAD,Polar,USA/Germany,Government,2018-05-22,,93.86,88.97,470,457,2018,600,MEDIUM,US,EARTH OBSERVATION,LEO,5,True
GRACE-FO 2,43477,PAYLOAD,Polar,USA/Germany,Government,2018-05-22,,93.86,88.97,470,457,2018,600,MEDIUM,US,EARTH OBSERVATION,LEO,5,True
IRIDIUM 110,43481,PAYLOAD,Polar,USA,Government/Commercial,2018-05-22,,100.4,86.39,779,776,2018,860,LARGE,US,COMMUNICATIONS,LEO,15,True
IRIDIUM 162,43482,PAYLOAD,Polar,USA,Government/Commercial,2018-05-22,,99.77,86.44,749,746,2018,860,LARGE,US,COMMUNICATIONS,LEO,15,True
GAOFEN 6,43484,PAYLOAD,Sun-Synchronous,China,Government,2018-06-02,,97.52,97.83,650,630,2018,1064,LARGE,PRC,EARTH OBSERVATION,LEO,8,True
SES 12,43488,PAYLOAD,,Luxembourg,Commercial ,2018-06-04,,1436.16,0.01,35793,35783,2018,5300,LARGE,SES,COMMUNICATIONS,GEO,15,True
IGS R-6,43495,PAYLOAD,Sun-Synchronous,Japan,Government,2018-06-12,,,,,,2018,1600,,JPN,EARTH OBSERVATION,LEO,5,True
COSMOS 2527 (GLONASS),43508,PAYLOAD,Non-Polar Inclined,Russia,Military/Commercial,2018-06-16,,675.73,65.35,19153,19107,2018,1415,LARGE,CIS,NAVIGATION/GLOBAL POSITIONING,MEO,7,True
PAKTES 1A,43529,PAYLOAD,Sun-Synchronous,Pakistan,Government,2018-07-09,,96.23,98.07,595,562,2018,1200,LARGE,PAKI,EARTH OBSERVATION,LEO,7,True
BEIDOU IGSO-7,43539,PAYLOAD,,China,Military/Government,2018-07-09,,1436.06,55.16,36157,35415,2018,800,LARGE,PRC,NAVIGATION/GLOBAL POSITIONING,GEO,8,True
TEMPEST-D,43547,PAYLOAD,Non-Polar Inclined,USA,Civil,1998-11-20,2021-06-21,92.57,51.64,404,397,1998,10,MEDIUM,US,SPACE SCIENCE,LEO,1,False
GALILEO 25 (2C1),43564,PAYLOAD,Non-Polar Inclined,ESA,Commercial,2018-07-25,,844.7,57.28,23234,23210,2018,715,LARGE,ESA,NAVIGATION/GLOBAL POSITIONING,MEO,12,True
GALILEO 26 (2C2),43565,PAYLOAD,Non-Polar Inclined,ESA,Commercial,2018-07-25,,844.7,57.28,23231,23213,2018,715,LARGE,ESA,NAVIGATION/GLOBAL POSITIONING,MEO,12,True
GALILEO 23 (2C9),43566,PAYLOAD,Non-Polar Inclined,ESA,Commercial,2018-07-25,,844.7,57.28,23233,23211,2018,715,LARGE,ESA,NAVIGATION/GLOBAL POSITIONING,MEO,12,True
IRIDIUM 160,43569,PAYLOAD,Polar,USA,Government/Commercial,2018-07-25,,100.4,86.4,779,776,2018,860,LARGE,US,COMMUNICATIONS,LEO,15,True
IRIDIUM 158,43571,PAYLOAD,Polar,USA,Government/Commercial,2018-07-25,,100.4,86.4,779,776,2018,860,LARGE,US,COMMUNICATIONS,LEO,15,True
IRIDIUM 155,43573,PAYLOAD,Polar,USA,Government/Commercial,2018-07-25,,100.4,86.4,779,776,2018,860,LARGE,US,COMMUNICATIONS,LEO,15,True
IRIDIUM 154,43574,PAYLOAD,Polar,USA,Government/Commercial,2018-07-25,,100.4,86.4,779,776,2018,860,LARGE,US,COMMUNICATIONS,LEO,15,True
IRIDIUM 163,43575,PAYLOAD,Polar,USA,Government/Commercial,2018-07-25,,100.4,86.4,779,776,2018,860,LARGE,US,COMMUNICATIONS,LEO,15,True
IRIDIUM 159,43578,PAYLOAD,Polar,USA,Government/Commercial,2018-07-25,,100.4,86.4,779,776,2018,860,LARGE,US,COMMUNICATIONS,LEO,15,True
BEIDOU 3M9,43581,PAYLOAD,,China,Military/Government,2018-07-29,,773.24,54.1,21538,21518,2018,800,LARGE,PRC,NAVIGATION/GLOBAL POSITIONING,MEO,8,True
BEIDOU 3M10,43582,PAYLOAD,,China,Military/Government,2018-07-29,,773.24,54.1,21541,21515,2018,800,LARGE,PRC,NAVIGATION/GLOBAL POSITIONING,MEO,8,True
GAOFEN 11,43585,PAYLOAD,Sun-Synchronous,China,Government,2018-07-31,,93.36,97.18,445,434,2018,1000,LARGE,PRC,EARTH OBSERVATION,ELLIPTICAL,8,True
TELKOM-4,43587,PAYLOAD,,Indonesia,Commercial,2018-08-07,,1436.12,0.02,35795,35780,2018,5800,LARGE,INDO,COMMUNICATIONS,GEO,16,True
AEOLUS,43600,PAYLOAD,,ESA,Government,2018-08-22,2023-07-28,86.95,96.7,161,85,2018,1367,LARGE,ESA,EARTH OBSERVATION,LEO,3,False
BEIDOU 3M12,43603,PAYLOAD,,China,Military/Government,2018-08-24,,773.25,54.19,21540,21517,2018,800,LARGE,PRC,NAVIGATION/GLOBAL POSITIONING,MEO,8,True
TELSTAR 18V,43611,PAYLOAD,,Canada,Commercial,2018-09-10,,1436.1,0.02,35795,35778,2018,7060,LARGE,CA,COMMUNICATIONS,GEO,15,True
NOVASAR 1,43619,PAYLOAD,Sun-Synchronous,United Kingdom,Government/Commercial,2018-09-16,,96.24,97.57,581,576,2018,430,LARGE,UK,EARTH OBSERVATION,LEO,7,True
BEIDOU 3M14,43623,PAYLOAD,,China,Military/Government,2018-09-19,,773.23,56.26,21547,21509,2018,800,LARGE,PRC,NAVIGATION/GLOBAL POSITIONING,MEO,8,True
SAOCOM 1-A,43641,PAYLOAD,Sun-Synchronous,Argentina,Government,2018-10-08,,97.16,97.89,623,622,2018,1650,LARGE,ARGN,EARTH OBSERVATION,LEO,5,True
BEIDOU 3M15,43647,PAYLOAD,,China,Military/Government,2018-10-15,,773.23,54.47,21550,21506,2018,800,LARGE,PRC,NAVIGATION/GLOBAL POSITIONING,MEO,8,True
BEIDOU 3M16,43648,PAYLOAD,,China,Military/Government,2018-10-15,,773.23,54.46,21542,21514,2018,800,LARGE,PRC,NAVIGATION/GLOBAL POSITIONING,MEO,8,True
HAIYANG 2B,43655,PAYLOAD,Sun-Synchronous,China,Government,2018-10-24,,104.4,99.34,967,966,2018,1500,LARGE,PRC,EARTH OBSERVATION,LEO,3,True
DIWATA 2B,43678,PAYLOAD,Sun-Synchronous,Japan,Civil,2018-10-29,,96.12,98.1,580,566,2018,56,MEDIUM,RP,EARTH OBSERVATION,LEO,1,True
BEIDOU 3G1,43683,PAYLOAD,,China,Military/Government,2018-11-01,,1436.08,2.96,35804,35769,2018,800,LARGE,PRC,NAVIGATION/GLOBAL POSITIONING,GEO,8,True
METOP-C,43689,PAYLOAD,Sun-Synchronous,Multinational,Government/Civil,2018-11-07,,101.3,98.68,820,820,2018,4084,LARGE,EUME,EARTH OBSERVATION,LEO,5,True
GSAT 29,43698,PAYLOAD,,India,Government,2018-11-14,,1436.06,0.04,35798,35773,2018,3400,LARGE,IND,COMMUNICATIONS,GEO,10,True
ES'HAIL 2,43700,PAYLOAD,,France,Military/Commercial,2018-11-15,,1436.13,0.02,35795,35780,2018,5300,,QAT,COMMUNICATIONS,GEO,15,True
BEIDOU 3M17,43706,PAYLOAD,,China,Military/Government,2018-11-18,,773.24,54.19,21552,21504,2018,800,LARGE,PRC,NAVIGATION/GLOBAL POSITIONING,MEO,8,True
BEIDOU 3M18,43707,PAYLOAD,,China,Military/Government,2018-11-18,,773.24,54.19,21547,21510,2018,800,LARGE,PRC,NAVIGATION/GLOBAL POSITIONING,MEO,8,True
HYSIS,43719,PAYLOAD,Sun-Synchronous,India,Government,2018-11-29,,97.39,98.03,635,633,2018,380,LARGE,IND,EARTH OBSERVATION,LEO,5,True
FLOCK 3R 9,43723,PAYLOAD,Sun-Synchronous,USA,Commercial,2018-11-29,2022-11-08,94,97.39,481,459,2018,4,SMALL,US,EARTH OBSERVATION,LEO,3,False
FLOCK 3R 12,43724,PAYLOAD,Sun-Synchronous,USA,Commercial,2018-11-29,2022-01-14,88.07,97.32,187,171,2018,4,SMALL,US,EARTH OBSERVATION,LEO,3,False
FLOCK 3R 4,43733,PAYLOAD,Sun-Synchronous,USA,Commercial,2018-11-29,2022-12-02,94,97.39,483,457,2018,4,SMALL,US,EARTH OBSERVATION,LEO,3,False
FLOCK 3R 6,43741,PAYLOAD,Sun-Synchronous,USA,Commercial,2018-11-29,2022-11-08,94,97.39,481,459,2018,4,SMALL,US,EARTH OBSERVATION,LEO,3,False
FLOCK 3R 1,43747,PAYLOAD,Sun-Synchronous,USA,Commercial,2018-11-29,2022-11-01,94,97.39,483,457,2018,4,SMALL,US,EARTH OBSERVATION,LEO,3,False
COSMOS 2531,43752,PAYLOAD,Polar,Russia,Military,2018-11-30,,115.86,82.51,1506,1483,2018,280,LARGE,CIS,COMMUNICATIONS,LEO,5,True
COSMOS 2532,43753,PAYLOAD,Polar,Russia,Military,2018-11-30,,115.86,82.51,1508,1481,2018,280,LARGE,CIS,COMMUNICATIONS,LEO,5,True
FLOCK 3S 1,43769,PAYLOAD,Sun-Synchronous,USA,Commercial,2018-12-03,,92.11,97.44,382,375,2018,4,SMALL,US,EARTH OBSERVATION,LEO,3,True
GEO-KOMPSAT-2A,43823,PAYLOAD,,South Korea,Government,2018-12-04,,1436.13,0.05,35797,35777,2018,3507,LARGE,SKOR,EARTH OBSERVATION,GEO,10,True
GSAT 11,43824,PAYLOAD,,India,Government,2018-12-04,,1436.11,0.06,35819,35755,2018,5854,LARGE,IND,COMMUNICATIONS,GEO,15,True
SAUDISAT 5A,43831,PAYLOAD,Sun-Synchronous,Saudi Arabia,Government,2018-12-07,,94.58,97.36,506,491,2018,425,LARGE,SAUD,EARTH OBSERVATION,LEO,5,True
SAUDISAT 5B,43833,PAYLOAD,Sun-Synchronous,Saudi Arabia,Government,2018-12-07,,94.55,97.37,505,489,2018,425,LARGE,SAUD,EARTH OBSERVATION,LEO,5,True
CSO-1,43866,PAYLOAD,Sun-Synchronous,France,Military,2018-12-19,,,,,,2018,3565,,FR,EARTH OBSERVATION,LEO,10,True
COSMOS 2533,43867,PAYLOAD,,Russia,Military/Commercial,2018-12-21,,1436.09,0.04,35787,35786,2018,3000,,CIS,COMMUNICATIONS,GEO,15,True
NAVSTAR 77 (USA 289),43873,PAYLOAD,Non-Polar Inclined,USA,Military/Commercial,2018-12-23,,717.96,55.44,20270,20093,2018,2300,LARGE,US,NAVIGATION/GLOBAL POSITIONING,MEO,15,True
GRUS-1A,43890,PAYLOAD,Sun-Synchronous,Japan,Commercial,2018-12-27,,96.14,97.51,581,567,2018,100,MEDIUM,TBD,EARTH OBSERVATION,LEO,5,True
FLOCK 3K 5,43899,PAYLOAD,Sun-Synchronous,USA,Commercial,2018-12-27,2023-01-03,88.13,97.15,187,177,2018,4,SMALL,US,EARTH OBSERVATION,LEO,3,False
FLOCK 3K 7,43902,PAYLOAD,Sun-Synchronous,USA,Commercial,2018-12-27,2023-01-14,87.95,97.13,179,167,2018,4,SMALL,US,EARTH OBSERVATION,LEO,3,False
FLOCK 3K 10,43905,PAYLOAD,Sun-Synchronous,USA,Commercial,2018-12-27,2023-01-04,87.69,97.15,166,155,2018,4,SMALL,US,EARTH OBSERVATION,LEO,3,False
FLOCK 3K 9,43906,PAYLOAD,Sun-Synchronous,USA,Commercial,2018-12-27,2023-01-31,87.79,97.14,168,161,2018,4,SMALL,US,EARTH OBSERVATION,LEO,3,False
IRIDIUM 180,43922,PAYLOAD,Polar,USA,Government/Commercial,2019-01-11,,100.4,86.4,779,776,2019,860,LARGE,US,COMMUNICATIONS,LEO,15,True
IRIDIUM 176,43923,PAYLOAD,Polar,USA,Government/Commercial,2019-01-11,,97.81,86.61,655,653,2019,860,LARGE,US,COMMUNICATIONS,LEO,15,True
IRIDIUM 172,43927,PAYLOAD,Polar,USA,Government/Commercial,2019-01-11,,100.4,86.4,779,776,2019,860,LARGE,US,COMMUNICATIONS,LEO,15,True
IRIDIUM 175,43928,PAYLOAD,Polar,USA,Government/Commercial,2019-01-11,,97.81,86.15,655,652,2019,860,LARGE,US,COMMUNICATIONS,LEO,15,True
IRIDIUM 170,43930,PAYLOAD,Polar,USA,Government/Commercial,2019-01-11,,97.81,86.61,655,652,2019,860,LARGE,US,COMMUNICATIONS,LEO,15,True
IRIDIUM 167,43931,PAYLOAD,Polar,USA,Government/Commercial,2019-01-11,,100.4,86.4,779,776,2019,860,LARGE,US,COMMUNICATIONS,LEO,15,True
RAPIS-1,43932,PAYLOAD,Sun-Synchronous,Japan,Government,2019-01-18,2024-09-25,87.8,97.17,171,160,2019,200,MEDIUM,JPN,TECHNOLOGY DEVELOPMENT,LEO,2,False
USA 290,43941,PAYLOAD,Polar,USA,Military,2019-01-19,,92.67,73.58,415,400,2019,18000,,US,EARTH OBSERVATION,LEO,5,True
JILIN-01-09,43943,PAYLOAD,Sun-Synchronous,China,Commercial,2019-01-21,,95.02,97.48,523,517,2019,95,MEDIUM,PRC,EARTH OBSERVATION,LEO,3,True
JILIN-01-10,43946,PAYLOAD,Sun-Synchronous,China,Commercial,2019-01-21,,94.77,97.48,513,502,2019,95,MEDIUM,PRC,EARTH OBSERVATION,LEO,3,True
GSAT 31,44035,PAYLOAD,,India,Government,2019-02-05,,1436.12,0.05,35798,35776,2019,2536,MEDIUM,IND,COMMUNICATIONS,GEO,15,True
NUSANTARA SATU,44048,PAYLOAD,,Indonesia,Commercial,2019-02-22,,1436.1,0.03,35800,35773,2019,4100,LARGE,INDO,COMMUNICATIONS,GEO,15,True
ONEWEB-0012,44057,PAYLOAD,Polar,United Kingdom,Commercial,2019-02-27,,109.37,87.9,1199,1196,2019,147.7,LARGE,UK,COMMUNICATIONS,LEO,5,True
ONEWEB-0010,44058,PAYLOAD,Polar,United Kingdom,Commercial,2019-02-27,,109.37,87.9,1199,1197,2019,147.7,LARGE,UK,COMMUNICATIONS,LEO,5,True
ONEWEB-0006,44061,PAYLOAD,Polar,United Kingdom,Commercial,2019-02-27,,109.46,87.91,1203,1201,2019,147.7,LARGE,UK,COMMUNICATIONS,LEO,5,True
CHINASAT 6C,44067,PAYLOAD,,China,Government/Commercial,2019-03-09,,1436.09,0.05,35814,35759,2019,4600,LARGE,PRC,COMMUNICATIONS,GEO,15,True
WGS 10 (USA 291),44071,PAYLOAD,,USA,Military,2019-03-16,,1436.1,0.01,35789,35785,2019,5990,LARGE,US,COMMUNICATIONS,GEO,14,True
FLOCK 4A 2,44080,PAYLOAD,Sun-Synchronous,USA,Commercial,2019-04-01,2023-07-15,87.36,97.2,154,133,2019,4,SMALL,US,EARTH OBSERVATION,LEO,3,False
FLOCK 4A 17,44088,PAYLOAD,Sun-Synchronous,USA,Commercial,2019-04-01,2023-03-14,87.53,97.23,160,145,2019,4,MEDIUM,US,EARTH OBSERVATION,LEO,3,False
BEIDOU 2 G8,44231,PAYLOAD,,China,Military/Government,2019-05-17,,1436.09,1.55,35808,35765,2019,800,LARGE,PRC,NAVIGATION/GLOBAL POSITIONING,GEO,8,True
STARLINK-36,44250,PAYLOAD,Non-Polar Inclined,USA,Commercial,2019-05-24,2020-09-15,93.17,53,430,429,2019,227,LARGE,US,COMMUNICATIONS,LEO,4,False
RCM 1,44322,PAYLOAD,Sun-Synchronous,Canada,Government,2019-06-12,,96.48,97.76,591,589,2019,1430,LARGE,CA,EARTH OBSERVATION,LEO,7,True
AT&T T-16,44333,PAYLOAD,,USA,Commercial,2019-06-20,,1436.14,0.04,35792,35783,2019,6350,LARGE,US,COMMUNICATIONS,GEO,15,True
EUTE 7C,44334,PAYLOAD,,Multinational,Commercial,2019-06-20,,1436.08,0.07,35800,35772,2019,3400,LARGE,EUTE,COMMUNICATIONS,GEO,15,True
BEIDOU 3 IGSO-2,44337,PAYLOAD,,China,Military/Government,2019-06-24,,1435.85,55.2,35933,35631,2019,800,LARGE,PRC,NAVIGATION/GLOBAL POSITIONING,GEO,8,True
PROX-1,44339,PAYLOAD,Sun-Synchronous,USA,Civil,2019-06-25,,97.38,24,638,628,2019,70,MEDIUM,US,TECHNOLOGY DEVELOPMENT,LEO,0.25,True
OTB,44341,PAYLOAD,Sun-Synchronous,USA,Commercial,2019-06-25,,98.9,24,714,698,2019,138,LARGE,US,TECHNOLOGY DEVELOPMENT,LEO,25,True
FORMOSAT7-3/COSMIC2-3,44343,PAYLOAD,Non-Polar Inclined,Taiwan,Government,2019-06-25,,95.34,24,536,534,2019,280,LARGE,TWN,EARTH OBSERVATION,LEO,5,True
FORMOSAT7-1/COSMIC2-1,44349,PAYLOAD,Non-Polar Inclined,Taiwan,Government,2019-06-25,,95.34,24,536,534,2019,280,LARGE,TWN,EARTH OBSERVATION,LEO,5,True
FORMOSAT7-4/COSMIC2-4,44350,PAYLOAD,Non-Polar Inclined,Taiwan,Government,2019-06-25,,95.34,24,536,534,2019,280,LARGE,TWN,EARTH OBSERVATION,LEO,5,True
FORMOSAT7-2/COSMIC2-2,44351,PAYLOAD,Non-Polar Inclined,Taiwan,Government,2019-06-25,,95.34,24,536,534,2019,280,LARGE,TWN,EARTH OBSERVATION,LEO,5,True
FORMOSAT7-5/COSMIC2-5,44358,PAYLOAD,Non-Polar Inclined,Taiwan,Government,2019-06-25,,95.34,24,537,534,2019,280,LARGE,TWN,EARTH OBSERVATION,LEO,5,True
AMOS 17,44479,PAYLOAD,,Israel,Military/Commercial,2019-08-06,,1436.11,0.02,35796,35777,2019,6500,LARGE,ISRA,COMMUNICATIONS,GEO,20,True
NAVSTAR 78 (USA 293),44506,PAYLOAD,Non-Polar Inclined,USA,Military/Commercial,2019-08-22,,717.98,55.8,20316,20049,2019,2300,LARGE,US,NAVIGATION/GLOBAL POSITIONING,MEO,15,True
ZY-1 02D,44528,PAYLOAD,Sun-Synchronous,China,Government,2019-09-12,,100.32,98.37,774,773,2019,2650,LARGE,PRC,EARTH OBSERVATION,LEO,5,True
BEIDOU 3M23,44542,PAYLOAD,,China,Military/Government,2019-09-22,,773.24,54.41,21549,21507,2019,800,LARGE,PRC,NAVIGATION/GLOBAL POSITIONING,MEO,8,True
BEIDOU 3M24,44543,PAYLOAD,,China,Military/Government,2019-09-22,,773.24,54.41,21541,21516,2019,800,LARGE,PRC,NAVIGATION/GLOBAL POSITIONING,MEO,8,True
GAOFEN 10R,44622,PAYLOAD,Sun-Synchronous,China,Government,2019-10-04,,97.13,98,627,616,2019,1000,LARGE,PRC,EARTH OBSERVATION,LEO,8,True
BEIDOU 3M21,44793,PAYLOAD,,China,Military/Government,2019-11-23,,773.23,54.31,21548,21508,2019,800,LARGE,PRC,NAVIGATION/GLOBAL POSITIONING,MEO,8,True
FLOCK 4P 11,44809,PAYLOAD,Sun-Synchronous,USA,Commercial,2019-11-27,2024-01-30,87.79,97.3,172,158,2019,4,MEDIUM,US,EARTH OBSERVATION,LEO,3,False
FLOCK 4P 4,44811,PAYLOAD,Sun-Synchronous,USA,Commercial,2019-11-27,2023-05-16,87.03,97.27,136,118,2019,4,MEDIUM,US,EARTH OBSERVATION,LEO,3,False
FLOCK 4P 3,44812,PAYLOAD,Sun-Synchronous,USA,Commercial,2019-11-27,2023-04-29,86.92,97.32,154,90,2019,4,MEDIUM,US,EARTH OBSERVATION,LEO,3,False
GAOFEN 12,44819,PAYLOAD,Sun-Synchronous,China,Government,2019-11-27,,97.28,97.82,629,627,2019,1000,LARGE,PRC,EARTH OBSERVATION,LEO,8,True
COSMOS 2544 (GLONASS),44850,PAYLOAD,Non-Polar Inclined,Russia,Military/Commercial,2019-12-11,,675.73,65.34,19169,19091,2019,1415,LARGE,CIS,NAVIGATION/GLOBAL POSITIONING,MEO,7,True
RISAT-2BR1,44857,PAYLOAD,Non-Polar Inclined,India,Military,2019-12-11,,95.91,36.96,572,553,2019,628,LARGE,IND,EARTH OBSERVATION,LEO,5,True
IHOPSAT-TD,44859,PAYLOAD,Non-Polar Inclined,USA,Commercial,2019-12-11,,95.46,36.97,544,537,2019,22,SMALL,US,EARTH OBSERVATION,LEO,0.5,True
CSG-1,44873,PAYLOAD,Sun-Synchronous,Italy,Military/Government,2019-12-18,,97.15,97.89,623,621,2019,2205,LARGE,IT,EARTH OBSERVATION,LEO,5,True
CHEOPS,44874,PAYLOAD,Sun-Synchronous,ESA,Government,2019-12-18,,98.53,98.15,695,681,2019,273,LARGE,ESA,SPACE SCIENCE,LEO,5,True
CBERS 4A,44883,PAYLOAD,Sun-Synchronous,China/Brazil,Government,2019-12-20,,97.19,97.79,627,622,2019,1980,LARGE,CHBZ,EARTH OBSERVATION,LEO,5,True
ELEKTRO-L 3,44903,PAYLOAD,,Russia,Government,2019-12-24,,1436.11,0.05,35790,35783,2019,2094,LARGE,CIS,EARTH OBSERVATION,GEO,10,True
GONETS M 14 (M24),44905,PAYLOAD,Polar,Russia,Commercial,2019-12-26,,115.86,82.53,1505,1483,2019,280,LARGE,CIS,COMMUNICATIONS,LEO,7,True
GONETS M 15 (M25),44906,PAYLOAD,Polar,Russia,Commercial,2019-12-26,,115.86,82.53,1507,1482,2019,280,LARGE,CIS,COMMUNICATIONS,LEO,7,True
GONETS M 16 (M26),44907,PAYLOAD,Polar,Russia,Commercial,2019-12-26,,115.86,82.52,1504,1485,2019,280,LARGE,CIS,COMMUNICATIONS,LEO,7,True
SJ-20,44910,PAYLOAD,,China,Government,2019-12-27,,1436.13,3.84,35828,35746,2019,7600,LARGE,PRC,TECHNOLOGY DEVELOPMENT,GEO,20,True
EUTE KONNECT,45027,PAYLOAD,,Multinational,Commercial,2020-01-16,,1436.12,0.06,35790,35784,2020,3618,LARGE,EUTE,COMMUNICATIONS,GEO,15,True
ONEWEB-0013,45131,PAYLOAD,Polar,United Kingdom,Commercial,2020-02-06,,109.97,87.85,1228,1223,2020,148,LARGE,UK,COMMUNICATIONS,LEO,5,True
ONEWEB-0020,45133,PAYLOAD,Polar,United Kingdom,Commercial,2020-02-06,,109.89,87.88,1223,1220,2020,148,LARGE,UK,COMMUNICATIONS,LEO,5,True
ONEWEB-0022,45135,PAYLOAD,Polar,United Kingdom,Commercial,2020-02-06,,109.89,87.88,1223,1220,2020,148,LARGE,UK,COMMUNICATIONS,LEO,5,True
ONEWEB-0023,45136,PAYLOAD,Polar,United Kingdom,Commercial,2020-02-06,,109.89,87.88,1223,1220,2020,148,LARGE,UK,COMMUNICATIONS,LEO,5,True
ONEWEB-0024,45137,PAYLOAD,Polar,United Kingdom,Commercial,2020-02-06,,109.89,87.88,1223,1220,2020,148,LARGE,UK,COMMUNICATIONS,LEO,5,True
ONEWEB-0026,45139,PAYLOAD,Polar,United Kingdom,Commercial,2020-02-06,,109.8,87.88,1219,1216,2020,148,LARGE,UK,COMMUNICATIONS,LEO,5,True
ONEWEB-0032,45141,PAYLOAD,Polar,United Kingdom,Commercial,2020-02-06,,109.89,87.88,1223,1220,2020,148,LARGE,UK,COMMUNICATIONS,LEO,5,True
ONEWEB-0033,45142,PAYLOAD,Polar,United Kingdom,Commercial,2020-02-06,,109.89,87.88,1223,1220,2020,148,LARGE,UK,COMMUNICATIONS,LEO,5,True
ONEWEB-0036,45144,PAYLOAD,Polar,United Kingdom,Commercial,2020-02-06,,109.89,87.88,1223,1220,2020,148,LARGE,UK,COMMUNICATIONS,LEO,5,True
ONEWEB-0040,45147,PAYLOAD,Polar,United Kingdom,Commercial,2020-02-06,,109.89,87.88,1223,1220,2020,148,LARGE,UK,COMMUNICATIONS,LEO,5,True
ONEWEB-0041,45148,PAYLOAD,Polar,United Kingdom,Commercial,2020-02-06,,106.78,87.92,1091,1064,2020,148,LARGE,UK,COMMUNICATIONS,LEO,5,True
ONEWEB-0043,45149,PAYLOAD,Polar,United Kingdom,Commercial,2020-02-06,,109.89,87.88,1224,1220,2020,148,LARGE,UK,COMMUNICATIONS,LEO,5,True
ONEWEB-0044,45150,PAYLOAD,Polar,United Kingdom,Commercial,2020-02-06,,109.89,87.88,1223,1220,2020,148,LARGE,UK,COMMUNICATIONS,LEO,5,True
ONEWEB-0045,45151,PAYLOAD,Polar,United Kingdom,Commercial,2020-02-06,,109.81,87.88,1219,1216,2020,148,LARGE,UK,COMMUNICATIONS,LEO,5,True
ONEWEB-0048,45153,PAYLOAD,Polar,United Kingdom,Commercial,2020-02-06,,109.89,87.88,1223,1220,2020,148,LARGE,UK,COMMUNICATIONS,LEO,5,True
ONEWEB-0053,45157,PAYLOAD,Polar,United Kingdom,Commercial,2020-02-06,,109.89,87.88,1223,1220,2020,148,LARGE,UK,COMMUNICATIONS,LEO,5,True
ONEWEB-0054,45158,PAYLOAD,Polar,United Kingdom,Commercial,2020-02-06,,109.89,87.88,1223,1220,2020,148,LARGE,UK,COMMUNICATIONS,LEO,5,True
ONEWEB-0057,45160,PAYLOAD,Polar,United Kingdom,Commercial,2020-02-06,,109.89,87.88,1223,1220,2020,148,LARGE,UK,COMMUNICATIONS,LEO,5,True
ONEWEB-0059,45162,PAYLOAD,Polar,United Kingdom,Commercial,2020-02-06,,109.89,87.88,1223,1220,2020,148,LARGE,UK,COMMUNICATIONS,LEO,5,True
IGS O-7,45165,PAYLOAD,Sun-Synchronous,Japan,Government,2020-02-09,,,,,,2020,1600,,JPN,EARTH OBSERVATION,LEO,5,True
JCSAT 17,45245,PAYLOAD,,Japan,Commercial,2020-02-18,,1436.12,5.46,35801,35773,2020,5857,LARGE,JPN,COMMUNICATIONS,GEO,15,True
GEO-KOMPSAT-2B,45246,PAYLOAD,,South Korea,Government,2020-02-18,,1436.13,0.04,35791,35783,2020,3379,LARGE,SKOR,EARTH OBSERVATION,GEO,10,True
COSMOS 2545 (GLONASS),45358,PAYLOAD,Non-Polar Inclined,Russia,Military/Commercial,2020-03-16,,675.73,64.6,19148,19112,2020,1415,LARGE,CIS,NAVIGATION/GLOBAL POSITIONING,MEO,7,True
ONEWEB-0066,45424,PAYLOAD,Polar,United Kingdom,Commercial,2020-03-21,,109.8,87.88,1219,1216,2020,148,LARGE,UK,COMMUNICATIONS,LEO,5,True
ONEWEB-0080,45426,PAYLOAD,Polar,United Kingdom,Commercial,2020-03-21,,109.8,87.88,1219,1216,2020,148,LARGE,UK,COMMUNICATIONS,LEO,5,True
ONEWEB-0090,45427,PAYLOAD,Polar,United Kingdom,Commercial,2020-03-21,,109.8,87.88,1219,1216,2020,148,LARGE,UK,COMMUNICATIONS,LEO,5,True
ONEWEB-0081,45429,PAYLOAD,Polar,United Kingdom,Commercial,2020-03-21,,109.81,87.88,1219,1216,2020,148,MEDIUM,UK,COMMUNICATIONS,LEO,5,True
ONEWEB-0069,45430,PAYLOAD,Polar,United Kingdom,Commercial,2020-03-21,,109.8,87.88,1219,1216,2020,148,LARGE,UK,COMMUNICATIONS,LEO,5,True
ONEWEB-0031,45431,PAYLOAD,Polar,United Kingdom,Commercial,2020-03-21,,109.8,87.88,1219,1216,2020,148,MEDIUM,UK,COMMUNICATIONS,LEO,5,True
ONEWEB-0027,45432,PAYLOAD,Polar,United Kingdom,Commercial,2020-03-21,,109.29,87.9,1195,1192,2020,148,LARGE,UK,COMMUNICATIONS,LEO,5,True
ONEWEB-0083,45435,PAYLOAD,Polar,United Kingdom,Commercial,2020-03-21,,109.8,87.88,1219,1216,2020,148,LARGE,UK,COMMUNICATIONS,LEO,5,True
ONEWEB-0095,45436,PAYLOAD,Polar,United Kingdom,Commercial,2020-03-21,,109.8,87.88,1220,1216,2020,148,LARGE,UK,COMMUNICATIONS,LEO,5,True
ONEWEB-0092,45437,PAYLOAD,Polar,United Kingdom,Commercial,2020-03-21,,109.81,87.88,1219,1216,2020,148,LARGE,UK,COMMUNICATIONS,LEO,5,True
ONEWEB-0096,45439,PAYLOAD,Polar,United Kingdom,Commercial,2020-03-21,,109.8,87.88,1219,1216,2020,148,LARGE,UK,COMMUNICATIONS,LEO,5,True
ONEWEB-0037,45440,PAYLOAD,Polar,United Kingdom,Commercial,2020-03-21,,109.8,87.88,1219,1216,2020,148,LARGE,UK,COMMUNICATIONS,LEO,5,True
ONEWEB-0093,45444,PAYLOAD,Polar,United Kingdom,Commercial,2020-03-21,,109.8,87.88,1219,1216,2020,148,LARGE,UK,COMMUNICATIONS,LEO,5,True
ONEWEB-0046,45447,PAYLOAD,Polar,United Kingdom,Commercial,2020-03-21,,109.8,87.88,1219,1216,2020,148,LARGE,UK,COMMUNICATIONS,LEO,5,True
ONEWEB-0063,45448,PAYLOAD,Polar,United Kingdom,Commercial,2020-03-21,,109.8,87.88,1219,1216,2020,148,LARGE,UK,COMMUNICATIONS,LEO,5,True
ONEWEB-0019,45449,PAYLOAD,Polar,United Kingdom,Commercial,2020-03-21,,109.8,87.88,1219,1216,2020,148,LARGE,UK,COMMUNICATIONS,LEO,5,True
ONEWEB-0094,45450,PAYLOAD,Polar,United Kingdom,Commercial,2020-03-21,,109.29,87.9,1195,1192,2020,148,MEDIUM,UK,COMMUNICATIONS,LEO,5,True
ONEWEB-0082,45452,PAYLOAD,Polar,United Kingdom,Commercial,2020-03-21,,109.8,87.88,1219,1216,2020,148,MEDIUM,UK,COMMUNICATIONS,LEO,5,True
ONEWEB-0088,45457,PAYLOAD,Polar,United Kingdom,Commercial,2020-03-21,,109.81,87.88,1219,1216,2020,148,LARGE,UK,COMMUNICATIONS,LEO,5,True
GAOFEN 9 03,45794,PAYLOAD,Sun-Synchronous,China,Government,2020-06-17,,94.51,97.49,506,484,2020,1000,LARGE,PRC,EARTH OBSERVATION,LEO,8,True
BEIDOU 3 G3,45807,PAYLOAD,,China,Military/Government,2020-06-23,,1436.04,1.43,35796,35775,2020,800,LARGE,PRC,NAVIGATION/GLOBAL POSITIONING,GEO,8,True
NAVSTAR 79 (USA 304),45854,PAYLOAD,Non-Polar Inclined,USA,Military/Commercial,2020-06-30,,717.96,56.38,20319,20044,2020,2300,LARGE,US,NAVIGATION/GLOBAL POSITIONING,MEO,15,True
APSTAR 6D,45863,PAYLOAD,,China,Commercial,2020-07-09,,1436.12,0.05,35797,35777,2020,5550,LARGE,PRC,COMMUNICATIONS,GEO,15,True
EXPRESS 80,45986,PAYLOAD,,Russia,Commercial,2020-07-30,,1436.08,0.02,35788,35785,2020,2150,LARGE,CIS,COMMUNICATIONS,GEO,15,True
GAOFEN 9 04,46025,PAYLOAD,Sun-Synchronous,China,Government,2020-08-06,,94.29,97.29,492,477,2020,1000,LARGE,PRC,EARTH OBSERVATION,LEO,8,True
GALAXY 30,46114,PAYLOAD,,USA,Commercial,2020-08-15,,1436.12,0.01,35796,35778,2020,3298,LARGE,US,COMMUNICATIONS,GEO,15,True
PICASSO-BEL,46281,PAYLOAD,Sun-Synchronous,ESA,Government,2020-09-03,2024-04-13,87.59,97.33,163,147,2020,4,MEDIUM,BEL,TECHNOLOGY DEVELOPMENT,LEO,2,False
FLOCK 4V 14,46286,PAYLOAD,Sun-Synchronous,USA,Commercial,2020-09-03,2024-11-23,87.9,97.32,177,164,2020,4,SMALL,US,EARTH OBSERVATION,LEO,3,False
FLOCK 4V 8,46288,PAYLOAD,Sun-Synchronous,USA,Commercial,2020-09-03,2024-11-26,87.54,97.31,162,144,2020,4,SMALL,US,EARTH OBSERVATION,LEO,3,False
FLOCK 4V 6,46289,PAYLOAD,Sun-Synchronous,USA,Commercial,2020-09-03,2024-09-01,87.63,97.33,166,149,2020,4,MEDIUM,US,EARTH OBSERVATION,LEO,3,False
FLOCK 4V 5,46290,PAYLOAD,Sun-Synchronous,USA,Commercial,2020-09-03,2024-03-12,87.82,97.33,175,158,2020,4,MEDIUM,US,EARTH OBSERVATION,LEO,3,False
FLOCK 4V 7,46291,PAYLOAD,Sun-Synchronous,USA,Commercial,2020-09-03,2024-03-27,88.37,97.32,200,187,2020,4,MEDIUM,US,EARTH OBSERVATION,LEO,3,False
FLOCK 4V 4,46314,PAYLOAD,Sun-Synchronous,USA,Commercial,2020-09-03,2023-12-12,87.67,97.35,165,153,2020,4,SMALL,US,EARTH OBSERVATION,LEO,3,False
STARLINK-1734,46325,PAYLOAD,Non-Polar Inclined,USA,Commercial,2020-09-03,,94.43,53.04,496,486,2020,260,LARGE,US,COMMUNICATIONS,LEO,4,True
STARLINK-1654,46326,PAYLOAD,Non-Polar Inclined,USA,Commercial,2020-09-03,,95.59,53.05,548,546,2020,260,LARGE,US,COMMUNICATIONS,LEO,4,True
STARLINK-1673,46327,PAYLOAD,Non-Polar Inclined,USA,Commercial,2020-09-03,,92.4,53.03,396,388,2020,260,LARGE,US,COMMUNICATIONS,LEO,4,True
STARLINK-1710,46330,PAYLOAD,Non-Polar Inclined,USA,Commercial,2020-09-03,,95.59,53.05,548,546,2020,260,LARGE,US,COMMUNICATIONS,LEO,4,True
STARLINK-1719,46331,PAYLOAD,Non-Polar Inclined,USA,Commercial,2020-09-03,,95.59,53.06,548,546,2020,260,LARGE,US,COMMUNICATIONS,LEO,4,True
STARLINK-1721,46332,PAYLOAD,Non-Polar Inclined,USA,Commercial,2020-09-03,2024-10-15,87.49,53,155,145,2020,260,LARGE,US,COMMUNICATIONS,LEO,4,False
STARLINK-1727,46335,PAYLOAD,Non-Polar Inclined,USA,Commercial,2020-09-03,,95.59,53.05,548,546,2020,260,LARGE,US,COMMUNICATIONS,LEO,4,True
STARLINK-1752,46338,PAYLOAD,Non-Polar Inclined,USA,Commercial,2020-09-03,,95.59,53.06,548,546,2020,260,LARGE,US,COMMUNICATIONS,LEO,4,True
STARLINK-1759,46340,PAYLOAD,Non-Polar Inclined,USA,Commercial,2020-09-03,,95.59,53.06,548,546,2020,260,LARGE,US,COMMUNICATIONS,LEO,4,True
STARLINK-1760,46341,PAYLOAD,Non-Polar Inclined,USA,Commercial,2020-09-03,2025-02-12,87.57,53.03,158,150,2020,260,LARGE,US,COMMUNICATIONS,LEO,4,False
STARLINK-1762,46342,PAYLOAD,Non-Polar Inclined,USA,Commercial,2020-09-03,,95.59,53.06,548,546,2020,260,LARGE,US,COMMUNICATIONS,LEO,4,True
STARLINK-1764,46343,PAYLOAD,Non-Polar Inclined,USA,Commercial,2020-09-03,,95.59,53.05,548,546,2020,260,LARGE,US,COMMUNICATIONS,LEO,4,True
STARLINK-1765,46344,PAYLOAD,Non-Polar Inclined,USA,Commercial,2020-09-03,,95.59,53.06,548,546,2020,260,LARGE,US,COMMUNICATIONS,LEO,4,True
STARLINK-1546,46346,PAYLOAD,Non-Polar Inclined,USA,Commercial,2020-09-03,2023-06-10,88.27,53.03,199,179,2020,260,LARGE,US,COMMUNICATIONS,LEO,4,False
STARLINK-1547,46347,PAYLOAD,Non-Polar Inclined,USA,Commercial,2020-09-03,,95.59,53.05,548,546,2020,260,LARGE,US,COMMUNICATIONS,LEO,4,True
STARLINK-1553,46348,PAYLOAD,Non-Polar Inclined,USA,Commercial,2020-09-03,,95.09,53.05,525,521,2020,260,LARGE,US,COMMUNICATIONS,LEO,4,True
STARLINK-1646,46351,PAYLOAD,Non-Polar Inclined,USA,Commercial,2020-09-03,,95.59,53.06,548,547,2020,260,LARGE,US,COMMUNICATIONS,LEO,4,True
STARLINK-1653,46352,PAYLOAD,Non-Polar Inclined,USA,Commercial,2020-09-03,,95.59,53.06,548,547,2020,260,LARGE,US,COMMUNICATIONS,LEO,4,True
STARLINK-1656,46353,PAYLOAD,Non-Polar Inclined,USA,Commercial,2020-09-03,,95.59,53.06,548,546,2020,260,LARGE,US,COMMUNICATIONS,LEO,4,True
STARLINK-1657,46354,PAYLOAD,Non-Polar Inclined,USA,Commercial,2020-09-03,,95.59,53.05,548,547,2020,260,LARGE,US,COMMUNICATIONS,LEO,4,True
STARLINK-1666,46357,PAYLOAD,Non-Polar Inclined,USA,Commercial,2020-09-03,,95.59,53.06,548,546,2020,260,LARGE,US,COMMUNICATIONS,LEO,4,True
STARLINK-1713,46360,PAYLOAD,Non-Polar Inclined,USA,Commercial,2020-09-03,,94.68,53.05,504,502,2020,260,LARGE,US,COMMUNICATIONS,LEO,4,True
STARLINK-1722,46361,PAYLOAD,Non-Polar Inclined,USA,Commercial,2020-09-03,2025-02-15,87.58,53.02,160,150,2020,260,LARGE,US,COMMUNICATIONS,LEO,4,False
STARLINK-1726,46362,PAYLOAD,Non-Polar Inclined,USA,Commercial,2020-09-03,,95.59,53.05,548,546,2020,260,LARGE,US,COMMUNICATIONS,LEO,4,True
STARLINK-1739,46363,PAYLOAD,Non-Polar Inclined,USA,Commercial,2020-09-03,,91.31,53.03,343,335,2020,260,LARGE,US,COMMUNICATIONS,LEO,4,True
STARLINK-1651,46366,PAYLOAD,Non-Polar Inclined,USA,Commercial,2020-09-03,,95.59,53.06,548,546,2020,260,LARGE,US,COMMUNICATIONS,LEO,4,True
STARLINK-1670,46370,PAYLOAD,Non-Polar Inclined,USA,Commercial,2020-09-03,2025-02-08,87.53,53.04,153,151,2020,260,LARGE,US,COMMUNICATIONS,LEO,4,False
STARLINK-1689,46372,PAYLOAD,Non-Polar Inclined,USA,Commercial,2020-09-03,,93.13,53.04,432,424,2020,260,LARGE,US,COMMUNICATIONS,LEO,4,True
STARLINK-1724,46375,PAYLOAD,Non-Polar Inclined,USA,Commercial,2020-09-03,,95.59,53.05,548,547,2020,260,LARGE,US,COMMUNICATIONS,LEO,4,True
STARLINK-1742,46376,PAYLOAD,Non-Polar Inclined,USA,Commercial,2020-09-03,,95.02,53.05,528,512,2020,260,LARGE,US,COMMUNICATIONS,LEO,4,True
STARLINK-1769,46382,PAYLOAD,Non-Polar Inclined,USA,Commercial,2020-09-03,,95.59,53.06,548,546,2020,260,LARGE,US,COMMUNICATIONS,LEO,4,True
STARLINK-1770,46383,PAYLOAD,Non-Polar Inclined,USA,Commercial,2020-09-03,,95.59,53.06,548,546,2020,260,LARGE,US,COMMUNICATIONS,LEO,4,True
GONETS M 17,46486,PAYLOAD,Polar,Russia,Commercial,2020-09-28,,115.86,82.5,1512,1477,2020,280,LARGE,CIS,COMMUNICATIONS,LEO,7,True
GONETS M 18,46487,PAYLOAD,Polar,Russia,Commercial,2020-09-28,,115.86,82.49,1510,1479,2020,280,LARGE,CIS,COMMUNICATIONS,LEO,7,True
GONETS M 19,46488,PAYLOAD,Polar,Russia,Commercial,2020-09-28,,115.86,82.49,1505,1484,2020,280,LARGE,CIS,COMMUNICATIONS,LEO,7,True
FLOCK 4V 16,46527,PAYLOAD,Sun-Synchronous,USA,Commercial,2020-09-03,2024-02-28,87.85,97.29,176,161,2020,4,SMALL,US,EARTH OBSERVATION,LEO,3,False
FLOCK 4V 15,46528,PAYLOAD,Sun-Synchronous,USA,Commercial,2020-09-03,2024-03-30,88.43,97.3,204,190,2020,4,MEDIUM,US,EARTH OBSERVATION,LEO,3,False
FLOCK 4V 17,46529,PAYLOAD,Sun-Synchronous,USA,Commercial,2020-09-03,2024-03-14,87.49,97.28,159,141,2020,4,SMALL,US,EARTH OBSERVATION,LEO,3,False
STARLINK-1648,46533,PAYLOAD,Non-Polar Inclined,USA,Commercial,2020-10-06,,95.59,53.05,548,546,2020,260,LARGE,US,COMMUNICATIONS,LEO,4,True
STARLINK-1659,46534,PAYLOAD,Non-Polar Inclined,USA,Commercial,2020-10-06,,90.48,53.03,303,292,2020,260,LARGE,US,COMMUNICATIONS,LEO,4,True
STARLINK-1687,46541,PAYLOAD,Non-Polar Inclined,USA,Commercial,2020-10-06,,95.59,53.05,548,546,2020,260,LARGE,US,COMMUNICATIONS,LEO,4,True
STARLINK-1692,46542,PAYLOAD,Non-Polar Inclined,USA,Commercial,2020-10-06,,94.42,53.05,498,483,2020,260,LARGE,US,COMMUNICATIONS,LEO,4,True
STARLINK-1693,46543,PAYLOAD,Non-Polar Inclined,USA,Commercial,2020-10-06,,92.81,53.05,419,406,2020,260,LARGE,US,COMMUNICATIONS,LEO,4,True
STARLINK-1696,46545,PAYLOAD,Non-Polar Inclined,USA,Commercial,2020-10-06,,89.78,53.04,271,257,2020,260,LARGE,US,COMMUNICATIONS,LEO,4,True
STARLINK-1697,46546,PAYLOAD,Non-Polar Inclined,USA,Commercial,2020-10-06,2025-04-06,88.21,53.03,192,179,2020,260,LARGE,US,COMMUNICATIONS,LEO,4,False
STARLINK-1698,46547,PAYLOAD,Non-Polar Inclined,USA,Commercial,2020-10-06,2024-09-07,89.36,53.03,250,235,2020,260,LARGE,US,COMMUNICATIONS,LEO,4,False
STARLINK-1699,46548,PAYLOAD,Non-Polar Inclined,USA,Commercial,2020-10-06,2024-10-19,88.03,53.03,179,175,2020,260,LARGE,US,COMMUNICATIONS,LEO,4,False
STARLINK-1700,46549,PAYLOAD,Non-Polar Inclined,USA,Commercial,2020-10-06,,94.61,53.05,503,496,2020,260,LARGE,US,COMMUNICATIONS,LEO,4,True
STARLINK-1671,46554,PAYLOAD,Non-Polar Inclined,USA,Commercial,2020-10-06,2025-02-21,87.46,53.01,154,143,2020,260,LARGE,US,COMMUNICATIONS,LEO,4,False
STARLINK-1676,46556,PAYLOAD,Non-Polar Inclined,USA,Commercial,2020-10-06,,95.59,53.05,548,546,2020,260,LARGE,US,COMMUNICATIONS,LEO,4,True
STARLINK-1679,46557,PAYLOAD,Non-Polar Inclined,USA,Commercial,2020-10-06,,95.59,53.05,548,546,2020,260,LARGE,US,COMMUNICATIONS,LEO,4,True
STARLINK-1681,46559,PAYLOAD,Non-Polar Inclined,USA,Commercial,2020-10-06,,95.01,53.06,522,516,2020,260,LARGE,US,COMMUNICATIONS,LEO,4,True
STARLINK-1706,46560,PAYLOAD,Non-Polar Inclined,USA,Commercial,2020-10-06,2023-06-16,87.64,52.99,170,145,2020,260,LARGE,US,COMMUNICATIONS,LEO,4,False
STARLINK-1714,46562,PAYLOAD,Non-Polar Inclined,USA,Commercial,2020-10-06,,95.59,53.05,548,546,2020,260,LARGE,US,COMMUNICATIONS,LEO,4,True
STARLINK-1733,46564,PAYLOAD,Non-Polar Inclined,USA,Commercial,2020-10-06,,95.59,53.05,548,546,2020,260,LARGE,US,COMMUNICATIONS,LEO,4,True
STARLINK-1735,46565,PAYLOAD,Non-Polar Inclined,USA,Commercial,2020-10-06,,95.59,53.05,548,547,2020,260,LARGE,US,COMMUNICATIONS,LEO,4,True
STARLINK-1741,46567,PAYLOAD,Non-Polar Inclined,USA,Commercial,2020-10-06,,95.59,53.05,548,546,2020,260,LARGE,US,COMMUNICATIONS,LEO,4,True
STARLINK-1748,46570,PAYLOAD,Non-Polar Inclined,USA,Commercial,2020-10-06,2024-10-18,88.08,52.99,183,176,2020,260,LARGE,US,COMMUNICATIONS,LEO,4,False
STARLINK-1531,46572,PAYLOAD,Non-Polar Inclined,USA,Commercial,2020-10-06,,95.59,53.05,549,546,2020,260,LARGE,US,COMMUNICATIONS,LEO,4,True
STARLINK-1660,46574,PAYLOAD,Non-Polar Inclined,USA,Commercial,2020-10-06,,93.27,53.05,443,426,2020,260,LARGE,US,COMMUNICATIONS,LEO,4,True
STARLINK-1677,46576,PAYLOAD,Non-Polar Inclined,USA,Commercial,2020-10-06,,95.59,53.05,548,546,2020,260,LARGE,US,COMMUNICATIONS,LEO,4,True
STARLINK-1682,46577,PAYLOAD,Non-Polar Inclined,USA,Commercial,2020-10-06,2025-03-02,88.24,53.03,191,184,2020,260,LARGE,US,COMMUNICATIONS,LEO,4,False
STARLINK-1683,46578,PAYLOAD,Non-Polar Inclined,USA,Commercial,2020-10-06,,94.98,53.06,521,515,2020,260,LARGE,US,COMMUNICATIONS,LEO,4,True
STARLINK-1705,46579,PAYLOAD,Non-Polar Inclined,USA,Commercial,2020-10-06,,95.59,53.05,548,546,2020,260,LARGE,US,COMMUNICATIONS,LEO,4,True
STARLINK-1708,46580,PAYLOAD,Non-Polar Inclined,USA,Commercial,2020-10-06,,91.95,53.04,376,364,2020,260,LARGE,US,COMMUNICATIONS,LEO,4,True
STARLINK-1712,46581,PAYLOAD,Non-Polar Inclined,USA,Commercial,2020-10-06,,95.59,53.05,548,546,2020,260,LARGE,US,COMMUNICATIONS,LEO,4,True
STARLINK-1728,46582,PAYLOAD,Non-Polar Inclined,USA,Commercial,2020-10-06,,95.59,53.05,548,546,2020,260,LARGE,US,COMMUNICATIONS,LEO,4,True
STARLINK-1732,46584,PAYLOAD,Non-Polar Inclined,USA,Commercial,2020-10-06,2025-02-26,87.57,53.02,154,154,2020,260,LARGE,US,COMMUNICATIONS,LEO,4,False
STARLINK-1737,46586,PAYLOAD,Non-Polar Inclined,USA,Commercial,2020-10-06,2025-02-08,87.57,53.02,156,153,2020,260,LARGE,US,COMMUNICATIONS,LEO,4,False
STARLINK-1749,46589,PAYLOAD,Non-Polar Inclined,USA,Commercial,2020-10-06,2025-03-20,87.5,53.02,156,146,2020,260,LARGE,US,COMMUNICATIONS,LEO,4,False
FLOCK 4V 19,46609,PAYLOAD,Sun-Synchronous,USA,Commercial,2020-09-03,2024-03-28,88,97.27,184,167,2020,4,SMALL,US,EARTH OBSERVATION,LEO,3,False
GAOFEN 13,46610,PAYLOAD,,China,Government,2020-10-11,,1436.04,0.46,35856,35715,2020,1000,LARGE,PRC,EARTH OBSERVATION,GEO,8,True
STARLINK-1716,46672,PAYLOAD,Non-Polar Inclined,USA,Commercial,2020-10-18,,95.59,53.05,548,546,2020,260,LARGE,US,COMMUNICATIONS,LEO,4,True
STARLINK-1718,46674,PAYLOAD,Non-Polar Inclined,USA,Commercial,2020-10-18,,95.59,53.05,550,545,2020,260,LARGE,US,COMMUNICATIONS,LEO,4,True
STARLINK-1720,46675,PAYLOAD,Non-Polar Inclined,USA,Commercial,2020-10-18,2025-01-06,87.44,53.04,149,146,2020,260,LARGE,US,COMMUNICATIONS,LEO,4,False
STARLINK-1774,46680,PAYLOAD,Non-Polar Inclined,USA,Commercial,2020-10-18,2024-01-28,87.33,53.02,148,136,2020,260,LARGE,US,COMMUNICATIONS,LEO,4,False
STARLINK-1775,46681,PAYLOAD,Non-Polar Inclined,USA,Commercial,2020-10-18,,95.59,53.06,548,546,2020,260,LARGE,US,COMMUNICATIONS,LEO,4,True
STARLINK-1781,46685,PAYLOAD,Non-Polar Inclined,USA,Commercial,2020-10-18,,95.59,53.05,548,546,2020,260,LARGE,US,COMMUNICATIONS,LEO,4,True
STARLINK-1784,46687,PAYLOAD,Non-Polar Inclined,USA,Commercial,2020-10-18,,95.59,53.05,548,546,2020,260,LARGE,US,COMMUNICATIONS,LEO,4,True
STARLINK-1788,46689,PAYLOAD,Non-Polar Inclined,USA,Commercial,2020-10-18,,95.59,53.05,548,546,2020,260,LARGE,US,COMMUNICATIONS,LEO,4,True
STARLINK-1789,46690,PAYLOAD,Non-Polar Inclined,USA,Commercial,2020-10-18,,95.59,53.05,548,546,2020,260,LARGE,US,COMMUNICATIONS,LEO,4,True
STARLINK-1790,46691,PAYLOAD,Non-Polar Inclined,USA,Commercial,2020-10-18,,95.59,53.05,548,546,2020,260,LARGE,US,COMMUNICATIONS,LEO,4,True
STARLINK-1791,46692,PAYLOAD,Non-Polar Inclined,USA,Commercial,2020-10-18,2025-01-29,87.55,53.03,158,148,2020,260,LARGE,US,COMMUNICATIONS,LEO,4,False
STARLINK-1795,46696,PAYLOAD,Non-Polar Inclined,USA,Commercial,2020-10-18,,95.59,53.05,548,546,2020,260,LARGE,US,COMMUNICATIONS,LEO,4,True
STARLINK-1797,46698,PAYLOAD,Non-Polar Inclined,USA,Commercial,2020-10-18,,95.59,53.06,548,546,2020,260,LARGE,US,COMMUNICATIONS,LEO,4,True
STARLINK-1799,46699,PAYLOAD,Non-Polar Inclined,USA,Commercial,2020-10-18,,95.59,53.06,549,545,2020,260,LARGE,US,COMMUNICATIONS,LEO,4,True
STARLINK-1800,46700,PAYLOAD,Non-Polar Inclined,USA,Commercial,2020-10-18,,95.59,53.05,548,546,2020,260,LARGE,US,COMMUNICATIONS,LEO,4,True
STARLINK-1801,46701,PAYLOAD,Non-Polar Inclined,USA,Commercial,2020-10-18,,95.59,53.06,548,546,2020,260,LARGE,US,COMMUNICATIONS,LEO,4,True
STARLINK-1804,46704,PAYLOAD,Non-Polar Inclined,USA,Commercial,2020-10-18,2024-06-09,87.88,53.03,173,167,2020,260,LARGE,US,COMMUNICATIONS,LEO,4,False
STARLINK-1805,46705,PAYLOAD,Non-Polar Inclined,USA,Commercial,2020-10-18,,95.59,53.05,548,546,2020,260,LARGE,US,COMMUNICATIONS,LEO,4,True
STARLINK-1807,46706,PAYLOAD,Non-Polar Inclined,USA,Commercial,2020-10-18,,95.59,53.05,548,546,2020,260,LARGE,US,COMMUNICATIONS,LEO,4,True
STARLINK-1808,46707,PAYLOAD,Non-Polar Inclined,USA,Commercial,2020-10-18,,89.02,53.02,232,220,2020,260,LARGE,US,COMMUNICATIONS,LEO,4,True
STARLINK-1810,46709,PAYLOAD,Non-Polar Inclined,USA,Commercial,2020-10-18,,95.59,53.06,548,546,2020,260,LARGE,US,COMMUNICATIONS,LEO,4,True
STARLINK-1811,46710,PAYLOAD,Non-Polar Inclined,USA,Commercial,2020-10-18,2023-11-18,88.06,53.01,182,175,2020,260,LARGE,US,COMMUNICATIONS,LEO,4,False
STARLINK-1813,46711,PAYLOAD,Non-Polar Inclined,USA,Commercial,2020-10-18,2025-01-13,87.48,53.02,152,147,2020,260,LARGE,US,COMMUNICATIONS,LEO,4,False
STARLINK-1814,46712,PAYLOAD,Non-Polar Inclined,USA,Commercial,2020-10-18,,95.59,53.05,548,546,2020,260,LARGE,US,COMMUNICATIONS,LEO,4,True
STARLINK-1815,46713,PAYLOAD,Non-Polar Inclined,USA,Commercial,2020-10-18,,95.59,53.05,550,545,2020,260,LARGE,US,COMMUNICATIONS,LEO,4,True
STARLINK-1816,46714,PAYLOAD,Non-Polar Inclined,USA,Commercial,2020-10-18,,95.59,53.05,548,546,2020,260,LARGE,US,COMMUNICATIONS,LEO,4,True
STARLINK-1817,46715,PAYLOAD,Non-Polar Inclined,USA,Commercial,2020-10-18,,95.59,53.06,549,545,2020,260,LARGE,US,COMMUNICATIONS,LEO,4,True
STARLINK-1820,46717,PAYLOAD,Non-Polar Inclined,USA,Commercial,2020-10-18,,94.96,53.05,518,515,2020,260,LARGE,US,COMMUNICATIONS,LEO,4,True
STARLINK-1822,46719,PAYLOAD,Non-Polar Inclined,USA,Commercial,2020-10-18,,95.59,53.06,548,546,2020,260,LARGE,US,COMMUNICATIONS,LEO,4,True
STARLINK-1825,46722,PAYLOAD,Non-Polar Inclined,USA,Commercial,2020-10-18,2024-05-31,87.78,53.03,168,161,2020,260,LARGE,US,COMMUNICATIONS,LEO,4,False
STARLINK-1826,46723,PAYLOAD,Non-Polar Inclined,USA,Commercial,2020-10-18,,95.59,53.05,548,546,2020,260,LARGE,US,COMMUNICATIONS,LEO,4,True
STARLINK-1830,46727,PAYLOAD,Non-Polar Inclined,USA,Commercial,2020-10-18,,95.59,53.06,548,546,2020,260,LARGE,US,COMMUNICATIONS,LEO,4,True
FLOCK 4V 22,46735,PAYLOAD,Sun-Synchronous,USA,Commercial,2020-09-03,2023-11-05,88.8,97.32,219,212,2020,4,SMALL,US,EARTH OBSERVATION,LEO,3,False
FLOCK 4V 24,46738,PAYLOAD,Sun-Synchronous,USA,Commercial,2020-09-03,2024-03-20,87.61,97.28,165,147,2020,4,MEDIUM,US,EARTH OBSERVATION,LEO,3,False
STARLINK-1848,46740,PAYLOAD,Non-Polar Inclined,USA,Commercial,2020-10-24,,95.59,53.05,548,546,2020,260,LARGE,US,COMMUNICATIONS,LEO,4,True
STARLINK-1892,46743,PAYLOAD,Non-Polar Inclined,USA,Commercial,2020-10-24,,95.59,53.05,548,546,2020,260,LARGE,US,COMMUNICATIONS,LEO,4,True
STARLINK-1905,46746,PAYLOAD,Non-Polar Inclined,USA,Commercial,2020-10-24,,95.59,53.05,548,546,2020,260,LARGE,US,COMMUNICATIONS,LEO,4,True
STARLINK-1908,46747,PAYLOAD,Non-Polar Inclined,USA,Commercial,2020-10-24,2025-02-06,88.11,53.02,186,176,2020,260,LARGE,US,COMMUNICATIONS,LEO,4,False
STARLINK-1910,46748,PAYLOAD,Non-Polar Inclined,USA,Commercial,2020-10-24,2025-02-03,88.16,53,198,169,2020,260,LARGE,US,COMMUNICATIONS,LEO,4,False
STARLINK-1921,46752,PAYLOAD,Non-Polar Inclined,USA,Commercial,2020-10-24,2025-02-07,87.73,53.03,167,158,2020,260,LARGE,US,COMMUNICATIONS,LEO,4,False
STARLINK-1922,46753,PAYLOAD,Non-Polar Inclined,USA,Commercial,2020-10-24,,95.59,53.06,548,546,2020,260,LARGE,US,COMMUNICATIONS,LEO,4,True
STARLINK-1923,46754,PAYLOAD,Non-Polar Inclined,USA,Commercial,2020-10-24,2024-12-02,87.92,53.03,176,167,2020,260,LARGE,US,COMMUNICATIONS,LEO,4,False
STARLINK-1924,46755,PAYLOAD,Non-Polar Inclined,USA,Commercial,2020-10-24,,92.5,53.06,398,395,2020,260,LARGE,US,COMMUNICATIONS,LEO,4,True
STARLINK-1928,46758,PAYLOAD,Non-Polar Inclined,USA,Commercial,2020-10-24,,95.59,53.06,548,546,2020,260,LARGE,US,COMMUNICATIONS,LEO,4,True
STARLINK-1906,46765,PAYLOAD,Non-Polar Inclined,USA,Commercial,2020-10-24,2025-02-25,87.87,53.03,174,164,2020,260,LARGE,US,COMMUNICATIONS,LEO,4,False
STARLINK-1916,46766,PAYLOAD,Non-Polar Inclined,USA,Commercial,2020-10-24,2025-04-18,87.55,53.03,159,147,2020,260,LARGE,US,COMMUNICATIONS,LEO,4,False
STARLINK-1918,46768,PAYLOAD,Non-Polar Inclined,USA,Commercial,2020-10-24,2024-01-08,87.44,53.03,149,146,2020,260,LARGE,US,COMMUNICATIONS,LEO,4,False
STARLINK-1932,46770,PAYLOAD,Non-Polar Inclined,USA,Commercial,2020-10-24,2025-03-26,87.59,53.03,160,151,2020,260,LARGE,US,COMMUNICATIONS,LEO,4,False
STARLINK-1832,46780,PAYLOAD,Non-Polar Inclined,USA,Commercial,2020-10-24,,95.59,53.06,549,545,2020,260,LARGE,US,COMMUNICATIONS,LEO,4,True
STARLINK-1834,46781,PAYLOAD,Non-Polar Inclined,USA,Commercial,2020-10-24,2025-02-19,87.97,53.03,178,169,2020,260,LARGE,US,COMMUNICATIONS,LEO,4,False
STARLINK-1835,46782,PAYLOAD,Non-Polar Inclined,USA,Commercial,2020-10-24,,95.59,53.06,548,546,2020,260,LARGE,US,COMMUNICATIONS,LEO,4,True
STARLINK-1851,46783,PAYLOAD,Non-Polar Inclined,USA,Commercial,2020-10-24,2024-05-20,88.85,53.04,225,210,2020,260,LARGE,US,COMMUNICATIONS,LEO,4,False
STARLINK-1882,46784,PAYLOAD,Non-Polar Inclined,USA,Commercial,2020-10-24,,95.59,53.05,548,546,2020,260,LARGE,US,COMMUNICATIONS,LEO,4,True
STARLINK-1893,46786,PAYLOAD,Non-Polar Inclined,USA,Commercial,2020-10-24,,95.59,53.05,548,546,2020,260,LARGE,US,COMMUNICATIONS,LEO,4,True
STARLINK-1929,46788,PAYLOAD,Non-Polar Inclined,USA,Commercial,2020-10-24,2025-01-31,87.45,53.01,164,132,2020,260,LARGE,US,COMMUNICATIONS,LEO,4,False
STARLINK-1933,46791,PAYLOAD,Non-Polar Inclined,USA,Commercial,2020-10-24,2025-02-12,88.25,53.04,193,183,2020,260,LARGE,US,COMMUNICATIONS,LEO,4,False
STARLINK-1934,46792,PAYLOAD,Non-Polar Inclined,USA,Commercial,2020-10-24,,95.59,53.06,548,546,2020,260,LARGE,US,COMMUNICATIONS,LEO,4,True
STARLINK-1941,46793,PAYLOAD,Non-Polar Inclined,USA,Commercial,2020-10-24,2025-03-19,87.43,53.02,150,144,2020,260,LARGE,US,COMMUNICATIONS,LEO,4,False
STARLINK-1943,46795,PAYLOAD,Non-Polar Inclined,USA,Commercial,2020-10-24,2021-12-20,95.59,53.07,553,541,2020,260,LARGE,US,COMMUNICATIONS,LEO,4,False
STARLINK-1944,46796,PAYLOAD,Non-Polar Inclined,USA,Commercial,2020-10-24,,95.59,53.05,549,546,2020,260,LARGE,US,COMMUNICATIONS,LEO,4,True
FLOCK 4EP 1,46813,PAYLOAD,Sun-Synchronous,USA,Commercial,2020-10-28,2023-12-08,88,97.31,181,169,2020,4,MEDIUM,US,EARTH OBSERVATION,LEO,3,False
FLOCK 4EP 7,46814,PAYLOAD,Sun-Synchronous,USA,Commercial,2020-10-28,2024-02-21,87.93,97.3,179,165,2020,4,SMALL,US,EARTH OBSERVATION,LEO,3,False
FLOCK 4EP 9,46815,PAYLOAD,Sun-Synchronous,USA,Commercial,2020-10-28,2023-12-12,88.1,97.32,186,175,2020,4,MEDIUM,US,EARTH OBSERVATION,LEO,3,False
FLOCK 4EP 8,46816,PAYLOAD,Sun-Synchronous,USA,Commercial,2020-10-28,2024-03-28,89.29,97.33,246,232,2020,4,SMALL,US,EARTH OBSERVATION,LEO,3,False
FLOCK 4EP 5,46817,PAYLOAD,Sun-Synchronous,USA,Commercial,2020-10-28,2024-03-09,87.8,97.28,172,159,2020,4,SMALL,US,EARTH OBSERVATION,LEO,3,False
CE-SAT IIB,46818,PAYLOAD,Sun-Synchronous,Japan,Commercial,2020-10-28,,92.85,97.26,417,411,2020,36,MEDIUM,JPN,TECHNOLOGY DEMONSTRATION,LEO,2,True
FLOCK 4EP 3,46819,PAYLOAD,Sun-Synchronous,USA,Commercial,2020-10-28,2024-03-05,87.4,97.31,156,136,2020,4,MEDIUM,US,EARTH OBSERVATION,LEO,3,False
FLOCK 4EP 2,46820,PAYLOAD,Sun-Synchronous,USA,Commercial,2020-10-28,2023-11-01,87.89,97.33,175,164,2020,4,MEDIUM,US,EARTH OBSERVATION,LEO,3,False
FLOCK 4EP 4,46821,PAYLOAD,Sun-Synchronous,USA,Commercial,2020-10-28,2023-11-25,87.48,97.32,159,140,2020,4,SMALL,US,EARTH OBSERVATION,LEO,3,False
FLOCK 4EP 6,46822,PAYLOAD,Sun-Synchronous,USA,Commercial,2020-10-28,2023-12-05,87.68,97.34,164,156,2020,4,MEDIUM,US,EARTH OBSERVATION,LEO,3,False
S6 MICHAEL FREILICH,46984,PAYLOAD,Non-Polar Inclined,ESA,Government,2020-11-21,,112.42,66.04,1344,1332,2020,1192,LARGE,ESA,EARTH OBSERVATION,LEO,5,True
STARLINK-1777,47122,PAYLOAD,Non-Polar Inclined,USA,Commercial,2020-11-25,,95.59,53.06,548,547,2020,260,LARGE,US,COMMUNICATIONS,LEO,4,True
STARLINK-1838,47129,PAYLOAD,Non-Polar Inclined,USA,Commercial,2020-11-25,,90.56,53.03,308,296,2020,260,LARGE,US,COMMUNICATIONS,LEO,4,True
STARLINK-1839,47130,PAYLOAD,Non-Polar Inclined,USA,Commercial,2020-11-25,2023-05-03,87.59,53.02,160,151,2020,260,LARGE,US,COMMUNICATIONS,LEO,4,False
STARLINK-1842,47132,PAYLOAD,Non-Polar Inclined,USA,Commercial,2020-11-25,2021-07-05,87.88,53.04,178,161,2020,260,LARGE,US,COMMUNICATIONS,LEO,4,False
STARLINK-1843,47133,PAYLOAD,Non-Polar Inclined,USA,Commercial,2020-11-25,,95.59,53.05,548,547,2020,260,LARGE,US,COMMUNICATIONS,LEO,4,True
STARLINK-1844,47134,PAYLOAD,Non-Polar Inclined,USA,Commercial,2020-11-25,2024-12-18,88.77,53.03,220,207,2020,260,LARGE,US,COMMUNICATIONS,LEO,4,False
STARLINK-1845,47135,PAYLOAD,Non-Polar Inclined,USA,Commercial,2020-11-25,,95.59,53.05,548,546,2020,260,LARGE,US,COMMUNICATIONS,LEO,4,True
STARLINK-1846,47136,PAYLOAD,Non-Polar Inclined,USA,Commercial,2020-11-25,2025-02-22,87.93,53.03,177,167,2020,260,LARGE,US,COMMUNICATIONS,LEO,4,False
STARLINK-1849,47137,PAYLOAD,Non-Polar Inclined,USA,Commercial,2020-11-25,,91.21,53.04,336,332,2020,260,LARGE,US,COMMUNICATIONS,LEO,4,True
STARLINK-1850,47138,PAYLOAD,Non-Polar Inclined,USA,Commercial,2020-11-25,2025-03-19,87.64,53.02,160,155,2020,260,LARGE,US,COMMUNICATIONS,LEO,4,False
STARLINK-1856,47143,PAYLOAD,Non-Polar Inclined,USA,Commercial,2020-11-25,,95.59,53.05,549,546,2020,260,LARGE,US,COMMUNICATIONS,LEO,4,True
STARLINK-1860,47147,PAYLOAD,Non-Polar Inclined,USA,Commercial,2020-11-25,,92.18,53.01,385,378,2020,260,LARGE,US,COMMUNICATIONS,LEO,4,True
STARLINK-1861,47148,PAYLOAD,Non-Polar Inclined,USA,Commercial,2020-11-25,,93.23,53.05,433,432,2020,260,LARGE,US,COMMUNICATIONS,LEO,4,True
STARLINK-1863,47150,PAYLOAD,Non-Polar Inclined,USA,Commercial,2020-11-25,,95.01,53.05,520,518,2020,260,LARGE,US,COMMUNICATIONS,LEO,4,True
STARLINK-1864,47151,PAYLOAD,Non-Polar Inclined,USA,Commercial,2020-11-25,2025-02-10,87.61,53.02,160,152,2020,260,LARGE,US,COMMUNICATIONS,LEO,4,False
STARLINK-1866,47152,PAYLOAD,Non-Polar Inclined,USA,Commercial,2020-11-25,,92.55,53.04,402,397,2020,260,LARGE,US,COMMUNICATIONS,LEO,4,True
STARLINK-1867,47153,PAYLOAD,Non-Polar Inclined,USA,Commercial,2020-11-25,2025-04-01,87.5,53.02,158,143,2020,260,LARGE,US,COMMUNICATIONS,LEO,4,False
STARLINK-1868,47154,PAYLOAD,Non-Polar Inclined,USA,Commercial,2020-11-25,2023-10-01,87.64,53.04,164,152,2020,260,LARGE,US,COMMUNICATIONS,LEO,4,False
STARLINK-1869,47155,PAYLOAD,Non-Polar Inclined,USA,Commercial,2020-11-25,2025-03-11,88.29,53.01,191,189,2020,260,LARGE,US,COMMUNICATIONS,LEO,4,False
STARLINK-1871,47157,PAYLOAD,Non-Polar Inclined,USA,Commercial,2020-11-25,,95.59,53.05,549,546,2020,260,LARGE,US,COMMUNICATIONS,LEO,4,True
STARLINK-1876,47161,PAYLOAD,Non-Polar Inclined,USA,Commercial,2020-11-25,,95.59,53.05,548,546,2020,260,LARGE,US,COMMUNICATIONS,LEO,4,True
STARLINK-1877,47162,PAYLOAD,Non-Polar Inclined,USA,Commercial,2020-11-25,,91.76,53.04,363,359,2020,260,LARGE,US,COMMUNICATIONS,LEO,4,True
STARLINK-1878,47163,PAYLOAD,Non-Polar Inclined,USA,Commercial,2020-11-25,2025-01-23,87.69,53.02,164,157,2020,260,LARGE,US,COMMUNICATIONS,LEO,4,False
STARLINK-1879,47164,PAYLOAD,Non-Polar Inclined,USA,Commercial,2020-11-25,2025-04-05,87.85,53.01,174,162,2020,260,LARGE,US,COMMUNICATIONS,LEO,4,False
STARLINK-1880,47165,PAYLOAD,Non-Polar Inclined,USA,Commercial,2020-11-25,2025-02-06,87.63,53.02,162,152,2020,260,LARGE,US,COMMUNICATIONS,LEO,4,False
STARLINK-1887,47170,PAYLOAD,Non-Polar Inclined,USA,Commercial,2020-11-25,2025-01-28,87.52,53.03,155,149,2020,260,LARGE,US,COMMUNICATIONS,LEO,4,False
STARLINK-1890,47173,PAYLOAD,Non-Polar Inclined,USA,Commercial,2020-11-25,,91.76,53.04,365,357,2020,260,LARGE,US,COMMUNICATIONS,LEO,4,True
STARLINK-1891,47174,PAYLOAD,Non-Polar Inclined,USA,Commercial,2020-11-25,2025-01-09,87.43,53.03,149,146,2020,260,LARGE,US,COMMUNICATIONS,LEO,4,False
STARLINK-1895,47175,PAYLOAD,Non-Polar Inclined,USA,Commercial,2020-11-25,2025-02-12,87.64,53.03,162,154,2020,260,LARGE,US,COMMUNICATIONS,LEO,4,False
STARLINK-1907,47177,PAYLOAD,Non-Polar Inclined,USA,Commercial,2020-11-25,2025-03-05,87.48,53.02,156,143,2020,260,LARGE,US,COMMUNICATIONS,LEO,4,False
LUCAS (JDRS-1),47202,PAYLOAD,,Japan,Government,2020-11-29,,1436.16,0.05,35802,35773,2020,,LARGE,JPN,COMMUNICATIONS,GEO,10,True
FALCON EYE 2,47226,PAYLOAD,Sun-Synchronous,United Arab Emirates,Military,2020-12-02,,96.98,97.84,615,613,2020,1180,LARGE,UAE,EARTH OBSERVATION,LEO,5,True
GONETS M 21,47228,PAYLOAD,Polar,Russia,Commercial,2020-12-03,,115.86,82.5,1506,1483,2020,280,LARGE,CIS,COMMUNICATIONS,LEO,7,True
GONETS M 22,47229,PAYLOAD,Polar,Russia,Commercial,2020-12-03,,115.86,82.51,1511,1478,2020,280,LARGE,CIS,COMMUNICATIONS,LEO,7,True
ONEWEB-0117,47263,PAYLOAD,Polar,United Kingdom,Commercial,2020-12-18,,109.72,87.88,1215,1212,2020,148,LARGE,UK,COMMUNICATIONS,LEO,5,True
ONEWEB-0119,47265,PAYLOAD,Polar,United Kingdom,Commercial,2020-12-18,,109.72,87.89,1215,1212,2020,148,LARGE,UK,COMMUNICATIONS,LEO,5,True
ONEWEB-0121,47267,PAYLOAD,Polar,United Kingdom,Commercial,2020-12-18,,109.72,87.89,1215,1212,2020,148,LARGE,UK,COMMUNICATIONS,LEO,5,True
ONEWEB-0122,47268,PAYLOAD,Polar,United Kingdom,Commercial,2020-12-18,,109.72,87.89,1215,1212,2020,148,LARGE,UK,COMMUNICATIONS,LEO,5,True
ONEWEB-0123,47269,PAYLOAD,Polar,United Kingdom,Commercial,2020-12-18,,109.72,87.89,1215,1212,2020,148,LARGE,UK,COMMUNICATIONS,LEO,5,True
ONEWEB-0124,47270,PAYLOAD,Polar,United Kingdom,Commercial,2020-12-18,,109.72,87.89,1215,1212,2020,148,LARGE,UK,COMMUNICATIONS,LEO,5,True
ONEWEB-0127,47273,PAYLOAD,Polar,United Kingdom,Commercial,2020-12-18,,109.72,87.89,1216,1212,2020,148,LARGE,UK,COMMUNICATIONS,LEO,5,True
ONEWEB-0129,47275,PAYLOAD,Polar,United Kingdom,Commercial,2020-12-18,,109.72,87.89,1215,1213,2020,148,LARGE,UK,COMMUNICATIONS,LEO,5,True
ONEWEB-0133,47279,PAYLOAD,Polar,United Kingdom,Commercial,2020-12-18,,109.72,87.89,1215,1212,2020,148,LARGE,UK,COMMUNICATIONS,LEO,5,True
ONEWEB-0134,47280,PAYLOAD,Polar,United Kingdom,Commercial,2020-12-18,,109.72,87.89,1215,1212,2020,148,LARGE,UK,COMMUNICATIONS,LEO,5,True
ONEWEB-0135,47281,PAYLOAD,Polar,United Kingdom,Commercial,2020-12-18,,109.72,87.88,1215,1213,2020,148,LARGE,UK,COMMUNICATIONS,LEO,5,True
ONEWEB-0136,47282,PAYLOAD,Polar,United Kingdom,Commercial,2020-12-18,,109.72,87.89,1215,1213,2020,148,LARGE,UK,COMMUNICATIONS,LEO,5,True
ONEWEB-0137,47283,PAYLOAD,Polar,United Kingdom,Commercial,2020-12-18,,109.72,87.88,1215,1212,2020,148,LARGE,UK,COMMUNICATIONS,LEO,5,True
ONEWEB-0138,47284,PAYLOAD,Polar,United Kingdom,Commercial,2020-12-18,,109.72,87.88,1215,1212,2020,148,LARGE,UK,COMMUNICATIONS,LEO,5,True
ONEWEB-0139,47285,PAYLOAD,Polar,United Kingdom,Commercial,2020-12-18,,109.72,87.88,1216,1212,2020,148,LARGE,UK,COMMUNICATIONS,LEO,5,True
ONEWEB-0142,47288,PAYLOAD,Polar,United Kingdom,Commercial,2020-12-18,,109.72,87.89,1215,1212,2020,148,LARGE,UK,COMMUNICATIONS,LEO,5,True
ONEWEB-0143,47289,PAYLOAD,Polar,United Kingdom,Commercial,2020-12-18,,109.72,87.88,1215,1212,2020,148,LARGE,UK,COMMUNICATIONS,LEO,5,True
ONEWEB-0144,47290,PAYLOAD,Polar,United Kingdom,Commercial,2020-12-18,,109.72,87.89,1215,1212,2020,148,LARGE,UK,COMMUNICATIONS,LEO,5,True
ONEWEB-0145,47291,PAYLOAD,Polar,United Kingdom,Commercial,2020-12-18,,109.72,87.88,1215,1212,2020,148,LARGE,UK,COMMUNICATIONS,LEO,5,True
ONEWEB-0146,47292,PAYLOAD,Polar,United Kingdom,Commercial,2020-12-18,,109.72,87.89,1215,1212,2020,148,LARGE,UK,COMMUNICATIONS,LEO,5,True
CSO 2,47305,PAYLOAD,Sun-Synchronous,France,Military,2020-12-29,,,,,,2020,3565,,FR,EARTH OBSERVATION,LEO,10,True
TURKSAT 5A,47306,PAYLOAD,,Turkey,Commercial,2021-01-08,,1436.1,0.04,35790,35783,2021,3500,LARGE,TURK,COMMUNICATIONS,GEO,30,True
TIANTONG-1 3,47321,PAYLOAD,,China,Government,2021-01-19,,1436.09,2.3,35799,35774,2021,4600,LARGE,PRC,COMMUNICATIONS,GEO,15,True
STARLINK-2011,47350,PAYLOAD,Non-Polar Inclined,USA,Commercial,2021-01-20,2024-05-20,88.18,53.04,186,183,2021,260,LARGE,US,COMMUNICATIONS,LEO,4,False
STARLINK-2017,47351,PAYLOAD,Non-Polar Inclined,USA,Commercial,2021-01-20,,95.59,53.05,549,546,2021,260,LARGE,US,COMMUNICATIONS,LEO,4,True
STARLINK-2034,47352,PAYLOAD,Non-Polar Inclined,USA,Commercial,2021-01-20,,95.59,53.05,548,546,2021,260,LARGE,US,COMMUNICATIONS,LEO,4,True
STARLINK-2045,47353,PAYLOAD,Non-Polar Inclined,USA,Commercial,2021-01-20,,95.59,53.06,548,546,2021,260,LARGE,US,COMMUNICATIONS,LEO,4,True
STARLINK-2046,47354,PAYLOAD,Non-Polar Inclined,USA,Commercial,2021-01-20,,95.59,53.05,548,546,2021,260,LARGE,US,COMMUNICATIONS,LEO,4,True
STARLINK-2047,47355,PAYLOAD,Non-Polar Inclined,USA,Commercial,2021-01-20,,95.59,53.06,548,546,2021,260,LARGE,US,COMMUNICATIONS,LEO,4,True
STARLINK-2049,47356,PAYLOAD,Non-Polar Inclined,USA,Commercial,2021-01-20,,95.59,53.05,548,546,2021,260,LARGE,US,COMMUNICATIONS,LEO,4,True
STARLINK-2050,47357,PAYLOAD,Non-Polar Inclined,USA,Commercial,2021-01-20,,95.59,53.06,548,546,2021,260,LARGE,US,COMMUNICATIONS,LEO,4,True
STARLINK-2055,47358,PAYLOAD,Non-Polar Inclined,USA,Commercial,2021-01-20,,95.59,53.06,548,546,2021,260,LARGE,US,COMMUNICATIONS,LEO,4,True
STARLINK-2069,47359,PAYLOAD,Non-Polar Inclined,USA,Commercial,2021-01-20,,93.6,53.03,454,447,2021,260,LARGE,US,COMMUNICATIONS,LEO,4,True
STARLINK-2077,47363,PAYLOAD,Non-Polar Inclined,USA,Commercial,2021-01-20,2025-01-10,88.24,53.03,192,183,2021,260,LARGE,US,COMMUNICATIONS,LEO,4,False
STARLINK-2084,47368,PAYLOAD,Non-Polar Inclined,USA,Commercial,2021-01-20,,95.59,53.06,548,546,2021,260,LARGE,US,COMMUNICATIONS,LEO,4,True
STARLINK-2086,47370,PAYLOAD,Non-Polar Inclined,USA,Commercial,2021-01-20,,95.59,53.05,548,546,2021,260,LARGE,US,COMMUNICATIONS,LEO,4,True
STARLINK-2092,47373,PAYLOAD,Non-Polar Inclined,USA,Commercial,2021-01-20,,95.59,53.06,548,546,2021,260,LARGE,US,COMMUNICATIONS,LEO,4,True
STARLINK-2093,47374,PAYLOAD,Non-Polar Inclined,USA,Commercial,2021-01-20,,95.59,53.06,548,546,2021,260,LARGE,US,COMMUNICATIONS,LEO,4,True
STARLINK-2097,47377,PAYLOAD,Non-Polar Inclined,USA,Commercial,2021-01-20,,95.59,53.06,548,546,2021,260,LARGE,US,COMMUNICATIONS,LEO,4,True
STARLINK-2099,47379,PAYLOAD,Non-Polar Inclined,USA,Commercial,2021-01-20,,95.59,53.05,548,546,2021,260,LARGE,US,COMMUNICATIONS,LEO,4,True
STARLINK-2100,47380,PAYLOAD,Non-Polar Inclined,USA,Commercial,2021-01-20,,95.59,53.06,548,546,2021,260,LARGE,US,COMMUNICATIONS,LEO,4,True
STARLINK-2103,47383,PAYLOAD,Non-Polar Inclined,USA,Commercial,2021-01-20,,95.59,53.06,548,546,2021,260,LARGE,US,COMMUNICATIONS,LEO,4,True
STARLINK-2104,47384,PAYLOAD,Non-Polar Inclined,USA,Commercial,2021-01-20,,95.59,53.06,548,546,2021,260,LARGE,US,COMMUNICATIONS,LEO,4,True
STARLINK-2108,47387,PAYLOAD,Non-Polar Inclined,USA,Commercial,2021-01-20,2024-09-26,87.97,53.04,177,171,2021,260,LARGE,US,COMMUNICATIONS,LEO,4,False
STARLINK-2109,47388,PAYLOAD,Non-Polar Inclined,USA,Commercial,2021-01-20,,95.59,53.05,548,546,2021,260,LARGE,US,COMMUNICATIONS,LEO,4,True
STARLINK-2111,47390,PAYLOAD,Non-Polar Inclined,USA,Commercial,2021-01-20,,95.59,53.05,548,546,2021,260,LARGE,US,COMMUNICATIONS,LEO,4,True
STARLINK-2117,47395,PAYLOAD,Non-Polar Inclined,USA,Commercial,2021-01-20,,95.59,53.06,548,546,2021,260,LARGE,US,COMMUNICATIONS,LEO,4,True
STARLINK-2118,47396,PAYLOAD,Non-Polar Inclined,USA,Commercial,2021-01-20,2024-07-11,88.16,53.03,187,180,2021,260,LARGE,US,COMMUNICATIONS,LEO,4,False
STARLINK-2120,47398,PAYLOAD,Non-Polar Inclined,USA,Commercial,2021-01-20,2024-12-09,87.71,53.03,164,157,2021,260,LARGE,US,COMMUNICATIONS,LEO,4,False
STARLINK-2121,47399,PAYLOAD,Non-Polar Inclined,USA,Commercial,2021-01-20,,95.59,53.05,548,546,2021,260,LARGE,US,COMMUNICATIONS,LEO,4,True
STARLINK-2122,47400,PAYLOAD,Non-Polar Inclined,USA,Commercial,2021-01-20,,95.59,53.05,548,546,2021,260,LARGE,US,COMMUNICATIONS,LEO,4,True
STARLINK-2123,47401,PAYLOAD,Non-Polar Inclined,USA,Commercial,2021-01-20,,95.59,53.06,548,546,2021,260,LARGE,US,COMMUNICATIONS,LEO,4,True
STARLINK-2124,47402,PAYLOAD,Non-Polar Inclined,USA,Commercial,2021-01-20,2025-01-13,87.57,53.03,156,152,2021,260,LARGE,US,COMMUNICATIONS,LEO,4,False
STARLINK-2127,47403,PAYLOAD,Non-Polar Inclined,USA,Commercial,2021-01-20,2025-03-15,87.96,53.03,177,170,2021,260,LARGE,US,COMMUNICATIONS,LEO,4,False
STARLINK-2128,47404,PAYLOAD,Non-Polar Inclined,USA,Commercial,2021-01-20,,95.59,53.05,548,546,2021,260,LARGE,US,COMMUNICATIONS,LEO,4,True
STARLINK-2130,47405,PAYLOAD,Non-Polar Inclined,USA,Commercial,2021-01-20,,95.59,53.06,548,546,2021,260,LARGE,US,COMMUNICATIONS,LEO,4,True
STARLINK-2133,47406,PAYLOAD,Non-Polar Inclined,USA,Commercial,2021-01-20,,95.59,53.06,548,546,2021,260,LARGE,US,COMMUNICATIONS,LEO,4,True
STARLINK-2134,47407,PAYLOAD,Non-Polar Inclined,USA,Commercial,2021-01-20,,95.59,53.05,548,546,2021,260,LARGE,US,COMMUNICATIONS,LEO,4,True
SPACEBEE-62,47429,PAYLOAD,Sun-Synchronous,USA,Commercial,2021-01-24,2024-04-09,87.59,97.3,162,148,2021,2,SMALL,US,COMMUNICATIONS,LEO,2,False
FLOCK 4S 22,47452,PAYLOAD,Sun-Synchronous,USA,Commercial,2021-01-24,2024-06-20,87.56,97.31,165,143,2021,4,SMALL,US,EARTH OBSERVATION,LEO,3,False
SPACEBEE-55,47459,PAYLOAD,Sun-Synchronous,USA,Commercial,2021-01-24,2024-05-09,87.71,97.29,170,152,2021,2,SMALL,US,COMMUNICATIONS,LEO,2,False
SPACEBEE-57,47465,PAYLOAD,Sun-Synchronous,USA,Commercial,2021-01-24,2024-06-21,87.4,97.3,158,134,2021,2,SMALL,US,COMMUNICATIONS,LEO,2,False
FLOCK 4S 33,47469,PAYLOAD,Sun-Synchronous,USA,Commercial,2021-01-24,2024-10-30,88.43,97.3,202,192,2021,4,SMALL,US,EARTH OBSERVATION,LEO,3,False
FLOCK 4S 12,47471,PAYLOAD,Sun-Synchronous,USA,Commercial,2021-01-24,2024-08-26,91.72,97.32,362,356,2021,4,MEDIUM,US,EARTH OBSERVATION,LEO,3,False
FLOCK 4S 13,47472,PAYLOAD,Sun-Synchronous,USA,Commercial,2021-01-24,2024-08-19,91.43,97.31,347,342,2021,4,SMALL,US,EARTH OBSERVATION,LEO,3,False
FLOCK 4S 35,47473,PAYLOAD,Sun-Synchronous,USA,Commercial,2021-01-24,2023-09-22,88.45,97.34,207,189,2021,4,MEDIUM,US,EARTH OBSERVATION,LEO,3,False
FLOCK 4S 31,47475,PAYLOAD,Sun-Synchronous,USA,Commercial,2021-01-24,2024-04-29,87.68,97.3,169,150,2021,4,SMALL,US,EARTH OBSERVATION,LEO,3,False
FLOCK 4S 3,47494,PAYLOAD,Sun-Synchronous,USA,Commercial,2021-01-24,2024-02-21,87.57,97.31,164,144,2021,4,MEDIUM,US,EARTH OBSERVATION,LEO,3,False
FLOCK 4S 2,47498,PAYLOAD,Sun-Synchronous,USA,Commercial,2021-01-24,2023-11-06,87.6,97.32,165,146,2021,4,SMALL,US,EARTH OBSERVATION,LEO,3,False
FLOCK 4S 19,47500,PAYLOAD,Sun-Synchronous,USA,Commercial,2021-01-24,2024-09-14,87.53,97.3,160,145,2021,4,SMALL,US,EARTH OBSERVATION,LEO,3,False
FLOCK 4S 28,47514,PAYLOAD,Sun-Synchronous,USA,Commercial,2021-01-24,2024-10-21,87.54,97.29,160,146,2021,4,SMALL,US,EARTH OBSERVATION,LEO,3,False
FLOCK 4S 5,47515,PAYLOAD,Sun-Synchronous,USA,Commercial,2021-01-24,2024-10-18,87.53,97.29,159,146,2021,4,SMALL,US,EARTH OBSERVATION,LEO,3,False
FLOCK 4S 15,47521,PAYLOAD,Sun-Synchronous,USA,Commercial,2021-01-24,2024-02-24,88.72,97.33,218,204,2021,4,MEDIUM,US,EARTH OBSERVATION,LEO,3,False
FLOCK 4S 37,47522,PAYLOAD,Sun-Synchronous,USA,Commercial,2021-01-24,2024-09-27,88.56,97.29,212,195,2021,4,SMALL,US,EARTH OBSERVATION,LEO,3,False
FLOCK 4S 10,47523,PAYLOAD,Sun-Synchronous,USA,Commercial,2021-01-24,2024-09-01,87.9,97.3,181,160,2021,4,SMALL,US,EARTH OBSERVATION,LEO,3,False
FLOCK 4S 7,47527,PAYLOAD,Sun-Synchronous,USA,Commercial,2021-01-24,2024-08-28,87.82,97.29,178,156,2021,4,MEDIUM,US,EARTH OBSERVATION,LEO,3,False
FLOCK 4S 24,47539,PAYLOAD,Sun-Synchronous,USA,Commercial,2021-01-24,2024-08-25,91.69,97.32,361,354,2021,4,SMALL,US,EARTH OBSERVATION,LEO,3,False
FLOCK 4S 20,47540,PAYLOAD,Sun-Synchronous,USA,Commercial,2021-01-24,2024-10-30,88.83,97.31,221,212,2021,4,SMALL,US,EARTH OBSERVATION,LEO,3,False
FLOCK 4S 25,47542,PAYLOAD,Sun-Synchronous,USA,Commercial,2021-01-24,2024-08-21,91.47,97.31,351,343,2021,4,SMALL,US,EARTH OBSERVATION,LEO,3,False
FLOCK 4S 23,47545,PAYLOAD,Sun-Synchronous,USA,Commercial,2021-01-24,2023-12-07,88.36,97.34,198,189,2021,4,SMALL,US,EARTH OBSERVATION,LEO,3,False
STARLINK-1782,47548,PAYLOAD,Non-Polar Inclined,USA,Commercial,2021-02-04,2025-02-05,87.96,53.04,177,169,2021,260,LARGE,US,COMMUNICATIONS,LEO,4,False
STARLINK-1909,47550,PAYLOAD,Non-Polar Inclined,USA,Commercial,2021-02-04,2025-04-05,87.57,53.03,156,152,2021,260,LARGE,US,COMMUNICATIONS,LEO,4,False
STARLINK-1938,47551,PAYLOAD,Non-Polar Inclined,USA,Commercial,2021-02-04,2025-01-28,87.61,53.02,160,152,2021,260,LARGE,US,COMMUNICATIONS,LEO,4,False
STARLINK-1953,47554,PAYLOAD,Non-Polar Inclined,USA,Commercial,2021-02-04,2025-03-10,87.8,53.03,170,160,2021,260,LARGE,US,COMMUNICATIONS,LEO,4,False
STARLINK-1955,47556,PAYLOAD,Non-Polar Inclined,USA,Commercial,2021-02-04,,95.59,53.06,548,546,2021,260,LARGE,US,COMMUNICATIONS,LEO,4,True
STARLINK-1956,47557,PAYLOAD,Non-Polar Inclined,USA,Commercial,2021-02-04,2025-01-31,88.58,53.03,208,200,2021,260,LARGE,US,COMMUNICATIONS,LEO,4,False
STARLINK-1958,47559,PAYLOAD,Non-Polar Inclined,USA,Commercial,2021-02-04,,95.59,53.05,548,546,2021,260,LARGE,US,COMMUNICATIONS,LEO,4,True
STARLINK-1960,47561,PAYLOAD,Non-Polar Inclined,USA,Commercial,2021-02-04,,90.91,53.04,324,314,2021,260,LARGE,US,COMMUNICATIONS,LEO,4,True
STARLINK-1961,47562,PAYLOAD,Non-Polar Inclined,USA,Commercial,2021-02-04,2025-02-12,87.74,53.02,167,159,2021,260,LARGE,US,COMMUNICATIONS,LEO,4,False
STARLINK-1964,47565,PAYLOAD,Non-Polar Inclined,USA,Commercial,2021-02-04,,95.59,53.06,548,546,2021,260,LARGE,US,COMMUNICATIONS,LEO,4,True
STARLINK-1965,47566,PAYLOAD,Non-Polar Inclined,USA,Commercial,2021-02-04,,94.93,53.06,517,513,2021,260,LARGE,US,COMMUNICATIONS,LEO,4,True
STARLINK-1966,47567,PAYLOAD,Non-Polar Inclined,USA,Commercial,2021-02-04,,93.12,53.03,432,422,2021,260,LARGE,US,COMMUNICATIONS,LEO,4,True
STARLINK-1967,47568,PAYLOAD,Non-Polar Inclined,USA,Commercial,2021-02-04,,95.59,53.05,549,546,2021,260,LARGE,US,COMMUNICATIONS,LEO,4,True
STARLINK-1969,47570,PAYLOAD,Non-Polar Inclined,USA,Commercial,2021-02-04,2024-09-18,88.31,53.03,192,189,2021,260,LARGE,US,COMMUNICATIONS,LEO,4,False
STARLINK-1971,47572,PAYLOAD,Non-Polar Inclined,USA,Commercial,2021-02-04,,95.59,53.06,548,546,2021,260,LARGE,US,COMMUNICATIONS,LEO,4,True
STARLINK-1975,47573,PAYLOAD,Non-Polar Inclined,USA,Commercial,2021-02-04,,95.59,53.05,548,547,2021,260,LARGE,US,COMMUNICATIONS,LEO,4,True
STARLINK-1977,47575,PAYLOAD,Non-Polar Inclined,USA,Commercial,2021-02-04,2025-02-25,87.49,53.03,155,145,2021,260,LARGE,US,COMMUNICATIONS,LEO,4,False
STARLINK-1979,47577,PAYLOAD,Non-Polar Inclined,USA,Commercial,2021-02-04,,95.59,53.05,548,546,2021,260,LARGE,US,COMMUNICATIONS,LEO,4,True
STARLINK-1984,47581,PAYLOAD,Non-Polar Inclined,USA,Commercial,2021-02-04,2024-11-10,88.26,53.03,192,184,2021,260,LARGE,US,COMMUNICATIONS,LEO,4,False
STARLINK-1986,47582,PAYLOAD,Non-Polar Inclined,USA,Commercial,2021-02-04,,95.59,53.06,548,546,2021,260,LARGE,US,COMMUNICATIONS,LEO,4,True
STARLINK-1987,47583,PAYLOAD,Non-Polar Inclined,USA,Commercial,2021-02-04,2025-02-02,87.6,53.03,158,154,2021,260,LARGE,US,COMMUNICATIONS,LEO,4,False
STARLINK-1989,47585,PAYLOAD,Non-Polar Inclined,USA,Commercial,2021-02-04,2025-03-31,88.26,53.02,189,188,2021,260,LARGE,US,COMMUNICATIONS,LEO,4,False
STARLINK-1990,47586,PAYLOAD,Non-Polar Inclined,USA,Commercial,2021-02-04,2025-03-07,88.06,53.03,184,173,2021,260,LARGE,US,COMMUNICATIONS,LEO,4,False
STARLINK-1991,47587,PAYLOAD,Non-Polar Inclined,USA,Commercial,2021-02-04,,95.59,53.06,548,546,2021,260,LARGE,US,COMMUNICATIONS,LEO,4,True
STARLINK-1993,47588,PAYLOAD,Non-Polar Inclined,USA,Commercial,2021-02-04,,95.59,53.06,548,546,2021,260,LARGE,US,COMMUNICATIONS,LEO,4,True
STARLINK-1996,47591,PAYLOAD,Non-Polar Inclined,USA,Commercial,2021-02-04,2025-01-26,88.02,53.03,181,172,2021,260,LARGE,US,COMMUNICATIONS,LEO,4,False
STARLINK-1997,47592,PAYLOAD,Non-Polar Inclined,USA,Commercial,2021-02-04,,95.59,53.06,548,546,2021,260,LARGE,US,COMMUNICATIONS,LEO,4,True
STARLINK-1998,47593,PAYLOAD,Non-Polar Inclined,USA,Commercial,2021-02-04,2025-01-21,88.85,53.03,223,212,2021,260,LARGE,US,COMMUNICATIONS,LEO,4,False
STARLINK-2000,47595,PAYLOAD,Non-Polar Inclined,USA,Commercial,2021-02-04,2025-02-15,87.6,53.02,159,152,2021,260,LARGE,US,COMMUNICATIONS,LEO,4,False
STARLINK-2004,47599,PAYLOAD,Non-Polar Inclined,USA,Commercial,2021-02-04,2024-08-28,88.81,53.03,221,211,2021,260,LARGE,US,COMMUNICATIONS,LEO,4,False
STARLINK-2005,47600,PAYLOAD,Non-Polar Inclined,USA,Commercial,2021-02-04,2025-03-15,87.26,53.02,141,136,2021,260,LARGE,US,COMMUNICATIONS,LEO,4,False
STARLINK-2008,47603,PAYLOAD,Non-Polar Inclined,USA,Commercial,2021-02-04,2025-03-02,87.7,53.03,165,156,2021,260,LARGE,US,COMMUNICATIONS,LEO,4,False
STARLINK-2025,47607,PAYLOAD,Non-Polar Inclined,USA,Commercial,2021-02-04,2025-03-25,87.51,53.01,153,150,2021,260,LARGE,US,COMMUNICATIONS,LEO,4,False
FLOCK 4S 48,47617,PAYLOAD,Sun-Synchronous,USA,Commercial,2021-01-24,2024-11-05,87.51,97.28,156,146,2021,4,SMALL,US,EARTH OBSERVATION,LEO,3,False
STARLINK-1528,47620,PAYLOAD,Non-Polar Inclined,USA,Commercial,2021-02-16,2025-01-05,87.24,53.04,140,136,2021,260,LARGE,US,COMMUNICATIONS,LEO,4,False
STARLINK-1609,47621,PAYLOAD,Non-Polar Inclined,USA,Commercial,2021-02-16,,95.59,53.05,548,546,2021,260,LARGE,US,COMMUNICATIONS,LEO,4,True
STARLINK-1645,47622,PAYLOAD,Non-Polar Inclined,USA,Commercial,2021-02-16,,95.59,53.05,548,546,2021,260,LARGE,US,COMMUNICATIONS,LEO,4,True
STARLINK-1655,47623,PAYLOAD,Non-Polar Inclined,USA,Commercial,2021-02-16,,95.59,53.06,548,546,2021,260,LARGE,US,COMMUNICATIONS,LEO,4,True
STARLINK-1669,47624,PAYLOAD,Non-Polar Inclined,USA,Commercial,2021-02-16,,95.59,53.06,548,546,2021,260,LARGE,US,COMMUNICATIONS,LEO,4,True
STARLINK-1761,47626,PAYLOAD,Non-Polar Inclined,USA,Commercial,2021-02-16,,92.92,53.06,418,417,2021,260,LARGE,US,COMMUNICATIONS,LEO,4,True
STARLINK-1973,47628,PAYLOAD,Non-Polar Inclined,USA,Commercial,2021-02-16,,95.59,53.06,548,546,2021,260,LARGE,US,COMMUNICATIONS,LEO,4,True
STARLINK-1974,47629,PAYLOAD,Non-Polar Inclined,USA,Commercial,2021-02-16,,91.25,53.05,342,330,2021,260,LARGE,US,COMMUNICATIONS,LEO,4,True
STARLINK-1983,47630,PAYLOAD,Non-Polar Inclined,USA,Commercial,2021-02-16,,95.59,53.06,548,546,2021,260,LARGE,US,COMMUNICATIONS,LEO,4,True
STARLINK-1992,47632,PAYLOAD,Non-Polar Inclined,USA,Commercial,2021-02-16,,95.59,53.06,548,546,2021,260,LARGE,US,COMMUNICATIONS,LEO,4,True
STARLINK-2009,47633,PAYLOAD,Non-Polar Inclined,USA,Commercial,2021-02-16,2025-04-07,87.4,53.02,149,143,2021,260,LARGE,US,COMMUNICATIONS,LEO,4,False
STARLINK-2010,47634,PAYLOAD,Non-Polar Inclined,USA,Commercial,2021-02-16,,92.84,53.05,415,413,2021,260,LARGE,US,COMMUNICATIONS,LEO,4,True
STARLINK-2014,47637,PAYLOAD,Non-Polar Inclined,USA,Commercial,2021-02-16,2025-02-10,87.25,53.02,142,135,2021,260,LARGE,US,COMMUNICATIONS,LEO,4,False
STARLINK-2016,47639,PAYLOAD,Non-Polar Inclined,USA,Commercial,2021-02-16,2025-01-23,87.5,53.03,153,149,2021,260,LARGE,US,COMMUNICATIONS,LEO,4,False
STARLINK-2018,47640,PAYLOAD,Non-Polar Inclined,USA,Commercial,2021-02-16,2025-02-10,87.44,53.02,150,146,2021,260,LARGE,US,COMMUNICATIONS,LEO,4,False
STARLINK-2019,47641,PAYLOAD,Non-Polar Inclined,USA,Commercial,2021-02-16,,95.59,53.06,548,546,2021,260,LARGE,US,COMMUNICATIONS,LEO,4,True
STARLINK-2022,47643,PAYLOAD,Non-Polar Inclined,USA,Commercial,2021-02-16,,95.59,53.05,548,546,2021,260,LARGE,US,COMMUNICATIONS,LEO,4,True
STARLINK-2026,47644,PAYLOAD,Non-Polar Inclined,USA,Commercial,2021-02-16,2024-10-04,87.66,53.02,161,156,2021,260,LARGE,US,COMMUNICATIONS,LEO,4,False
STARLINK-2027,47645,PAYLOAD,Non-Polar Inclined,USA,Commercial,2021-02-16,2025-01-18,87.39,53.02,153,137,2021,260,LARGE,US,COMMUNICATIONS,LEO,4,False
STARLINK-2031,47648,PAYLOAD,Non-Polar Inclined,USA,Commercial,2021-02-16,,95.59,53.05,548,546,2021,260,LARGE,US,COMMUNICATIONS,LEO,4,True
STARLINK-2032,47649,PAYLOAD,Non-Polar Inclined,USA,Commercial,2021-02-16,,95.59,53.05,548,546,2021,260,LARGE,US,COMMUNICATIONS,LEO,4,True
STARLINK-2033,47650,PAYLOAD,Non-Polar Inclined,USA,Commercial,2021-02-16,,95.59,53.06,548,546,2021,260,LARGE,US,COMMUNICATIONS,LEO,4,True
STARLINK-2035,47651,PAYLOAD,Non-Polar Inclined,USA,Commercial,2021-02-16,2025-03-30,87.5,53.03,152,149,2021,260,LARGE,US,COMMUNICATIONS,LEO,4,False
STARLINK-2036,47652,PAYLOAD,Non-Polar Inclined,USA,Commercial,2021-02-16,,95.59,53.05,548,546,2021,260,LARGE,US,COMMUNICATIONS,LEO,4,True
STARLINK-2037,47653,PAYLOAD,Non-Polar Inclined,USA,Commercial,2021-02-16,2025-01-21,87.48,53.03,152,147,2021,260,LARGE,US,COMMUNICATIONS,LEO,4,False
STARLINK-2039,47655,PAYLOAD,Non-Polar Inclined,USA,Commercial,2021-02-16,,95.59,53.06,548,546,2021,260,LARGE,US,COMMUNICATIONS,LEO,4,True
STARLINK-2040,47656,PAYLOAD,Non-Polar Inclined,USA,Commercial,2021-02-16,,95.59,53.06,549,546,2021,260,LARGE,US,COMMUNICATIONS,LEO,4,True
STARLINK-2041,47657,PAYLOAD,Non-Polar Inclined,USA,Commercial,2021-02-16,,95.59,53.06,548,546,2021,260,LARGE,US,COMMUNICATIONS,LEO,4,True
STARLINK-2043,47659,PAYLOAD,Non-Polar Inclined,USA,Commercial,2021-02-16,,93.75,53.05,459,457,2021,260,LARGE,US,COMMUNICATIONS,LEO,4,True
STARLINK-2052,47662,PAYLOAD,Non-Polar Inclined,USA,Commercial,2021-02-16,,95.59,53.06,548,546,2021,260,LARGE,US,COMMUNICATIONS,LEO,4,True
STARLINK-2053,47663,PAYLOAD,Non-Polar Inclined,USA,Commercial,2021-02-16,,91.04,53.05,329,322,2021,260,LARGE,US,COMMUNICATIONS,LEO,4,True
STARLINK-2054,47664,PAYLOAD,Non-Polar Inclined,USA,Commercial,2021-02-16,2025-02-01,87.76,53.03,165,162,2021,260,LARGE,US,COMMUNICATIONS,LEO,4,False
STARLINK-2056,47665,PAYLOAD,Non-Polar Inclined,USA,Commercial,2021-02-16,2025-03-04,87.71,53.04,164,158,2021,260,LARGE,US,COMMUNICATIONS,LEO,4,False
STARLINK-2057,47666,PAYLOAD,Non-Polar Inclined,USA,Commercial,2021-02-16,2024-12-24,87.69,53.03,163,158,2021,260,LARGE,US,COMMUNICATIONS,LEO,4,False
STARLINK-2059,47668,PAYLOAD,Non-Polar Inclined,USA,Commercial,2021-02-16,,88.63,53.03,214,199,2021,260,LARGE,US,COMMUNICATIONS,LEO,4,True
STARLINK-2060,47669,PAYLOAD,Non-Polar Inclined,USA,Commercial,2021-02-16,2023-07-14,87.46,53.06,170,128,2021,260,LARGE,US,COMMUNICATIONS,LEO,4,False
STARLINK-2064,47671,PAYLOAD,Non-Polar Inclined,USA,Commercial,2021-02-16,2025-01-21,87.59,53.04,157,153,2021,260,LARGE,US,COMMUNICATIONS,LEO,4,False
STARLINK-2067,47674,PAYLOAD,Non-Polar Inclined,USA,Commercial,2021-02-16,2025-01-17,87.09,53.02,136,125,2021,260,LARGE,US,COMMUNICATIONS,LEO,4,False
STARLINK-2078,47675,PAYLOAD,Non-Polar Inclined,USA,Commercial,2021-02-16,2025-03-18,87.73,53.03,164,160,2021,260,LARGE,US,COMMUNICATIONS,LEO,4,False
STARLINK-2083,47676,PAYLOAD,Non-Polar Inclined,USA,Commercial,2021-02-16,,95.59,53.06,548,546,2021,260,LARGE,US,COMMUNICATIONS,LEO,4,True
STARLINK-2090,47677,PAYLOAD,Non-Polar Inclined,USA,Commercial,2021-02-16,2025-02-15,87.59,53.03,159,151,2021,260,LARGE,US,COMMUNICATIONS,LEO,4,False
STARLINK-2095,47679,PAYLOAD,Non-Polar Inclined,USA,Commercial,2021-02-16,,94.75,53.04,510,504,2021,260,LARGE,US,COMMUNICATIONS,LEO,4,True
FLOCK 4S 47,47685,PAYLOAD,Sun-Synchronous,USA,Commercial,2021-01-24,2024-10-30,87.9,97.29,178,163,2021,4,SMALL,US,EARTH OBSERVATION,LEO,3,False
FLOCK 4S 44,47686,PAYLOAD,Sun-Synchronous,USA,Commercial,2021-01-24,2024-10-16,88.78,97.28,221,208,2021,4,SMALL,US,EARTH OBSERVATION,LEO,3,False
FLOCK 4S 43,47687,PAYLOAD,Sun-Synchronous,USA,Commercial,2021-01-24,2024-08-27,91.72,97.32,364,354,2021,4,MEDIUM,US,EARTH OBSERVATION,LEO,3,False
FLOCK 4S 45,47688,PAYLOAD,Sun-Synchronous,USA,Commercial,2021-01-24,2024-08-30,88.41,97.29,205,187,2021,4,SMALL,US,EARTH OBSERVATION,LEO,3,False
FLOCK 4S 41,47698,PAYLOAD,Sun-Synchronous,USA,Commercial,2021-01-24,2024-10-11,88.28,97.29,196,182,2021,4,SMALL,US,EARTH OBSERVATION,LEO,3,False
AMAZONIA 1,47699,PAYLOAD,Sun-Synchronous,Brazil,Government,2021-02-28,,99.94,98.36,757,754,2021,637,LARGE,BRAZ,EARTH OBSERVATION,LEO,4,True
ARKTIKA-M 1,47719,PAYLOAD,,Russia,Government,2021-02-28,,717.83,63.14,38983,1375,2021,2200,LARGE,CIS,EARTH OBSERVATION,ELLIPTICAL,7,True
STARLINK-2126,47726,PAYLOAD,Non-Polar Inclined,USA,Commercial,2021-03-04,2024-12-31,87.5,53.02,153,148,2021,260,LARGE,US,COMMUNICATIONS,LEO,4,False
STARLINK-2129,47727,PAYLOAD,Non-Polar Inclined,USA,Commercial,2021-03-04,2025-02-03,87.55,53.02,155,151,2021,260,LARGE,US,COMMUNICATIONS,LEO,4,False
STARLINK-2131,47728,PAYLOAD,Non-Polar Inclined,USA,Commercial,2021-03-04,,95.59,53.06,549,546,2021,260,LARGE,US,COMMUNICATIONS,LEO,4,True
STARLINK-2132,47729,PAYLOAD,Non-Polar Inclined,USA,Commercial,2021-03-04,2024-09-20,88.01,53.03,181,171,2021,260,LARGE,US,COMMUNICATIONS,LEO,4,False
STARLINK-2140,47730,PAYLOAD,Non-Polar Inclined,USA,Commercial,2021-03-04,,95.59,53.05,549,545,2021,260,LARGE,US,COMMUNICATIONS,LEO,4,True
STARLINK-2141,47731,PAYLOAD,Non-Polar Inclined,USA,Commercial,2021-03-04,,95.59,53.06,548,546,2021,260,LARGE,US,COMMUNICATIONS,LEO,4,True
STARLINK-2143,47733,PAYLOAD,Non-Polar Inclined,USA,Commercial,2021-03-04,,95.59,53.05,549,546,2021,260,LARGE,US,COMMUNICATIONS,LEO,4,True
STARLINK-2144,47734,PAYLOAD,Non-Polar Inclined,USA,Commercial,2021-03-04,,95.59,53.05,548,546,2021,260,LARGE,US,COMMUNICATIONS,LEO,4,True
STARLINK-2148,47737,PAYLOAD,Non-Polar Inclined,USA,Commercial,2021-03-04,2024-07-27,88.01,53.02,184,168,2021,260,LARGE,US,COMMUNICATIONS,LEO,4,False
STARLINK-2154,47741,PAYLOAD,Non-Polar Inclined,USA,Commercial,2021-03-04,2024-05-15,87.94,53.02,179,166,2021,260,LARGE,US,COMMUNICATIONS,LEO,4,False
STARLINK-2157,47743,PAYLOAD,Non-Polar Inclined,USA,Commercial,2021-03-04,2025-01-12,87.66,53.03,161,157,2021,260,LARGE,US,COMMUNICATIONS,LEO,4,False
STARLINK-2158,47744,PAYLOAD,Non-Polar Inclined,USA,Commercial,2021-03-04,2024-07-04,88.01,53.04,184,168,2021,260,LARGE,US,COMMUNICATIONS,LEO,4,False
STARLINK-2160,47746,PAYLOAD,Non-Polar Inclined,USA,Commercial,2021-03-04,,95.59,53.05,549,545,2021,260,LARGE,US,COMMUNICATIONS,LEO,4,True
STARLINK-2161,47747,PAYLOAD,Non-Polar Inclined,USA,Commercial,2021-03-04,,95.59,53.06,549,546,2021,260,LARGE,US,COMMUNICATIONS,LEO,4,True
STARLINK-2162,47748,PAYLOAD,Non-Polar Inclined,USA,Commercial,2021-03-04,,95.59,53.05,549,545,2021,260,LARGE,US,COMMUNICATIONS,LEO,4,True
STARLINK-2168,47751,PAYLOAD,Non-Polar Inclined,USA,Commercial,2021-03-04,2024-08-04,89.95,53.05,273,272,2021,260,LARGE,US,COMMUNICATIONS,LEO,4,False
STARLINK-2169,47752,PAYLOAD,Non-Polar Inclined,USA,Commercial,2021-03-04,,95.59,53.05,548,546,2021,260,LARGE,US,COMMUNICATIONS,LEO,4,True
STARLINK-2171,47754,PAYLOAD,Non-Polar Inclined,USA,Commercial,2021-03-04,,95.59,53.06,548,546,2021,260,LARGE,US,COMMUNICATIONS,LEO,4,True
STARLINK-2174,47756,PAYLOAD,Non-Polar Inclined,USA,Commercial,2021-03-04,2025-02-11,87.69,53.03,164,157,2021,260,LARGE,US,COMMUNICATIONS,LEO,4,False
STARLINK-2179,47761,PAYLOAD,Non-Polar Inclined,USA,Commercial,2021-03-04,2025-01-20,87.47,53.03,153,145,2021,260,LARGE,US,COMMUNICATIONS,LEO,4,False
STARLINK-2182,47764,PAYLOAD,Non-Polar Inclined,USA,Commercial,2021-03-04,2025-02-01,87.58,53.02,160,149,2021,260,LARGE,US,COMMUNICATIONS,LEO,4,False
STARLINK-2185,47767,PAYLOAD,Non-Polar Inclined,USA,Commercial,2021-03-04,,95.59,53.05,548,546,2021,260,LARGE,US,COMMUNICATIONS,LEO,4,True
STARLINK-2189,47768,PAYLOAD,Non-Polar Inclined,USA,Commercial,2021-03-04,2024-12-30,87.55,53.03,154,152,2021,260,LARGE,US,COMMUNICATIONS,LEO,4,False
STARLINK-2194,47771,PAYLOAD,Non-Polar Inclined,USA,Commercial,2021-03-04,,95.59,53.05,549,545,2021,260,LARGE,US,COMMUNICATIONS,LEO,4,True
STARLINK-2195,47772,PAYLOAD,Non-Polar Inclined,USA,Commercial,2021-03-04,,95.59,53.05,548,546,2021,260,LARGE,US,COMMUNICATIONS,LEO,4,True
STARLINK-2197,47774,PAYLOAD,Non-Polar Inclined,USA,Commercial,2021-03-04,2025-02-12,87.27,53.03,143,135,2021,260,LARGE,US,COMMUNICATIONS,LEO,4,False
STARLINK-2198,47775,PAYLOAD,Non-Polar Inclined,USA,Commercial,2021-03-04,2025-01-20,87.62,53.02,160,153,2021,260,LARGE,US,COMMUNICATIONS,LEO,4,False
STARLINK-2209,47776,PAYLOAD,Non-Polar Inclined,USA,Commercial,2021-03-04,,95.59,53.05,548,546,2021,260,LARGE,US,COMMUNICATIONS,LEO,4,True
STARLINK-2210,47777,PAYLOAD,Non-Polar Inclined,USA,Commercial,2021-03-04,,93.32,53.05,438,436,2021,260,LARGE,US,COMMUNICATIONS,LEO,4,True
STARLINK-2212,47779,PAYLOAD,Non-Polar Inclined,USA,Commercial,2021-03-04,2023-09-25,87.5,53.02,153,149,2021,260,LARGE,US,COMMUNICATIONS,LEO,4,False
STARLINK-2213,47780,PAYLOAD,Non-Polar Inclined,USA,Commercial,2021-03-04,,95.59,53.05,548,546,2021,260,LARGE,US,COMMUNICATIONS,LEO,4,True
STARLINK-2223,47781,PAYLOAD,Non-Polar Inclined,USA,Commercial,2021-03-04,2025-02-05,88.17,53.03,187,180,2021,260,LARGE,US,COMMUNICATIONS,LEO,4,False
STARLINK-2257,47787,PAYLOAD,Non-Polar Inclined,USA,Commercial,2021-03-11,,95.59,53.05,548,546,2021,260,LARGE,US,COMMUNICATIONS,LEO,4,True
STARLINK-2314,47788,PAYLOAD,Non-Polar Inclined,USA,Commercial,2021-03-11,,95.59,53.05,548,546,2021,260,LARGE,US,COMMUNICATIONS,LEO,4,True
STARLINK-2315,47789,PAYLOAD,Non-Polar Inclined,USA,Commercial,2021-03-11,,95.59,53.05,548,546,2021,260,LARGE,US,COMMUNICATIONS,LEO,4,True
STARLINK-2319,47790,PAYLOAD,Non-Polar Inclined,USA,Commercial,2021-03-11,,95.59,53.05,550,544,2021,260,LARGE,US,COMMUNICATIONS,LEO,4,True
STARLINK-2334,47792,PAYLOAD,Non-Polar Inclined,USA,Commercial,2021-03-11,,95.59,53.05,548,546,2021,260,LARGE,US,COMMUNICATIONS,LEO,4,True
STARLINK-2338,47793,PAYLOAD,Non-Polar Inclined,USA,Commercial,2021-03-11,,95.59,53.05,548,546,2021,260,LARGE,US,COMMUNICATIONS,LEO,4,True
STARLINK-2341,47794,PAYLOAD,Non-Polar Inclined,USA,Commercial,2021-03-11,2024-05-24,87.56,53.02,159,148,2021,260,LARGE,US,COMMUNICATIONS,LEO,4,False
STARLINK-2347,47795,PAYLOAD,Non-Polar Inclined,USA,Commercial,2021-03-11,2025-01-06,88.03,53.03,180,174,2021,260,LARGE,US,COMMUNICATIONS,LEO,4,False
STARLINK-2377,47797,PAYLOAD,Non-Polar Inclined,USA,Commercial,2021-03-11,,95.59,53.05,548,546,2021,260,LARGE,US,COMMUNICATIONS,LEO,4,True
STARLINK-2379,47798,PAYLOAD,Non-Polar Inclined,USA,Commercial,2021-03-11,,95.6,53.05,549,546,2021,260,LARGE,US,COMMUNICATIONS,LEO,4,True
STARLINK-2380,47799,PAYLOAD,Non-Polar Inclined,USA,Commercial,2021-03-11,,95.59,53.05,548,547,2021,260,LARGE,US,COMMUNICATIONS,LEO,4,True
STARLINK-2381,47800,PAYLOAD,Non-Polar Inclined,USA,Commercial,2021-03-11,,95.59,53.05,550,545,2021,260,LARGE,US,COMMUNICATIONS,LEO,4,True
STARLINK-2383,47802,PAYLOAD,Non-Polar Inclined,USA,Commercial,2021-03-11,,95.59,53.05,548,546,2021,260,LARGE,US,COMMUNICATIONS,LEO,4,True
STARLINK-2384,47803,PAYLOAD,Non-Polar Inclined,USA,Commercial,2021-03-11,,89.85,53.05,273,261,2021,260,LARGE,US,COMMUNICATIONS,LEO,4,True
STARLINK-2389,47808,PAYLOAD,Non-Polar Inclined,USA,Commercial,2021-03-11,,95.59,53.05,548,546,2021,260,LARGE,US,COMMUNICATIONS,LEO,4,True
STARLINK-2393,47812,PAYLOAD,Non-Polar Inclined,USA,Commercial,2021-03-11,,95.59,53.05,548,546,2021,260,LARGE,US,COMMUNICATIONS,LEO,4,True
STARLINK-2394,47813,PAYLOAD,Non-Polar Inclined,USA,Commercial,2021-03-11,2024-06-24,88.44,53.03,203,192,2021,260,LARGE,US,COMMUNICATIONS,LEO,4,False
STARLINK-2395,47814,PAYLOAD,Non-Polar Inclined,USA,Commercial,2021-03-11,,95.59,53.05,548,546,2021,260,LARGE,US,COMMUNICATIONS,LEO,4,True
STARLINK-2399,47816,PAYLOAD,Non-Polar Inclined,USA,Commercial,2021-03-11,,95.59,53.05,548,546,2021,260,LARGE,US,COMMUNICATIONS,LEO,4,True
STARLINK-2400,47817,PAYLOAD,Non-Polar Inclined,USA,Commercial,2021-03-11,,95.59,53.05,548,546,2021,260,LARGE,US,COMMUNICATIONS,LEO,4,True
STARLINK-2401,47818,PAYLOAD,Non-Polar Inclined,USA,Commercial,2021-03-11,,95.59,53.05,548,547,2021,260,LARGE,US,COMMUNICATIONS,LEO,4,True
STARLINK-2407,47822,PAYLOAD,Non-Polar Inclined,USA,Commercial,2021-03-11,,95.59,53.06,548,546,2021,260,LARGE,US,COMMUNICATIONS,LEO,4,True
STARLINK-2408,47823,PAYLOAD,Non-Polar Inclined,USA,Commercial,2021-03-11,,95.59,53.05,548,546,2021,260,LARGE,US,COMMUNICATIONS,LEO,4,True
STARLINK-2410,47825,PAYLOAD,Non-Polar Inclined,USA,Commercial,2021-03-11,,95.59,53.05,548,546,2021,260,LARGE,US,COMMUNICATIONS,LEO,4,True
STARLINK-2413,47827,PAYLOAD,Non-Polar Inclined,USA,Commercial,2021-03-11,,95.59,53.05,548,546,2021,260,LARGE,US,COMMUNICATIONS,LEO,4,True
STARLINK-2415,47828,PAYLOAD,Non-Polar Inclined,USA,Commercial,2021-03-11,,95.59,53.05,548,546,2021,260,LARGE,US,COMMUNICATIONS,LEO,4,True
STARLINK-2422,47832,PAYLOAD,Non-Polar Inclined,USA,Commercial,2021-03-11,,95.59,53.05,548,546,2021,260,LARGE,US,COMMUNICATIONS,LEO,4,True
STARLINK-2423,47833,PAYLOAD,Non-Polar Inclined,USA,Commercial,2021-03-11,,95.59,53.05,548,546,2021,260,LARGE,US,COMMUNICATIONS,LEO,4,True
STARLINK-2424,47834,PAYLOAD,Non-Polar Inclined,USA,Commercial,2021-03-11,,95.59,53.05,549,545,2021,260,LARGE,US,COMMUNICATIONS,LEO,4,True
STARLINK-2425,47835,PAYLOAD,Non-Polar Inclined,USA,Commercial,2021-03-11,2024-08-31,89.94,53.04,275,268,2021,260,LARGE,US,COMMUNICATIONS,LEO,4,False
STARLINK-2431,47839,PAYLOAD,Non-Polar Inclined,USA,Commercial,2021-03-11,,95.59,53.05,548,546,2021,260,LARGE,US,COMMUNICATIONS,LEO,4,True
STARLINK-2432,47840,PAYLOAD,Non-Polar Inclined,USA,Commercial,2021-03-11,,95.59,53.05,549,546,2021,260,LARGE,US,COMMUNICATIONS,LEO,4,True
STARLINK-2433,47841,PAYLOAD,Non-Polar Inclined,USA,Commercial,2021-03-11,,95.59,53.05,548,547,2021,260,LARGE,US,COMMUNICATIONS,LEO,4,True
STARLINK-2434,47842,PAYLOAD,Non-Polar Inclined,USA,Commercial,2021-03-11,2025-01-12,87.41,53.03,149,144,2021,260,LARGE,US,COMMUNICATIONS,LEO,4,False
STARLINK-2435,47843,PAYLOAD,Non-Polar Inclined,USA,Commercial,2021-03-11,,95.59,53.05,550,545,2021,260,LARGE,US,COMMUNICATIONS,LEO,4,True
STARLINK-2446,47844,PAYLOAD,Non-Polar Inclined,USA,Commercial,2021-03-11,,95.59,53.05,548,546,2021,260,LARGE,US,COMMUNICATIONS,LEO,4,True
STARLINK-2453,47845,PAYLOAD,Non-Polar Inclined,USA,Commercial,2021-03-11,,95.59,53.05,548,546,2021,260,LARGE,US,COMMUNICATIONS,LEO,4,True
STARLINK-2456,47846,PAYLOAD,Non-Polar Inclined,USA,Commercial,2021-03-11,2024-07-27,88.04,53.04,185,170,2021,260,LARGE,US,COMMUNICATIONS,LEO,4,False
STARLINK-2280,47861,PAYLOAD,Non-Polar Inclined,USA,Commercial,2021-03-14,,95.59,53.05,548,546,2021,260,LARGE,US,COMMUNICATIONS,LEO,4,True
STARLINK-2293,47863,PAYLOAD,Non-Polar Inclined,USA,Commercial,2021-03-14,,89.52,53.04,258,244,2021,260,LARGE,US,COMMUNICATIONS,LEO,4,True
STARLINK-2310,47865,PAYLOAD,Non-Polar Inclined,USA,Commercial,2021-03-14,2025-03-03,87.69,53.02,162,159,2021,260,LARGE,US,COMMUNICATIONS,LEO,4,False
STARLINK-2324,47869,PAYLOAD,Non-Polar Inclined,USA,Commercial,2021-03-14,2024-12-29,87.48,53.02,150,149,2021,260,LARGE,US,COMMUNICATIONS,LEO,4,False
STARLINK-2326,47870,PAYLOAD,Non-Polar Inclined,USA,Commercial,2021-03-14,,95.59,53.05,548,546,2021,260,LARGE,US,COMMUNICATIONS,LEO,4,True
STARLINK-2330,47874,PAYLOAD,Non-Polar Inclined,USA,Commercial,2021-03-14,,95.59,53.05,549,546,2021,260,LARGE,US,COMMUNICATIONS,LEO,4,True
STARLINK-2332,47876,PAYLOAD,Non-Polar Inclined,USA,Commercial,2021-03-14,2025-02-18,87.56,53.02,157,150,2021,260,LARGE,US,COMMUNICATIONS,LEO,4,False
STARLINK-2333,47877,PAYLOAD,Non-Polar Inclined,USA,Commercial,2021-03-14,2025-02-26,87.58,53.03,156,153,2021,260,LARGE,US,COMMUNICATIONS,LEO,4,False
STARLINK-2335,47878,PAYLOAD,Non-Polar Inclined,USA,Commercial,2021-03-14,2025-02-25,87.58,53.03,158,152,2021,260,LARGE,US,COMMUNICATIONS,LEO,4,False
STARLINK-2342,47883,PAYLOAD,Non-Polar Inclined,USA,Commercial,2021-03-14,,95.59,53.05,548,546,2021,260,LARGE,US,COMMUNICATIONS,LEO,4,True
STARLINK-2344,47885,PAYLOAD,Non-Polar Inclined,USA,Commercial,2021-03-14,2025-03-03,87.95,53.04,175,172,2021,260,LARGE,US,COMMUNICATIONS,LEO,4,False
STARLINK-2346,47887,PAYLOAD,Non-Polar Inclined,USA,Commercial,2021-03-14,,95.59,53.06,549,546,2021,260,LARGE,US,COMMUNICATIONS,LEO,4,True
STARLINK-2348,47888,PAYLOAD,Non-Polar Inclined,USA,Commercial,2021-03-14,,88.11,53.03,186,176,2021,260,LARGE,US,COMMUNICATIONS,LEO,4,True
STARLINK-2351,47891,PAYLOAD,Non-Polar Inclined,USA,Commercial,2021-03-14,2024-12-31,87.64,53.03,159,156,2021,260,LARGE,US,COMMUNICATIONS,LEO,4,False
STARLINK-2352,47892,PAYLOAD,Non-Polar Inclined,USA,Commercial,2021-03-14,2025-03-11,87.69,53.03,163,158,2021,260,LARGE,US,COMMUNICATIONS,LEO,4,False
STARLINK-2353,47893,PAYLOAD,Non-Polar Inclined,USA,Commercial,2021-03-14,2021-07-11,87.49,53.02,156,144,2021,260,LARGE,US,COMMUNICATIONS,LEO,4,False
STARLINK-2354,47894,PAYLOAD,Non-Polar Inclined,USA,Commercial,2021-03-14,,95.59,53.05,548,546,2021,260,LARGE,US,COMMUNICATIONS,LEO,4,True
STARLINK-2355,47895,PAYLOAD,Non-Polar Inclined,USA,Commercial,2021-03-14,,95.59,53.06,548,546,2021,260,LARGE,US,COMMUNICATIONS,LEO,4,True
STARLINK-2359,47899,PAYLOAD,Non-Polar Inclined,USA,Commercial,2021-03-14,2023-10-18,87.54,53.01,157,148,2021,260,LARGE,US,COMMUNICATIONS,LEO,4,False
STARLINK-2363,47903,PAYLOAD,Non-Polar Inclined,USA,Commercial,2021-03-14,,95.59,53.05,548,546,2021,260,LARGE,US,COMMUNICATIONS,LEO,4,True
STARLINK-2364,47904,PAYLOAD,Non-Polar Inclined,USA,Commercial,2021-03-14,,95.59,53.05,548,546,2021,260,LARGE,US,COMMUNICATIONS,LEO,4,True
STARLINK-2365,47905,PAYLOAD,Non-Polar Inclined,USA,Commercial,2021-03-14,2025-02-04,87.91,53.03,175,167,2021,260,LARGE,US,COMMUNICATIONS,LEO,4,False
STARLINK-2367,47907,PAYLOAD,Non-Polar Inclined,USA,Commercial,2021-03-14,,95.59,53.05,548,546,2021,260,LARGE,US,COMMUNICATIONS,LEO,4,True
STARLINK-2368,47908,PAYLOAD,Non-Polar Inclined,USA,Commercial,2021-03-14,,95.59,53.06,548,546,2021,260,LARGE,US,COMMUNICATIONS,LEO,4,True
STARLINK-2369,47909,PAYLOAD,Non-Polar Inclined,USA,Commercial,2021-03-14,2025-01-27,87.71,53.04,164,158,2021,260,LARGE,US,COMMUNICATIONS,LEO,4,False
STARLINK-2370,47910,PAYLOAD,Non-Polar Inclined,USA,Commercial,2021-03-14,,95.59,53.05,548,546,2021,260,LARGE,US,COMMUNICATIONS,LEO,4,True
STARLINK-2372,47912,PAYLOAD,Non-Polar Inclined,USA,Commercial,2021-03-14,2025-03-07,88.26,53.03,189,188,2021,260,LARGE,US,COMMUNICATIONS,LEO,4,False
STARLINK-2374,47913,PAYLOAD,Non-Polar Inclined,USA,Commercial,2021-03-14,2025-01-26,87.49,53.03,159,142,2021,260,LARGE,US,COMMUNICATIONS,LEO,4,False
STARLINK-2375,47914,PAYLOAD,Non-Polar Inclined,USA,Commercial,2021-03-14,2025-01-21,87.27,53.02,141,137,2021,260,LARGE,US,COMMUNICATIONS,LEO,4,False
STARLINK-2376,47915,PAYLOAD,Non-Polar Inclined,USA,Commercial,2021-03-14,2024-05-15,88.27,53.02,196,182,2021,260,LARGE,US,COMMUNICATIONS,LEO,4,False
STARLINK-2378,47916,PAYLOAD,Non-Polar Inclined,USA,Commercial,2021-03-14,,95.59,53.06,548,546,2021,260,LARGE,US,COMMUNICATIONS,LEO,4,True
STARLINK-2397,47917,PAYLOAD,Non-Polar Inclined,USA,Commercial,2021-03-14,2025-03-14,87.49,53.02,152,149,2021,260,LARGE,US,COMMUNICATIONS,LEO,4,False
STARLINK-2398,47918,PAYLOAD,Non-Polar Inclined,USA,Commercial,2021-03-14,2025-02-12,88.33,53.04,196,188,2021,260,LARGE,US,COMMUNICATIONS,LEO,4,False
STARLINK-2405,47919,PAYLOAD,Non-Polar Inclined,USA,Commercial,2021-03-14,,95.59,53.05,548,547,2021,260,LARGE,US,COMMUNICATIONS,LEO,4,True
GRUS-1C,47933,PAYLOAD,Sun-Synchronous,Japan,Commercial,2021-03-22,,96.14,97.59,582,564,2021,100,MEDIUM,JPN,EARTH OBSERVATION,LEO,5,True
GRUS-1B,47934,PAYLOAD,Sun-Synchronous,Japan,Commercial,2021-03-22,,96.14,97.59,585,563,2021,100,MEDIUM,JPN,EARTH OBSERVATION,LEO,5,True
STARLINK-2325,47979,PAYLOAD,Non-Polar Inclined,USA,Commercial,2021-03-24,2025-02-22,87.38,53.04,146,143,2021,260,LARGE,US,COMMUNICATIONS,LEO,4,False
STARLINK-2312,47980,PAYLOAD,Non-Polar Inclined,USA,Commercial,2021-03-24,2025-02-19,87.65,53.03,161,156,2021,260,LARGE,US,COMMUNICATIONS,LEO,4,False
STARLINK-2303,47981,PAYLOAD,Non-Polar Inclined,USA,Commercial,2021-03-24,,95.59,53.05,548,546,2021,260,LARGE,US,COMMUNICATIONS,LEO,4,True
STARLINK-2317,47982,PAYLOAD,Non-Polar Inclined,USA,Commercial,2021-03-24,2025-01-31,87.54,53.02,157,148,2021,260,LARGE,US,COMMUNICATIONS,LEO,4,False
STARLINK-2305,47989,PAYLOAD,Non-Polar Inclined,USA,Commercial,2021-03-24,2025-02-13,87.57,53.04,156,152,2021,260,LARGE,US,COMMUNICATIONS,LEO,4,False
STARLINK-2307,47990,PAYLOAD,Non-Polar Inclined,USA,Commercial,2021-03-24,2025-01-26,87.74,53.01,165,160,2021,260,LARGE,US,COMMUNICATIONS,LEO,4,False
STARLINK-2229,47992,PAYLOAD,Non-Polar Inclined,USA,Commercial,2021-03-24,2025-02-25,87.27,53.02,140,139,2021,260,LARGE,US,COMMUNICATIONS,LEO,4,False
STARLINK-2309,47995,PAYLOAD,Non-Polar Inclined,USA,Commercial,2021-03-24,,94.03,53.05,472,470,2021,260,LARGE,US,COMMUNICATIONS,LEO,4,True
STARLINK-2266,47997,PAYLOAD,Non-Polar Inclined,USA,Commercial,2021-03-24,,95.59,53.06,548,546,2021,260,LARGE,US,COMMUNICATIONS,LEO,4,True
STARLINK-2270,48000,PAYLOAD,Non-Polar Inclined,USA,Commercial,2021-03-24,,95.59,53.05,548,546,2021,260,LARGE,US,COMMUNICATIONS,LEO,4,True
STARLINK-2262,48001,PAYLOAD,Non-Polar Inclined,USA,Commercial,2021-03-24,2021-11-29,91.53,53.05,352,348,2021,260,LARGE,US,COMMUNICATIONS,LEO,4,False
STARLINK-2265,48002,PAYLOAD,Non-Polar Inclined,USA,Commercial,2021-03-24,2025-02-25,87.73,53.03,164,160,2021,260,LARGE,US,COMMUNICATIONS,LEO,4,False
STARLINK-2263,48003,PAYLOAD,Non-Polar Inclined,USA,Commercial,2021-03-24,,91.56,53.05,352,350,2021,260,LARGE,US,COMMUNICATIONS,LEO,4,True
STARLINK-2254,48005,PAYLOAD,Non-Polar Inclined,USA,Commercial,2021-03-24,2024-08-24,91.17,53.05,337,327,2021,260,LARGE,US,COMMUNICATIONS,LEO,4,False
STARLINK-2271,48008,PAYLOAD,Non-Polar Inclined,USA,Commercial,2021-03-24,,90.63,53.05,311,299,2021,260,LARGE,US,COMMUNICATIONS,LEO,4,True
STARLINK-2153,48009,PAYLOAD,Non-Polar Inclined,USA,Commercial,2021-03-24,,95.59,53.05,548,546,2021,260,LARGE,US,COMMUNICATIONS,LEO,4,True
STARLINK-2243,48013,PAYLOAD,Non-Polar Inclined,USA,Commercial,2021-03-24,2025-02-09,87.56,53.02,157,150,2021,260,LARGE,US,COMMUNICATIONS,LEO,4,False
STARLINK-2283,48014,PAYLOAD,Non-Polar Inclined,USA,Commercial,2021-03-24,,89.71,53.03,271,249,2021,260,LARGE,US,COMMUNICATIONS,LEO,4,True
STARLINK-2284,48016,PAYLOAD,Non-Polar Inclined,USA,Commercial,2021-03-24,,91.72,53.04,364,354,2021,260,LARGE,US,COMMUNICATIONS,LEO,4,True
STARLINK-2282,48018,PAYLOAD,Non-Polar Inclined,USA,Commercial,2021-03-24,,93.6,53.04,457,445,2021,260,LARGE,US,COMMUNICATIONS,LEO,4,True
STARLINK-2285,48019,PAYLOAD,Non-Polar Inclined,USA,Commercial,2021-03-24,,95.59,53.05,548,546,2021,260,LARGE,US,COMMUNICATIONS,LEO,4,True
STARLINK-2294,48020,PAYLOAD,Non-Polar Inclined,USA,Commercial,2021-03-24,2025-02-03,87.9,53.03,175,166,2021,260,LARGE,US,COMMUNICATIONS,LEO,4,False
STARLINK-2298,48022,PAYLOAD,Non-Polar Inclined,USA,Commercial,2021-03-24,,95.59,53.06,548,546,2021,260,LARGE,US,COMMUNICATIONS,LEO,4,True
STARLINK-2292,48023,PAYLOAD,Non-Polar Inclined,USA,Commercial,2021-03-24,,95.59,53.06,548,546,2021,260,LARGE,US,COMMUNICATIONS,LEO,4,True
STARLINK-2278,48026,PAYLOAD,Non-Polar Inclined,USA,Commercial,2021-03-24,2024-12-21,87.67,53.04,166,152,2021,260,LARGE,US,COMMUNICATIONS,LEO,4,False
STARLINK-2300,48027,PAYLOAD,Non-Polar Inclined,USA,Commercial,2021-03-24,2024-04-13,87.91,53.03,173,168,2021,260,LARGE,US,COMMUNICATIONS,LEO,4,False
STARLINK-2264,48028,PAYLOAD,Non-Polar Inclined,USA,Commercial,2021-03-24,,90.13,53.05,285,276,2021,260,LARGE,US,COMMUNICATIONS,LEO,4,True
STARLINK-2268,48030,PAYLOAD,Non-Polar Inclined,USA,Commercial,2021-03-24,2025-01-17,87.86,53.04,172,165,2021,260,LARGE,US,COMMUNICATIONS,LEO,4,False
STARLINK-2288,48034,PAYLOAD,Non-Polar Inclined,USA,Commercial,2021-03-24,,87.87,53.03,174,164,2021,260,LARGE,US,COMMUNICATIONS,LEO,4,True
ONEWEB-0101,48049,PAYLOAD,Polar,United Kingdom,Commercial,2021-03-25,,109.63,87.9,1211,1208,2021,148,LARGE,UK,COMMUNICATIONS,LEO,5,True
ONEWEB-0113,48050,PAYLOAD,Polar,United Kingdom,Commercial,2021-03-25,,109.59,87.9,1209,1206,2021,148,MEDIUM,UK,COMMUNICATIONS,LEO,5,True
ONEWEB-0112,48051,PAYLOAD,Polar,United Kingdom,Commercial,2021-03-25,,109.63,87.9,1211,1208,2021,148,MEDIUM,UK,COMMUNICATIONS,LEO,5,True
ONEWEB-0156,48052,PAYLOAD,Polar,United Kingdom,Commercial,2021-03-25,,109.63,87.9,1211,1208,2021,148,LARGE,UK,COMMUNICATIONS,LEO,5,True
ONEWEB-0161,48053,PAYLOAD,Polar,United Kingdom,Commercial,2021-03-25,,109.63,87.9,1211,1208,2021,148,MEDIUM,UK,COMMUNICATIONS,LEO,5,True
ONEWEB-0162,48056,PAYLOAD,Polar,United Kingdom,Commercial,2021-03-25,,109.63,87.9,1211,1208,2021,148,LARGE,UK,COMMUNICATIONS,LEO,5,True
ONEWEB-0155,48057,PAYLOAD,Polar,United Kingdom,Commercial,2021-03-25,,109.63,87.9,1211,1208,2021,148,LARGE,UK,COMMUNICATIONS,LEO,5,True
ONEWEB-0148,48059,PAYLOAD,Polar,United Kingdom,Commercial,2021-03-25,,109.63,87.9,1212,1208,2021,148,LARGE,UK,COMMUNICATIONS,LEO,5,True
ONEWEB-0159,48062,PAYLOAD,Polar,United Kingdom,Commercial,2021-03-25,,109.63,87.9,1211,1208,2021,148,LARGE,UK,COMMUNICATIONS,LEO,5,True
ONEWEB-0164,48063,PAYLOAD,Polar,United Kingdom,Commercial,2021-03-25,,109.63,87.9,1211,1208,2021,148,LARGE,UK,COMMUNICATIONS,LEO,5,True
ONEWEB-0167,48064,PAYLOAD,Polar,United Kingdom,Commercial,2021-03-25,,109.63,87.9,1211,1209,2021,148,LARGE,UK,COMMUNICATIONS,LEO,5,True
ONEWEB-0151,48066,PAYLOAD,Polar,United Kingdom,Commercial,2021-03-25,,109.63,87.9,1211,1208,2021,148,LARGE,UK,COMMUNICATIONS,LEO,5,True
ONEWEB-0168,48068,PAYLOAD,Polar,United Kingdom,Commercial,2021-03-25,,109.63,87.9,1211,1208,2021,148,LARGE,UK,COMMUNICATIONS,LEO,5,True
ONEWEB-0172,48071,PAYLOAD,Polar,United Kingdom,Commercial,2021-03-25,,109.63,87.9,1211,1208,2021,148,LARGE,UK,COMMUNICATIONS,LEO,5,True
ONEWEB-0175,48073,PAYLOAD,Polar,United Kingdom,Commercial,2021-03-25,,109.63,87.9,1211,1208,2021,148,LARGE,UK,COMMUNICATIONS,LEO,5,True
ONEWEB-0177,48074,PAYLOAD,Polar,United Kingdom,Commercial,2021-03-25,,109.63,87.9,1211,1208,2021,148,LARGE,UK,COMMUNICATIONS,LEO,5,True
ONEWEB-0178,48075,PAYLOAD,Polar,United Kingdom,Commercial,2021-03-25,,109.63,87.9,1211,1208,2021,148,MEDIUM,UK,COMMUNICATIONS,LEO,5,True
ONEWEB-0108,48076,PAYLOAD,Polar,United Kingdom,Commercial,2021-03-25,,109.63,87.9,1211,1208,2021,148,LARGE,UK,COMMUNICATIONS,LEO,5,True
ONEWEB-0169,48077,PAYLOAD,Polar,United Kingdom,Commercial,2021-03-25,,109.63,87.9,1211,1208,2021,148,LARGE,UK,COMMUNICATIONS,LEO,5,True
GAOFEN 12 (02),48079,PAYLOAD,Sun-Synchronous,China,Government,2021-03-30,,97.27,97.97,631,626,2021,3000,LARGE,PRC,EARTH OBSERVATION,LEO,8,True
STARLINK-2404,48093,PAYLOAD,Non-Polar Inclined,USA,Commercial,2021-04-07,,95.59,53.05,548,546,2021,260,LARGE,US,COMMUNICATIONS,LEO,4,True
STARLINK-2418,48097,PAYLOAD,Non-Polar Inclined,USA,Commercial,2021-04-07,,95.59,53.05,548,546,2021,260,LARGE,US,COMMUNICATIONS,LEO,4,True
STARLINK-2428,48099,PAYLOAD,Non-Polar Inclined,USA,Commercial,2021-04-07,,95.59,53.05,548,546,2021,260,LARGE,US,COMMUNICATIONS,LEO,4,True
STARLINK-2436,48101,PAYLOAD,Non-Polar Inclined,USA,Commercial,2021-04-07,,95.59,53.05,548,546,2021,260,LARGE,US,COMMUNICATIONS,LEO,4,True
STARLINK-2437,48102,PAYLOAD,Non-Polar Inclined,USA,Commercial,2021-04-07,,95.59,53.05,548,546,2021,260,LARGE,US,COMMUNICATIONS,LEO,4,True
STARLINK-2438,48103,PAYLOAD,Non-Polar Inclined,USA,Commercial,2021-04-07,2024-07-17,87.98,53.02,178,171,2021,260,LARGE,US,COMMUNICATIONS,LEO,4,False
STARLINK-2439,48104,PAYLOAD,Non-Polar Inclined,USA,Commercial,2021-04-07,,95.59,53.05,548,546,2021,260,LARGE,US,COMMUNICATIONS,LEO,4,True
STARLINK-2440,48105,PAYLOAD,Non-Polar Inclined,USA,Commercial,2021-04-07,,95.59,53.05,548,546,2021,260,LARGE,US,COMMUNICATIONS,LEO,4,True
STARLINK-2443,48107,PAYLOAD,Non-Polar Inclined,USA,Commercial,2021-04-07,,95.59,53.05,548,546,2021,260,LARGE,US,COMMUNICATIONS,LEO,4,True
STARLINK-2445,48109,PAYLOAD,Non-Polar Inclined,USA,Commercial,2021-04-07,2024-03-27,88.23,53.03,189,184,2021,260,LARGE,US,COMMUNICATIONS,LEO,4,False
STARLINK-2454,48116,PAYLOAD,Non-Polar Inclined,USA,Commercial,2021-04-07,,95.59,53.05,548,546,2021,260,LARGE,US,COMMUNICATIONS,LEO,4,True
STARLINK-2455,48117,PAYLOAD,Non-Polar Inclined,USA,Commercial,2021-04-07,,95.59,53.05,548,546,2021,260,LARGE,US,COMMUNICATIONS,LEO,4,True
STARLINK-2458,48118,PAYLOAD,Non-Polar Inclined,USA,Commercial,2021-04-07,2024-10-23,88.16,53.03,186,181,2021,260,LARGE,US,COMMUNICATIONS,LEO,4,False
STARLINK-2459,48119,PAYLOAD,Non-Polar Inclined,USA,Commercial,2021-04-07,,95.59,53.05,548,546,2021,260,LARGE,US,COMMUNICATIONS,LEO,4,True
STARLINK-2460,48120,PAYLOAD,Non-Polar Inclined,USA,Commercial,2021-04-07,,95.59,53.05,548,546,2021,260,LARGE,US,COMMUNICATIONS,LEO,4,True
STARLINK-2462,48121,PAYLOAD,Non-Polar Inclined,USA,Commercial,2021-04-07,,95.59,53.05,548,546,2021,260,LARGE,US,COMMUNICATIONS,LEO,4,True
STARLINK-2463,48122,PAYLOAD,Non-Polar Inclined,USA,Commercial,2021-04-07,2025-01-11,87.42,53.03,151,143,2021,260,LARGE,US,COMMUNICATIONS,LEO,4,False
STARLINK-2464,48123,PAYLOAD,Non-Polar Inclined,USA,Commercial,2021-04-07,,95.59,53.05,548,546,2021,260,LARGE,US,COMMUNICATIONS,LEO,4,True
STARLINK-2466,48125,PAYLOAD,Non-Polar Inclined,USA,Commercial,2021-04-07,,95.59,53.05,548,546,2021,260,LARGE,US,COMMUNICATIONS,LEO,4,True
STARLINK-2467,48126,PAYLOAD,Non-Polar Inclined,USA,Commercial,2021-04-07,,95.59,53.05,548,546,2021,260,LARGE,US,COMMUNICATIONS,LEO,4,True
STARLINK-2468,48127,PAYLOAD,Non-Polar Inclined,USA,Commercial,2021-04-07,,95.59,53.05,549,545,2021,260,LARGE,US,COMMUNICATIONS,LEO,4,True
STARLINK-2469,48128,PAYLOAD,Non-Polar Inclined,USA,Commercial,2021-04-07,,95.59,53.05,548,546,2021,260,LARGE,US,COMMUNICATIONS,LEO,4,True
STARLINK-2471,48129,PAYLOAD,Non-Polar Inclined,USA,Commercial,2021-04-07,,95.59,53.05,548,547,2021,260,LARGE,US,COMMUNICATIONS,LEO,4,True
STARLINK-2472,48130,PAYLOAD,Non-Polar Inclined,USA,Commercial,2021-04-07,,95.59,53.05,548,546,2021,260,LARGE,US,COMMUNICATIONS,LEO,4,True
STARLINK-2473,48131,PAYLOAD,Non-Polar Inclined,USA,Commercial,2021-04-07,,95.59,53.05,548,546,2021,260,LARGE,US,COMMUNICATIONS,LEO,4,True
STARLINK-2475,48133,PAYLOAD,Non-Polar Inclined,USA,Commercial,2021-04-07,,95.59,53.05,548,546,2021,260,LARGE,US,COMMUNICATIONS,LEO,4,True
STARLINK-2476,48134,PAYLOAD,Non-Polar Inclined,USA,Commercial,2021-04-07,,95.59,53.05,548,546,2021,260,LARGE,US,COMMUNICATIONS,LEO,4,True
STARLINK-2478,48135,PAYLOAD,Non-Polar Inclined,USA,Commercial,2021-04-07,,95.59,53.05,548,546,2021,260,LARGE,US,COMMUNICATIONS,LEO,4,True
STARLINK-2480,48137,PAYLOAD,Non-Polar Inclined,USA,Commercial,2021-04-07,,95.59,53.05,548,546,2021,260,LARGE,US,COMMUNICATIONS,LEO,4,True
STARLINK-2481,48138,PAYLOAD,Non-Polar Inclined,USA,Commercial,2021-04-07,,95.59,53.05,548,547,2021,260,LARGE,US,COMMUNICATIONS,LEO,4,True
STARLINK-2482,48139,PAYLOAD,Non-Polar Inclined,USA,Commercial,2021-04-07,,95.59,53.05,548,546,2021,260,LARGE,US,COMMUNICATIONS,LEO,4,True
STARLINK-2483,48140,PAYLOAD,Non-Polar Inclined,USA,Commercial,2021-04-07,,95.59,53.05,548,546,2021,260,LARGE,US,COMMUNICATIONS,LEO,4,True
STARLINK-2484,48141,PAYLOAD,Non-Polar Inclined,USA,Commercial,2021-04-07,2025-02-16,87.61,53.02,165,147,2021,260,LARGE,US,COMMUNICATIONS,LEO,4,False
STARLINK-2486,48143,PAYLOAD,Non-Polar Inclined,USA,Commercial,2021-04-07,,95.59,53.05,548,546,2021,260,LARGE,US,COMMUNICATIONS,LEO,4,True
STARLINK-2487,48144,PAYLOAD,Non-Polar Inclined,USA,Commercial,2021-04-07,,95.59,53.05,548,546,2021,260,LARGE,US,COMMUNICATIONS,LEO,4,True
STARLINK-2488,48145,PAYLOAD,Non-Polar Inclined,USA,Commercial,2021-04-07,,95.59,53.05,548,546,2021,260,LARGE,US,COMMUNICATIONS,LEO,4,True
STARLINK-2489,48146,PAYLOAD,Non-Polar Inclined,USA,Commercial,2021-04-07,2024-06-08,88.11,53.03,184,178,2021,260,LARGE,US,COMMUNICATIONS,LEO,4,False
STARLINK-2490,48147,PAYLOAD,Non-Polar Inclined,USA,Commercial,2021-04-07,2024-08-12,90.57,53.04,311,295,2021,260,LARGE,US,COMMUNICATIONS,LEO,4,False
STARLINK-2493,48150,PAYLOAD,Non-Polar Inclined,USA,Commercial,2021-04-07,,95.59,53.05,548,546,2021,260,LARGE,US,COMMUNICATIONS,LEO,4,True
STARLINK-2503,48151,PAYLOAD,Non-Polar Inclined,USA,Commercial,2021-04-07,,95.59,53.05,548,546,2021,260,LARGE,US,COMMUNICATIONS,LEO,4,True
ONEWEB-0176,48210,PAYLOAD,Polar,United Kingdom,Commercial,2021-04-25,,109.55,87.91,1207,1204,2021,148,LARGE,UK,COMMUNICATIONS,LEO,5,True
ONEWEB-0184,48211,PAYLOAD,Polar,United Kingdom,Commercial,2021-04-25,,109.55,87.91,1207,1205,2021,148,LARGE,UK,COMMUNICATIONS,LEO,5,True
ONEWEB-0179,48212,PAYLOAD,Polar,United Kingdom,Commercial,2021-04-25,,109.55,87.91,1207,1204,2021,148,LARGE,UK,COMMUNICATIONS,LEO,5,True
ONEWEB-0180,48213,PAYLOAD,Polar,United Kingdom,Commercial,2021-04-25,,109.55,87.91,1207,1205,2021,148,LARGE,UK,COMMUNICATIONS,LEO,5,True
ONEWEB-0198,48216,PAYLOAD,Polar,United Kingdom,Commercial,2021-04-25,,109.55,87.91,1207,1205,2021,148,LARGE,UK,COMMUNICATIONS,LEO,5,True
ONEWEB-0189,48217,PAYLOAD,Polar,United Kingdom,Commercial,2021-04-25,,109.55,87.91,1207,1205,2021,148,LARGE,UK,COMMUNICATIONS,LEO,5,True
ONEWEB-0196,48218,PAYLOAD,Polar,United Kingdom,Commercial,2021-04-25,,109.55,87.91,1207,1204,2021,148,LARGE,UK,COMMUNICATIONS,LEO,5,True
ONEWEB-0183,48219,PAYLOAD,Polar,United Kingdom,Commercial,2021-04-25,,109.55,87.91,1207,1204,2021,148,LARGE,UK,COMMUNICATIONS,LEO,5,True
ONEWEB-0187,48221,PAYLOAD,Polar,United Kingdom,Commercial,2021-04-25,,109.55,87.91,1207,1204,2021,148,LARGE,UK,COMMUNICATIONS,LEO,5,True
ONEWEB-0192,48222,PAYLOAD,Polar,United Kingdom,Commercial,2021-04-25,,109.55,87.91,1207,1204,2021,148,LARGE,UK,COMMUNICATIONS,LEO,5,True
ONEWEB-0219,48223,PAYLOAD,Polar,United Kingdom,Commercial,2021-04-25,,109.55,87.91,1207,1204,2021,148,LARGE,UK,COMMUNICATIONS,LEO,5,True
ONEWEB-0206,48227,PAYLOAD,Polar,United Kingdom,Commercial,2021-04-25,,109.55,87.91,1207,1204,2021,148,LARGE,UK,COMMUNICATIONS,LEO,5,True
ONEWEB-0181,48230,PAYLOAD,Polar,United Kingdom,Commercial,2021-04-25,,109.55,87.91,1207,1204,2021,148,LARGE,UK,COMMUNICATIONS,LEO,5,True
ONEWEB-0188,48231,PAYLOAD,Polar,United Kingdom,Commercial,2021-04-25,,109.55,87.91,1207,1204,2021,148,LARGE,UK,COMMUNICATIONS,LEO,5,True
ONEWEB-0199,48234,PAYLOAD,Polar,United Kingdom,Commercial,2021-04-25,,109.55,87.91,1207,1204,2021,148,LARGE,UK,COMMUNICATIONS,LEO,5,True
ONEWEB-0194,48237,PAYLOAD,Polar,United Kingdom,Commercial,2021-04-25,,109.55,87.91,1207,1204,2021,148,MEDIUM,UK,COMMUNICATIONS,LEO,5,True
ONEWEB-0193,48238,PAYLOAD,Polar,United Kingdom,Commercial,2021-04-25,,109.55,87.91,1207,1205,2021,148,MEDIUM,UK,COMMUNICATIONS,LEO,5,True
ONEWEB-0191,48239,PAYLOAD,Polar,United Kingdom,Commercial,2021-04-25,,109.55,87.91,1207,1205,2021,148,LARGE,UK,COMMUNICATIONS,LEO,5,True
ONEWEB-0208,48243,PAYLOAD,Polar,United Kingdom,Commercial,2021-04-25,,109.55,87.91,1207,1205,2021,148,LARGE,UK,COMMUNICATIONS,LEO,5,True
ONEWEB-0217,48245,PAYLOAD,Polar,United Kingdom,Commercial,2021-04-25,,109.55,87.91,1207,1205,2021,148,LARGE,UK,COMMUNICATIONS,LEO,5,True
PNEO3,48268,PAYLOAD,Sun-Synchronous,France,Commercial,2021-04-29,,97.19,97.89,625,623,2021,920,LARGE,FR,EARTH OBSERVATION,LEO,10,True
STARLINK-2543,48278,PAYLOAD,Non-Polar Inclined,USA,Commercial,2021-04-29,,95.59,53.06,548,546,2021,260,LARGE,US,COMMUNICATIONS,LEO,4,True
STARLINK-2558,48282,PAYLOAD,Non-Polar Inclined,USA,Commercial,2021-04-29,,95.59,53.05,548,546,2021,260,LARGE,US,COMMUNICATIONS,LEO,4,True
STARLINK-2564,48284,PAYLOAD,Non-Polar Inclined,USA,Commercial,2021-04-29,,95.59,53.05,548,546,2021,260,LARGE,US,COMMUNICATIONS,LEO,4,True
STARLINK-2548,48285,PAYLOAD,Non-Polar Inclined,USA,Commercial,2021-04-29,2024-05-25,88.28,53.04,192,187,2021,260,LARGE,US,COMMUNICATIONS,LEO,4,False
STARLINK-2562,48288,PAYLOAD,Non-Polar Inclined,USA,Commercial,2021-04-29,,95.59,53.05,548,546,2021,260,LARGE,US,COMMUNICATIONS,LEO,4,True
STARLINK-2542,48292,PAYLOAD,Non-Polar Inclined,USA,Commercial,2021-04-29,,95.59,53.05,548,546,2021,260,LARGE,US,COMMUNICATIONS,LEO,4,True
STARLINK-2550,48293,PAYLOAD,Non-Polar Inclined,USA,Commercial,2021-04-29,,95.59,53.05,548,546,2021,260,LARGE,US,COMMUNICATIONS,LEO,4,True
STARLINK-2535,48295,PAYLOAD,Non-Polar Inclined,USA,Commercial,2021-04-29,,95.59,53.05,548,546,2021,260,LARGE,US,COMMUNICATIONS,LEO,4,True
STARLINK-2546,48296,PAYLOAD,Non-Polar Inclined,USA,Commercial,2021-04-29,2025-01-08,88.1,53.05,184,177,2021,260,LARGE,US,COMMUNICATIONS,LEO,4,False
STARLINK-2559,48298,PAYLOAD,Non-Polar Inclined,USA,Commercial,2021-04-29,,95.59,53.05,548,546,2021,260,LARGE,US,COMMUNICATIONS,LEO,4,True
STARLINK-2557,48299,PAYLOAD,Non-Polar Inclined,USA,Commercial,2021-04-29,,95.59,53.05,548,546,2021,260,LARGE,US,COMMUNICATIONS,LEO,4,True
STARLINK-2538,48300,PAYLOAD,Non-Polar Inclined,USA,Commercial,2021-04-29,,95.59,53.05,548,546,2021,260,LARGE,US,COMMUNICATIONS,LEO,4,True
STARLINK-2537,48301,PAYLOAD,Non-Polar Inclined,USA,Commercial,2021-04-29,,95.59,53.05,547,547,2021,260,LARGE,US,COMMUNICATIONS,LEO,4,True
STARLINK-2556,48302,PAYLOAD,Non-Polar Inclined,USA,Commercial,2021-04-29,2024-12-21,87.32,53.02,145,138,2021,260,LARGE,US,COMMUNICATIONS,LEO,4,False
STARLINK-2524,48304,PAYLOAD,Non-Polar Inclined,USA,Commercial,2021-04-29,,95.59,53.05,548,546,2021,260,LARGE,US,COMMUNICATIONS,LEO,4,True
STARLINK-2519,48305,PAYLOAD,Non-Polar Inclined,USA,Commercial,2021-04-29,,95.59,53.05,548,546,2021,260,LARGE,US,COMMUNICATIONS,LEO,4,True
STARLINK-2523,48306,PAYLOAD,Non-Polar Inclined,USA,Commercial,2021-04-29,,95.59,53.05,548,547,2021,260,LARGE,US,COMMUNICATIONS,LEO,4,True
STARLINK-2532,48308,PAYLOAD,Non-Polar Inclined,USA,Commercial,2021-04-29,2024-05-15,87.84,53.03,169,166,2021,260,LARGE,US,COMMUNICATIONS,LEO,4,False
STARLINK-2536,48310,PAYLOAD,Non-Polar Inclined,USA,Commercial,2021-04-29,,95.59,53.05,549,546,2021,260,LARGE,US,COMMUNICATIONS,LEO,4,True
STARLINK-2534,48311,PAYLOAD,Non-Polar Inclined,USA,Commercial,2021-04-29,,95.59,53.05,548,546,2021,260,LARGE,US,COMMUNICATIONS,LEO,4,True
STARLINK-2061,48312,PAYLOAD,Non-Polar Inclined,USA,Commercial,2021-04-29,,95.59,53.05,548,546,2021,260,LARGE,US,COMMUNICATIONS,LEO,4,True
STARLINK-2541,48313,PAYLOAD,Non-Polar Inclined,USA,Commercial,2021-04-29,2025-01-08,88.23,53.04,190,184,2021,260,LARGE,US,COMMUNICATIONS,LEO,4,False
STARLINK-2506,48315,PAYLOAD,Non-Polar Inclined,USA,Commercial,2021-04-29,,95.59,53.05,548,546,2021,260,LARGE,US,COMMUNICATIONS,LEO,4,True
STARLINK-2507,48316,PAYLOAD,Non-Polar Inclined,USA,Commercial,2021-04-29,,95.59,53.05,548,546,2021,260,LARGE,US,COMMUNICATIONS,LEO,4,True
STARLINK-2512,48319,PAYLOAD,Non-Polar Inclined,USA,Commercial,2021-04-29,,95.59,53.05,548,546,2021,260,LARGE,US,COMMUNICATIONS,LEO,4,True
STARLINK-2477,48322,PAYLOAD,Non-Polar Inclined,USA,Commercial,2021-04-29,2025-01-08,88.01,53.04,179,174,2021,260,LARGE,US,COMMUNICATIONS,LEO,4,False
STARLINK-2527,48324,PAYLOAD,Non-Polar Inclined,USA,Commercial,2021-04-29,2024-05-14,88.42,53.04,198,194,2021,260,LARGE,US,COMMUNICATIONS,LEO,4,False
STARLINK-2498,48326,PAYLOAD,Non-Polar Inclined,USA,Commercial,2021-04-29,,95.59,53.05,548,546,2021,260,LARGE,US,COMMUNICATIONS,LEO,4,True
STARLINK-2502,48327,PAYLOAD,Non-Polar Inclined,USA,Commercial,2021-04-29,,95.59,53.05,548,546,2021,260,LARGE,US,COMMUNICATIONS,LEO,4,True
STARLINK-2504,48328,PAYLOAD,Non-Polar Inclined,USA,Commercial,2021-04-29,,95.59,53.05,548,546,2021,260,LARGE,US,COMMUNICATIONS,LEO,4,True
STARLINK-2510,48329,PAYLOAD,Non-Polar Inclined,USA,Commercial,2021-04-29,,95.59,53.05,548,546,2021,260,LARGE,US,COMMUNICATIONS,LEO,4,True
STARLINK-2514,48331,PAYLOAD,Non-Polar Inclined,USA,Commercial,2021-04-29,,95.59,53.05,548,546,2021,260,LARGE,US,COMMUNICATIONS,LEO,4,True
STARLINK-2511,48332,PAYLOAD,Non-Polar Inclined,USA,Commercial,2021-04-29,,95.59,53.05,548,546,2021,260,LARGE,US,COMMUNICATIONS,LEO,4,True
STARLINK-2470,48334,PAYLOAD,Non-Polar Inclined,USA,Commercial,2021-04-29,,95.59,53.05,548,547,2021,260,LARGE,US,COMMUNICATIONS,LEO,4,True
STARLINK-2441,48335,PAYLOAD,Non-Polar Inclined,USA,Commercial,2021-04-29,2025-01-07,87.71,53,162,161,2021,260,LARGE,US,COMMUNICATIONS,LEO,4,False
STARLINK-2613,48353,PAYLOAD,Non-Polar Inclined,USA,Commercial,2021-05-04,,95.59,53.05,548,546,2021,260,LARGE,US,COMMUNICATIONS,LEO,4,True
STARLINK-2674,48354,PAYLOAD,Non-Polar Inclined,USA,Commercial,2021-05-04,,95.59,53.05,548,546,2021,260,LARGE,US,COMMUNICATIONS,LEO,4,True
STARLINK-2635,48355,PAYLOAD,Non-Polar Inclined,USA,Commercial,2021-05-04,,95.59,53.05,548,546,2021,260,LARGE,US,COMMUNICATIONS,LEO,4,True
STARLINK-2636,48357,PAYLOAD,Non-Polar Inclined,USA,Commercial,2021-05-04,,95.59,53.06,549,546,2021,260,LARGE,US,COMMUNICATIONS,LEO,4,True
STARLINK-2628,48359,PAYLOAD,Non-Polar Inclined,USA,Commercial,2021-05-04,,95.59,53.06,548,546,2021,260,LARGE,US,COMMUNICATIONS,LEO,4,True
STARLINK-2622,48360,PAYLOAD,Non-Polar Inclined,USA,Commercial,2021-05-04,,95.59,53.06,549,545,2021,260,LARGE,US,COMMUNICATIONS,LEO,4,True
STARLINK-2591,48361,PAYLOAD,Non-Polar Inclined,USA,Commercial,2021-05-04,,95.59,53.06,550,545,2021,260,LARGE,US,COMMUNICATIONS,LEO,4,True
STARLINK-2578,48362,PAYLOAD,Non-Polar Inclined,USA,Commercial,2021-05-04,,95.59,53.05,549,546,2021,260,LARGE,US,COMMUNICATIONS,LEO,4,True
STARLINK-2608,48365,PAYLOAD,Non-Polar Inclined,USA,Commercial,2021-05-04,,95.59,53.06,548,546,2021,260,LARGE,US,COMMUNICATIONS,LEO,4,True
STARLINK-2623,48368,PAYLOAD,Non-Polar Inclined,USA,Commercial,2021-05-04,,95.59,53.06,548,546,2021,260,LARGE,US,COMMUNICATIONS,LEO,4,True
STARLINK-2641,48369,PAYLOAD,Non-Polar Inclined,USA,Commercial,2021-05-04,2025-04-07,87.57,53.05,157,151,2021,260,LARGE,US,COMMUNICATIONS,LEO,4,False
STARLINK-2589,48371,PAYLOAD,Non-Polar Inclined,USA,Commercial,2021-05-04,,95.59,53.05,549,546,2021,260,LARGE,US,COMMUNICATIONS,LEO,4,True
STARLINK-2572,48372,PAYLOAD,Non-Polar Inclined,USA,Commercial,2021-05-04,2024-08-29,89.78,53.04,271,256,2021,260,LARGE,US,COMMUNICATIONS,LEO,4,False
STARLINK-2609,48373,PAYLOAD,Non-Polar Inclined,USA,Commercial,2021-05-04,,95.59,53.06,549,546,2021,260,LARGE,US,COMMUNICATIONS,LEO,4,True
STARLINK-2526,48378,PAYLOAD,Non-Polar Inclined,USA,Commercial,2021-05-04,,95.59,53.06,548,546,2021,260,LARGE,US,COMMUNICATIONS,LEO,4,True
STARLINK-2612,48379,PAYLOAD,Non-Polar Inclined,USA,Commercial,2021-05-04,,95.59,53.06,548,546,2021,260,LARGE,US,COMMUNICATIONS,LEO,4,True
STARLINK-2614,48380,PAYLOAD,Non-Polar Inclined,USA,Commercial,2021-05-04,,95.59,53.06,548,546,2021,260,LARGE,US,COMMUNICATIONS,LEO,4,True
STARLINK-2630,48381,PAYLOAD,Non-Polar Inclined,USA,Commercial,2021-05-04,,95.59,53.06,548,546,2021,260,LARGE,US,COMMUNICATIONS,LEO,4,True
STARLINK-2598,48385,PAYLOAD,Non-Polar Inclined,USA,Commercial,2021-05-04,,95.59,53.06,548,546,2021,260,LARGE,US,COMMUNICATIONS,LEO,4,True
STARLINK-2606,48386,PAYLOAD,Non-Polar Inclined,USA,Commercial,2021-05-04,,95.59,53.05,548,546,2021,260,LARGE,US,COMMUNICATIONS,LEO,4,True
STARLINK-2600,48387,PAYLOAD,Non-Polar Inclined,USA,Commercial,2021-05-04,2024-12-07,87.93,53.03,175,169,2021,260,LARGE,US,COMMUNICATIONS,LEO,4,False
STARLINK-2607,48391,PAYLOAD,Non-Polar Inclined,USA,Commercial,2021-05-04,,95.59,53.06,548,547,2021,260,LARGE,US,COMMUNICATIONS,LEO,4,True
STARLINK-2605,48392,PAYLOAD,Non-Polar Inclined,USA,Commercial,2021-05-04,,95.59,53.06,548,546,2021,260,LARGE,US,COMMUNICATIONS,LEO,4,True
STARLINK-2602,48393,PAYLOAD,Non-Polar Inclined,USA,Commercial,2021-05-04,2025-02-03,87.82,53.05,170,163,2021,260,LARGE,US,COMMUNICATIONS,LEO,4,False
STARLINK-2574,48395,PAYLOAD,Non-Polar Inclined,USA,Commercial,2021-05-04,,95.59,53.06,548,546,2021,260,LARGE,US,COMMUNICATIONS,LEO,4,True
STARLINK-2575,48396,PAYLOAD,Non-Polar Inclined,USA,Commercial,2021-05-04,,95.59,53.05,548,546,2021,260,LARGE,US,COMMUNICATIONS,LEO,4,True
STARLINK-2588,48398,PAYLOAD,Non-Polar Inclined,USA,Commercial,2021-05-04,,95.59,53.06,548,546,2021,260,LARGE,US,COMMUNICATIONS,LEO,4,True
STARLINK-2587,48399,PAYLOAD,Non-Polar Inclined,USA,Commercial,2021-05-04,,95.59,53.06,548,546,2021,260,LARGE,US,COMMUNICATIONS,LEO,4,True
STARLINK-2576,48400,PAYLOAD,Non-Polar Inclined,USA,Commercial,2021-05-04,,95.59,53.06,549,546,2021,260,LARGE,US,COMMUNICATIONS,LEO,4,True
STARLINK-2571,48401,PAYLOAD,Non-Polar Inclined,USA,Commercial,2021-05-04,,95.59,53.06,548,546,2021,260,LARGE,US,COMMUNICATIONS,LEO,4,True
STARLINK-2560,48402,PAYLOAD,Non-Polar Inclined,USA,Commercial,2021-05-04,2024-08-30,89.56,53.04,258,248,2021,260,LARGE,US,COMMUNICATIONS,LEO,4,False
STARLINK-2561,48403,PAYLOAD,Non-Polar Inclined,USA,Commercial,2021-05-04,2025-03-24,87.95,53.04,174,171,2021,260,LARGE,US,COMMUNICATIONS,LEO,4,False
STARLINK-2593,48404,PAYLOAD,Non-Polar Inclined,USA,Commercial,2021-05-04,,95.59,53.06,548,546,2021,260,LARGE,US,COMMUNICATIONS,LEO,4,True
STARLINK-2570,48405,PAYLOAD,Non-Polar Inclined,USA,Commercial,2021-05-04,,95.59,53.06,548,546,2021,260,LARGE,US,COMMUNICATIONS,LEO,4,True
STARLINK-2568,48406,PAYLOAD,Non-Polar Inclined,USA,Commercial,2021-05-04,,95.59,53.06,548,546,2021,260,LARGE,US,COMMUNICATIONS,LEO,4,True
STARLINK-2595,48407,PAYLOAD,Non-Polar Inclined,USA,Commercial,2021-05-04,,94.24,53.05,485,478,2021,260,LARGE,US,COMMUNICATIONS,LEO,4,True
STARLINK-2505,48411,PAYLOAD,Non-Polar Inclined,USA,Commercial,2021-05-04,,95.59,53.05,549,546,2021,260,LARGE,US,COMMUNICATIONS,LEO,4,True
STARLINK-2581,48412,PAYLOAD,Non-Polar Inclined,USA,Commercial,2021-05-04,,95.59,53.06,549,545,2021,260,LARGE,US,COMMUNICATIONS,LEO,4,True
STARLINK-2749,48429,PAYLOAD,Non-Polar Inclined,USA,Commercial,2021-05-09,2025-01-10,88.26,53.03,190,187,2021,260,LARGE,US,COMMUNICATIONS,LEO,4,False
STARLINK-2700,48431,PAYLOAD,Non-Polar Inclined,USA,Commercial,2021-05-09,,95.59,53.05,548,546,2021,260,LARGE,US,COMMUNICATIONS,LEO,4,True
STARLINK-2680,48432,PAYLOAD,Non-Polar Inclined,USA,Commercial,2021-05-09,,95.59,53.05,548,546,2021,260,LARGE,US,COMMUNICATIONS,LEO,4,True
STARLINK-2692,48434,PAYLOAD,Non-Polar Inclined,USA,Commercial,2021-05-09,,95.59,53.05,549,546,2021,260,LARGE,US,COMMUNICATIONS,LEO,4,True
STARLINK-2642,48437,PAYLOAD,Non-Polar Inclined,USA,Commercial,2021-05-09,,95.59,53.06,549,546,2021,260,LARGE,US,COMMUNICATIONS,LEO,4,True
STARLINK-2640,48438,PAYLOAD,Non-Polar Inclined,USA,Commercial,2021-05-09,,95.59,53.05,548,546,2021,260,LARGE,US,COMMUNICATIONS,LEO,4,True
STARLINK-2583,48439,PAYLOAD,Non-Polar Inclined,USA,Commercial,2021-05-09,,95.59,53.05,548,546,2021,260,LARGE,US,COMMUNICATIONS,LEO,4,True
STARLINK-2682,48440,PAYLOAD,Non-Polar Inclined,USA,Commercial,2021-05-09,,95.59,53.05,548,546,2021,260,LARGE,US,COMMUNICATIONS,LEO,4,True
STARLINK-2702,48441,PAYLOAD,Non-Polar Inclined,USA,Commercial,2021-05-09,,95.59,53.05,548,546,2021,260,LARGE,US,COMMUNICATIONS,LEO,4,True
STARLINK-2663,48443,PAYLOAD,Non-Polar Inclined,USA,Commercial,2021-05-09,,95.59,53.06,548,546,2021,260,LARGE,US,COMMUNICATIONS,LEO,4,True
STARLINK-2634,48445,PAYLOAD,Non-Polar Inclined,USA,Commercial,2021-05-09,,95.59,53.05,548,546,2021,260,LARGE,US,COMMUNICATIONS,LEO,4,True
STARLINK-2247,48446,PAYLOAD,Non-Polar Inclined,USA,Commercial,2021-05-09,2024-09-14,88.82,53.04,219,213,2021,260,LARGE,US,COMMUNICATIONS,LEO,4,False
STARLINK-2269,48447,PAYLOAD,Non-Polar Inclined,USA,Commercial,2021-05-09,2024-05-16,87.77,53.04,167,160,2021,260,LARGE,US,COMMUNICATIONS,LEO,4,False
STARLINK-2632,48448,PAYLOAD,Non-Polar Inclined,USA,Commercial,2021-05-09,2024-08-13,90.59,53.04,312,295,2021,260,LARGE,US,COMMUNICATIONS,LEO,4,False
STARLINK-2655,48449,PAYLOAD,Non-Polar Inclined,USA,Commercial,2021-05-09,,95.59,53.06,548,546,2021,260,LARGE,US,COMMUNICATIONS,LEO,4,True
STARLINK-2497,48455,PAYLOAD,Non-Polar Inclined,USA,Commercial,2021-05-09,,95.59,53.06,548,546,2021,260,LARGE,US,COMMUNICATIONS,LEO,4,True
STARLINK-2579,48459,PAYLOAD,Non-Polar Inclined,USA,Commercial,2021-05-09,,95.59,53.05,548,546,2021,260,LARGE,US,COMMUNICATIONS,LEO,4,True
STARLINK-2693,48461,PAYLOAD,Non-Polar Inclined,USA,Commercial,2021-05-09,2025-03-27,88.22,53.03,190,183,2021,260,LARGE,US,COMMUNICATIONS,LEO,4,False
STARLINK-2689,48463,PAYLOAD,Non-Polar Inclined,USA,Commercial,2021-05-09,2025-01-10,87.92,53.03,175,169,2021,260,LARGE,US,COMMUNICATIONS,LEO,4,False
STARLINK-2686,48464,PAYLOAD,Non-Polar Inclined,USA,Commercial,2021-05-09,,95.59,53.05,548,546,2021,260,LARGE,US,COMMUNICATIONS,LEO,4,True
STARLINK-2681,48465,PAYLOAD,Non-Polar Inclined,USA,Commercial,2021-05-09,,95.59,53.05,548,546,2021,260,LARGE,US,COMMUNICATIONS,LEO,4,True
STARLINK-2687,48466,PAYLOAD,Non-Polar Inclined,USA,Commercial,2021-05-09,,95.59,53.05,548,546,2021,260,LARGE,US,COMMUNICATIONS,LEO,4,True
STARLINK-2685,48468,PAYLOAD,Non-Polar Inclined,USA,Commercial,2021-05-09,,95.59,53.05,548,546,2021,260,LARGE,US,COMMUNICATIONS,LEO,4,True
STARLINK-2661,48469,PAYLOAD,Non-Polar Inclined,USA,Commercial,2021-05-09,,95.59,53.05,548,546,2021,260,LARGE,US,COMMUNICATIONS,LEO,4,True
STARLINK-2675,48470,PAYLOAD,Non-Polar Inclined,USA,Commercial,2021-05-09,,95.59,53.05,548,546,2021,260,LARGE,US,COMMUNICATIONS,LEO,4,True
STARLINK-2684,48471,PAYLOAD,Non-Polar Inclined,USA,Commercial,2021-05-09,,95.59,53.05,548,546,2021,260,LARGE,US,COMMUNICATIONS,LEO,4,True
STARLINK-2697,48474,PAYLOAD,Non-Polar Inclined,USA,Commercial,2021-05-09,,95.59,53.05,548,546,2021,260,LARGE,US,COMMUNICATIONS,LEO,4,True
STARLINK-2619,48475,PAYLOAD,Non-Polar Inclined,USA,Commercial,2021-05-09,,94.37,53.04,495,481,2021,260,LARGE,US,COMMUNICATIONS,LEO,4,True
STARLINK-2723,48476,PAYLOAD,Non-Polar Inclined,USA,Commercial,2021-05-09,2024-12-25,87.39,53.02,146,144,2021,260,LARGE,US,COMMUNICATIONS,LEO,4,False
STARLINK-2728,48478,PAYLOAD,Non-Polar Inclined,USA,Commercial,2021-05-09,,95.59,53.05,548,546,2021,260,LARGE,US,COMMUNICATIONS,LEO,4,True
STARLINK-2755,48479,PAYLOAD,Non-Polar Inclined,USA,Commercial,2021-05-09,,95.59,53.05,548,546,2021,260,LARGE,US,COMMUNICATIONS,LEO,4,True
STARLINK-2690,48480,PAYLOAD,Non-Polar Inclined,USA,Commercial,2021-05-09,2024-08-17,90.76,53.05,320,304,2021,260,LARGE,US,COMMUNICATIONS,LEO,4,False
STARLINK-2706,48481,PAYLOAD,Non-Polar Inclined,USA,Commercial,2021-05-09,,95.59,53.05,548,546,2021,260,LARGE,US,COMMUNICATIONS,LEO,4,True
STARLINK-2063,48553,PAYLOAD,Non-Polar Inclined,USA,Commercial,2021-05-15,,95.59,53.05,548,546,2021,260,LARGE,US,COMMUNICATIONS,LEO,4,True
STARLINK-2145,48555,PAYLOAD,Non-Polar Inclined,USA,Commercial,2021-05-15,,95.59,53.05,548,546,2021,260,LARGE,US,COMMUNICATIONS,LEO,4,True
STARLINK-2151,48556,PAYLOAD,Non-Polar Inclined,USA,Commercial,2021-05-15,,95.59,53.05,548,546,2021,260,LARGE,US,COMMUNICATIONS,LEO,4,True
STARLINK-2155,48557,PAYLOAD,Non-Polar Inclined,USA,Commercial,2021-05-15,,95.59,53.05,548,546,2021,260,LARGE,US,COMMUNICATIONS,LEO,4,True
STARLINK-2166,48558,PAYLOAD,Non-Polar Inclined,USA,Commercial,2021-05-15,,95.59,53.05,548,546,2021,260,LARGE,US,COMMUNICATIONS,LEO,4,True
STARLINK-2167,48559,PAYLOAD,Non-Polar Inclined,USA,Commercial,2021-05-15,2024-05-24,88.07,53.03,181,177,2021,260,LARGE,US,COMMUNICATIONS,LEO,4,False
STARLINK-2186,48561,PAYLOAD,Non-Polar Inclined,USA,Commercial,2021-05-15,2024-06-26,88.69,53.04,216,203,2021,260,LARGE,US,COMMUNICATIONS,LEO,4,False
STARLINK-2190,48564,PAYLOAD,Non-Polar Inclined,USA,Commercial,2021-05-15,,95.59,53.05,549,546,2021,260,LARGE,US,COMMUNICATIONS,LEO,4,True
STARLINK-2191,48565,PAYLOAD,Non-Polar Inclined,USA,Commercial,2021-05-15,,92.24,53.04,388,380,2021,260,LARGE,US,COMMUNICATIONS,LEO,4,True
STARLINK-2215,48567,PAYLOAD,Non-Polar Inclined,USA,Commercial,2021-05-15,2024-05-22,87.78,53.03,165,164,2021,260,LARGE,US,COMMUNICATIONS,LEO,4,False
STARLINK-2217,48568,PAYLOAD,Non-Polar Inclined,USA,Commercial,2021-05-15,,95.59,53.05,548,546,2021,260,LARGE,US,COMMUNICATIONS,LEO,4,True
STARLINK-2219,48569,PAYLOAD,Non-Polar Inclined,USA,Commercial,2021-05-15,,95.59,53.05,548,546,2021,260,LARGE,US,COMMUNICATIONS,LEO,4,True
STARLINK-2220,48570,PAYLOAD,Non-Polar Inclined,USA,Commercial,2021-05-15,,95.59,53.05,548,546,2021,260,LARGE,US,COMMUNICATIONS,LEO,4,True
STARLINK-2221,48571,PAYLOAD,Non-Polar Inclined,USA,Commercial,2021-05-15,,95.59,53.05,548,546,2021,260,LARGE,US,COMMUNICATIONS,LEO,4,True
STARLINK-2227,48575,PAYLOAD,Non-Polar Inclined,USA,Commercial,2021-05-15,,95.59,53.05,548,546,2021,260,LARGE,US,COMMUNICATIONS,LEO,4,True
STARLINK-2228,48576,PAYLOAD,Non-Polar Inclined,USA,Commercial,2021-05-15,,95.59,53.05,548,546,2021,260,LARGE,US,COMMUNICATIONS,LEO,4,True
STARLINK-2233,48579,PAYLOAD,Non-Polar Inclined,USA,Commercial,2021-05-15,2024-05-15,88.87,53.04,222,215,2021,260,LARGE,US,COMMUNICATIONS,LEO,4,False
STARLINK-2235,48581,PAYLOAD,Non-Polar Inclined,USA,Commercial,2021-05-15,,95.59,53.05,548,546,2021,260,LARGE,US,COMMUNICATIONS,LEO,4,True
STARLINK-2236,48582,PAYLOAD,Non-Polar Inclined,USA,Commercial,2021-05-15,,95.59,53.05,548,546,2021,260,LARGE,US,COMMUNICATIONS,LEO,4,True
STARLINK-2237,48583,PAYLOAD,Non-Polar Inclined,USA,Commercial,2021-05-15,,95.59,53.05,548,546,2021,260,LARGE,US,COMMUNICATIONS,LEO,4,True
STARLINK-2238,48584,PAYLOAD,Non-Polar Inclined,USA,Commercial,2021-05-15,,95.59,53.05,548,546,2021,260,LARGE,US,COMMUNICATIONS,LEO,4,True
STARLINK-2240,48585,PAYLOAD,Non-Polar Inclined,USA,Commercial,2021-05-15,2025-01-01,87.49,53.02,153,147,2021,260,LARGE,US,COMMUNICATIONS,LEO,4,False
STARLINK-2241,48586,PAYLOAD,Non-Polar Inclined,USA,Commercial,2021-05-15,,95.59,53.05,548,546,2021,260,LARGE,US,COMMUNICATIONS,LEO,4,True
STARLINK-2245,48589,PAYLOAD,Non-Polar Inclined,USA,Commercial,2021-05-15,,95.59,53.05,548,546,2021,260,LARGE,US,COMMUNICATIONS,LEO,4,True
STARLINK-2248,48591,PAYLOAD,Non-Polar Inclined,USA,Commercial,2021-05-15,2024-05-22,88.06,53.04,180,178,2021,260,LARGE,US,COMMUNICATIONS,LEO,4,False
STARLINK-2252,48595,PAYLOAD,Non-Polar Inclined,USA,Commercial,2021-05-15,,95.59,53.05,548,546,2021,260,LARGE,US,COMMUNICATIONS,LEO,4,True
STARLINK-2256,48598,PAYLOAD,Non-Polar Inclined,USA,Commercial,2021-05-15,2024-05-04,87.85,53.03,171,165,2021,260,LARGE,US,COMMUNICATIONS,LEO,4,False
STARLINK-2274,48599,PAYLOAD,Non-Polar Inclined,USA,Commercial,2021-05-15,2024-05-14,88.04,53.04,180,176,2021,260,LARGE,US,COMMUNICATIONS,LEO,4,False
STARLINK-2275,48600,PAYLOAD,Non-Polar Inclined,USA,Commercial,2021-05-15,,93.44,53.05,444,442,2021,260,LARGE,US,COMMUNICATIONS,LEO,4,True
STARLINK-2713,48602,PAYLOAD,Non-Polar Inclined,USA,Commercial,2021-05-15,,95.59,53.06,549,546,2021,260,LARGE,US,COMMUNICATIONS,LEO,4,True
STARLINK-2714,48603,PAYLOAD,Non-Polar Inclined,USA,Commercial,2021-05-15,,95.59,53.05,548,546,2021,260,LARGE,US,COMMUNICATIONS,LEO,4,True
STARLINK-2757,48604,PAYLOAD,Non-Polar Inclined,USA,Commercial,2021-05-15,,95.59,53.05,548,546,2021,260,LARGE,US,COMMUNICATIONS,LEO,4,True
STARLINK-2736,48640,PAYLOAD,Non-Polar Inclined,USA,Commercial,2021-05-26,,95.59,53.05,548,546,2021,260,LARGE,US,COMMUNICATIONS,LEO,4,True
STARLINK-2754,48641,PAYLOAD,Non-Polar Inclined,USA,Commercial,2021-05-26,,95.59,53.05,548,546,2021,260,LARGE,US,COMMUNICATIONS,LEO,4,True
STARLINK-2704,48643,PAYLOAD,Non-Polar Inclined,USA,Commercial,2021-05-26,,95.59,53.05,548,546,2021,260,LARGE,US,COMMUNICATIONS,LEO,4,True
STARLINK-2691,48647,PAYLOAD,Non-Polar Inclined,USA,Commercial,2021-05-26,2025-01-28,87.73,53.04,166,158,2021,260,LARGE,US,COMMUNICATIONS,LEO,4,False
STARLINK-2673,48649,PAYLOAD,Non-Polar Inclined,USA,Commercial,2021-05-26,,95.59,53.05,548,546,2021,260,LARGE,US,COMMUNICATIONS,LEO,4,True
STARLINK-2672,48650,PAYLOAD,Non-Polar Inclined,USA,Commercial,2021-05-26,,95.59,53.05,548,546,2021,260,LARGE,US,COMMUNICATIONS,LEO,4,True
STARLINK-2727,48652,PAYLOAD,Non-Polar Inclined,USA,Commercial,2021-05-26,,95.59,53.05,548,546,2021,260,LARGE,US,COMMUNICATIONS,LEO,4,True
STARLINK-2651,48654,PAYLOAD,Non-Polar Inclined,USA,Commercial,2021-05-26,,95.59,53.05,548,546,2021,260,LARGE,US,COMMUNICATIONS,LEO,4,True
STARLINK-2701,48656,PAYLOAD,Non-Polar Inclined,USA,Commercial,2021-05-26,,95.59,53.05,548,546,2021,260,LARGE,US,COMMUNICATIONS,LEO,4,True
STARLINK-2717,48659,PAYLOAD,Non-Polar Inclined,USA,Commercial,2021-05-26,,95.59,53.05,548,546,2021,260,LARGE,US,COMMUNICATIONS,LEO,4,True
STARLINK-2708,48661,PAYLOAD,Non-Polar Inclined,USA,Commercial,2021-05-26,2024-07-21,87.37,53,149,139,2021,260,LARGE,US,COMMUNICATIONS,LEO,4,False
STARLINK-2726,48662,PAYLOAD,Non-Polar Inclined,USA,Commercial,2021-05-26,,95.59,53.05,548,546,2021,260,LARGE,US,COMMUNICATIONS,LEO,4,True
STARLINK-2667,48663,PAYLOAD,Non-Polar Inclined,USA,Commercial,2021-05-26,,95.59,53.05,548,546,2021,260,LARGE,US,COMMUNICATIONS,LEO,4,True
STARLINK-2709,48664,PAYLOAD,Non-Polar Inclined,USA,Commercial,2021-05-26,2025-03-27,87.54,53.03,158,147,2021,260,LARGE,US,COMMUNICATIONS,LEO,4,False
STARLINK-2653,48665,PAYLOAD,Non-Polar Inclined,USA,Commercial,2021-05-26,2024-05-22,88.41,53.03,197,195,2021,260,LARGE,US,COMMUNICATIONS,LEO,4,False
STARLINK-2666,48666,PAYLOAD,Non-Polar Inclined,USA,Commercial,2021-05-26,,95.59,53.05,548,546,2021,260,LARGE,US,COMMUNICATIONS,LEO,4,True
STARLINK-2735,48667,PAYLOAD,Non-Polar Inclined,USA,Commercial,2021-05-26,,95.59,53.05,548,546,2021,260,LARGE,US,COMMUNICATIONS,LEO,4,True
STARLINK-2738,48668,PAYLOAD,Non-Polar Inclined,USA,Commercial,2021-05-26,,95.59,53.05,548,546,2021,260,LARGE,US,COMMUNICATIONS,LEO,4,True
STARLINK-2707,48669,PAYLOAD,Non-Polar Inclined,USA,Commercial,2021-05-26,,95.59,53.05,548,546,2021,260,LARGE,US,COMMUNICATIONS,LEO,4,True
STARLINK-2763,48670,PAYLOAD,Non-Polar Inclined,USA,Commercial,2021-05-26,,95.59,53.05,548,546,2021,260,LARGE,US,COMMUNICATIONS,LEO,4,True
STARLINK-2745,48671,PAYLOAD,Non-Polar Inclined,USA,Commercial,2021-05-26,,95.59,53.05,549,546,2021,260,LARGE,US,COMMUNICATIONS,LEO,4,True
STARLINK-2705,48672,PAYLOAD,Non-Polar Inclined,USA,Commercial,2021-05-26,,95.59,53.05,548,546,2021,260,LARGE,US,COMMUNICATIONS,LEO,4,True
STARLINK-2712,48674,PAYLOAD,Non-Polar Inclined,USA,Commercial,2021-05-26,,95.59,53.05,548,547,2021,260,LARGE,US,COMMUNICATIONS,LEO,4,True
STARLINK-2737,48675,PAYLOAD,Non-Polar Inclined,USA,Commercial,2021-05-26,2025-02-01,88.11,53.04,181,180,2021,260,LARGE,US,COMMUNICATIONS,LEO,4,False
STARLINK-2746,48676,PAYLOAD,Non-Polar Inclined,USA,Commercial,2021-05-26,,95.59,53.05,548,546,2021,260,LARGE,US,COMMUNICATIONS,LEO,4,True
STARLINK-2649,48680,PAYLOAD,Non-Polar Inclined,USA,Commercial,2021-05-26,2025-04-18,88.47,53.03,201,197,2021,260,LARGE,US,COMMUNICATIONS,LEO,4,False
STARLINK-2743,48682,PAYLOAD,Non-Polar Inclined,USA,Commercial,2021-05-26,,95.59,53.05,548,546,2021,260,LARGE,US,COMMUNICATIONS,LEO,4,True
STARLINK-2629,48686,PAYLOAD,Non-Polar Inclined,USA,Commercial,2021-05-26,,95.59,53.05,548,546,2021,260,LARGE,US,COMMUNICATIONS,LEO,4,True
STARLINK-2617,48689,PAYLOAD,Non-Polar Inclined,USA,Commercial,2021-05-26,2025-01-12,88.09,53.03,185,174,2021,260,LARGE,US,COMMUNICATIONS,LEO,4,False
STARLINK-2740,48690,PAYLOAD,Non-Polar Inclined,USA,Commercial,2021-05-26,,95.59,53.05,548,546,2021,260,LARGE,US,COMMUNICATIONS,LEO,4,True
STARLINK-2750,48691,PAYLOAD,Non-Polar Inclined,USA,Commercial,2021-05-26,,95.59,53.05,548,546,2021,260,LARGE,US,COMMUNICATIONS,LEO,4,True
STARLINK-2752,48692,PAYLOAD,Non-Polar Inclined,USA,Commercial,2021-05-26,,95.59,53.05,548,546,2021,260,LARGE,US,COMMUNICATIONS,LEO,4,True
STARLINK-2618,48693,PAYLOAD,Non-Polar Inclined,USA,Commercial,2021-05-26,,95.59,53.05,548,546,2021,260,LARGE,US,COMMUNICATIONS,LEO,4,True
STARLINK-2748,48694,PAYLOAD,Non-Polar Inclined,USA,Commercial,2021-05-26,,95.59,53.05,548,546,2021,260,LARGE,US,COMMUNICATIONS,LEO,4,True
ONEWEB-0211,48767,PAYLOAD,Polar,United Kingdom,Commercial,2021-05-28,,109.42,87.91,1201,1199,2021,148,LARGE,UK,COMMUNICATIONS,LEO,5,True
ONEWEB-0223,48768,PAYLOAD,Polar,United Kingdom,Commercial,2021-05-28,,109.46,87.91,1203,1201,2021,148,LARGE,UK,COMMUNICATIONS,LEO,5,True
ONEWEB-0237,48770,PAYLOAD,Polar,United Kingdom,Commercial,2021-05-28,,109.46,87.91,1203,1201,2021,148,MEDIUM,UK,COMMUNICATIONS,LEO,5,True
ONEWEB-0235,48771,PAYLOAD,Polar,United Kingdom,Commercial,2021-05-28,,109.46,87.91,1203,1201,2021,148,MEDIUM,UK,COMMUNICATIONS,LEO,5,True
ONEWEB-0241,48773,PAYLOAD,Polar,United Kingdom,Commercial,2021-05-28,,109.46,87.91,1203,1201,2021,148,LARGE,UK,COMMUNICATIONS,LEO,5,True
ONEWEB-0243,48774,PAYLOAD,Polar,United Kingdom,Commercial,2021-05-28,,109.46,87.91,1203,1201,2021,148,MEDIUM,UK,COMMUNICATIONS,LEO,5,True
ONEWEB-0222,48775,PAYLOAD,Polar,United Kingdom,Commercial,2021-05-28,,109.46,87.91,1203,1201,2021,148,LARGE,UK,COMMUNICATIONS,LEO,5,True
ONEWEB-0244,48776,PAYLOAD,Polar,United Kingdom,Commercial,2021-05-28,,109.46,87.91,1203,1200,2021,148,MEDIUM,UK,COMMUNICATIONS,LEO,5,True
ONEWEB-0247,48777,PAYLOAD,Polar,United Kingdom,Commercial,2021-05-28,,109.46,87.91,1203,1201,2021,148,LARGE,UK,COMMUNICATIONS,LEO,5,True
ONEWEB-0245,48778,PAYLOAD,Polar,United Kingdom,Commercial,2021-05-28,,109.46,87.91,1203,1201,2021,148,MEDIUM,UK,COMMUNICATIONS,LEO,5,True
ONEWEB-0229,48779,PAYLOAD,Polar,United Kingdom,Commercial,2021-05-28,,109.46,87.91,1204,1200,2021,148,LARGE,UK,COMMUNICATIONS,LEO,5,True
ONEWEB-0232,48781,PAYLOAD,Polar,United Kingdom,Commercial,2021-05-28,,109.46,87.91,1203,1200,2021,148,LARGE,UK,COMMUNICATIONS,LEO,5,True
ONEWEB-0240,48785,PAYLOAD,Polar,United Kingdom,Commercial,2021-05-28,,109.46,87.91,1203,1201,2021,148,LARGE,UK,COMMUNICATIONS,LEO,5,True
ONEWEB-0246,48786,PAYLOAD,Polar,United Kingdom,Commercial,2021-05-28,,109.46,87.91,1203,1200,2021,148,MEDIUM,UK,COMMUNICATIONS,LEO,5,True
ONEWEB-0212,48791,PAYLOAD,Polar,United Kingdom,Commercial,2021-05-28,,109.46,87.91,1204,1199,2021,148,LARGE,UK,COMMUNICATIONS,LEO,5,True
ONEWEB-0236,48797,PAYLOAD,Polar,United Kingdom,Commercial,2021-05-28,,109.46,87.91,1203,1201,2021,148,LARGE,UK,COMMUNICATIONS,LEO,5,True
ONEWEB-0248,48798,PAYLOAD,Polar,United Kingdom,Commercial,2021-05-28,,109.46,87.91,1203,1201,2021,148,LARGE,UK,COMMUNICATIONS,LEO,5,True
ONEWEB-0225,48799,PAYLOAD,Polar,United Kingdom,Commercial,2021-05-28,,109.46,87.91,1203,1201,2021,148,LARGE,UK,COMMUNICATIONS,LEO,5,True
ONEWEB-0216,48801,PAYLOAD,Polar,United Kingdom,Commercial,2021-05-28,,109.46,87.91,1203,1200,2021,148,LARGE,UK,COMMUNICATIONS,LEO,5,True
ONEWEB-0239,48802,PAYLOAD,Polar,United Kingdom,Commercial,2021-05-28,,109.46,87.91,1203,1201,2021,148,LARGE,UK,COMMUNICATIONS,LEO,5,True
XM-8,48838,PAYLOAD,,USA,Commercial,2021-06-06,,1436.12,0.02,35800,35774,2021,7000,LARGE,US,COMMUNICATIONS,GEO,15,True
COSMOS 2550,48865,PAYLOAD,Polar,Russia,Military,2021-06-25,,93.88,67.14,470,459,2021,6500,LARGE,CIS,EARTH OBSERVATION,LEO,5,True
STORK-5 (MARTA),48872,PAYLOAD,Non-Polar Inclined,Poland,Commercial,2021-06-30,2023-10-22,87.56,60.65,156,151,2021,5,MEDIUM,POL,EARTH OBSERVATION,LEO,5,False
STORK-4,48873,PAYLOAD,Non-Polar Inclined,Poland,Commercial,2021-06-30,2023-10-03,87.8,60.67,170,161,2021,5,MEDIUM,POL,EARTH OBSERVATION,LEO,5,False
STARLINK-3003,48879,PAYLOAD,Sun-Synchronous,USA,Commercial,2021-06-30,2024-08-30,89.44,97.64,250,244,2021,260,LARGE,US,COMMUNICATIONS,LEO,4,False
STARLINK-3004,48880,PAYLOAD,Sun-Synchronous,USA,Commercial,2021-06-30,,95.92,97.66,564,562,2021,260,LARGE,US,COMMUNICATIONS,LEO,4,True
STARLINK-3005,48881,PAYLOAD,Sun-Synchronous,USA,Commercial,2021-06-30,,95.92,97.66,565,561,2021,260,LARGE,US,COMMUNICATIONS,LEO,4,True
SPACEBEENZ-10,48882,PAYLOAD,Sun-Synchronous,USA,Commercial,2021-06-30,2023-09-15,88.55,97.56,212,194,2021,2,SMALL,NZ,COMMUNICATIONS,LEO,2,False
SPACEBEE-100,48883,PAYLOAD,Sun-Synchronous,USA,Commercial,2021-06-30,2024-03-14,88.47,97.58,207,191,2021,2,SMALL,US,COMMUNICATIONS,LEO,2,False
SPACEBEE-101,48884,PAYLOAD,Sun-Synchronous,USA,Commercial,2021-06-30,2024-03-28,87.42,97.58,161,133,2021,2,SMALL,US,COMMUNICATIONS,LEO,2,False
SPACEBEENZ-9,48887,PAYLOAD,Sun-Synchronous,USA,Commercial,2021-06-30,2023-09-15,88.7,97.57,220,201,2021,2,SMALL,NZ,COMMUNICATIONS,LEO,2,False
SPACEBEE-103,48888,PAYLOAD,Sun-Synchronous,USA,Commercial,2021-06-30,2024-03-12,88.12,97.59,190,173,2021,2,SMALL,US,COMMUNICATIONS,LEO,2,False
SPACEBEE-106,48893,PAYLOAD,Sun-Synchronous,USA,Commercial,2021-06-30,2024-03-30,88.87,97.58,227,210,2021,2,MEDIUM,US,COMMUNICATIONS,LEO,2,False
SPACEBEE-107,48894,PAYLOAD,Sun-Synchronous,USA,Commercial,2021-06-30,2024-03-01,87.73,97.58,170,154,2021,2,SMALL,US,COMMUNICATIONS,LEO,2,False
SPACEBEE-108,48895,PAYLOAD,Sun-Synchronous,USA,Commercial,2021-06-30,2024-03-30,89.07,97.59,236,221,2021,2,SMALL,US,COMMUNICATIONS,LEO,2,False
SPACEBEE-110,48899,PAYLOAD,Sun-Synchronous,USA,Commercial,2021-06-30,2024-03-06,88.19,97.59,193,176,2021,2,SMALL,US,COMMUNICATIONS,LEO,2,False
SPACEBEE-111,48904,PAYLOAD,Sun-Synchronous,USA,Commercial,2021-06-30,2024-02-17,87.98,97.59,182,167,2021,2,SMALL,US,COMMUNICATIONS,LEO,2,False
ONEWEB-0249,48967,PAYLOAD,Polar,United Kingdom,Commercial,2021-07-01,,109.37,87.9,1199,1196,2021,148,LARGE,UK,COMMUNICATIONS,LEO,5,True
ONEWEB-0252,48970,PAYLOAD,Polar,United Kingdom,Commercial,2021-07-01,,109.37,87.9,1199,1196,2021,148,LARGE,UK,COMMUNICATIONS,LEO,5,True
ONEWEB-0253,48971,PAYLOAD,Polar,United Kingdom,Commercial,2021-07-01,,109.37,87.9,1199,1197,2021,148,LARGE,UK,COMMUNICATIONS,LEO,5,True
ONEWEB-0254,48972,PAYLOAD,Polar,United Kingdom,Commercial,2021-07-01,,109.37,87.9,1199,1197,2021,148,LARGE,UK,COMMUNICATIONS,LEO,5,True
ONEWEB-0255,48973,PAYLOAD,Polar,United Kingdom,Commercial,2021-07-01,,109.37,87.9,1199,1197,2021,148,LARGE,UK,COMMUNICATIONS,LEO,5,True
ONEWEB-0261,48979,PAYLOAD,Polar,United Kingdom,Commercial,2021-07-01,,109.37,87.9,1199,1197,2021,148,LARGE,UK,COMMUNICATIONS,LEO,5,True
ONEWEB-0262,48980,PAYLOAD,Polar,United Kingdom,Commercial,2021-07-01,,109.37,87.9,1199,1197,2021,148,LARGE,UK,COMMUNICATIONS,LEO,5,True
ONEWEB-0267,48985,PAYLOAD,Polar,United Kingdom,Commercial,2021-07-01,,109.37,87.9,1199,1197,2021,148,LARGE,UK,COMMUNICATIONS,LEO,5,True
ONEWEB-0268,48986,PAYLOAD,Polar,United Kingdom,Commercial,2021-07-01,,109.37,87.9,1199,1196,2021,148,LARGE,UK,COMMUNICATIONS,LEO,5,True
ONEWEB-0269,48987,PAYLOAD,Polar,United Kingdom,Commercial,2021-07-01,,109.37,87.9,1199,1196,2021,148,MEDIUM,UK,COMMUNICATIONS,LEO,5,True
ONEWEB-0270,48988,PAYLOAD,Polar,United Kingdom,Commercial,2021-07-01,,109.37,87.9,1199,1197,2021,148,LARGE,UK,COMMUNICATIONS,LEO,5,True
ONEWEB-0271,48989,PAYLOAD,Polar,United Kingdom,Commercial,2021-07-01,,109.37,87.9,1199,1197,2021,148,LARGE,UK,COMMUNICATIONS,LEO,5,True
ONEWEB-0274,48992,PAYLOAD,Polar,United Kingdom,Commercial,2021-07-01,,109.37,87.9,1199,1196,2021,148,LARGE,UK,COMMUNICATIONS,LEO,5,True
ONEWEB-0275,48993,PAYLOAD,Polar,United Kingdom,Commercial,2021-07-01,,109.37,87.9,1199,1196,2021,148,LARGE,UK,COMMUNICATIONS,LEO,5,True
ONEWEB-0276,48994,PAYLOAD,Polar,United Kingdom,Commercial,2021-07-01,,109.37,87.9,1199,1197,2021,148,LARGE,UK,COMMUNICATIONS,LEO,5,True
ONEWEB-0277,48995,PAYLOAD,Polar,United Kingdom,Commercial,2021-07-01,,109.37,87.9,1199,1197,2021,148,LARGE,UK,COMMUNICATIONS,LEO,5,True
ONEWEB-0279,48997,PAYLOAD,Polar,United Kingdom,Commercial,2021-07-01,,109.37,87.9,1199,1197,2021,148,LARGE,UK,COMMUNICATIONS,LEO,5,True
ONEWEB-0280,48998,PAYLOAD,Polar,United Kingdom,Commercial,2021-07-01,,109.37,87.9,1199,1197,2021,148,LARGE,UK,COMMUNICATIONS,LEO,5,True
ONEWEB-0282,49000,PAYLOAD,Polar,United Kingdom,Commercial,2021-07-01,,109.37,87.9,1199,1197,2021,148,LARGE,UK,COMMUNICATIONS,LEO,5,True
ONEWEB-0284,49002,PAYLOAD,Polar,United Kingdom,Commercial,2021-07-01,,109.37,87.9,1199,1197,2021,148,LARGE,UK,COMMUNICATIONS,LEO,5,True
STARONE D2,49055,PAYLOAD,,Brazil,Commercial,2021-07-30,,1436.1,0.01,35791,35782,2021,6190,LARGE,BRAZ,COMMUNICATIONS,GEO,15,True
CHINASAT 2E,49062,PAYLOAD,,China,Government/Commercial,2021-08-05,,1436.14,0.02,35797,35778,2021,5200,LARGE,PRC,COMMUNICATIONS,GEO,15,True
PNEO4,49070,PAYLOAD,Sun-Synchronous,France,Commercial,2021-08-17,,97.19,97.89,625,623,2021,920,LARGE,FR,EARTH OBSERVATION,LEO,10,True
ONEWEB-0286,49076,PAYLOAD,Polar,United Kingdom,Commercial,2021-08-21,,109.77,87.89,1218,1214,2021,148,LARGE,UK,COMMUNICATIONS,LEO,5,True
ONEWEB-0287,49077,PAYLOAD,Polar,United Kingdom,Commercial,2021-08-21,,109.29,87.9,1195,1192,2021,148,LARGE,UK,COMMUNICATIONS,LEO,5,True
ONEWEB-0288,49078,PAYLOAD,Polar,United Kingdom,Commercial,2021-08-21,,109.72,87.89,1215,1212,2021,148,MEDIUM,UK,COMMUNICATIONS,LEO,5,True
ONEWEB-0291,49081,PAYLOAD,Polar,United Kingdom,Commercial,2021-08-21,,109.29,87.9,1195,1192,2021,148,LARGE,UK,COMMUNICATIONS,LEO,5,True
ONEWEB-0293,49082,PAYLOAD,Polar,United Kingdom,Commercial,2021-08-21,,109.29,87.9,1195,1192,2021,148,LARGE,UK,COMMUNICATIONS,LEO,5,True
ONEWEB-0294,49083,PAYLOAD,Polar,United Kingdom,Commercial,2021-08-21,,109.72,87.89,1215,1212,2021,148,MEDIUM,UK,COMMUNICATIONS,LEO,5,True
ONEWEB-0295,49084,PAYLOAD,Polar,United Kingdom,Commercial,2021-08-21,,109.29,87.9,1195,1192,2021,148,LARGE,UK,COMMUNICATIONS,LEO,5,True
ONEWEB-0297,49086,PAYLOAD,Polar,United Kingdom,Commercial,2021-08-21,,109.72,87.89,1215,1212,2021,148,MEDIUM,UK,COMMUNICATIONS,LEO,5,True
ONEWEB-0299,49088,PAYLOAD,Polar,United Kingdom,Commercial,2021-08-21,,109.29,87.9,1195,1192,2021,148,LARGE,UK,COMMUNICATIONS,LEO,5,True
ONEWEB-0300,49089,PAYLOAD,Polar,United Kingdom,Commercial,2021-08-21,,109.72,87.88,1215,1212,2021,148,MEDIUM,UK,COMMUNICATIONS,LEO,5,True
ONEWEB-0301,49090,PAYLOAD,Polar,United Kingdom,Commercial,2021-08-21,,109.72,87.88,1215,1212,2021,148,LARGE,UK,COMMUNICATIONS,LEO,5,True
ONEWEB-0304,49092,PAYLOAD,Polar,United Kingdom,Commercial,2021-08-21,,109.29,87.9,1195,1192,2021,148,LARGE,UK,COMMUNICATIONS,LEO,5,True
ONEWEB-0308,49094,PAYLOAD,Polar,United Kingdom,Commercial,2021-08-21,,109.72,87.88,1215,1212,2021,148,MEDIUM,UK,COMMUNICATIONS,LEO,5,True
ONEWEB-0310,49096,PAYLOAD,Polar,United Kingdom,Commercial,2021-08-21,,109.72,87.88,1215,1212,2021,148,MEDIUM,UK,COMMUNICATIONS,LEO,5,True
ONEWEB-0311,49097,PAYLOAD,Polar,United Kingdom,Commercial,2021-08-21,,109.29,87.9,1196,1192,2021,148,MEDIUM,UK,COMMUNICATIONS,LEO,5,True
ONEWEB-0312,49098,PAYLOAD,Polar,United Kingdom,Commercial,2021-08-21,,109.29,87.9,1195,1192,2021,148,LARGE,UK,COMMUNICATIONS,LEO,5,True
ONEWEB-0313,49099,PAYLOAD,Polar,United Kingdom,Commercial,2021-08-21,,109.29,87.9,1195,1192,2021,148,MEDIUM,UK,COMMUNICATIONS,LEO,5,True
ONEWEB-0315,49101,PAYLOAD,Polar,United Kingdom,Commercial,2021-08-21,,109.72,87.88,1216,1212,2021,148,MEDIUM,UK,COMMUNICATIONS,LEO,5,True
ONEWEB-0316,49102,PAYLOAD,Polar,United Kingdom,Commercial,2021-08-21,,109.2,87.91,1191,1188,2021,148,MEDIUM,UK,COMMUNICATIONS,LEO,5,True
ONEWEB-0319,49105,PAYLOAD,Polar,United Kingdom,Commercial,2021-08-21,,109.29,87.9,1196,1192,2021,148,LARGE,UK,COMMUNICATIONS,LEO,5,True
ONEWEB-0329,49107,PAYLOAD,Polar,United Kingdom,Commercial,2021-08-21,,109.29,87.9,1195,1192,2021,148,LARGE,UK,COMMUNICATIONS,LEO,5,True
ONEWEB-0330,49108,PAYLOAD,Polar,United Kingdom,Commercial,2021-08-21,,109.29,87.9,1195,1192,2021,148,LARGE,UK,COMMUNICATIONS,LEO,5,True
STARLINK-3077,49133,PAYLOAD,Polar,USA,Commercial,2021-09-14,,96.11,70,573,571,2021,260,LARGE,US,COMMUNICATIONS,LEO,4,True
STARLINK-3084,49136,PAYLOAD,Polar,USA,Commercial,2021-09-14,,96.11,70,574,570,2021,260,LARGE,US,COMMUNICATIONS,LEO,4,True
STARLINK-3055,49137,PAYLOAD,Polar,USA,Commercial,2021-09-14,,96.11,70,574,570,2021,260,LARGE,US,COMMUNICATIONS,LEO,4,True
STARLINK-3058,49138,PAYLOAD,Polar,USA,Commercial,2021-09-14,,96.11,70,574,570,2021,260,LARGE,US,COMMUNICATIONS,LEO,4,True
STARLINK-3093,49141,PAYLOAD,Polar,USA,Commercial,2021-09-14,,96.11,70,574,570,2021,260,LARGE,US,COMMUNICATIONS,LEO,4,True
STARLINK-3119,49145,PAYLOAD,Polar,USA,Commercial,2021-09-14,,96.11,70,574,570,2021,260,LARGE,US,COMMUNICATIONS,LEO,4,True
STARLINK-3116,49146,PAYLOAD,Polar,USA,Commercial,2021-09-14,,96.11,70,574,570,2021,260,LARGE,US,COMMUNICATIONS,LEO,4,True
STARLINK-3071,49147,PAYLOAD,Polar,USA,Commercial,2021-09-14,,96.11,70,575,569,2021,260,LARGE,US,COMMUNICATIONS,LEO,4,True
STARLINK-3048,49148,PAYLOAD,Polar,USA,Commercial,2021-09-14,,96.11,70,574,570,2021,260,LARGE,US,COMMUNICATIONS,LEO,4,True
STARLINK-3053,49149,PAYLOAD,Polar,USA,Commercial,2021-09-14,2025-04-10,87.52,69.99,158,145,2021,260,LARGE,US,COMMUNICATIONS,LEO,4,False
STARLINK-3102,49151,PAYLOAD,Polar,USA,Commercial,2021-09-14,,96.11,70,574,570,2021,260,LARGE,US,COMMUNICATIONS,LEO,4,True
STARLINK-3072,49153,PAYLOAD,Polar,USA,Commercial,2021-09-14,,96.11,70,574,570,2021,260,LARGE,US,COMMUNICATIONS,LEO,4,True
STARLINK-3068,49154,PAYLOAD,Polar,USA,Commercial,2021-09-14,,96.11,70,574,570,2021,260,LARGE,US,COMMUNICATIONS,LEO,4,True
STARLINK-3060,49155,PAYLOAD,Polar,USA,Commercial,2021-09-14,,96.11,70,574,570,2021,260,LARGE,US,COMMUNICATIONS,LEO,4,True
STARLINK-3085,49156,PAYLOAD,Polar,USA,Commercial,2021-09-14,,96.11,70,574,570,2021,260,LARGE,US,COMMUNICATIONS,LEO,4,True
STARLINK-3051,49157,PAYLOAD,Polar,USA,Commercial,2021-09-14,,96.11,70,574,570,2021,260,LARGE,US,COMMUNICATIONS,LEO,4,True
STARLINK-3056,49159,PAYLOAD,Polar,USA,Commercial,2021-09-14,,96.11,70,574,570,2021,260,LARGE,US,COMMUNICATIONS,LEO,4,True
STARLINK-3095,49160,PAYLOAD,Polar,USA,Commercial,2021-09-14,,96.11,70,573,571,2021,260,LARGE,US,COMMUNICATIONS,LEO,4,True
STARLINK-3080,49161,PAYLOAD,Polar,USA,Commercial,2021-09-14,,96.11,70,573,571,2021,260,LARGE,US,COMMUNICATIONS,LEO,4,True
STARLINK-3082,49162,PAYLOAD,Polar,USA,Commercial,2021-09-14,2024-11-07,87.78,69.98,170,159,2021,260,LARGE,US,COMMUNICATIONS,LEO,4,False
STARLINK-3088,49163,PAYLOAD,Polar,USA,Commercial,2021-09-14,,96.11,70,574,570,2021,260,LARGE,US,COMMUNICATIONS,LEO,4,True
STARLINK-3106,49164,PAYLOAD,Polar,USA,Commercial,2021-09-14,,96.11,70,574,570,2021,260,LARGE,US,COMMUNICATIONS,LEO,4,True
STARLINK-3052,49165,PAYLOAD,Polar,USA,Commercial,2021-09-14,,96.11,70,573,571,2021,260,LARGE,US,COMMUNICATIONS,LEO,4,True
STARLINK-3089,49166,PAYLOAD,Polar,USA,Commercial,2021-09-14,,96.11,70,574,570,2021,260,LARGE,US,COMMUNICATIONS,LEO,4,True
STARLINK-3101,49168,PAYLOAD,Polar,USA,Commercial,2021-09-14,2025-04-14,87.48,69.99,158,141,2021,260,LARGE,US,COMMUNICATIONS,LEO,4,False
STARLINK-3046,49169,PAYLOAD,Polar,USA,Commercial,2021-09-14,,96.11,70,574,570,2021,260,LARGE,US,COMMUNICATIONS,LEO,4,True
STARLINK-3074,49170,PAYLOAD,Polar,USA,Commercial,2021-09-14,2024-12-18,87.34,69.98,147,139,2021,260,LARGE,US,COMMUNICATIONS,LEO,4,False
STARLINK-3107,49171,PAYLOAD,Polar,USA,Commercial,2021-09-14,,96.11,70,574,570,2021,260,LARGE,US,COMMUNICATIONS,LEO,4,True
STARLINK-3045,49173,PAYLOAD,Polar,USA,Commercial,2021-09-14,,96.11,70,574,570,2021,260,LARGE,US,COMMUNICATIONS,LEO,4,True
STARLINK-3047,49174,PAYLOAD,Polar,USA,Commercial,2021-09-14,,93.59,69.99,455,445,2021,260,LARGE,US,COMMUNICATIONS,LEO,4,True
STARLINK-3087,49175,PAYLOAD,Polar,USA,Commercial,2021-09-14,,96.1,70,574,570,2021,260,LARGE,US,COMMUNICATIONS,LEO,4,True
STARLINK-3069,49176,PAYLOAD,Polar,USA,Commercial,2021-09-14,,96.11,70,574,570,2021,260,LARGE,US,COMMUNICATIONS,LEO,4,True
STARLINK-3103,49177,PAYLOAD,Polar,USA,Commercial,2021-09-14,,96.11,70,574,570,2021,260,LARGE,US,COMMUNICATIONS,LEO,4,True
STARLINK-3043,49179,PAYLOAD,Polar,USA,Commercial,2021-09-14,,96.11,70,574,570,2021,260,LARGE,US,COMMUNICATIONS,LEO,4,True
STARLINK-3050,49180,PAYLOAD,Polar,USA,Commercial,2021-09-14,,96.11,70,574,570,2021,260,LARGE,US,COMMUNICATIONS,LEO,4,True
ONEWEB-0292,49186,PAYLOAD,Polar,United Kingdom,Commercial,2021-09-14,,109.63,87.9,1211,1208,2021,148,LARGE,UK,COMMUNICATIONS,LEO,5,True
ONEWEB-0303,49187,PAYLOAD,Polar,United Kingdom,Commercial,2021-09-14,,109.2,87.91,1191,1188,2021,148,LARGE,UK,COMMUNICATIONS,LEO,5,True
ONEWEB-0321,49191,PAYLOAD,Polar,United Kingdom,Commercial,2021-09-14,,109.03,87.93,1184,1180,2021,148,LARGE,UK,COMMUNICATIONS,LEO,5,True
ONEWEB-0322,49192,PAYLOAD,Polar,United Kingdom,Commercial,2021-09-14,,109.63,87.9,1211,1209,2021,148,LARGE,UK,COMMUNICATIONS,LEO,5,True
ONEWEB-0325,49194,PAYLOAD,Polar,United Kingdom,Commercial,2021-09-14,,109.2,87.91,1191,1188,2021,148,LARGE,UK,COMMUNICATIONS,LEO,5,True
ONEWEB-0326,49195,PAYLOAD,Polar,United Kingdom,Commercial,2021-09-14,,109.2,87.91,1192,1188,2021,148,LARGE,UK,COMMUNICATIONS,LEO,5,True
ONEWEB-0327,49196,PAYLOAD,Polar,United Kingdom,Commercial,2021-09-14,,109.2,87.91,1192,1188,2021,148,LARGE,UK,COMMUNICATIONS,LEO,5,True
ONEWEB-0328,49197,PAYLOAD,Polar,United Kingdom,Commercial,2021-09-14,,109.63,87.9,1211,1208,2021,148,MEDIUM,UK,COMMUNICATIONS,LEO,5,True
ONEWEB-0333,49199,PAYLOAD,Polar,United Kingdom,Commercial,2021-09-14,,109.63,87.9,1211,1208,2021,148,MEDIUM,UK,COMMUNICATIONS,LEO,5,True
ONEWEB-0334,49200,PAYLOAD,Polar,United Kingdom,Commercial,2021-09-14,,109.03,87.93,1183,1181,2021,148,MEDIUM,UK,COMMUNICATIONS,LEO,5,True
ONEWEB-0335,49201,PAYLOAD,Polar,United Kingdom,Commercial,2021-09-14,,109.63,87.9,1211,1208,2021,148,MEDIUM,UK,COMMUNICATIONS,LEO,5,True
ONEWEB-0338,49204,PAYLOAD,Polar,United Kingdom,Commercial,2021-09-14,,109.03,87.93,1183,1181,2021,148,MEDIUM,UK,COMMUNICATIONS,LEO,5,True
ONEWEB-0339,49205,PAYLOAD,Polar,United Kingdom,Commercial,2021-09-14,,109.63,87.9,1211,1208,2021,148,MEDIUM,UK,COMMUNICATIONS,LEO,5,True
ONEWEB-0340,49206,PAYLOAD,Polar,United Kingdom,Commercial,2021-09-14,,109.2,87.91,1191,1188,2021,148,LARGE,UK,COMMUNICATIONS,LEO,5,True
ONEWEB-0341,49207,PAYLOAD,Polar,United Kingdom,Commercial,2021-09-14,,109.2,87.91,1191,1188,2021,148,LARGE,UK,COMMUNICATIONS,LEO,5,True
ONEWEB-0342,49208,PAYLOAD,Polar,United Kingdom,Commercial,2021-09-14,,109.03,87.93,1183,1180,2021,148,MEDIUM,UK,COMMUNICATIONS,LEO,5,True
ONEWEB-0344,49210,PAYLOAD,Polar,United Kingdom,Commercial,2021-09-14,,109.63,87.9,1211,1208,2021,148,MEDIUM,UK,COMMUNICATIONS,LEO,5,True
ONEWEB-0346,49212,PAYLOAD,Polar,United Kingdom,Commercial,2021-09-14,,109.2,87.91,1192,1188,2021,148,MEDIUM,UK,COMMUNICATIONS,LEO,5,True
ONEWEB-0348,49213,PAYLOAD,Polar,United Kingdom,Commercial,2021-09-14,,109.03,87.93,1184,1180,2021,148,MEDIUM,UK,COMMUNICATIONS,LEO,5,True
ONEWEB-0352,49216,PAYLOAD,Polar,United Kingdom,Commercial,2021-09-14,,109.63,87.9,1211,1209,2021,148,MEDIUM,UK,COMMUNICATIONS,LEO,5,True
ONEWEB-0354,49217,PAYLOAD,Polar,United Kingdom,Commercial,2021-09-14,,109.03,87.93,1184,1180,2021,148,MEDIUM,UK,COMMUNICATIONS,LEO,5,True
ONEWEB-0357,49219,PAYLOAD,Polar,United Kingdom,Commercial,2021-09-14,,109.03,87.93,1184,1180,2021,148,MEDIUM,UK,COMMUNICATIONS,LEO,5,True
ONEWEB-0332,49279,PAYLOAD,Polar,United Kingdom,Commercial,2021-10-14,,109.55,87.91,1207,1204,2021,148,LARGE,UK,COMMUNICATIONS,LEO,5,True
ONEWEB-0347,49280,PAYLOAD,Polar,United Kingdom,Commercial,2021-10-14,,109.03,87.93,1183,1180,2021,148,LARGE,UK,COMMUNICATIONS,LEO,5,True
ONEWEB-0349,49281,PAYLOAD,Polar,United Kingdom,Commercial,2021-10-14,,109.03,87.93,1183,1180,2021,148,LARGE,UK,COMMUNICATIONS,LEO,5,True
ONEWEB-0358,49284,PAYLOAD,Polar,United Kingdom,Commercial,2021-10-14,,109.03,87.93,1183,1180,2021,148,LARGE,UK,COMMUNICATIONS,LEO,5,True
ONEWEB-0360,49286,PAYLOAD,Polar,United Kingdom,Commercial,2021-10-14,,109.03,87.93,1183,1180,2021,148,LARGE,UK,COMMUNICATIONS,LEO,5,True
ONEWEB-0362,49288,PAYLOAD,Polar,United Kingdom,Commercial,2021-10-14,,109.11,87.93,1187,1184,2021,148,LARGE,UK,COMMUNICATIONS,LEO,5,True
ONEWEB-0366,49292,PAYLOAD,Polar,United Kingdom,Commercial,2021-10-14,,109.55,87.91,1207,1204,2021,148,LARGE,UK,COMMUNICATIONS,LEO,5,True
ONEWEB-0367,49293,PAYLOAD,Polar,United Kingdom,Commercial,2021-10-14,,109.03,87.93,1183,1181,2021,148,LARGE,UK,COMMUNICATIONS,LEO,5,True
ONEWEB-0370,49296,PAYLOAD,Polar,United Kingdom,Commercial,2021-10-14,,109.03,87.93,1183,1181,2021,148,MEDIUM,UK,COMMUNICATIONS,LEO,5,True
ONEWEB-0371,49297,PAYLOAD,Polar,United Kingdom,Commercial,2021-10-14,,109.11,87.93,1187,1184,2021,148,LARGE,UK,COMMUNICATIONS,LEO,5,True
ONEWEB-0373,49299,PAYLOAD,Polar,United Kingdom,Commercial,2021-10-14,,109.03,87.93,1183,1180,2021,148,LARGE,UK,COMMUNICATIONS,LEO,5,True
ONEWEB-0375,49301,PAYLOAD,Polar,United Kingdom,Commercial,2021-10-14,,109.03,87.93,1184,1180,2021,148,LARGE,UK,COMMUNICATIONS,LEO,5,True
ONEWEB-0376,49302,PAYLOAD,Polar,United Kingdom,Commercial,2021-10-14,,109.11,87.93,1187,1184,2021,148,LARGE,UK,COMMUNICATIONS,LEO,5,True
ONEWEB-0377,49303,PAYLOAD,Polar,United Kingdom,Commercial,2021-10-14,,109.03,87.93,1184,1180,2021,148,LARGE,UK,COMMUNICATIONS,LEO,5,True
ONEWEB-0381,49307,PAYLOAD,Polar,United Kingdom,Commercial,2021-10-14,,109.03,87.93,1183,1180,2021,148,LARGE,UK,COMMUNICATIONS,LEO,5,True
ONEWEB-0384,49310,PAYLOAD,Polar,United Kingdom,Commercial,2021-10-14,,109.03,87.93,1184,1180,2021,148,LARGE,UK,COMMUNICATIONS,LEO,5,True
ONEWEB-0387,49313,PAYLOAD,Polar,United Kingdom,Commercial,2021-10-14,,109.03,87.93,1183,1180,2021,148,LARGE,UK,COMMUNICATIONS,LEO,5,True
ONEWEB-0388,49314,PAYLOAD,Polar,United Kingdom,Commercial,2021-10-14,,109.11,87.93,1187,1184,2021,148,LARGE,UK,COMMUNICATIONS,LEO,5,True
QZS-1R,49336,PAYLOAD,,Japan,Government,2021-10-26,,1436.08,36.59,38962,32610,2021,4100,LARGE,JPN,NAVIGATION/REGIONAL POSITIONING,GEO,15,True
STARLINK-3147,49410,PAYLOAD,Non-Polar Inclined,USA,Commercial,2021-11-13,,95.44,53.21,541,539,2021,260,LARGE,US,COMMUNICATIONS,LEO,4,True
STARLINK-3162,49411,PAYLOAD,Non-Polar Inclined,USA,Commercial,2021-11-13,,95.44,53.22,541,538,2021,260,LARGE,US,COMMUNICATIONS,LEO,4,True
STARLINK-3144,49412,PAYLOAD,Non-Polar Inclined,USA,Commercial,2021-11-13,2024-12-20,87.61,53.19,161,151,2021,260,LARGE,US,COMMUNICATIONS,LEO,4,False
STARLINK-3157,49413,PAYLOAD,Non-Polar Inclined,USA,Commercial,2021-11-13,,95.44,53.22,541,539,2021,260,LARGE,US,COMMUNICATIONS,LEO,4,True
STARLINK-3159,49415,PAYLOAD,Non-Polar Inclined,USA,Commercial,2021-11-13,,95.44,53.22,541,538,2021,260,LARGE,US,COMMUNICATIONS,LEO,4,True
STARLINK-3133,49416,PAYLOAD,Non-Polar Inclined,USA,Commercial,2021-11-13,,95.44,53.22,541,538,2021,260,LARGE,US,COMMUNICATIONS,LEO,4,True
STARLINK-3111,49418,PAYLOAD,Non-Polar Inclined,USA,Commercial,2021-11-13,,95.44,53.22,541,539,2021,260,LARGE,US,COMMUNICATIONS,LEO,4,True
STARLINK-3120,49419,PAYLOAD,Non-Polar Inclined,USA,Commercial,2021-11-13,,95.44,53.22,541,539,2021,260,LARGE,US,COMMUNICATIONS,LEO,4,True
STARLINK-3110,49420,PAYLOAD,Non-Polar Inclined,USA,Commercial,2021-11-13,,95.44,53.22,541,539,2021,260,LARGE,US,COMMUNICATIONS,LEO,4,True
STARLINK-3114,49426,PAYLOAD,Non-Polar Inclined,USA,Commercial,2021-11-13,,95.44,53.22,541,539,2021,260,LARGE,US,COMMUNICATIONS,LEO,4,True
STARLINK-3131,49427,PAYLOAD,Non-Polar Inclined,USA,Commercial,2021-11-13,,95.44,53.22,541,538,2021,260,LARGE,US,COMMUNICATIONS,LEO,4,True
STARLINK-3153,49431,PAYLOAD,Non-Polar Inclined,USA,Commercial,2021-11-13,,95.44,53.22,541,539,2021,260,LARGE,US,COMMUNICATIONS,LEO,4,True
STARLINK-3158,49432,PAYLOAD,Non-Polar Inclined,USA,Commercial,2021-11-13,,95.44,53.22,541,539,2021,260,LARGE,US,COMMUNICATIONS,LEO,4,True
STARLINK-3079,49433,PAYLOAD,Non-Polar Inclined,USA,Commercial,2021-11-13,,95.44,53.22,541,539,2021,260,LARGE,US,COMMUNICATIONS,LEO,4,True
STARLINK-3117,49435,PAYLOAD,Non-Polar Inclined,USA,Commercial,2021-11-13,,95.44,53.22,541,539,2021,260,LARGE,US,COMMUNICATIONS,LEO,4,True
STARLINK-3049,49436,PAYLOAD,Non-Polar Inclined,USA,Commercial,2021-11-13,,95.44,53.22,541,539,2021,260,LARGE,US,COMMUNICATIONS,LEO,4,True
STARLINK-3130,49437,PAYLOAD,Non-Polar Inclined,USA,Commercial,2021-11-13,,95.44,53.22,541,539,2021,260,LARGE,US,COMMUNICATIONS,LEO,4,True
STARLINK-3044,49438,PAYLOAD,Non-Polar Inclined,USA,Commercial,2021-11-13,,95.44,53.22,541,539,2021,260,LARGE,US,COMMUNICATIONS,LEO,4,True
STARLINK-3108,49439,PAYLOAD,Non-Polar Inclined,USA,Commercial,2021-11-13,2024-05-16,88.68,53.19,214,205,2021,260,LARGE,US,COMMUNICATIONS,LEO,4,False
STARLINK-3128,49441,PAYLOAD,Non-Polar Inclined,USA,Commercial,2021-11-13,,95.44,53.22,540,539,2021,260,LARGE,US,COMMUNICATIONS,LEO,4,True
STARLINK-3098,49442,PAYLOAD,Non-Polar Inclined,USA,Commercial,2021-11-13,,95.44,53.22,541,539,2021,260,LARGE,US,COMMUNICATIONS,LEO,4,True
STARLINK-3136,49443,PAYLOAD,Non-Polar Inclined,USA,Commercial,2021-11-13,,95.44,53.22,540,539,2021,260,LARGE,US,COMMUNICATIONS,LEO,4,True
STARLINK-3126,49444,PAYLOAD,Non-Polar Inclined,USA,Commercial,2021-11-13,,95.42,53.22,539,538,2021,260,LARGE,US,COMMUNICATIONS,LEO,4,True
STARLINK-3115,49447,PAYLOAD,Non-Polar Inclined,USA,Commercial,2021-11-13,,95.44,53.22,541,539,2021,260,LARGE,US,COMMUNICATIONS,LEO,4,True
STARLINK-3097,49448,PAYLOAD,Non-Polar Inclined,USA,Commercial,2021-11-13,2024-05-05,87.63,53.2,162,151,2021,260,LARGE,US,COMMUNICATIONS,LEO,4,False
STARLINK-3127,49450,PAYLOAD,Non-Polar Inclined,USA,Commercial,2021-11-13,,95.44,53.22,541,539,2021,260,LARGE,US,COMMUNICATIONS,LEO,4,True
STARLINK-3150,49452,PAYLOAD,Non-Polar Inclined,USA,Commercial,2021-11-13,,95.44,53.22,540,539,2021,260,LARGE,US,COMMUNICATIONS,LEO,4,True
STARLINK-3129,49453,PAYLOAD,Non-Polar Inclined,USA,Commercial,2021-11-13,,95.44,53.22,541,539,2021,260,LARGE,US,COMMUNICATIONS,LEO,4,True
STARLINK-3160,49454,PAYLOAD,Non-Polar Inclined,USA,Commercial,2021-11-13,,95.44,53.22,541,539,2021,260,LARGE,US,COMMUNICATIONS,LEO,4,True
STARLINK-3156,49458,PAYLOAD,Non-Polar Inclined,USA,Commercial,2021-11-13,,95.44,53.22,541,539,2021,260,LARGE,US,COMMUNICATIONS,LEO,4,True
STARLINK-3141,49459,PAYLOAD,Non-Polar Inclined,USA,Commercial,2021-11-13,,95.44,53.22,541,539,2021,260,LARGE,US,COMMUNICATIONS,LEO,4,True
GAOFEN 11 3,49492,PAYLOAD,Sun-Synchronous,China,Government,2021-11-20,,94.5,97.27,503,486,2021,3000,LARGE,PRC,EARTH OBSERVATION,ELLIPTICAL,8,True
CHINASAT 1D,49505,PAYLOAD,,China,Commercial,2021-11-26,,1436.08,0.02,35795,35777,2021,2500,LARGE,PRC,COMMUNICATIONS,GEO,15,True
STARLINK-3219,49724,PAYLOAD,Non-Polar Inclined,USA,Commercial,2021-12-02,,95.44,53.22,541,539,2021,260,LARGE,US,COMMUNICATIONS,LEO,4,True
STARLINK-3218,49725,PAYLOAD,Non-Polar Inclined,USA,Commercial,2021-12-02,,95.44,53.22,541,539,2021,260,LARGE,US,COMMUNICATIONS,LEO,4,True
STARLINK-3237,49726,PAYLOAD,Non-Polar Inclined,USA,Commercial,2021-12-02,2024-09-14,87.89,53.18,177,163,2021,260,LARGE,US,COMMUNICATIONS,LEO,4,False
STARLINK-3249,49730,PAYLOAD,Non-Polar Inclined,USA,Commercial,2021-12-02,,95.44,53.22,541,539,2021,260,LARGE,US,COMMUNICATIONS,LEO,4,True
STARLINK-3228,49731,PAYLOAD,Non-Polar Inclined,USA,Commercial,2021-12-02,2024-04-27,87.11,53.19,139,123,2021,260,LARGE,US,COMMUNICATIONS,LEO,4,False
STARLINK-3246,49732,PAYLOAD,Non-Polar Inclined,USA,Commercial,2021-12-02,,95.44,53.22,541,539,2021,260,LARGE,US,COMMUNICATIONS,LEO,4,True
STARLINK-3252,49733,PAYLOAD,Non-Polar Inclined,USA,Commercial,2021-12-02,,95.44,53.22,541,539,2021,260,LARGE,US,COMMUNICATIONS,LEO,4,True
STARLINK-3238,49734,PAYLOAD,Non-Polar Inclined,USA,Commercial,2021-12-02,,95.44,53.22,541,539,2021,260,LARGE,US,COMMUNICATIONS,LEO,4,True
STARLINK-3113,49735,PAYLOAD,Non-Polar Inclined,USA,Commercial,2021-12-02,,95.44,53.22,541,539,2021,260,LARGE,US,COMMUNICATIONS,LEO,4,True
STARLINK-3148,49736,PAYLOAD,Non-Polar Inclined,USA,Commercial,2021-12-02,,95.44,53.22,541,539,2021,260,LARGE,US,COMMUNICATIONS,LEO,4,True
STARLINK-3155,49739,PAYLOAD,Non-Polar Inclined,USA,Commercial,2021-12-02,,95.44,53.22,541,539,2021,260,LARGE,US,COMMUNICATIONS,LEO,4,True
STARLINK-3226,49740,PAYLOAD,Non-Polar Inclined,USA,Commercial,2021-12-02,,95.44,53.22,541,539,2021,260,LARGE,US,COMMUNICATIONS,LEO,4,True
STARLINK-3233,49746,PAYLOAD,Non-Polar Inclined,USA,Commercial,2021-12-02,,95.44,53.22,541,539,2021,260,LARGE,US,COMMUNICATIONS,LEO,4,True
STARLINK-3247,49747,PAYLOAD,Non-Polar Inclined,USA,Commercial,2021-12-02,,95.44,53.22,541,539,2021,260,LARGE,US,COMMUNICATIONS,LEO,4,True
STARLINK-3209,49752,PAYLOAD,Non-Polar Inclined,USA,Commercial,2021-12-02,,95.44,53.22,541,539,2021,260,LARGE,US,COMMUNICATIONS,LEO,4,True
STARLINK-3210,49755,PAYLOAD,Non-Polar Inclined,USA,Commercial,2021-12-02,,95.44,53.22,541,539,2021,260,LARGE,US,COMMUNICATIONS,LEO,4,True
STARLINK-3207,49756,PAYLOAD,Non-Polar Inclined,USA,Commercial,2021-12-02,,95.44,53.22,541,539,2021,260,LARGE,US,COMMUNICATIONS,LEO,4,True
STARLINK-3197,49757,PAYLOAD,Non-Polar Inclined,USA,Commercial,2021-12-02,,95.44,53.22,541,539,2021,260,LARGE,US,COMMUNICATIONS,LEO,4,True
STARLINK-3194,49758,PAYLOAD,Non-Polar Inclined,USA,Commercial,2021-12-02,,95.44,53.22,541,539,2021,260,LARGE,US,COMMUNICATIONS,LEO,4,True
STARLINK-3204,49759,PAYLOAD,Non-Polar Inclined,USA,Commercial,2021-12-02,,95.43,53.22,541,539,2021,260,LARGE,US,COMMUNICATIONS,LEO,4,True
STARLINK-3199,49760,PAYLOAD,Non-Polar Inclined,USA,Commercial,2021-12-02,,95.44,53.22,541,539,2021,260,LARGE,US,COMMUNICATIONS,LEO,4,True
STARLINK-3203,49761,PAYLOAD,Non-Polar Inclined,USA,Commercial,2021-12-02,,95.44,53.22,541,539,2021,260,LARGE,US,COMMUNICATIONS,LEO,4,True
STARLINK-3195,49762,PAYLOAD,Non-Polar Inclined,USA,Commercial,2021-12-02,,95.44,53.22,541,539,2021,260,LARGE,US,COMMUNICATIONS,LEO,4,True
STARLINK-3198,49763,PAYLOAD,Non-Polar Inclined,USA,Commercial,2021-12-02,,95.44,53.22,541,539,2021,260,LARGE,US,COMMUNICATIONS,LEO,4,True
STARLINK-3206,49764,PAYLOAD,Non-Polar Inclined,USA,Commercial,2021-12-02,2024-08-10,90.83,53.21,317,313,2021,260,LARGE,US,COMMUNICATIONS,LEO,4,False
STARLINK-3227,49765,PAYLOAD,Non-Polar Inclined,USA,Commercial,2021-12-02,,95.44,53.22,541,539,2021,260,LARGE,US,COMMUNICATIONS,LEO,4,True
STARLINK-3192,49767,PAYLOAD,Non-Polar Inclined,USA,Commercial,2021-12-02,,95.44,53.22,541,539,2021,260,LARGE,US,COMMUNICATIONS,LEO,4,True
STARLINK-3191,49770,PAYLOAD,Non-Polar Inclined,USA,Commercial,2021-12-02,,95.44,53.22,541,539,2021,260,LARGE,US,COMMUNICATIONS,LEO,4,True
STARLINK-3201,49771,PAYLOAD,Non-Polar Inclined,USA,Commercial,2021-12-02,,95.44,53.22,541,539,2021,260,LARGE,US,COMMUNICATIONS,LEO,4,True
STPSAT-6,49817,PAYLOAD,,USA,Military,2021-12-07,,1436.11,0.08,35792,35782,2021,1000,LARGE,US,TECHNOLOGY DEMONSTRATION,GEO,2,True
STARLINK-3317,50156,PAYLOAD,Non-Polar Inclined,USA,Commercial,2021-12-18,,95.44,53.22,541,539,2021,260,LARGE,US,COMMUNICATIONS,LEO,4,True
STARLINK-3297,50159,PAYLOAD,Non-Polar Inclined,USA,Commercial,2021-12-18,,95.44,53.22,541,539,2021,260,LARGE,US,COMMUNICATIONS,LEO,4,True
STARLINK-3288,50160,PAYLOAD,Non-Polar Inclined,USA,Commercial,2021-12-18,2024-12-21,87.42,53.19,147,146,2021,260,LARGE,US,COMMUNICATIONS,LEO,4,False
STARLINK-3306,50163,PAYLOAD,Non-Polar Inclined,USA,Commercial,2021-12-18,,95.44,53.22,541,538,2021,260,LARGE,US,COMMUNICATIONS,LEO,4,True
STARLINK-3301,50169,PAYLOAD,Non-Polar Inclined,USA,Commercial,2021-12-18,,95.44,53.22,541,539,2021,260,LARGE,US,COMMUNICATIONS,LEO,4,True
STARLINK-3286,50171,PAYLOAD,Non-Polar Inclined,USA,Commercial,2021-12-18,,95.44,53.22,541,539,2021,260,LARGE,US,COMMUNICATIONS,LEO,4,True
STARLINK-3292,50174,PAYLOAD,Non-Polar Inclined,USA,Commercial,2021-12-18,,95.44,53.22,540,539,2021,260,LARGE,US,COMMUNICATIONS,LEO,4,True
STARLINK-3293,50176,PAYLOAD,Non-Polar Inclined,USA,Commercial,2021-12-18,,95.44,53.22,541,539,2021,260,LARGE,US,COMMUNICATIONS,LEO,4,True
STARLINK-3282,50177,PAYLOAD,Non-Polar Inclined,USA,Commercial,2021-12-18,,95.44,53.22,541,539,2021,260,LARGE,US,COMMUNICATIONS,LEO,4,True
STARLINK-3283,50179,PAYLOAD,Non-Polar Inclined,USA,Commercial,2021-12-18,,95.44,53.22,541,539,2021,260,LARGE,US,COMMUNICATIONS,LEO,4,True
STARLINK-3285,50181,PAYLOAD,Non-Polar Inclined,USA,Commercial,2021-12-18,,95.44,53.22,541,539,2021,260,LARGE,US,COMMUNICATIONS,LEO,4,True
STARLINK-3281,50183,PAYLOAD,Non-Polar Inclined,USA,Commercial,2021-12-18,,95.44,53.22,541,539,2021,260,LARGE,US,COMMUNICATIONS,LEO,4,True
STARLINK-3279,50185,PAYLOAD,Non-Polar Inclined,USA,Commercial,2021-12-18,,95.44,53.22,541,539,2021,260,LARGE,US,COMMUNICATIONS,LEO,4,True
STARLINK-3274,50186,PAYLOAD,Non-Polar Inclined,USA,Commercial,2021-12-18,,95.44,53.22,541,539,2021,260,LARGE,US,COMMUNICATIONS,LEO,4,True
STARLINK-3275,50188,PAYLOAD,Non-Polar Inclined,USA,Commercial,2021-12-18,,92.57,53.21,405,396,2021,260,LARGE,US,COMMUNICATIONS,LEO,4,True
STARLINK-3276,50189,PAYLOAD,Non-Polar Inclined,USA,Commercial,2021-12-18,,95.44,53.22,541,539,2021,260,LARGE,US,COMMUNICATIONS,LEO,4,True
STARLINK-3268,50190,PAYLOAD,Non-Polar Inclined,USA,Commercial,2021-12-18,,95.44,53.22,541,539,2021,260,LARGE,US,COMMUNICATIONS,LEO,4,True
STARLINK-3259,50192,PAYLOAD,Non-Polar Inclined,USA,Commercial,2021-12-18,,95.44,53.22,541,539,2021,260,LARGE,US,COMMUNICATIONS,LEO,4,True
STARLINK-3269,50194,PAYLOAD,Non-Polar Inclined,USA,Commercial,2021-12-18,,94.42,53.23,493,488,2021,260,LARGE,US,COMMUNICATIONS,LEO,4,True
STARLINK-3263,50196,PAYLOAD,Non-Polar Inclined,USA,Commercial,2021-12-18,2024-05-20,87.83,53.2,173,161,2021,260,LARGE,US,COMMUNICATIONS,LEO,4,False
STARLINK-3264,50198,PAYLOAD,Non-Polar Inclined,USA,Commercial,2021-12-18,,95.44,53.22,541,539,2021,260,LARGE,US,COMMUNICATIONS,LEO,4,True
STARLINK-3270,50199,PAYLOAD,Non-Polar Inclined,USA,Commercial,2021-12-18,,95.44,53.22,541,539,2021,260,LARGE,US,COMMUNICATIONS,LEO,4,True
STARLINK-3235,50200,PAYLOAD,Non-Polar Inclined,USA,Commercial,2021-12-18,,95.44,53.22,541,539,2021,260,LARGE,US,COMMUNICATIONS,LEO,4,True
STARLINK-3256,50202,PAYLOAD,Non-Polar Inclined,USA,Commercial,2021-12-18,,95.44,53.22,541,539,2021,260,LARGE,US,COMMUNICATIONS,LEO,4,True
STARLINK-3257,50203,PAYLOAD,Non-Polar Inclined,USA,Commercial,2021-12-18,,95.44,53.22,541,539,2021,260,LARGE,US,COMMUNICATIONS,LEO,4,True
STARLINK-3262,50207,PAYLOAD,Non-Polar Inclined,USA,Commercial,2021-12-18,,95.44,53.22,541,539,2021,260,LARGE,US,COMMUNICATIONS,LEO,4,True
INMARSAT 6-F1,50319,PAYLOAD,,United Kingdom,Commercial,2021-12-22,,1436.1,0.01,35788,35785,2021,5470,LARGE,IM,COMMUNICATIONS,GEO,15,True
ONEWEB-0391,50471,PAYLOAD,Polar,United Kingdom,Commercial,2021-12-27,,109.29,87.9,1196,1192,2021,148,LARGE,UK,COMMUNICATIONS,LEO,5,True
ONEWEB-0394,50474,PAYLOAD,Polar,United Kingdom,Commercial,2021-12-27,,109.2,87.91,1191,1188,2021,148,LARGE,UK,COMMUNICATIONS,LEO,5,True
ONEWEB-0395,50475,PAYLOAD,Polar,United Kingdom,Commercial,2021-12-27,,109.81,87.88,1219,1216,2021,148,LARGE,UK,COMMUNICATIONS,LEO,5,True
ONEWEB-0397,50477,PAYLOAD,Polar,United Kingdom,Commercial,2021-12-27,,109.2,87.91,1191,1188,2021,148,LARGE,UK,COMMUNICATIONS,LEO,5,True
ONEWEB-0398,50478,PAYLOAD,Polar,United Kingdom,Commercial,2021-12-27,,109.8,87.88,1219,1216,2021,148,LARGE,UK,COMMUNICATIONS,LEO,5,True
ONEWEB-0399,50479,PAYLOAD,Polar,United Kingdom,Commercial,2021-12-27,,109.8,87.88,1219,1216,2021,148,LARGE,UK,COMMUNICATIONS,LEO,5,True
ONEWEB-0401,50481,PAYLOAD,Polar,United Kingdom,Commercial,2021-12-27,,109.2,87.91,1191,1188,2021,148,LARGE,UK,COMMUNICATIONS,LEO,5,True
ONEWEB-0402,50482,PAYLOAD,Polar,United Kingdom,Commercial,2021-12-27,,109.2,87.91,1192,1188,2021,148,LARGE,UK,COMMUNICATIONS,LEO,5,True
ONEWEB-0403,50483,PAYLOAD,Polar,United Kingdom,Commercial,2021-12-27,,109.2,87.91,1191,1188,2021,148,LARGE,UK,COMMUNICATIONS,LEO,5,True
ONEWEB-0404,50484,PAYLOAD,Polar,United Kingdom,Commercial,2021-12-27,,109.8,87.88,1219,1216,2021,148,LARGE,UK,COMMUNICATIONS,LEO,5,True
ONEWEB-0405,50485,PAYLOAD,Polar,United Kingdom,Commercial,2021-12-27,,109.2,87.91,1191,1188,2021,148,LARGE,UK,COMMUNICATIONS,LEO,5,True
ONEWEB-0406,50486,PAYLOAD,Polar,United Kingdom,Commercial,2021-12-27,,109.2,87.91,1191,1188,2021,148,LARGE,UK,COMMUNICATIONS,LEO,5,True
ONEWEB-0407,50487,PAYLOAD,Polar,United Kingdom,Commercial,2021-12-27,,109.2,87.91,1191,1188,2021,148,LARGE,UK,COMMUNICATIONS,LEO,5,True
ONEWEB-0413,50490,PAYLOAD,Polar,United Kingdom,Commercial,2021-12-27,,109.2,87.91,1191,1188,2021,148,LARGE,UK,COMMUNICATIONS,LEO,5,True
ONEWEB-0414,50491,PAYLOAD,Polar,United Kingdom,Commercial,2021-12-27,,109.2,87.91,1191,1188,2021,148,LARGE,UK,COMMUNICATIONS,LEO,5,True
ONEWEB-0417,50492,PAYLOAD,Polar,United Kingdom,Commercial,2021-12-27,,109.2,87.91,1191,1188,2021,148,LARGE,UK,COMMUNICATIONS,LEO,5,True
ONEWEB-0418,50493,PAYLOAD,Polar,United Kingdom,Commercial,2021-12-27,,109.2,87.91,1191,1188,2021,148,LARGE,UK,COMMUNICATIONS,LEO,5,True
ONEWEB-0419,50494,PAYLOAD,Polar,United Kingdom,Commercial,2021-12-27,,109.2,87.91,1191,1188,2021,148,LARGE,UK,COMMUNICATIONS,LEO,5,True
ONEWEB-0420,50495,PAYLOAD,Polar,United Kingdom,Commercial,2021-12-27,,109.2,87.91,1191,1188,2021,148,LARGE,UK,COMMUNICATIONS,LEO,5,True
ONEWEB-0426,50498,PAYLOAD,Polar,United Kingdom,Commercial,2021-12-27,,109.2,87.91,1192,1188,2021,148,LARGE,UK,COMMUNICATIONS,LEO,5,True
ONEWEB-0427,50499,PAYLOAD,Polar,United Kingdom,Commercial,2021-12-27,,109.2,87.91,1191,1188,2021,148,LARGE,UK,COMMUNICATIONS,LEO,5,True
ONEWEB-0429,50500,PAYLOAD,Polar,United Kingdom,Commercial,2021-12-27,,109.2,87.91,1191,1188,2021,148,LARGE,UK,COMMUNICATIONS,LEO,5,True
ONEWEB-0430,50501,PAYLOAD,Polar,United Kingdom,Commercial,2021-12-27,,109.2,87.91,1191,1188,2021,148,LARGE,UK,COMMUNICATIONS,LEO,5,True
ONEWEB-0432,50502,PAYLOAD,Polar,United Kingdom,Commercial,2021-12-27,,109.2,87.91,1191,1188,2021,148,LARGE,UK,COMMUNICATIONS,LEO,5,True
ONEWEB-0440,50503,PAYLOAD,Polar,United Kingdom,Commercial,2021-12-27,,109.2,87.91,1191,1188,2021,148,LARGE,UK,COMMUNICATIONS,LEO,5,True
ONEWEB-0450,50504,PAYLOAD,Polar,United Kingdom,Commercial,2021-12-27,,109.2,87.91,1192,1188,2021,148,LARGE,UK,COMMUNICATIONS,LEO,5,True
STARLINK-3323,50804,PAYLOAD,Non-Polar Inclined,USA,Commercial,2022-01-06,,95.44,53.22,541,539,2022,260,LARGE,US,COMMUNICATIONS,LEO,4,True
STARLINK-3333,50805,PAYLOAD,Non-Polar Inclined,USA,Commercial,2022-01-06,,95.44,53.22,541,539,2022,260,LARGE,US,COMMUNICATIONS,LEO,4,True
STARLINK-3353,50807,PAYLOAD,Non-Polar Inclined,USA,Commercial,2022-01-06,2024-05-24,87.84,53.2,170,165,2022,260,LARGE,US,COMMUNICATIONS,LEO,4,False
STARLINK-3355,50808,PAYLOAD,Non-Polar Inclined,USA,Commercial,2022-01-06,,95.44,53.22,541,539,2022,260,LARGE,US,COMMUNICATIONS,LEO,4,True
STARLINK-3232,50809,PAYLOAD,Non-Polar Inclined,USA,Commercial,2022-01-06,,95.44,53.22,541,539,2022,260,LARGE,US,COMMUNICATIONS,LEO,4,True
STARLINK-3348,50810,PAYLOAD,Non-Polar Inclined,USA,Commercial,2022-01-06,2024-07-25,87.88,53.2,177,162,2022,260,LARGE,US,COMMUNICATIONS,LEO,4,False
STARLINK-3349,50813,PAYLOAD,Non-Polar Inclined,USA,Commercial,2022-01-06,,95.05,53.22,524,518,2022,260,LARGE,US,COMMUNICATIONS,LEO,4,True
STARLINK-3234,50815,PAYLOAD,Non-Polar Inclined,USA,Commercial,2022-01-06,,95.44,53.22,541,539,2022,260,LARGE,US,COMMUNICATIONS,LEO,4,True
STARLINK-3342,50816,PAYLOAD,Non-Polar Inclined,USA,Commercial,2022-01-06,,95.44,53.22,541,539,2022,260,LARGE,US,COMMUNICATIONS,LEO,4,True
STARLINK-3327,50819,PAYLOAD,Non-Polar Inclined,USA,Commercial,2022-01-06,,95.44,53.22,541,539,2022,260,LARGE,US,COMMUNICATIONS,LEO,4,True
STARLINK-3337,50826,PAYLOAD,Non-Polar Inclined,USA,Commercial,2022-01-06,2024-09-05,88.73,53.18,222,201,2022,260,LARGE,US,COMMUNICATIONS,LEO,4,False
STARLINK-3329,50827,PAYLOAD,Non-Polar Inclined,USA,Commercial,2022-01-06,,95.44,53.22,541,539,2022,260,LARGE,US,COMMUNICATIONS,LEO,4,True
STARLINK-3290,50828,PAYLOAD,Non-Polar Inclined,USA,Commercial,2022-01-06,,95.44,53.22,541,539,2022,260,LARGE,US,COMMUNICATIONS,LEO,4,True
STARLINK-3294,50829,PAYLOAD,Non-Polar Inclined,USA,Commercial,2022-01-06,,95.44,53.22,541,539,2022,260,LARGE,US,COMMUNICATIONS,LEO,4,True
STARLINK-3278,50830,PAYLOAD,Non-Polar Inclined,USA,Commercial,2022-01-06,,95.43,53.22,541,538,2022,260,LARGE,US,COMMUNICATIONS,LEO,4,True
STARLINK-3328,50832,PAYLOAD,Non-Polar Inclined,USA,Commercial,2022-01-06,,95.44,53.22,541,539,2022,260,LARGE,US,COMMUNICATIONS,LEO,4,True
STARLINK-3331,50834,PAYLOAD,Non-Polar Inclined,USA,Commercial,2022-01-06,,95.44,53.22,541,539,2022,260,LARGE,US,COMMUNICATIONS,LEO,4,True
STARLINK-3310,50835,PAYLOAD,Non-Polar Inclined,USA,Commercial,2022-01-06,,95.43,53.22,540,539,2022,260,LARGE,US,COMMUNICATIONS,LEO,4,True
STARLINK-3322,50838,PAYLOAD,Non-Polar Inclined,USA,Commercial,2022-01-06,,93.46,53.19,450,438,2022,260,LARGE,US,COMMUNICATIONS,LEO,4,True
STARLINK-3325,50843,PAYLOAD,Non-Polar Inclined,USA,Commercial,2022-01-06,,95.44,53.22,541,539,2022,260,LARGE,US,COMMUNICATIONS,LEO,4,True
STARLINK-3326,50844,PAYLOAD,Non-Polar Inclined,USA,Commercial,2022-01-06,,95.44,53.22,541,539,2022,260,LARGE,US,COMMUNICATIONS,LEO,4,True
STARLINK-3311,50849,PAYLOAD,Non-Polar Inclined,USA,Commercial,2022-01-06,,95.44,53.22,541,539,2022,260,LARGE,US,COMMUNICATIONS,LEO,4,True
STARLINK-3314,50851,PAYLOAD,Non-Polar Inclined,USA,Commercial,2022-01-06,,95.44,53.22,541,539,2022,260,LARGE,US,COMMUNICATIONS,LEO,4,True
FLOCK 4X 2,50996,PAYLOAD,Sun-Synchronous,USA,Commercial,2022-01-13,2024-11-05,87.75,97.35,171,155,2022,6,SMALL,US,EARTH OBSERVATION,LEO,3,False
FLOCK 4X 30,51000,PAYLOAD,Sun-Synchronous,USA,Commercial,2022-01-13,2024-11-01,87.56,97.34,163,144,2022,6,MEDIUM,US,EARTH OBSERVATION,LEO,3,False
FLOCK 4X 5,51004,PAYLOAD,Sun-Synchronous,USA,Commercial,2022-01-13,2024-10-01,87.85,97.34,178,158,2022,6,SMALL,US,EARTH OBSERVATION,LEO,3,False
FLOCK 4X 41,51005,PAYLOAD,Sun-Synchronous,USA,Commercial,2022-01-13,2024-10-30,87.52,97.34,159,145,2022,6,SMALL,US,EARTH OBSERVATION,LEO,3,False
FLOCK 4X 18,51007,PAYLOAD,Sun-Synchronous,USA,Commercial,2022-01-13,2024-09-02,88.73,97.34,216,207,2022,6,SMALL,US,EARTH OBSERVATION,LEO,3,False
FLOCK 4X 37,51009,PAYLOAD,Sun-Synchronous,USA,Commercial,2022-01-13,2024-08-30,88.43,97.37,203,191,2022,6,SMALL,US,EARTH OBSERVATION,LEO,3,False
FLOCK 4X 12,51015,PAYLOAD,Sun-Synchronous,USA,Commercial,2022-01-13,2024-10-17,87.56,97.35,160,147,2022,6,SMALL,US,EARTH OBSERVATION,LEO,3,False
FLOCK 4X 1,51017,PAYLOAD,Sun-Synchronous,USA,Commercial,2022-01-13,2024-11-06,87.38,97.33,151,138,2022,6,SMALL,US,EARTH OBSERVATION,LEO,3,False
FLOCK 4X 38,51023,PAYLOAD,Sun-Synchronous,USA,Commercial,2022-01-13,2024-08-27,87.89,97.35,179,162,2022,6,SMALL,US,EARTH OBSERVATION,LEO,3,False
FLOCK 4X 32,51024,PAYLOAD,Sun-Synchronous,USA,Commercial,2022-01-13,2024-10-30,87.74,97.35,172,153,2022,6,SMALL,US,EARTH OBSERVATION,LEO,3,False
FLOCK 4X 43,51027,PAYLOAD,Sun-Synchronous,USA,Commercial,2022-01-13,2024-11-05,87.91,97.34,179,163,2022,6,MEDIUM,US,EARTH OBSERVATION,LEO,3,False
FLOCK 4X 13,51028,PAYLOAD,Sun-Synchronous,USA,Commercial,2022-01-13,2024-09-16,87.69,97.35,169,150,2022,6,SMALL,US,EARTH OBSERVATION,LEO,3,False
FLOCK 4X 39,51029,PAYLOAD,Sun-Synchronous,USA,Commercial,2022-01-13,2024-10-12,87.97,97.34,182,165,2022,6,MEDIUM,US,EARTH OBSERVATION,LEO,3,False
FLOCK 4X 17,51035,PAYLOAD,Sun-Synchronous,USA,Commercial,2022-01-13,2024-11-05,87.64,97.35,167,148,2022,6,SMALL,US,EARTH OBSERVATION,LEO,3,False
FLOCK 4X 10,51037,PAYLOAD,Sun-Synchronous,USA,Commercial,2022-01-13,2024-08-25,91.77,97.39,369,354,2022,6,SMALL,US,EARTH OBSERVATION,LEO,3,False
FLOCK 4X 36,51039,PAYLOAD,Sun-Synchronous,USA,Commercial,2022-01-13,2024-10-12,87.8,97.34,174,157,2022,6,SMALL,US,EARTH OBSERVATION,LEO,3,False
FLOCK 4X 21,51040,PAYLOAD,Sun-Synchronous,USA,Commercial,2022-01-13,2024-08-12,90.91,97.37,325,313,2022,6,MEDIUM,US,EARTH OBSERVATION,LEO,3,False
FLOCK 4X 31,51041,PAYLOAD,Sun-Synchronous,USA,Commercial,2022-01-13,2024-08-23,91.66,97.37,363,348,2022,6,MEDIUM,US,EARTH OBSERVATION,LEO,3,False
FLOCK 4X 34,51042,PAYLOAD,Sun-Synchronous,USA,Commercial,2022-01-13,2024-08-28,87.82,97.35,176,158,2022,6,SMALL,US,EARTH OBSERVATION,LEO,3,False
FLOCK 4X 6,51043,PAYLOAD,Sun-Synchronous,USA,Commercial,2022-01-13,2024-10-20,87.5,97.35,158,143,2022,6,SMALL,US,EARTH OBSERVATION,LEO,3,False
FLOCK 4X 28,51045,PAYLOAD,Sun-Synchronous,USA,Commercial,2022-01-13,2024-07-21,87.52,97.36,161,142,2022,6,SMALL,US,EARTH OBSERVATION,LEO,3,False
FLOCK 4X 19,51046,PAYLOAD,Sun-Synchronous,USA,Commercial,2022-01-13,2024-04-29,87.83,97.36,175,159,2022,6,SMALL,US,EARTH OBSERVATION,LEO,3,False
FLOCK 4X 35,51048,PAYLOAD,Sun-Synchronous,USA,Commercial,2022-01-13,2024-10-30,87.52,97.33,161,143,2022,6,SMALL,US,EARTH OBSERVATION,LEO,3,False
FLOCK 4X 11,51049,PAYLOAD,Sun-Synchronous,USA,Commercial,2022-01-13,2024-08-15,91.14,97.37,338,323,2022,6,SMALL,US,EARTH OBSERVATION,LEO,3,False
FLOCK 4X 24,51056,PAYLOAD,Sun-Synchronous,USA,Commercial,2022-01-13,2024-08-28,88.07,97.35,190,168,2022,6,MEDIUM,US,EARTH OBSERVATION,LEO,3,False
FLOCK 4X 4,51064,PAYLOAD,Sun-Synchronous,USA,Commercial,2022-01-13,2024-10-11,87.77,97.35,172,156,2022,6,SMALL,US,EARTH OBSERVATION,LEO,3,False
STORK-1,51087,PAYLOAD,Sun-Synchronous,Poland,Commercial,2022-01-13,2024-04-29,88.75,97.38,222,203,2022,5,MEDIUM,POL,EARTH OBSERVATION,LEO,5,False
STORK-2,51088,PAYLOAD,Sun-Synchronous,Poland,Commercial,2022-01-13,2024-05-04,87.9,97.36,182,159,2022,5,SMALL,POL,EARTH OBSERVATION,LEO,5,False
STORK-3,51098,PAYLOAD,Non-Polar Inclined,Poland,Commercial,2022-01-13,2023-08-29,88.17,44.94,192,175,2022,5,MEDIUM,POL,EARTH OBSERVATION,LEO,5,False
STEAMSAT-2,51099,PAYLOAD,Non-Polar Inclined,Poland/UK,Commercial,2022-01-13,2023-09-26,88.02,44.9,182,171,2022,5,SMALL,POL,TECHNOLOGY DEVELOPMENT,LEO,5,False
STARLINK-3366,51104,PAYLOAD,Non-Polar Inclined,USA,Commercial,2022-01-19,,95.44,53.21,541,539,2022,260,LARGE,US,COMMUNICATIONS,LEO,4,True
STARLINK-3350,51105,PAYLOAD,Non-Polar Inclined,USA,Commercial,2022-01-19,,95.44,53.22,540,539,2022,260,LARGE,US,COMMUNICATIONS,LEO,4,True
STARLINK-3176,51106,PAYLOAD,Non-Polar Inclined,USA,Commercial,2022-01-19,,95.44,53.22,541,539,2022,260,LARGE,US,COMMUNICATIONS,LEO,4,True
STARLINK-3362,51108,PAYLOAD,Non-Polar Inclined,USA,Commercial,2022-01-19,,95.44,53.22,541,539,2022,260,LARGE,US,COMMUNICATIONS,LEO,4,True
STARLINK-3374,51112,PAYLOAD,Non-Polar Inclined,USA,Commercial,2022-01-19,,95.44,53.22,541,539,2022,260,LARGE,US,COMMUNICATIONS,LEO,4,True
STARLINK-3372,51113,PAYLOAD,Non-Polar Inclined,USA,Commercial,2022-01-19,,95.44,53.22,541,538,2022,260,LARGE,US,COMMUNICATIONS,LEO,4,True
STARLINK-3375,51114,PAYLOAD,Non-Polar Inclined,USA,Commercial,2022-01-19,,95.44,53.22,541,539,2022,260,LARGE,US,COMMUNICATIONS,LEO,4,True
STARLINK-3243,51116,PAYLOAD,Non-Polar Inclined,USA,Commercial,2022-01-19,,95.44,53.21,541,539,2022,260,LARGE,US,COMMUNICATIONS,LEO,4,True
STARLINK-3391,51117,PAYLOAD,Non-Polar Inclined,USA,Commercial,2022-01-19,,95.44,53.22,541,539,2022,260,LARGE,US,COMMUNICATIONS,LEO,4,True
STARLINK-3398,51120,PAYLOAD,Non-Polar Inclined,USA,Commercial,2022-01-19,,95.44,53.22,541,538,2022,260,LARGE,US,COMMUNICATIONS,LEO,4,True
STARLINK-3373,51122,PAYLOAD,Non-Polar Inclined,USA,Commercial,2022-01-19,2024-07-04,87.54,53.2,158,147,2022,260,LARGE,US,COMMUNICATIONS,LEO,4,False
STARLINK-3392,51123,PAYLOAD,Non-Polar Inclined,USA,Commercial,2022-01-19,,95.44,53.22,541,539,2022,260,LARGE,US,COMMUNICATIONS,LEO,4,True
STARLINK-3389,51124,PAYLOAD,Non-Polar Inclined,USA,Commercial,2022-01-19,,95.44,53.22,541,539,2022,260,LARGE,US,COMMUNICATIONS,LEO,4,True
STARLINK-3387,51125,PAYLOAD,Non-Polar Inclined,USA,Commercial,2022-01-19,,95.44,53.22,541,539,2022,260,LARGE,US,COMMUNICATIONS,LEO,4,True
STARLINK-3386,51126,PAYLOAD,Non-Polar Inclined,USA,Commercial,2022-01-19,,95.44,53.22,541,539,2022,260,LARGE,US,COMMUNICATIONS,LEO,4,True
STARLINK-3396,51129,PAYLOAD,Non-Polar Inclined,USA,Commercial,2022-01-19,,95.44,53.22,541,539,2022,260,LARGE,US,COMMUNICATIONS,LEO,4,True
STARLINK-3395,51130,PAYLOAD,Non-Polar Inclined,USA,Commercial,2022-01-19,,95.44,53.22,540,539,2022,260,LARGE,US,COMMUNICATIONS,LEO,4,True
STARLINK-3388,51131,PAYLOAD,Non-Polar Inclined,USA,Commercial,2022-01-19,,95.44,53.22,541,539,2022,260,LARGE,US,COMMUNICATIONS,LEO,4,True
STARLINK-3393,51132,PAYLOAD,Non-Polar Inclined,USA,Commercial,2022-01-19,,95.44,53.22,541,539,2022,260,LARGE,US,COMMUNICATIONS,LEO,4,True
STARLINK-3356,51133,PAYLOAD,Non-Polar Inclined,USA,Commercial,2022-01-19,,95.44,53.22,541,539,2022,260,LARGE,US,COMMUNICATIONS,LEO,4,True
STARLINK-3183,51134,PAYLOAD,Non-Polar Inclined,USA,Commercial,2022-01-19,,95.44,53.22,541,539,2022,260,LARGE,US,COMMUNICATIONS,LEO,4,True
STARLINK-3175,51140,PAYLOAD,Non-Polar Inclined,USA,Commercial,2022-01-19,,95.44,53.22,541,539,2022,260,LARGE,US,COMMUNICATIONS,LEO,4,True
STARLINK-3369,51142,PAYLOAD,Non-Polar Inclined,USA,Commercial,2022-01-19,,95.44,53.22,541,539,2022,260,LARGE,US,COMMUNICATIONS,LEO,4,True
STARLINK-3184,51143,PAYLOAD,Non-Polar Inclined,USA,Commercial,2022-01-19,,95.44,53.22,541,539,2022,260,LARGE,US,COMMUNICATIONS,LEO,4,True
STARLINK-3354,51146,PAYLOAD,Non-Polar Inclined,USA,Commercial,2022-01-19,,95.44,53.22,541,539,2022,260,LARGE,US,COMMUNICATIONS,LEO,4,True
STARLINK-3359,51148,PAYLOAD,Non-Polar Inclined,USA,Commercial,2022-01-19,,95.44,53.22,541,539,2022,260,LARGE,US,COMMUNICATIONS,LEO,4,True
STARLINK-3360,51149,PAYLOAD,Non-Polar Inclined,USA,Commercial,2022-01-19,,95.44,53.22,540,539,2022,260,LARGE,US,COMMUNICATIONS,LEO,4,True
STARLINK-3357,51150,PAYLOAD,Non-Polar Inclined,USA,Commercial,2022-01-19,,95.44,53.22,541,539,2022,260,LARGE,US,COMMUNICATIONS,LEO,4,True
CSG-2,51444,PAYLOAD,Sun-Synchronous,Italy,Military/Government,2022-01-31,,97.16,97.89,624,621,2022,1800,LARGE,IT,EARTH OBSERVATION,LEO,5,True
STARLINK-3181,51461,PAYLOAD,Non-Polar Inclined,USA,Commercial,2022-02-03,,95.44,53.22,541,539,2022,260,LARGE,US,COMMUNICATIONS,LEO,4,True
STARLINK-3166,51462,PAYLOAD,Non-Polar Inclined,USA,Commercial,2022-02-03,,95.44,53.22,540,539,2022,260,LARGE,US,COMMUNICATIONS,LEO,4,True
STARLINK-3189,51464,PAYLOAD,Non-Polar Inclined,USA,Commercial,2022-02-03,,95.44,53.22,541,539,2022,260,LARGE,US,COMMUNICATIONS,LEO,4,True
STARLINK-3178,51467,PAYLOAD,Non-Polar Inclined,USA,Commercial,2022-02-03,,95.44,53.22,541,539,2022,260,LARGE,US,COMMUNICATIONS,LEO,4,True
STARLINK-3174,51468,PAYLOAD,Non-Polar Inclined,USA,Commercial,2022-02-03,,95.44,53.22,541,538,2022,260,LARGE,US,COMMUNICATIONS,LEO,4,True
STARLINK-3182,51469,PAYLOAD,Non-Polar Inclined,USA,Commercial,2022-02-03,,95.44,53.22,541,539,2022,260,LARGE,US,COMMUNICATIONS,LEO,4,True
STARLINK-3165,51471,PAYLOAD,Non-Polar Inclined,USA,Commercial,2022-02-03,2023-10-17,87.91,53.2,175,167,2022,260,LARGE,US,COMMUNICATIONS,LEO,4,False
ONEWEB-0410,51622,PAYLOAD,Polar,United Kingdom,Commercial,2022-02-10,,109.29,87.9,1196,1191,2022,148,LARGE,UK,COMMUNICATIONS,LEO,5,True
ONEWEB-0411,51623,PAYLOAD,Polar,United Kingdom,Commercial,2022-02-10,,109.89,87.88,1223,1221,2022,148,LARGE,UK,COMMUNICATIONS,LEO,5,True
ONEWEB-0415,51624,PAYLOAD,Polar,United Kingdom,Commercial,2022-02-10,,109.89,87.88,1223,1220,2022,148,LARGE,UK,COMMUNICATIONS,LEO,5,True
ONEWEB-0416,51625,PAYLOAD,Polar,United Kingdom,Commercial,2022-02-10,,109.89,87.88,1223,1220,2022,148,MEDIUM,UK,COMMUNICATIONS,LEO,5,True
ONEWEB-0423,51627,PAYLOAD,Polar,United Kingdom,Commercial,2022-02-10,,109.29,87.9,1195,1192,2022,148,LARGE,UK,COMMUNICATIONS,LEO,5,True
ONEWEB-0425,51628,PAYLOAD,Polar,United Kingdom,Commercial,2022-02-10,,109.89,87.88,1224,1220,2022,148,MEDIUM,UK,COMMUNICATIONS,LEO,5,True
ONEWEB-0435,51632,PAYLOAD,Polar,United Kingdom,Commercial,2022-02-10,,109.89,87.88,1223,1220,2022,148,LARGE,UK,COMMUNICATIONS,LEO,5,True
ONEWEB-0438,51634,PAYLOAD,Polar,United Kingdom,Commercial,2022-02-10,,109.89,87.88,1223,1220,2022,148,LARGE,UK,COMMUNICATIONS,LEO,5,True
ONEWEB-0439,51635,PAYLOAD,Polar,United Kingdom,Commercial,2022-02-10,,109.89,87.88,1223,1220,2022,148,LARGE,UK,COMMUNICATIONS,LEO,5,True
ONEWEB-0443,51637,PAYLOAD,Polar,United Kingdom,Commercial,2022-02-10,,109.29,87.9,1195,1192,2022,148,LARGE,UK,COMMUNICATIONS,LEO,5,True
ONEWEB-0444,51638,PAYLOAD,Polar,United Kingdom,Commercial,2022-02-10,,109.89,87.88,1223,1220,2022,148,LARGE,UK,COMMUNICATIONS,LEO,5,True
ONEWEB-0445,51639,PAYLOAD,Polar,United Kingdom,Commercial,2022-02-10,,109.89,87.88,1223,1220,2022,148,MEDIUM,UK,COMMUNICATIONS,LEO,5,True
ONEWEB-0446,51640,PAYLOAD,Polar,United Kingdom,Commercial,2022-02-10,,109.89,87.88,1223,1220,2022,148,LARGE,UK,COMMUNICATIONS,LEO,5,True
ONEWEB-0449,51642,PAYLOAD,Polar,United Kingdom,Commercial,2022-02-10,,109.89,87.88,1224,1220,2022,148,LARGE,UK,COMMUNICATIONS,LEO,5,True
ONEWEB-0451,51643,PAYLOAD,Polar,United Kingdom,Commercial,2022-02-10,,109.29,87.9,1195,1192,2022,148,LARGE,UK,COMMUNICATIONS,LEO,5,True
ONEWEB-0452,51644,PAYLOAD,Polar,United Kingdom,Commercial,2022-02-10,,109.29,87.9,1196,1192,2022,148,LARGE,UK,COMMUNICATIONS,LEO,5,True
ONEWEB-0455,51645,PAYLOAD,Polar,United Kingdom,Commercial,2022-02-10,,101.17,87.53,828,800,2022,148,MEDIUM,UK,COMMUNICATIONS,LEO,5,True
ONEWEB-0456,51646,PAYLOAD,Polar,United Kingdom,Commercial,2022-02-10,,109.89,87.88,1223,1220,2022,148,LARGE,UK,COMMUNICATIONS,LEO,5,True
ONEWEB-0458,51648,PAYLOAD,Polar,United Kingdom,Commercial,2022-02-10,,109.89,87.88,1223,1220,2022,148,LARGE,UK,COMMUNICATIONS,LEO,5,True
ONEWEB-0463,51650,PAYLOAD,Polar,United Kingdom,Commercial,2022-02-10,,109.29,87.9,1195,1192,2022,148,LARGE,UK,COMMUNICATIONS,LEO,5,True
ONEWEB-0468,51652,PAYLOAD,Polar,United Kingdom,Commercial,2022-02-10,,109.89,87.88,1223,1220,2022,148,LARGE,UK,COMMUNICATIONS,LEO,5,True
ONEWEB-0474,51654,PAYLOAD,Polar,United Kingdom,Commercial,2022-02-10,,109.89,87.88,1223,1220,2022,148,LARGE,UK,COMMUNICATIONS,LEO,5,True
ONEWEB-0475,51655,PAYLOAD,Polar,United Kingdom,Commercial,2022-02-10,,109.29,87.9,1195,1192,2022,148,LARGE,UK,COMMUNICATIONS,LEO,5,True
STARLINK-3528,51714,PAYLOAD,Non-Polar Inclined,USA,Commercial,2022-02-21,,95.44,53.22,541,539,2022,260,LARGE,US,COMMUNICATIONS,LEO,4,True
STARLINK-3533,51715,PAYLOAD,Non-Polar Inclined,USA,Commercial,2022-02-21,,95.44,53.22,541,539,2022,260,LARGE,US,COMMUNICATIONS,LEO,4,True
STARLINK-3543,51716,PAYLOAD,Non-Polar Inclined,USA,Commercial,2022-02-21,,95.44,53.22,540,539,2022,260,LARGE,US,COMMUNICATIONS,LEO,4,True
STARLINK-3445,51717,PAYLOAD,Non-Polar Inclined,USA,Commercial,2022-02-21,,95.44,53.22,541,539,2022,260,LARGE,US,COMMUNICATIONS,LEO,4,True
STARLINK-3526,51720,PAYLOAD,Non-Polar Inclined,USA,Commercial,2022-02-21,,95.44,53.22,541,539,2022,260,LARGE,US,COMMUNICATIONS,LEO,4,True
STARLINK-3535,51722,PAYLOAD,Non-Polar Inclined,USA,Commercial,2022-02-21,,95.44,53.22,540,539,2022,260,LARGE,US,COMMUNICATIONS,LEO,4,True
STARLINK-3531,51723,PAYLOAD,Non-Polar Inclined,USA,Commercial,2022-02-21,2024-06-09,87.88,53.12,176,163,2022,260,LARGE,US,COMMUNICATIONS,LEO,4,False
STARLINK-3522,51725,PAYLOAD,Non-Polar Inclined,USA,Commercial,2022-02-21,,95.44,53.22,541,539,2022,260,LARGE,US,COMMUNICATIONS,LEO,4,True
STARLINK-3532,51727,PAYLOAD,Non-Polar Inclined,USA,Commercial,2022-02-21,,95.44,53.22,541,539,2022,260,LARGE,US,COMMUNICATIONS,LEO,4,True
STARLINK-3530,51730,PAYLOAD,Non-Polar Inclined,USA,Commercial,2022-02-21,2024-12-28,87.43,53.2,149,145,2022,260,LARGE,US,COMMUNICATIONS,LEO,4,False
STARLINK-3518,51732,PAYLOAD,Non-Polar Inclined,USA,Commercial,2022-02-21,,95.44,53.22,541,539,2022,260,LARGE,US,COMMUNICATIONS,LEO,4,True
STARLINK-3525,51733,PAYLOAD,Non-Polar Inclined,USA,Commercial,2022-02-21,,95.44,53.22,541,539,2022,260,LARGE,US,COMMUNICATIONS,LEO,4,True
STARLINK-3516,51739,PAYLOAD,Non-Polar Inclined,USA,Commercial,2022-02-21,,95.44,53.22,541,539,2022,260,LARGE,US,COMMUNICATIONS,LEO,4,True
STARLINK-3520,51741,PAYLOAD,Non-Polar Inclined,USA,Commercial,2022-02-21,,95.44,53.22,541,539,2022,260,LARGE,US,COMMUNICATIONS,LEO,4,True
STARLINK-3521,51742,PAYLOAD,Non-Polar Inclined,USA,Commercial,2022-02-21,,95.44,53.22,541,539,2022,260,LARGE,US,COMMUNICATIONS,LEO,4,True
STARLINK-3512,51743,PAYLOAD,Non-Polar Inclined,USA,Commercial,2022-02-21,,95.44,53.22,541,539,2022,260,LARGE,US,COMMUNICATIONS,LEO,4,True
STARLINK-3502,51746,PAYLOAD,Non-Polar Inclined,USA,Commercial,2022-02-21,,95.44,53.21,541,538,2022,260,LARGE,US,COMMUNICATIONS,LEO,4,True
STARLINK-3446,51747,PAYLOAD,Non-Polar Inclined,USA,Commercial,2022-02-21,,95.44,53.22,541,539,2022,260,LARGE,US,COMMUNICATIONS,LEO,4,True
STARLINK-3501,51748,PAYLOAD,Non-Polar Inclined,USA,Commercial,2022-02-21,,95.44,53.22,540,539,2022,260,LARGE,US,COMMUNICATIONS,LEO,4,True
STARLINK-3451,51749,PAYLOAD,Non-Polar Inclined,USA,Commercial,2022-02-21,,95.44,53.22,541,539,2022,260,LARGE,US,COMMUNICATIONS,LEO,4,True
STARLINK-3505,51750,PAYLOAD,Non-Polar Inclined,USA,Commercial,2022-02-21,,95.44,53.22,541,539,2022,260,LARGE,US,COMMUNICATIONS,LEO,4,True
STARLINK-3506,51751,PAYLOAD,Non-Polar Inclined,USA,Commercial,2022-02-21,,95.44,53.22,541,538,2022,260,LARGE,US,COMMUNICATIONS,LEO,4,True
STARLINK-3507,51753,PAYLOAD,Non-Polar Inclined,USA,Commercial,2022-02-21,,95.44,53.22,541,539,2022,260,LARGE,US,COMMUNICATIONS,LEO,4,True
STARLINK-3456,51759,PAYLOAD,Non-Polar Inclined,USA,Commercial,2022-02-21,,95.44,53.22,540,539,2022,260,LARGE,US,COMMUNICATIONS,LEO,4,True
STARLINK-3622,51768,PAYLOAD,Non-Polar Inclined,USA,Commercial,2022-02-25,,95.44,53.22,541,539,2022,260,LARGE,US,COMMUNICATIONS,LEO,4,True
STARLINK-3612,51770,PAYLOAD,Non-Polar Inclined,USA,Commercial,2022-02-25,,95.44,53.22,541,539,2022,260,LARGE,US,COMMUNICATIONS,LEO,4,True
STARLINK-3614,51771,PAYLOAD,Non-Polar Inclined,USA,Commercial,2022-02-25,,95.44,53.22,541,539,2022,260,LARGE,US,COMMUNICATIONS,LEO,4,True
STARLINK-3624,51773,PAYLOAD,Non-Polar Inclined,USA,Commercial,2022-02-25,,95.44,53.22,541,539,2022,260,LARGE,US,COMMUNICATIONS,LEO,4,True
STARLINK-3620,51775,PAYLOAD,Non-Polar Inclined,USA,Commercial,2022-02-25,,95.44,53.22,541,539,2022,260,LARGE,US,COMMUNICATIONS,LEO,4,True
STARLINK-3608,51776,PAYLOAD,Non-Polar Inclined,USA,Commercial,2022-02-25,,95.44,53.22,540,539,2022,260,LARGE,US,COMMUNICATIONS,LEO,4,True
STARLINK-3625,51777,PAYLOAD,Non-Polar Inclined,USA,Commercial,2022-02-25,,95.44,53.22,540,539,2022,260,LARGE,US,COMMUNICATIONS,LEO,4,True
STARLINK-3615,51778,PAYLOAD,Non-Polar Inclined,USA,Commercial,2022-02-25,,95.44,53.22,540,539,2022,260,LARGE,US,COMMUNICATIONS,LEO,4,True
STARLINK-3611,51779,PAYLOAD,Non-Polar Inclined,USA,Commercial,2022-02-25,,95.44,53.22,541,539,2022,260,LARGE,US,COMMUNICATIONS,LEO,4,True
STARLINK-3617,51780,PAYLOAD,Non-Polar Inclined,USA,Commercial,2022-02-25,,95.44,53.22,541,538,2022,260,LARGE,US,COMMUNICATIONS,LEO,4,True
STARLINK-3580,51781,PAYLOAD,Non-Polar Inclined,USA,Commercial,2022-02-25,,95.44,53.22,541,539,2022,260,LARGE,US,COMMUNICATIONS,LEO,4,True
STARLINK-3616,51782,PAYLOAD,Non-Polar Inclined,USA,Commercial,2022-02-25,,95.44,53.22,541,539,2022,260,LARGE,US,COMMUNICATIONS,LEO,4,True
STARLINK-3638,51786,PAYLOAD,Non-Polar Inclined,USA,Commercial,2022-02-25,,95.44,53.22,541,539,2022,260,LARGE,US,COMMUNICATIONS,LEO,4,True
STARLINK-3641,51788,PAYLOAD,Non-Polar Inclined,USA,Commercial,2022-02-25,,95.44,53.22,541,539,2022,260,LARGE,US,COMMUNICATIONS,LEO,4,True
STARLINK-3631,51790,PAYLOAD,Non-Polar Inclined,USA,Commercial,2022-02-25,,95.44,53.22,541,538,2022,260,LARGE,US,COMMUNICATIONS,LEO,4,True
STARLINK-3602,51791,PAYLOAD,Non-Polar Inclined,USA,Commercial,2022-02-25,,95.44,53.22,540,539,2022,260,LARGE,US,COMMUNICATIONS,LEO,4,True
STARLINK-3626,51792,PAYLOAD,Non-Polar Inclined,USA,Commercial,2022-02-25,,95.44,53.22,540,539,2022,260,LARGE,US,COMMUNICATIONS,LEO,4,True
STARLINK-3633,51793,PAYLOAD,Non-Polar Inclined,USA,Commercial,2022-02-25,,95.44,53.22,541,539,2022,260,LARGE,US,COMMUNICATIONS,LEO,4,True
STARLINK-3634,51798,PAYLOAD,Non-Polar Inclined,USA,Commercial,2022-02-25,,95.44,53.22,540,539,2022,260,LARGE,US,COMMUNICATIONS,LEO,4,True
STARLINK-3637,51799,PAYLOAD,Non-Polar Inclined,USA,Commercial,2022-02-25,,95.44,53.22,541,539,2022,260,LARGE,US,COMMUNICATIONS,LEO,4,True
STARLINK-3600,51800,PAYLOAD,Non-Polar Inclined,USA,Commercial,2022-02-25,2023-12-15,87.61,53.18,157,155,2022,260,LARGE,US,COMMUNICATIONS,LEO,4,False
STARLINK-3601,51804,PAYLOAD,Non-Polar Inclined,USA,Commercial,2022-02-25,,95.44,53.22,541,538,2022,260,LARGE,US,COMMUNICATIONS,LEO,4,True
STARLINK-3610,51812,PAYLOAD,Non-Polar Inclined,USA,Commercial,2022-02-25,,95.44,53.22,541,539,2022,260,LARGE,US,COMMUNICATIONS,LEO,4,True
STARLINK-3552,51813,PAYLOAD,Non-Polar Inclined,USA,Commercial,2022-02-25,,95.44,53.22,541,539,2022,260,LARGE,US,COMMUNICATIONS,LEO,4,True
STARLINK-3596,51817,PAYLOAD,Non-Polar Inclined,USA,Commercial,2022-02-25,2023-05-21,88.04,53.17,183,172,2022,260,LARGE,US,COMMUNICATIONS,LEO,4,False
STARLINK-3542,51852,PAYLOAD,Non-Polar Inclined,USA,Commercial,2022-03-03,,95.44,53.22,541,539,2022,260,LARGE,US,COMMUNICATIONS,LEO,4,True
STARLINK-3541,51854,PAYLOAD,Non-Polar Inclined,USA,Commercial,2022-03-03,,95.43,53.22,541,538,2022,260,LARGE,US,COMMUNICATIONS,LEO,4,True
STARLINK-3545,51855,PAYLOAD,Non-Polar Inclined,USA,Commercial,2022-03-03,,95.43,53.22,540,539,2022,260,LARGE,US,COMMUNICATIONS,LEO,4,True
STARLINK-3571,51857,PAYLOAD,Non-Polar Inclined,USA,Commercial,2022-03-03,,95.44,53.22,541,539,2022,260,LARGE,US,COMMUNICATIONS,LEO,4,True
STARLINK-3559,51860,PAYLOAD,Non-Polar Inclined,USA,Commercial,2022-03-03,,95.44,53.22,541,539,2022,260,LARGE,US,COMMUNICATIONS,LEO,4,True
STARLINK-3562,51861,PAYLOAD,Non-Polar Inclined,USA,Commercial,2022-03-03,,95.44,53.22,541,539,2022,260,LARGE,US,COMMUNICATIONS,LEO,4,True
STARLINK-3508,51862,PAYLOAD,Non-Polar Inclined,USA,Commercial,2022-03-03,,95.44,53.22,541,539,2022,260,LARGE,US,COMMUNICATIONS,LEO,4,True
STARLINK-3555,51863,PAYLOAD,Non-Polar Inclined,USA,Commercial,2022-03-03,,95.44,53.22,541,539,2022,260,LARGE,US,COMMUNICATIONS,LEO,4,True
STARLINK-3503,51865,PAYLOAD,Non-Polar Inclined,USA,Commercial,2022-03-03,,95.44,53.22,541,539,2022,260,LARGE,US,COMMUNICATIONS,LEO,4,True
STARLINK-3553,51866,PAYLOAD,Non-Polar Inclined,USA,Commercial,2022-03-03,,95.44,53.22,541,539,2022,260,LARGE,US,COMMUNICATIONS,LEO,4,True
STARLINK-3590,51867,PAYLOAD,Non-Polar Inclined,USA,Commercial,2022-03-03,,95.44,53.22,541,539,2022,260,LARGE,US,COMMUNICATIONS,LEO,4,True
STARLINK-3578,51868,PAYLOAD,Non-Polar Inclined,USA,Commercial,2022-03-03,,95.44,53.22,541,538,2022,260,LARGE,US,COMMUNICATIONS,LEO,4,True
STARLINK-3588,51869,PAYLOAD,Non-Polar Inclined,USA,Commercial,2022-03-03,,95.44,53.22,541,538,2022,260,LARGE,US,COMMUNICATIONS,LEO,4,True
STARLINK-3567,51871,PAYLOAD,Non-Polar Inclined,USA,Commercial,2022-03-03,,95.44,53.22,540,539,2022,260,LARGE,US,COMMUNICATIONS,LEO,4,True
STARLINK-3554,51872,PAYLOAD,Non-Polar Inclined,USA,Commercial,2022-03-03,,95.44,53.22,541,539,2022,260,LARGE,US,COMMUNICATIONS,LEO,4,True
STARLINK-3574,51874,PAYLOAD,Non-Polar Inclined,USA,Commercial,2022-03-03,,95.44,53.22,541,538,2022,260,LARGE,US,COMMUNICATIONS,LEO,4,True
STARLINK-3585,51875,PAYLOAD,Non-Polar Inclined,USA,Commercial,2022-03-03,,95.44,53.22,541,539,2022,260,LARGE,US,COMMUNICATIONS,LEO,4,True
STARLINK-3583,51876,PAYLOAD,Non-Polar Inclined,USA,Commercial,2022-03-03,,95.44,53.22,541,539,2022,260,LARGE,US,COMMUNICATIONS,LEO,4,True
STARLINK-3556,51877,PAYLOAD,Non-Polar Inclined,USA,Commercial,2022-03-03,,95.44,53.22,541,539,2022,260,LARGE,US,COMMUNICATIONS,LEO,4,True
STARLINK-3575,51878,PAYLOAD,Non-Polar Inclined,USA,Commercial,2022-03-03,,95.44,53.22,541,539,2022,260,LARGE,US,COMMUNICATIONS,LEO,4,True
STARLINK-3572,51879,PAYLOAD,Non-Polar Inclined,USA,Commercial,2022-03-03,,95.44,53.22,541,539,2022,260,LARGE,US,COMMUNICATIONS,LEO,4,True
STARLINK-3504,51881,PAYLOAD,Non-Polar Inclined,USA,Commercial,2022-03-03,,95.44,53.22,541,539,2022,260,LARGE,US,COMMUNICATIONS,LEO,4,True
STARLINK-3570,51882,PAYLOAD,Non-Polar Inclined,USA,Commercial,2022-03-03,,95.44,53.22,541,539,2022,260,LARGE,US,COMMUNICATIONS,LEO,4,True
STARLINK-3551,51887,PAYLOAD,Non-Polar Inclined,USA,Commercial,2022-03-03,,95.44,53.22,541,539,2022,260,LARGE,US,COMMUNICATIONS,LEO,4,True
STARLINK-3519,51890,PAYLOAD,Non-Polar Inclined,USA,Commercial,2022-03-03,,91.15,53.18,335,326,2022,260,LARGE,US,COMMUNICATIONS,LEO,4,True
STARLINK-3549,51891,PAYLOAD,Non-Polar Inclined,USA,Commercial,2022-03-03,,95.44,53.22,541,539,2022,260,LARGE,US,COMMUNICATIONS,LEO,4,True
STARLINK-3579,51893,PAYLOAD,Non-Polar Inclined,USA,Commercial,2022-03-03,,95.44,53.22,541,539,2022,260,LARGE,US,COMMUNICATIONS,LEO,4,True
STARLINK-3595,51894,PAYLOAD,Non-Polar Inclined,USA,Commercial,2022-03-03,,95.44,53.22,541,539,2022,260,LARGE,US,COMMUNICATIONS,LEO,4,True
STARLINK-3594,51895,PAYLOAD,Non-Polar Inclined,USA,Commercial,2022-03-03,,95.44,53.22,541,539,2022,260,LARGE,US,COMMUNICATIONS,LEO,4,True
STARLINK-3593,51896,PAYLOAD,Non-Polar Inclined,USA,Commercial,2022-03-03,,95.44,53.22,541,539,2022,260,LARGE,US,COMMUNICATIONS,LEO,4,True
STARLINK-3598,51897,PAYLOAD,Non-Polar Inclined,USA,Commercial,2022-03-03,,95.44,53.22,540,539,2022,260,LARGE,US,COMMUNICATIONS,LEO,4,True
STARLINK-3700,51956,PAYLOAD,Non-Polar Inclined,USA,Commercial,2022-03-09,,95.59,53.06,548,546,2022,260,LARGE,US,COMMUNICATIONS,LEO,4,True
STARLINK-3697,51962,PAYLOAD,Non-Polar Inclined,USA,Commercial,2022-03-09,,95.59,53.06,548,546,2022,260,LARGE,US,COMMUNICATIONS,LEO,4,True
STARLINK-3681,51968,PAYLOAD,Non-Polar Inclined,USA,Commercial,2022-03-09,,95.6,53.06,549,546,2022,260,LARGE,US,COMMUNICATIONS,LEO,4,True
STARLINK-3677,51970,PAYLOAD,Non-Polar Inclined,USA,Commercial,2022-03-09,,95.59,53.06,548,546,2022,260,LARGE,US,COMMUNICATIONS,LEO,4,True
STARLINK-3669,51971,PAYLOAD,Non-Polar Inclined,USA,Commercial,2022-03-09,,95.59,53.06,548,546,2022,260,LARGE,US,COMMUNICATIONS,LEO,4,True
STARLINK-3671,51972,PAYLOAD,Non-Polar Inclined,USA,Commercial,2022-03-09,,95.59,53.06,549,546,2022,260,LARGE,US,COMMUNICATIONS,LEO,4,True
STARLINK-3679,51973,PAYLOAD,Non-Polar Inclined,USA,Commercial,2022-03-09,,95.59,53.06,548,546,2022,260,LARGE,US,COMMUNICATIONS,LEO,4,True
STARLINK-3672,51974,PAYLOAD,Non-Polar Inclined,USA,Commercial,2022-03-09,,95.59,53.06,548,546,2022,260,LARGE,US,COMMUNICATIONS,LEO,4,True
STARLINK-3674,51975,PAYLOAD,Non-Polar Inclined,USA,Commercial,2022-03-09,,95.59,53.06,548,546,2022,260,LARGE,US,COMMUNICATIONS,LEO,4,True
STARLINK-3663,51976,PAYLOAD,Non-Polar Inclined,USA,Commercial,2022-03-09,,93.79,53.21,461,459,2022,260,LARGE,US,COMMUNICATIONS,LEO,4,True
STARLINK-3660,51977,PAYLOAD,Non-Polar Inclined,USA,Commercial,2022-03-09,,95.44,53.22,541,538,2022,260,LARGE,US,COMMUNICATIONS,LEO,4,True
STARLINK-3666,51978,PAYLOAD,Non-Polar Inclined,USA,Commercial,2022-03-09,2025-01-04,88.39,53.19,197,193,2022,260,LARGE,US,COMMUNICATIONS,LEO,4,False
STARLINK-3649,51980,PAYLOAD,Non-Polar Inclined,USA,Commercial,2022-03-09,,95.44,53.22,541,539,2022,260,LARGE,US,COMMUNICATIONS,LEO,4,True
STARLINK-3635,51981,PAYLOAD,Non-Polar Inclined,USA,Commercial,2022-03-09,,95.44,53.22,541,539,2022,260,LARGE,US,COMMUNICATIONS,LEO,4,True
STARLINK-3650,51982,PAYLOAD,Non-Polar Inclined,USA,Commercial,2022-03-09,2024-12-31,87.81,53.2,168,164,2022,260,LARGE,US,COMMUNICATIONS,LEO,4,False
STARLINK-3645,51986,PAYLOAD,Non-Polar Inclined,USA,Commercial,2022-03-09,,95.44,53.22,541,539,2022,260,LARGE,US,COMMUNICATIONS,LEO,4,True
STARLINK-3644,51987,PAYLOAD,Non-Polar Inclined,USA,Commercial,2022-03-09,,95.44,53.22,541,539,2022,260,LARGE,US,COMMUNICATIONS,LEO,4,True
STARLINK-3642,51989,PAYLOAD,Non-Polar Inclined,USA,Commercial,2022-03-09,,95.44,53.22,541,539,2022,260,LARGE,US,COMMUNICATIONS,LEO,4,True
STARLINK-3652,51991,PAYLOAD,Non-Polar Inclined,USA,Commercial,2022-03-09,,95.44,53.22,541,539,2022,260,LARGE,US,COMMUNICATIONS,LEO,4,True
STARLINK-3636,51995,PAYLOAD,Non-Polar Inclined,USA,Commercial,2022-03-09,,95.44,53.22,541,539,2022,260,LARGE,US,COMMUNICATIONS,LEO,4,True
STARLINK-3538,51996,PAYLOAD,Non-Polar Inclined,USA,Commercial,2022-03-09,,95.44,53.22,541,539,2022,260,LARGE,US,COMMUNICATIONS,LEO,4,True
STARLINK-3589,51997,PAYLOAD,Non-Polar Inclined,USA,Commercial,2022-03-09,,95.44,53.22,542,537,2022,260,LARGE,US,COMMUNICATIONS,LEO,4,True
STARLINK-3653,52000,PAYLOAD,Non-Polar Inclined,USA,Commercial,2022-03-09,,95.44,53.22,541,539,2022,260,LARGE,US,COMMUNICATIONS,LEO,4,True
STARLINK-3668,52002,PAYLOAD,Non-Polar Inclined,USA,Commercial,2022-03-09,,95.44,53.22,541,539,2022,260,LARGE,US,COMMUNICATIONS,LEO,4,True
STARLINK-3654,52003,PAYLOAD,Non-Polar Inclined,USA,Commercial,2022-03-09,2025-02-17,87.46,53.19,154,143,2022,260,LARGE,US,COMMUNICATIONS,LEO,4,False
SPACEBEE-114,52010,PAYLOAD,Sun-Synchronous,USA,Commercial,2022-03-15,2024-02-27,87.84,97.46,174,162,2022,2,SMALL,US,COMMUNICATIONS,LEO,2,False
SPACEBEE-118,52012,PAYLOAD,Sun-Synchronous,USA,Commercial,2022-03-15,2024-02-24,88.55,97.46,206,200,2022,2,MEDIUM,US,COMMUNICATIONS,LEO,2,False
SPACEBEE-120,52013,PAYLOAD,Sun-Synchronous,USA,Commercial,2022-03-15,2024-02-27,88.35,97.46,198,188,2022,2,SMALL,US,COMMUNICATIONS,LEO,2,False
SPACEBEENZ-11,52019,PAYLOAD,Sun-Synchronous,USA,Commercial,2022-03-15,2023-11-08,87.65,97.46,161,155,2022,2,SMALL,NZ,COMMUNICATIONS,LEO,2,False
SPACEBEE-127,52020,PAYLOAD,Sun-Synchronous,USA,Commercial,2022-03-15,2024-03-30,87.62,97.45,163,150,2022,2,MEDIUM,US,COMMUNICATIONS,LEO,2,False
SPACEBEE-125,52021,PAYLOAD,Sun-Synchronous,USA,Commercial,2022-03-15,2024-02-21,88.43,97.46,202,192,2022,2,SMALL,US,COMMUNICATIONS,LEO,2,False
SPACEBEE-116,52023,PAYLOAD,Sun-Synchronous,USA,Commercial,2022-03-15,2024-03-12,87.74,97.46,168,157,2022,2,SMALL,US,COMMUNICATIONS,LEO,2,False
SPACEBEE-113,52024,PAYLOAD,Sun-Synchronous,USA,Commercial,2022-03-15,2024-03-01,88.53,97.46,208,196,2022,2,SMALL,US,COMMUNICATIONS,LEO,2,False
SPACEBEE-112,52025,PAYLOAD,Sun-Synchronous,USA,Commercial,2022-03-15,2024-01-12,87.47,97.45,156,142,2022,2,SMALL,US,COMMUNICATIONS,LEO,2,False
SPACEBEENZ-13,52026,PAYLOAD,Sun-Synchronous,USA,Commercial,2022-03-15,2023-11-16,87.68,97.45,168,151,2022,2,SMALL,NZ,COMMUNICATIONS,LEO,2,False
SPACEBEE-123,52027,PAYLOAD,Sun-Synchronous,USA,Commercial,2022-03-15,2024-03-12,87.53,97.46,159,146,2022,2,SMALL,US,COMMUNICATIONS,LEO,2,False
SPACEBEENZ-12,52028,PAYLOAD,Sun-Synchronous,USA,Commercial,2022-03-15,2023-12-13,87.67,97.47,167,152,2022,2,SMALL,NZ,COMMUNICATIONS,LEO,2,False
STARLINK-3712,52090,PAYLOAD,Non-Polar Inclined,USA,Commercial,2022-03-19,,95.44,53.22,541,539,2022,260,LARGE,US,COMMUNICATIONS,LEO,4,True
STARLINK-3713,52091,PAYLOAD,Non-Polar Inclined,USA,Commercial,2022-03-19,2025-01-27,88.01,53.2,179,173,2022,260,LARGE,US,COMMUNICATIONS,LEO,4,False
STARLINK-3673,52093,PAYLOAD,Non-Polar Inclined,USA,Commercial,2022-03-19,,95.44,53.22,541,539,2022,260,LARGE,US,COMMUNICATIONS,LEO,4,True
STARLINK-3701,52095,PAYLOAD,Non-Polar Inclined,USA,Commercial,2022-03-19,,95.43,53.22,541,538,2022,260,LARGE,US,COMMUNICATIONS,LEO,4,True
STARLINK-3717,52096,PAYLOAD,Non-Polar Inclined,USA,Commercial,2022-03-19,,95.44,53.22,541,539,2022,260,LARGE,US,COMMUNICATIONS,LEO,4,True
STARLINK-3665,52098,PAYLOAD,Non-Polar Inclined,USA,Commercial,2022-03-19,,95.44,53.22,541,539,2022,260,LARGE,US,COMMUNICATIONS,LEO,4,True
STARLINK-3703,52101,PAYLOAD,Non-Polar Inclined,USA,Commercial,2022-03-19,,95.44,53.22,541,539,2022,260,LARGE,US,COMMUNICATIONS,LEO,4,True
STARLINK-3706,52105,PAYLOAD,Non-Polar Inclined,USA,Commercial,2022-03-19,,95.44,53.22,541,539,2022,260,LARGE,US,COMMUNICATIONS,LEO,4,True
STARLINK-3658,52107,PAYLOAD,Non-Polar Inclined,USA,Commercial,2022-03-19,,95.44,53.22,541,539,2022,260,LARGE,US,COMMUNICATIONS,LEO,4,True
STARLINK-3708,52111,PAYLOAD,Non-Polar Inclined,USA,Commercial,2022-03-19,,95.44,53.22,541,538,2022,260,LARGE,US,COMMUNICATIONS,LEO,4,True
STARLINK-3734,52112,PAYLOAD,Non-Polar Inclined,USA,Commercial,2022-03-19,,95.44,53.22,541,539,2022,260,LARGE,US,COMMUNICATIONS,LEO,4,True
STARLINK-3737,52114,PAYLOAD,Non-Polar Inclined,USA,Commercial,2022-03-19,,95.44,53.22,541,539,2022,260,LARGE,US,COMMUNICATIONS,LEO,4,True
STARLINK-3685,52115,PAYLOAD,Non-Polar Inclined,USA,Commercial,2022-03-19,,95.44,53.22,541,539,2022,260,MEDIUM,US,COMMUNICATIONS,LEO,4,True
STARLINK-3678,52121,PAYLOAD,Non-Polar Inclined,USA,Commercial,2022-03-19,,95.44,53.22,541,539,2022,260,LARGE,US,COMMUNICATIONS,LEO,4,True
STARLINK-3726,52122,PAYLOAD,Non-Polar Inclined,USA,Commercial,2022-03-19,,95.44,53.22,541,539,2022,260,LARGE,US,COMMUNICATIONS,LEO,4,True
STARLINK-3725,52123,PAYLOAD,Non-Polar Inclined,USA,Commercial,2022-03-19,,95.44,53.22,541,539,2022,260,LARGE,US,COMMUNICATIONS,LEO,4,True
STARLINK-3684,52124,PAYLOAD,Non-Polar Inclined,USA,Commercial,2022-03-19,2025-01-04,87.48,53.19,152,148,2022,260,LARGE,US,COMMUNICATIONS,LEO,4,False
STARLINK-3732,52126,PAYLOAD,Non-Polar Inclined,USA,Commercial,2022-03-19,,95.44,53.22,541,539,2022,260,LARGE,US,COMMUNICATIONS,LEO,4,True
STARLINK-3715,52127,PAYLOAD,Non-Polar Inclined,USA,Commercial,2022-03-19,,95.44,53.22,541,539,2022,260,LARGE,US,COMMUNICATIONS,LEO,4,True
STARLINK-3711,52131,PAYLOAD,Non-Polar Inclined,USA,Commercial,2022-03-19,,95.44,53.22,541,539,2022,260,LARGE,US,COMMUNICATIONS,LEO,4,True
STARLINK-3721,52134,PAYLOAD,Non-Polar Inclined,USA,Commercial,2022-03-19,,95.44,53.22,541,539,2022,260,LARGE,US,COMMUNICATIONS,LEO,4,True
STARLINK-3729,52135,PAYLOAD,Non-Polar Inclined,USA,Commercial,2022-03-19,,95.44,53.22,541,539,2022,260,LARGE,US,COMMUNICATIONS,LEO,4,True
STARLINK-3733,52137,PAYLOAD,Non-Polar Inclined,USA,Commercial,2022-03-19,,95.44,53.22,541,539,2022,260,LARGE,US,COMMUNICATIONS,LEO,4,True
STARLINK-3730,52139,PAYLOAD,Non-Polar Inclined,USA,Commercial,2022-03-19,,95.44,53.22,541,539,2022,260,LARGE,US,COMMUNICATIONS,LEO,4,True
SPACEBEE-136,52164,PAYLOAD,Sun-Synchronous,USA,Commercial,2022-04-01,2023-10-03,87.84,97.3,175,160,2022,2,SMALL,US,COMMUNICATIONS,LEO,2,False
SPACEBEE-138,52166,PAYLOAD,Sun-Synchronous,USA,Commercial,2022-04-01,2023-10-04,87.58,97.31,164,145,2022,2,SMALL,US,COMMUNICATIONS,LEO,2,False
SPACEBEE-130,52176,PAYLOAD,Sun-Synchronous,USA,Commercial,2022-04-01,2023-10-03,87.62,97.32,165,149,2022,2,SMALL,US,COMMUNICATIONS,LEO,2,False
SPACEBEE-139,52177,PAYLOAD,Sun-Synchronous,USA,Commercial,2022-04-01,2023-10-13,88.88,97.32,226,213,2022,2,SMALL,US,COMMUNICATIONS,LEO,2,False
SPACEBEE-129,52179,PAYLOAD,Sun-Synchronous,USA,Commercial,2022-04-01,2023-10-17,87.61,97.31,164,149,2022,2,SMALL,US,COMMUNICATIONS,LEO,2,False
SPACEBEE-128,52182,PAYLOAD,Sun-Synchronous,USA,Commercial,2022-04-01,2023-10-11,89.12,97.32,237,225,2022,2,SMALL,US,COMMUNICATIONS,LEO,2,False
SPACEBEE-132,52185,PAYLOAD,Sun-Synchronous,USA,Commercial,2022-04-01,2023-10-04,87.72,97.31,170,154,2022,2,SMALL,US,COMMUNICATIONS,LEO,2,False
SPACEBEE-137,52186,PAYLOAD,Sun-Synchronous,USA,Commercial,2022-04-01,2023-10-17,87.45,97.31,156,141,2022,2,SMALL,US,COMMUNICATIONS,LEO,2,False
SPACEBEE-135,52187,PAYLOAD,Sun-Synchronous,USA,Commercial,2022-04-01,2023-10-03,89.16,97.32,239,226,2022,2,SMALL,US,COMMUNICATIONS,LEO,2,False
CHINASAT 6D,52255,PAYLOAD,,China,Government/Commercial,2022-04-15,,1436.08,0.05,35792,35781,2022,5250,LARGE,PRC,COMMUNICATIONS,GEO,15,True
STARLINK-3786,52263,PAYLOAD,Non-Polar Inclined,USA,Commercial,2022-04-21,,95.44,53.22,541,539,2022,260,LARGE,US,COMMUNICATIONS,LEO,4,True
STARLINK-3795,52264,PAYLOAD,Non-Polar Inclined,USA,Commercial,2022-04-21,,95.44,53.22,541,539,2022,260,LARGE,US,COMMUNICATIONS,LEO,4,True
STARLINK-3740,52265,PAYLOAD,Non-Polar Inclined,USA,Commercial,2022-04-21,,95.44,53.22,541,539,2022,260,LARGE,US,COMMUNICATIONS,LEO,4,True
STARLINK-3748,52267,PAYLOAD,Non-Polar Inclined,USA,Commercial,2022-04-21,,95.44,53.22,541,539,2022,260,LARGE,US,COMMUNICATIONS,LEO,4,True
STARLINK-3746,52268,PAYLOAD,Non-Polar Inclined,USA,Commercial,2022-04-21,,95.44,53.22,541,539,2022,260,LARGE,US,COMMUNICATIONS,LEO,4,True
STARLINK-3804,52270,PAYLOAD,Non-Polar Inclined,USA,Commercial,2022-04-21,,95.44,53.22,541,539,2022,260,LARGE,US,COMMUNICATIONS,LEO,4,True
STARLINK-3788,52271,PAYLOAD,Non-Polar Inclined,USA,Commercial,2022-04-21,,95.44,53.22,541,539,2022,260,LARGE,US,COMMUNICATIONS,LEO,4,True
STARLINK-3781,52272,PAYLOAD,Non-Polar Inclined,USA,Commercial,2022-04-21,,95.44,53.22,541,539,2022,260,LARGE,US,COMMUNICATIONS,LEO,4,True
STARLINK-3782,52273,PAYLOAD,Non-Polar Inclined,USA,Commercial,2022-04-21,,95.44,53.22,541,539,2022,260,LARGE,US,COMMUNICATIONS,LEO,4,True
STARLINK-3778,52276,PAYLOAD,Non-Polar Inclined,USA,Commercial,2022-04-21,,95.44,53.22,541,539,2022,260,LARGE,US,COMMUNICATIONS,LEO,4,True
STARLINK-3787,52277,PAYLOAD,Non-Polar Inclined,USA,Commercial,2022-04-21,2023-12-30,88.02,53.18,182,172,2022,260,LARGE,US,COMMUNICATIONS,LEO,4,False
STARLINK-3780,52278,PAYLOAD,Non-Polar Inclined,USA,Commercial,2022-04-21,,95.44,53.22,541,539,2022,260,LARGE,US,COMMUNICATIONS,LEO,4,True
STARLINK-3686,52279,PAYLOAD,Non-Polar Inclined,USA,Commercial,2022-04-21,2024-03-30,87.37,53.2,157,131,2022,260,LARGE,US,COMMUNICATIONS,LEO,4,False
STARLINK-3764,52280,PAYLOAD,Non-Polar Inclined,USA,Commercial,2022-04-21,,95.44,53.22,541,539,2022,260,LARGE,US,COMMUNICATIONS,LEO,4,True
STARLINK-3779,52281,PAYLOAD,Non-Polar Inclined,USA,Commercial,2022-04-21,,95.44,53.22,541,538,2022,260,LARGE,US,COMMUNICATIONS,LEO,4,True
STARLINK-3783,52282,PAYLOAD,Non-Polar Inclined,USA,Commercial,2022-04-21,,95.44,53.22,541,539,2022,260,LARGE,US,COMMUNICATIONS,LEO,4,True
STARLINK-3561,52284,PAYLOAD,Non-Polar Inclined,USA,Commercial,2022-04-21,,95.44,53.22,541,539,2022,260,LARGE,US,COMMUNICATIONS,LEO,4,True
STARLINK-3775,52285,PAYLOAD,Non-Polar Inclined,USA,Commercial,2022-04-21,,95.44,53.22,541,539,2022,260,LARGE,US,COMMUNICATIONS,LEO,4,True
STARLINK-3802,52286,PAYLOAD,Non-Polar Inclined,USA,Commercial,2022-04-21,,95.44,53.22,541,539,2022,260,LARGE,US,COMMUNICATIONS,LEO,4,True
STARLINK-3822,52287,PAYLOAD,Non-Polar Inclined,USA,Commercial,2022-04-21,,95.44,53.22,541,539,2022,260,LARGE,US,COMMUNICATIONS,LEO,4,True
STARLINK-3751,52289,PAYLOAD,Non-Polar Inclined,USA,Commercial,2022-04-21,,95.44,53.22,541,539,2022,260,LARGE,US,COMMUNICATIONS,LEO,4,True
STARLINK-3773,52291,PAYLOAD,Non-Polar Inclined,USA,Commercial,2022-04-21,,92.51,53.19,402,393,2022,260,LARGE,US,COMMUNICATIONS,LEO,4,True
STARLINK-3777,52294,PAYLOAD,Non-Polar Inclined,USA,Commercial,2022-04-21,,95.44,53.22,541,539,2022,260,MEDIUM,US,COMMUNICATIONS,LEO,4,True
STARLINK-3766,52296,PAYLOAD,Non-Polar Inclined,USA,Commercial,2022-04-21,,95.44,53.22,541,539,2022,260,LARGE,US,COMMUNICATIONS,LEO,4,True
STARLINK-3758,52297,PAYLOAD,Non-Polar Inclined,USA,Commercial,2022-04-21,,95.44,53.22,541,539,2022,260,LARGE,US,COMMUNICATIONS,LEO,4,True
STARLINK-3759,52299,PAYLOAD,Non-Polar Inclined,USA,Commercial,2022-04-21,2025-01-21,87.55,53.2,154,152,2022,260,LARGE,US,COMMUNICATIONS,LEO,4,False
STARLINK-3769,52300,PAYLOAD,Non-Polar Inclined,USA,Commercial,2022-04-21,,95.44,53.22,541,539,2022,260,LARGE,US,COMMUNICATIONS,LEO,4,True
STARLINK-3768,52301,PAYLOAD,Non-Polar Inclined,USA,Commercial,2022-04-21,,95.44,53.22,541,539,2022,260,LARGE,US,COMMUNICATIONS,LEO,4,True
STARLINK-3564,52302,PAYLOAD,Non-Polar Inclined,USA,Commercial,2022-04-21,,95.44,53.22,541,539,2022,260,LARGE,US,COMMUNICATIONS,LEO,4,True
STARLINK-3744,52304,PAYLOAD,Non-Polar Inclined,USA,Commercial,2022-04-21,,95.44,53.22,541,539,2022,260,LARGE,US,COMMUNICATIONS,LEO,4,True
STARLINK-3755,52307,PAYLOAD,Non-Polar Inclined,USA,Commercial,2022-04-21,,95.44,53.22,541,539,2022,260,LARGE,US,COMMUNICATIONS,LEO,4,True
STARLINK-3745,52308,PAYLOAD,Non-Polar Inclined,USA,Commercial,2022-04-21,2024-11-07,88.43,53.16,203,190,2022,260,LARGE,US,COMMUNICATIONS,LEO,4,False
STARLINK-3688,52310,PAYLOAD,Non-Polar Inclined,USA,Commercial,2022-04-21,,95.44,53.22,541,539,2022,260,LARGE,US,COMMUNICATIONS,LEO,4,True
STARLINK-3750,52311,PAYLOAD,Non-Polar Inclined,USA,Commercial,2022-04-21,,95.44,53.22,541,539,2022,260,LARGE,US,COMMUNICATIONS,LEO,4,True
STARLINK-3889,52331,PAYLOAD,Non-Polar Inclined,USA,Commercial,2022-04-29,,95.44,53.22,541,539,2022,260,LARGE,US,COMMUNICATIONS,LEO,4,True
STARLINK-3831,52332,PAYLOAD,Non-Polar Inclined,USA,Commercial,2022-04-29,,95.44,53.22,541,538,2022,260,LARGE,US,COMMUNICATIONS,LEO,4,True
STARLINK-3847,52333,PAYLOAD,Non-Polar Inclined,USA,Commercial,2022-04-29,,95.44,53.22,540,539,2022,260,LARGE,US,COMMUNICATIONS,LEO,4,True
STARLINK-3880,52334,PAYLOAD,Non-Polar Inclined,USA,Commercial,2022-04-29,,95.44,53.22,541,539,2022,260,LARGE,US,COMMUNICATIONS,LEO,4,True
STARLINK-3815,52338,PAYLOAD,Non-Polar Inclined,USA,Commercial,2022-04-29,2025-03-19,88.38,53.19,202,187,2022,260,LARGE,US,COMMUNICATIONS,LEO,4,False
STARLINK-3792,52339,PAYLOAD,Non-Polar Inclined,USA,Commercial,2022-04-29,,95.44,53.22,541,539,2022,260,LARGE,US,COMMUNICATIONS,LEO,4,True
STARLINK-3818,52340,PAYLOAD,Non-Polar Inclined,USA,Commercial,2022-04-29,,95.44,53.22,541,538,2022,260,LARGE,US,COMMUNICATIONS,LEO,4,True
STARLINK-3850,52342,PAYLOAD,Non-Polar Inclined,USA,Commercial,2022-04-29,,95.44,53.22,541,538,2022,260,LARGE,US,COMMUNICATIONS,LEO,4,True
STARLINK-3852,52345,PAYLOAD,Non-Polar Inclined,USA,Commercial,2022-04-29,,95.44,53.22,541,538,2022,260,LARGE,US,COMMUNICATIONS,LEO,4,True
STARLINK-3826,52347,PAYLOAD,Non-Polar Inclined,USA,Commercial,2022-04-29,,95.44,53.22,541,539,2022,260,LARGE,US,COMMUNICATIONS,LEO,4,True
STARLINK-3829,52348,PAYLOAD,Non-Polar Inclined,USA,Commercial,2022-04-29,,95.44,53.22,541,539,2022,260,LARGE,US,COMMUNICATIONS,LEO,4,True
STARLINK-3819,52349,PAYLOAD,Non-Polar Inclined,USA,Commercial,2022-04-29,,95.44,53.22,541,539,2022,260,LARGE,US,COMMUNICATIONS,LEO,4,True
STARLINK-3754,52350,PAYLOAD,Non-Polar Inclined,USA,Commercial,2022-04-29,,95.44,53.22,541,538,2022,260,LARGE,US,COMMUNICATIONS,LEO,4,True
STARLINK-3838,52352,PAYLOAD,Non-Polar Inclined,USA,Commercial,2022-04-29,,95.44,53.22,541,539,2022,260,LARGE,US,COMMUNICATIONS,LEO,4,True
STARLINK-3876,52354,PAYLOAD,Non-Polar Inclined,USA,Commercial,2022-04-29,,95.42,53.22,540,538,2022,260,LARGE,US,COMMUNICATIONS,LEO,4,True
STARLINK-3837,52358,PAYLOAD,Non-Polar Inclined,USA,Commercial,2022-04-29,,95.44,53.22,541,539,2022,260,LARGE,US,COMMUNICATIONS,LEO,4,True
STARLINK-3824,52360,PAYLOAD,Non-Polar Inclined,USA,Commercial,2022-04-29,,95.02,53.21,520,519,2022,260,LARGE,US,COMMUNICATIONS,LEO,4,True
STARLINK-3848,52362,PAYLOAD,Non-Polar Inclined,USA,Commercial,2022-04-29,,95.44,53.22,541,539,2022,260,LARGE,US,COMMUNICATIONS,LEO,4,True
STARLINK-3830,52363,PAYLOAD,Non-Polar Inclined,USA,Commercial,2022-04-29,,95.44,53.22,540,539,2022,260,LARGE,US,COMMUNICATIONS,LEO,4,True
STARLINK-3874,52365,PAYLOAD,Non-Polar Inclined,USA,Commercial,2022-04-29,,95.44,53.22,541,539,2022,260,LARGE,US,COMMUNICATIONS,LEO,4,True
STARLINK-3808,52366,PAYLOAD,Non-Polar Inclined,USA,Commercial,2022-04-29,,95.44,53.22,541,539,2022,260,LARGE,US,COMMUNICATIONS,LEO,4,True
STARLINK-3817,52367,PAYLOAD,Non-Polar Inclined,USA,Commercial,2022-04-29,,95.44,53.22,541,539,2022,260,LARGE,US,COMMUNICATIONS,LEO,4,True
STARLINK-3834,52368,PAYLOAD,Non-Polar Inclined,USA,Commercial,2022-04-29,,95.44,53.22,541,539,2022,260,LARGE,US,COMMUNICATIONS,LEO,4,True
STARLINK-3841,52369,PAYLOAD,Non-Polar Inclined,USA,Commercial,2022-04-29,,95.44,53.22,541,539,2022,260,LARGE,US,COMMUNICATIONS,LEO,4,True
STARLINK-3796,52372,PAYLOAD,Non-Polar Inclined,USA,Commercial,2022-04-29,,95.44,53.22,541,539,2022,260,LARGE,US,COMMUNICATIONS,LEO,4,True
STARLINK-3550,52373,PAYLOAD,Non-Polar Inclined,USA,Commercial,2022-04-29,,95.44,53.22,541,539,2022,260,LARGE,US,COMMUNICATIONS,LEO,4,True
STARLINK-3762,52374,PAYLOAD,Non-Polar Inclined,USA,Commercial,2022-04-29,,95.44,53.22,541,538,2022,260,LARGE,US,COMMUNICATIONS,LEO,4,True
STARLINK-3785,52375,PAYLOAD,Non-Polar Inclined,USA,Commercial,2022-04-29,,95.44,53.22,541,539,2022,260,LARGE,US,COMMUNICATIONS,LEO,4,True
STARLINK-3800,52379,PAYLOAD,Non-Polar Inclined,USA,Commercial,2022-04-29,,95.44,53.22,541,539,2022,260,LARGE,US,COMMUNICATIONS,LEO,4,True
STARLINK-3803,52381,PAYLOAD,Non-Polar Inclined,USA,Commercial,2022-04-29,2024-12-29,87.41,53.2,149,143,2022,260,LARGE,US,COMMUNICATIONS,LEO,4,False
SPACEBEENZ-17,52397,PAYLOAD,Sun-Synchronous,USA,Commercial,2022-05-02,2024-01-05,87.93,97.37,180,165,2022,2,SMALL,NZ,COMMUNICATIONS,LEO,2,False
SPACEBEE-140,52399,PAYLOAD,Sun-Synchronous,USA,Commercial,2022-05-02,2024-03-07,87.77,97.35,171,157,2022,2,SMALL,US,COMMUNICATIONS,LEO,2,False
SPACEBEE-142,52401,PAYLOAD,Sun-Synchronous,USA,Commercial,2022-05-02,2024-05-04,87.53,97.37,164,140,2022,2,SMALL,US,COMMUNICATIONS,LEO,2,False
SPACEBEENZ-22,52403,PAYLOAD,Sun-Synchronous,USA,Commercial,2022-05-02,2024-01-24,88.71,97.37,218,204,2022,2,SMALL,NZ,COMMUNICATIONS,LEO,2,False
SPACEBEENZ-21,52405,PAYLOAD,Sun-Synchronous,USA,Commercial,2022-05-02,2024-01-12,88.28,97.36,196,182,2022,2,SMALL,NZ,COMMUNICATIONS,LEO,2,False
SPACEBEE-149,52407,PAYLOAD,Sun-Synchronous,USA,Commercial,2022-05-02,2024-04-23,88.14,97.36,191,173,2022,2,SMALL,US,COMMUNICATIONS,LEO,2,False
SPACEBEE-153,52408,PAYLOAD,Sun-Synchronous,USA,Commercial,2022-05-02,2024-04-13,87.78,97.36,174,155,2022,2,SMALL,US,COMMUNICATIONS,LEO,2,False
SPACEBEE-144,52410,PAYLOAD,Sun-Synchronous,USA,Commercial,2022-05-02,2024-05-02,87.47,97.36,158,140,2022,2,SMALL,US,COMMUNICATIONS,LEO,2,False
SPACEBEE-146,52412,PAYLOAD,Sun-Synchronous,USA,Commercial,2022-05-02,2024-04-29,88.1,97.36,190,171,2022,2,SMALL,US,COMMUNICATIONS,LEO,2,False
SPACEBEE-152,52414,PAYLOAD,Sun-Synchronous,USA,Commercial,2022-05-02,2024-05-02,87.47,97.35,166,132,2022,2,SMALL,US,COMMUNICATIONS,LEO,2,False
SPACEBEE-147,52415,PAYLOAD,Sun-Synchronous,USA,Commercial,2022-05-02,2024-05-09,87.41,97.36,157,136,2022,2,SMALL,US,COMMUNICATIONS,LEO,2,False
SPACEBEE-155,52416,PAYLOAD,Sun-Synchronous,USA,Commercial,2022-05-02,2024-05-11,87.65,97.35,167,148,2022,2,SMALL,US,COMMUNICATIONS,LEO,2,False
SPACEBEE-154,52417,PAYLOAD,Sun-Synchronous,USA,Commercial,2022-05-02,2024-05-09,87.81,97.35,176,156,2022,2,SMALL,US,COMMUNICATIONS,LEO,2,False
TRSI-2,52420,PAYLOAD,Sun-Synchronous,Germany,Commercial,2022-05-02,2024-05-31,87.96,97.36,184,163,2022,1,SMALL,US,TECHNOLOGY DEVELOPMENT,LEO,1,False
STARLINK-3870,52451,PAYLOAD,Non-Polar Inclined,USA,Commercial,2022-05-06,,95.44,53.22,541,539,2022,260,LARGE,US,COMMUNICATIONS,LEO,4,True
STARLINK-3888,52454,PAYLOAD,Non-Polar Inclined,USA,Commercial,2022-05-06,,95.44,53.22,541,539,2022,260,LARGE,US,COMMUNICATIONS,LEO,4,True
STARLINK-3890,52455,PAYLOAD,Non-Polar Inclined,USA,Commercial,2022-05-06,,95.44,53.22,541,539,2022,260,LARGE,US,COMMUNICATIONS,LEO,4,True
STARLINK-3899,52457,PAYLOAD,Non-Polar Inclined,USA,Commercial,2022-05-06,,95.44,53.22,541,539,2022,260,LARGE,US,COMMUNICATIONS,LEO,4,True
STARLINK-3898,52458,PAYLOAD,Non-Polar Inclined,USA,Commercial,2022-05-06,,95.44,53.22,541,539,2022,260,LARGE,US,COMMUNICATIONS,LEO,4,True
STARLINK-3856,52459,PAYLOAD,Non-Polar Inclined,USA,Commercial,2022-05-06,,95.44,53.22,541,539,2022,260,LARGE,US,COMMUNICATIONS,LEO,4,True
STARLINK-3865,52460,PAYLOAD,Non-Polar Inclined,USA,Commercial,2022-05-06,2025-01-01,87.42,53.2,148,145,2022,260,LARGE,US,COMMUNICATIONS,LEO,4,False
STARLINK-3903,52462,PAYLOAD,Non-Polar Inclined,USA,Commercial,2022-05-06,,95.44,53.22,541,539,2022,260,LARGE,US,COMMUNICATIONS,LEO,4,True
STARLINK-3840,52466,PAYLOAD,Non-Polar Inclined,USA,Commercial,2022-05-06,,91.35,53.18,345,337,2022,260,LARGE,US,COMMUNICATIONS,LEO,4,True
STARLINK-3873,52467,PAYLOAD,Non-Polar Inclined,USA,Commercial,2022-05-06,,95.44,53.22,541,538,2022,260,LARGE,US,COMMUNICATIONS,LEO,4,True
STARLINK-3828,52469,PAYLOAD,Non-Polar Inclined,USA,Commercial,2022-05-06,,95.44,53.22,541,539,2022,260,LARGE,US,COMMUNICATIONS,LEO,4,True
STARLINK-3862,52471,PAYLOAD,Non-Polar Inclined,USA,Commercial,2022-05-06,,95.44,53.22,541,539,2022,260,LARGE,US,COMMUNICATIONS,LEO,4,True
STARLINK-3881,52472,PAYLOAD,Non-Polar Inclined,USA,Commercial,2022-05-06,,95.44,53.22,541,539,2022,260,LARGE,US,COMMUNICATIONS,LEO,4,True
STARLINK-3855,52474,PAYLOAD,Non-Polar Inclined,USA,Commercial,2022-05-06,,95.44,53.22,541,539,2022,260,LARGE,US,COMMUNICATIONS,LEO,4,True
STARLINK-3882,52475,PAYLOAD,Non-Polar Inclined,USA,Commercial,2022-05-06,,95.44,53.22,541,539,2022,260,LARGE,US,COMMUNICATIONS,LEO,4,True
STARLINK-3835,52476,PAYLOAD,Non-Polar Inclined,USA,Commercial,2022-05-06,,95.44,53.22,541,539,2022,260,LARGE,US,COMMUNICATIONS,LEO,4,True
STARLINK-3860,52477,PAYLOAD,Non-Polar Inclined,USA,Commercial,2022-05-06,,95.44,53.22,541,539,2022,260,LARGE,US,COMMUNICATIONS,LEO,4,True
STARLINK-3825,52478,PAYLOAD,Non-Polar Inclined,USA,Commercial,2022-05-06,,95.44,53.22,541,539,2022,260,LARGE,US,COMMUNICATIONS,LEO,4,True
STARLINK-3878,52479,PAYLOAD,Non-Polar Inclined,USA,Commercial,2022-05-06,,95.44,53.22,541,539,2022,260,LARGE,US,COMMUNICATIONS,LEO,4,True
STARLINK-3839,52480,PAYLOAD,Non-Polar Inclined,USA,Commercial,2022-05-06,,95.44,53.22,541,539,2022,260,LARGE,US,COMMUNICATIONS,LEO,4,True
STARLINK-3875,52483,PAYLOAD,Non-Polar Inclined,USA,Commercial,2022-05-06,,95.44,53.22,541,539,2022,260,LARGE,US,COMMUNICATIONS,LEO,4,True
STARLINK-3902,52487,PAYLOAD,Non-Polar Inclined,USA,Commercial,2022-05-06,,95.44,53.22,541,539,2022,260,LARGE,US,COMMUNICATIONS,LEO,4,True
STARLINK-3914,52490,PAYLOAD,Non-Polar Inclined,USA,Commercial,2022-05-06,,95.44,53.22,541,539,2022,260,LARGE,US,COMMUNICATIONS,LEO,4,True
STARLINK-3857,52494,PAYLOAD,Non-Polar Inclined,USA,Commercial,2022-05-06,,95.44,53.22,541,539,2022,260,LARGE,US,COMMUNICATIONS,LEO,4,True
STARLINK-3925,52498,PAYLOAD,Non-Polar Inclined,USA,Commercial,2022-05-06,,95.44,53.22,541,539,2022,260,LARGE,US,COMMUNICATIONS,LEO,4,True
STARLINK-3907,52501,PAYLOAD,Non-Polar Inclined,USA,Commercial,2022-05-06,,95.44,53.22,541,539,2022,260,LARGE,US,COMMUNICATIONS,LEO,4,True
STARLINK-3912,52502,PAYLOAD,Non-Polar Inclined,USA,Commercial,2022-05-06,,95.44,53.22,541,539,2022,260,LARGE,US,COMMUNICATIONS,LEO,4,True
STARLINK-3951,52533,PAYLOAD,Non-Polar Inclined,USA,Commercial,2022-05-13,2025-01-17,87.33,53.19,144,140,2022,260,LARGE,US,COMMUNICATIONS,LEO,4,False
STARLINK-3952,52534,PAYLOAD,Non-Polar Inclined,USA,Commercial,2022-05-13,,95.44,53.22,541,539,2022,260,LARGE,US,COMMUNICATIONS,LEO,4,True
STARLINK-3958,52535,PAYLOAD,Non-Polar Inclined,USA,Commercial,2022-05-13,,95.44,53.22,541,539,2022,260,LARGE,US,COMMUNICATIONS,LEO,4,True
STARLINK-3964,52536,PAYLOAD,Non-Polar Inclined,USA,Commercial,2022-05-13,,95.44,53.22,541,539,2022,260,LARGE,US,COMMUNICATIONS,LEO,4,True
STARLINK-3897,52537,PAYLOAD,Non-Polar Inclined,USA,Commercial,2022-05-13,,95.44,53.22,540,539,2022,260,LARGE,US,COMMUNICATIONS,LEO,4,True
STARLINK-3757,52539,PAYLOAD,Non-Polar Inclined,USA,Commercial,2022-05-13,,95.44,53.22,541,539,2022,260,LARGE,US,COMMUNICATIONS,LEO,4,True
STARLINK-3845,52541,PAYLOAD,Non-Polar Inclined,USA,Commercial,2022-05-13,,95.44,53.22,541,539,2022,260,LARGE,US,COMMUNICATIONS,LEO,4,True
STARLINK-3937,52542,PAYLOAD,Non-Polar Inclined,USA,Commercial,2022-05-13,,95.44,53.22,541,539,2022,260,LARGE,US,COMMUNICATIONS,LEO,4,True
STARLINK-3926,52543,PAYLOAD,Non-Polar Inclined,USA,Commercial,2022-05-13,,95.44,53.22,540,539,2022,260,LARGE,US,COMMUNICATIONS,LEO,4,True
STARLINK-3939,52545,PAYLOAD,Non-Polar Inclined,USA,Commercial,2022-05-13,2024-05-25,87.73,53.19,164,160,2022,260,LARGE,US,COMMUNICATIONS,LEO,4,False
STARLINK-3948,52546,PAYLOAD,Non-Polar Inclined,USA,Commercial,2022-05-13,,95.44,53.22,541,539,2022,260,LARGE,US,COMMUNICATIONS,LEO,4,True
STARLINK-3931,52548,PAYLOAD,Non-Polar Inclined,USA,Commercial,2022-05-13,,95.44,53.22,541,539,2022,260,LARGE,US,COMMUNICATIONS,LEO,4,True
STARLINK-3935,52549,PAYLOAD,Non-Polar Inclined,USA,Commercial,2022-05-13,,95.44,53.22,541,539,2022,260,LARGE,US,COMMUNICATIONS,LEO,4,True
STARLINK-3965,52550,PAYLOAD,Non-Polar Inclined,USA,Commercial,2022-05-13,,95.44,53.22,541,539,2022,260,LARGE,US,COMMUNICATIONS,LEO,4,True
STARLINK-3969,52551,PAYLOAD,Non-Polar Inclined,USA,Commercial,2022-05-13,,95.44,53.22,541,539,2022,260,LARGE,US,COMMUNICATIONS,LEO,4,True
STARLINK-3858,52553,PAYLOAD,Non-Polar Inclined,USA,Commercial,2022-05-13,,95.44,53.22,541,539,2022,260,LARGE,US,COMMUNICATIONS,LEO,4,True
STARLINK-3770,52554,PAYLOAD,Non-Polar Inclined,USA,Commercial,2022-05-13,,95.44,53.22,541,539,2022,260,LARGE,US,COMMUNICATIONS,LEO,4,True
STARLINK-3949,52555,PAYLOAD,Non-Polar Inclined,USA,Commercial,2022-05-13,,92.63,53.22,407,399,2022,260,LARGE,US,COMMUNICATIONS,LEO,4,True
STARLINK-3943,52557,PAYLOAD,Non-Polar Inclined,USA,Commercial,2022-05-13,,95.44,53.22,541,539,2022,260,LARGE,US,COMMUNICATIONS,LEO,4,True
STARLINK-3954,52558,PAYLOAD,Non-Polar Inclined,USA,Commercial,2022-05-13,,93.33,53.21,438,437,2022,260,LARGE,US,COMMUNICATIONS,LEO,4,True
STARLINK-3953,52559,PAYLOAD,Non-Polar Inclined,USA,Commercial,2022-05-13,,95.44,53.22,541,539,2022,260,LARGE,US,COMMUNICATIONS,LEO,4,True
STARLINK-3956,52560,PAYLOAD,Non-Polar Inclined,USA,Commercial,2022-05-13,,95.44,53.22,541,539,2022,260,LARGE,US,COMMUNICATIONS,LEO,4,True
STARLINK-3955,52561,PAYLOAD,Non-Polar Inclined,USA,Commercial,2022-05-13,,95.44,53.22,541,539,2022,260,LARGE,US,COMMUNICATIONS,LEO,4,True
STARLINK-3957,52562,PAYLOAD,Non-Polar Inclined,USA,Commercial,2022-05-13,,95.44,53.22,541,539,2022,260,LARGE,US,COMMUNICATIONS,LEO,4,True
STARLINK-3942,52563,PAYLOAD,Non-Polar Inclined,USA,Commercial,2022-05-13,,95.44,53.22,541,539,2022,260,LARGE,US,COMMUNICATIONS,LEO,4,True
STARLINK-3959,52564,PAYLOAD,Non-Polar Inclined,USA,Commercial,2022-05-13,,95.44,53.22,541,539,2022,260,LARGE,US,COMMUNICATIONS,LEO,4,True
STARLINK-3911,52565,PAYLOAD,Non-Polar Inclined,USA,Commercial,2022-05-13,,95.44,53.22,541,539,2022,260,LARGE,US,COMMUNICATIONS,LEO,4,True
STARLINK-3938,52566,PAYLOAD,Non-Polar Inclined,USA,Commercial,2022-05-13,,95.44,53.22,541,539,2022,260,LARGE,US,COMMUNICATIONS,LEO,4,True
STARLINK-3929,52567,PAYLOAD,Non-Polar Inclined,USA,Commercial,2022-05-13,,95.44,53.22,541,539,2022,260,LARGE,US,COMMUNICATIONS,LEO,4,True
STARLINK-3930,52568,PAYLOAD,Non-Polar Inclined,USA,Commercial,2022-05-13,,95.44,53.22,541,539,2022,260,LARGE,US,COMMUNICATIONS,LEO,4,True
STARLINK-3901,52574,PAYLOAD,Non-Polar Inclined,USA,Commercial,2022-05-13,,95.44,53.22,541,539,2022,260,LARGE,US,COMMUNICATIONS,LEO,4,True
STARLINK-3932,52576,PAYLOAD,Non-Polar Inclined,USA,Commercial,2022-05-13,,95.44,53.22,541,539,2022,260,LARGE,US,COMMUNICATIONS,LEO,4,True
STARLINK-3833,52578,PAYLOAD,Non-Polar Inclined,USA,Commercial,2022-05-13,,95.44,53.22,541,539,2022,260,LARGE,US,COMMUNICATIONS,LEO,4,True
STARLINK-3919,52580,PAYLOAD,Non-Polar Inclined,USA,Commercial,2022-05-13,,95.44,53.22,540,539,2022,260,LARGE,US,COMMUNICATIONS,LEO,4,True
STARLINK-3895,52583,PAYLOAD,Non-Polar Inclined,USA,Commercial,2022-05-13,,95.44,53.22,541,539,2022,260,LARGE,US,COMMUNICATIONS,LEO,4,True
STARLINK-3906,52585,PAYLOAD,Non-Polar Inclined,USA,Commercial,2022-05-13,,95.44,53.22,541,539,2022,260,LARGE,US,COMMUNICATIONS,LEO,4,True
STARLINK-4019,52598,PAYLOAD,Non-Polar Inclined,USA,Commercial,2022-05-14,,95.44,53.22,541,539,2022,260,LARGE,US,COMMUNICATIONS,LEO,4,True
STARLINK-4027,52601,PAYLOAD,Non-Polar Inclined,USA,Commercial,2022-05-14,,95.44,53.22,541,539,2022,260,LARGE,US,COMMUNICATIONS,LEO,4,True
STARLINK-4012,52602,PAYLOAD,Non-Polar Inclined,USA,Commercial,2022-05-14,,95.44,53.23,541,538,2022,260,LARGE,US,COMMUNICATIONS,LEO,4,True
STARLINK-4013,52604,PAYLOAD,Non-Polar Inclined,USA,Commercial,2022-05-14,,95.44,53.22,541,539,2022,260,LARGE,US,COMMUNICATIONS,LEO,4,True
STARLINK-4000,52605,PAYLOAD,Non-Polar Inclined,USA,Commercial,2022-05-14,,95.44,53.22,541,539,2022,260,LARGE,US,COMMUNICATIONS,LEO,4,True
STARLINK-3928,52606,PAYLOAD,Non-Polar Inclined,USA,Commercial,2022-05-14,,95.44,53.22,541,539,2022,260,LARGE,US,COMMUNICATIONS,LEO,4,True
STARLINK-3947,52607,PAYLOAD,Non-Polar Inclined,USA,Commercial,2022-05-14,,95.44,53.22,541,539,2022,260,LARGE,US,COMMUNICATIONS,LEO,4,True
STARLINK-3979,52608,PAYLOAD,Non-Polar Inclined,USA,Commercial,2022-05-14,,95.44,53.22,540,539,2022,260,LARGE,US,COMMUNICATIONS,LEO,4,True
STARLINK-3998,52610,PAYLOAD,Non-Polar Inclined,USA,Commercial,2022-05-14,,95.44,53.21,541,539,2022,260,LARGE,US,COMMUNICATIONS,LEO,4,True
STARLINK-3980,52611,PAYLOAD,Non-Polar Inclined,USA,Commercial,2022-05-14,,95.44,53.22,541,539,2022,260,LARGE,US,COMMUNICATIONS,LEO,4,True
STARLINK-4002,52612,PAYLOAD,Non-Polar Inclined,USA,Commercial,2022-05-14,,95.44,53.22,541,539,2022,260,LARGE,US,COMMUNICATIONS,LEO,4,True
STARLINK-3921,52613,PAYLOAD,Non-Polar Inclined,USA,Commercial,2022-05-14,2024-09-18,89.49,53.21,251,247,2022,260,LARGE,US,COMMUNICATIONS,LEO,4,False
STARLINK-3982,52614,PAYLOAD,Non-Polar Inclined,USA,Commercial,2022-05-14,,95.44,53.21,541,539,2022,260,LARGE,US,COMMUNICATIONS,LEO,4,True
STARLINK-4015,52616,PAYLOAD,Non-Polar Inclined,USA,Commercial,2022-05-14,,95.44,53.22,541,539,2022,260,LARGE,US,COMMUNICATIONS,LEO,4,True
STARLINK-3983,52618,PAYLOAD,Non-Polar Inclined,USA,Commercial,2022-05-14,,95.44,53.22,541,539,2022,260,LARGE,US,COMMUNICATIONS,LEO,4,True
STARLINK-3975,52620,PAYLOAD,Non-Polar Inclined,USA,Commercial,2022-05-14,,95.44,53.22,541,539,2022,260,LARGE,US,COMMUNICATIONS,LEO,4,True
STARLINK-3984,52621,PAYLOAD,Non-Polar Inclined,USA,Commercial,2022-05-14,,95.44,53.22,541,539,2022,260,LARGE,US,COMMUNICATIONS,LEO,4,True
STARLINK-4008,52622,PAYLOAD,Non-Polar Inclined,USA,Commercial,2022-05-14,,95.44,53.22,541,539,2022,260,LARGE,US,COMMUNICATIONS,LEO,4,True
STARLINK-3986,52623,PAYLOAD,Non-Polar Inclined,USA,Commercial,2022-05-14,,95.44,53.22,541,539,2022,260,LARGE,US,COMMUNICATIONS,LEO,4,True
STARLINK-4009,52624,PAYLOAD,Non-Polar Inclined,USA,Commercial,2022-05-14,2024-01-05,87.21,53.19,145,128,2022,260,LARGE,US,COMMUNICATIONS,LEO,4,False
STARLINK-3988,52625,PAYLOAD,Non-Polar Inclined,USA,Commercial,2022-05-14,,95.44,53.22,540,539,2022,260,LARGE,US,COMMUNICATIONS,LEO,4,True
STARLINK-3990,52626,PAYLOAD,Non-Polar Inclined,USA,Commercial,2022-05-14,,95.44,53.22,541,539,2022,260,LARGE,US,COMMUNICATIONS,LEO,4,True
STARLINK-4001,52628,PAYLOAD,Non-Polar Inclined,USA,Commercial,2022-05-14,,95.44,53.22,540,539,2022,260,LARGE,US,COMMUNICATIONS,LEO,4,True
STARLINK-3794,52631,PAYLOAD,Non-Polar Inclined,USA,Commercial,2022-05-14,,95.44,53.22,540,539,2022,260,LARGE,US,COMMUNICATIONS,LEO,4,True
STARLINK-3995,52632,PAYLOAD,Non-Polar Inclined,USA,Commercial,2022-05-14,,95.44,53.22,541,539,2022,260,LARGE,US,COMMUNICATIONS,LEO,4,True
STARLINK-3974,52634,PAYLOAD,Non-Polar Inclined,USA,Commercial,2022-05-14,,95.44,53.22,541,539,2022,260,LARGE,US,COMMUNICATIONS,LEO,4,True
STARLINK-3978,52635,PAYLOAD,Non-Polar Inclined,USA,Commercial,2022-05-14,,95.44,53.22,541,539,2022,260,LARGE,US,COMMUNICATIONS,LEO,4,True
STARLINK-3967,52636,PAYLOAD,Non-Polar Inclined,USA,Commercial,2022-05-14,,95.44,53.21,542,537,2022,260,LARGE,US,COMMUNICATIONS,LEO,4,True
STARLINK-3968,52639,PAYLOAD,Non-Polar Inclined,USA,Commercial,2022-05-14,,95.44,53.22,541,538,2022,260,LARGE,US,COMMUNICATIONS,LEO,4,True
STARLINK-3977,52640,PAYLOAD,Non-Polar Inclined,USA,Commercial,2022-05-14,,95.44,53.22,541,539,2022,260,LARGE,US,COMMUNICATIONS,LEO,4,True
STARLINK-3991,52641,PAYLOAD,Non-Polar Inclined,USA,Commercial,2022-05-14,,95.44,53.22,540,539,2022,260,LARGE,US,COMMUNICATIONS,LEO,4,True
STARLINK-3963,52643,PAYLOAD,Non-Polar Inclined,USA,Commercial,2022-05-14,,95.44,53.22,541,539,2022,260,LARGE,US,COMMUNICATIONS,LEO,4,True
STARLINK-3854,52648,PAYLOAD,Non-Polar Inclined,USA,Commercial,2022-05-14,,95.44,53.22,540,539,2022,260,LARGE,US,COMMUNICATIONS,LEO,4,True
STARLINK-3891,52650,PAYLOAD,Non-Polar Inclined,USA,Commercial,2022-05-14,,95.44,53.22,541,539,2022,260,LARGE,US,COMMUNICATIONS,LEO,4,True
STARLINK-4082,52658,PAYLOAD,Non-Polar Inclined,USA,Commercial,2022-05-18,,95.44,53.22,541,539,2022,260,LARGE,US,COMMUNICATIONS,LEO,4,True
STARLINK-3960,52659,PAYLOAD,Non-Polar Inclined,USA,Commercial,2022-05-18,,95.44,53.22,541,539,2022,260,LARGE,US,COMMUNICATIONS,LEO,4,True
STARLINK-4044,52662,PAYLOAD,Non-Polar Inclined,USA,Commercial,2022-05-18,,95.44,53.22,541,539,2022,260,LARGE,US,COMMUNICATIONS,LEO,4,True
STARLINK-4037,52663,PAYLOAD,Non-Polar Inclined,USA,Commercial,2022-05-18,,95.44,53.22,540,539,2022,260,LARGE,US,COMMUNICATIONS,LEO,4,True
STARLINK-4070,52664,PAYLOAD,Non-Polar Inclined,USA,Commercial,2022-05-18,,95.44,53.22,541,539,2022,260,LARGE,US,COMMUNICATIONS,LEO,4,True
STARLINK-4064,52665,PAYLOAD,Non-Polar Inclined,USA,Commercial,2022-05-18,,95.44,53.22,541,539,2022,260,LARGE,US,COMMUNICATIONS,LEO,4,True
STARLINK-4067,52668,PAYLOAD,Non-Polar Inclined,USA,Commercial,2022-05-18,,95.44,53.22,540,539,2022,260,LARGE,US,COMMUNICATIONS,LEO,4,True
STARLINK-3972,52669,PAYLOAD,Non-Polar Inclined,USA,Commercial,2022-05-18,,95.44,53.22,541,539,2022,260,LARGE,US,COMMUNICATIONS,LEO,4,True
STARLINK-4075,52670,PAYLOAD,Non-Polar Inclined,USA,Commercial,2022-05-18,,95.44,53.22,541,539,2022,260,LARGE,US,COMMUNICATIONS,LEO,4,True
STARLINK-4071,52671,PAYLOAD,Non-Polar Inclined,USA,Commercial,2022-05-18,,95.44,53.22,541,539,2022,260,LARGE,US,COMMUNICATIONS,LEO,4,True
STARLINK-3936,52674,PAYLOAD,Non-Polar Inclined,USA,Commercial,2022-05-18,,95.44,53.22,541,539,2022,260,LARGE,US,COMMUNICATIONS,LEO,4,True
STARLINK-3934,52675,PAYLOAD,Non-Polar Inclined,USA,Commercial,2022-05-18,,95.44,53.22,541,539,2022,260,LARGE,US,COMMUNICATIONS,LEO,4,True
STARLINK-4006,52676,PAYLOAD,Non-Polar Inclined,USA,Commercial,2022-05-18,,95.44,53.22,541,539,2022,260,LARGE,US,COMMUNICATIONS,LEO,4,True
STARLINK-4074,52678,PAYLOAD,Non-Polar Inclined,USA,Commercial,2022-05-18,,95.44,53.22,541,539,2022,260,LARGE,US,COMMUNICATIONS,LEO,4,True
STARLINK-3774,52680,PAYLOAD,Non-Polar Inclined,USA,Commercial,2022-05-18,,95.44,53.22,541,539,2022,260,LARGE,US,COMMUNICATIONS,LEO,4,True
STARLINK-4068,52681,PAYLOAD,Non-Polar Inclined,USA,Commercial,2022-05-18,,95.44,53.22,541,539,2022,260,LARGE,US,COMMUNICATIONS,LEO,4,True
STARLINK-4017,52682,PAYLOAD,Non-Polar Inclined,USA,Commercial,2022-05-18,,95.44,53.22,541,539,2022,260,LARGE,US,COMMUNICATIONS,LEO,4,True
STARLINK-4029,52685,PAYLOAD,Non-Polar Inclined,USA,Commercial,2022-05-18,,95.44,53.22,541,539,2022,260,LARGE,US,COMMUNICATIONS,LEO,4,True
STARLINK-4032,52688,PAYLOAD,Non-Polar Inclined,USA,Commercial,2022-05-18,,95.44,53.22,541,539,2022,260,LARGE,US,COMMUNICATIONS,LEO,4,True
STARLINK-4078,52689,PAYLOAD,Non-Polar Inclined,USA,Commercial,2022-05-18,,95.19,53.21,529,527,2022,260,LARGE,US,COMMUNICATIONS,LEO,4,True
STARLINK-4035,52690,PAYLOAD,Non-Polar Inclined,USA,Commercial,2022-05-18,,95.44,53.22,541,539,2022,260,LARGE,US,COMMUNICATIONS,LEO,4,True
STARLINK-3945,52691,PAYLOAD,Non-Polar Inclined,USA,Commercial,2022-05-18,2024-12-26,87.6,53.2,159,152,2022,260,LARGE,US,COMMUNICATIONS,LEO,4,False
STARLINK-4072,52694,PAYLOAD,Non-Polar Inclined,USA,Commercial,2022-05-18,,95.44,53.22,541,539,2022,260,LARGE,US,COMMUNICATIONS,LEO,4,True
STARLINK-4041,52695,PAYLOAD,Non-Polar Inclined,USA,Commercial,2022-05-18,,95.44,53.22,541,539,2022,260,LARGE,US,COMMUNICATIONS,LEO,4,True
STARLINK-4025,52696,PAYLOAD,Non-Polar Inclined,USA,Commercial,2022-05-18,2024-12-16,87.36,53.19,145,142,2022,260,LARGE,US,COMMUNICATIONS,LEO,4,False
STARLINK-4018,52697,PAYLOAD,Non-Polar Inclined,USA,Commercial,2022-05-18,,95.44,53.22,540,539,2022,260,LARGE,US,COMMUNICATIONS,LEO,4,True
STARLINK-3987,52699,PAYLOAD,Non-Polar Inclined,USA,Commercial,2022-05-18,,95.44,53.22,541,539,2022,260,LARGE,US,COMMUNICATIONS,LEO,4,True
STARLINK-4034,52700,PAYLOAD,Non-Polar Inclined,USA,Commercial,2022-05-18,,95.44,53.22,541,539,2022,260,LARGE,US,COMMUNICATIONS,LEO,4,True
STARLINK-4003,52701,PAYLOAD,Non-Polar Inclined,USA,Commercial,2022-05-18,2025-01-08,87.31,53.19,144,138,2022,260,LARGE,US,COMMUNICATIONS,LEO,4,False
STARLINK-4033,52702,PAYLOAD,Non-Polar Inclined,USA,Commercial,2022-05-18,,95.44,53.22,541,539,2022,260,LARGE,US,COMMUNICATIONS,LEO,4,True
STARLINK-3999,52704,PAYLOAD,Non-Polar Inclined,USA,Commercial,2022-05-18,,95.44,53.22,541,539,2022,260,LARGE,US,COMMUNICATIONS,LEO,4,True
STARLINK-3844,52705,PAYLOAD,Non-Polar Inclined,USA,Commercial,2022-05-18,,95.44,53.22,541,539,2022,260,LARGE,US,COMMUNICATIONS,LEO,4,True
STARLINK-4007,52707,PAYLOAD,Non-Polar Inclined,USA,Commercial,2022-05-18,,95.44,53.22,541,539,2022,260,LARGE,US,COMMUNICATIONS,LEO,4,True
STARLINK-3962,52708,PAYLOAD,Non-Polar Inclined,USA,Commercial,2022-05-18,,95.44,53.22,541,539,2022,260,LARGE,US,COMMUNICATIONS,LEO,4,True
COSMOS 2556,52713,PAYLOAD,Sun-Synchronous,Russia,Military,2022-05-19,,94.47,97.59,495,491,2022,3700,LARGE,CIS,EARTH OBSERVATION,LEO,5,True
GEESAT 1-03,52787,PAYLOAD,Non-Polar Inclined,China,Commercial,2022-06-02,,96.27,49.99,583,576,2022,100,MEDIUM,PRC,EARTH OBSERVATION/NAVIGATION,LEO,5,True
GEESAT 1-04,52788,PAYLOAD,Non-Polar Inclined,China,Commercial,2022-06-02,,96.27,50.01,581,579,2022,100,MEDIUM,PRC,EARTH OBSERVATION/NAVIGATION,LEO,5,True
GEESAT 1-05,52789,PAYLOAD,Non-Polar Inclined,China,Commercial,2022-06-02,,96.27,49.99,582,577,2022,100,MEDIUM,PRC,EARTH OBSERVATION/NAVIGATION,LEO,5,True
GEESAT 1-06,52790,PAYLOAD,Non-Polar Inclined,China,Commercial,2022-06-02,,96.27,50.01,583,577,2022,100,MEDIUM,PRC,EARTH OBSERVATION/NAVIGATION,LEO,5,True
GEESAT 1-07,52791,PAYLOAD,Non-Polar Inclined,China,Commercial,2022-06-02,,96.27,49.99,583,577,2022,100,MEDIUM,PRC,EARTH OBSERVATION/NAVIGATION,LEO,5,True
GEESAT 1-09,52793,PAYLOAD,Non-Polar Inclined,China,Commercial,2022-06-02,,96.27,50,585,574,2022,100,MEDIUM,PRC,EARTH OBSERVATION/NAVIGATION,LEO,5,True
STARLINK-4091,52830,PAYLOAD,Non-Polar Inclined,USA,Commercial,2022-06-17,,95.44,53.22,541,539,2022,260,LARGE,US,COMMUNICATIONS,LEO,4,True
STARLINK-4089,52831,PAYLOAD,Non-Polar Inclined,USA,Commercial,2022-06-17,,95.44,53.22,541,539,2022,260,LARGE,US,COMMUNICATIONS,LEO,4,True
STARLINK-4083,52832,PAYLOAD,Non-Polar Inclined,USA,Commercial,2022-06-17,,95.44,53.22,541,539,2022,260,LARGE,US,COMMUNICATIONS,LEO,4,True
STARLINK-4086,52833,PAYLOAD,Non-Polar Inclined,USA,Commercial,2022-06-17,,95.44,53.22,541,539,2022,260,LARGE,US,COMMUNICATIONS,LEO,4,True
STARLINK-4080,52835,PAYLOAD,Non-Polar Inclined,USA,Commercial,2022-06-17,,95.44,53.22,541,539,2022,260,LARGE,US,COMMUNICATIONS,LEO,4,True
STARLINK-4036,52837,PAYLOAD,Non-Polar Inclined,USA,Commercial,2022-06-17,,95.44,53.22,541,539,2022,260,LARGE,US,COMMUNICATIONS,LEO,4,True
STARLINK-4065,52841,PAYLOAD,Non-Polar Inclined,USA,Commercial,2022-06-17,,95.44,53.22,541,539,2022,260,LARGE,US,COMMUNICATIONS,LEO,4,True
STARLINK-4188,52843,PAYLOAD,Non-Polar Inclined,USA,Commercial,2022-06-17,,95.44,53.22,541,539,2022,260,LARGE,US,COMMUNICATIONS,LEO,4,True
STARLINK-4202,52848,PAYLOAD,Non-Polar Inclined,USA,Commercial,2022-06-17,,95.44,53.22,541,538,2022,260,LARGE,US,COMMUNICATIONS,LEO,4,True
STARLINK-4197,52849,PAYLOAD,Non-Polar Inclined,USA,Commercial,2022-06-17,,95.44,53.22,541,539,2022,260,LARGE,US,COMMUNICATIONS,LEO,4,True
STARLINK-3809,52851,PAYLOAD,Non-Polar Inclined,USA,Commercial,2022-06-17,,95.44,53.22,541,539,2022,260,LARGE,US,COMMUNICATIONS,LEO,4,True
STARLINK-4189,52853,PAYLOAD,Non-Polar Inclined,USA,Commercial,2022-06-17,,95.44,53.22,541,539,2022,260,LARGE,US,COMMUNICATIONS,LEO,4,True
STARLINK-4204,52854,PAYLOAD,Non-Polar Inclined,USA,Commercial,2022-06-17,,95.44,53.22,541,539,2022,260,LARGE,US,COMMUNICATIONS,LEO,4,True
STARLINK-4201,52856,PAYLOAD,Non-Polar Inclined,USA,Commercial,2022-06-17,,95.44,53.22,541,539,2022,260,LARGE,US,COMMUNICATIONS,LEO,4,True
STARLINK-4198,52858,PAYLOAD,Non-Polar Inclined,USA,Commercial,2022-06-17,,95.44,53.22,541,539,2022,260,LARGE,US,COMMUNICATIONS,LEO,4,True
STARLINK-4196,52859,PAYLOAD,Non-Polar Inclined,USA,Commercial,2022-06-17,,95.44,53.22,541,539,2022,260,LARGE,US,COMMUNICATIONS,LEO,4,True
STARLINK-4191,52860,PAYLOAD,Non-Polar Inclined,USA,Commercial,2022-06-17,,95.44,53.22,541,539,2022,260,LARGE,US,COMMUNICATIONS,LEO,4,True
STARLINK-4010,52862,PAYLOAD,Non-Polar Inclined,USA,Commercial,2022-06-17,,95.44,53.22,541,539,2022,260,LARGE,US,COMMUNICATIONS,LEO,4,True
STARLINK-4270,52863,PAYLOAD,Non-Polar Inclined,USA,Commercial,2022-06-17,,95.44,53.22,541,539,2022,260,LARGE,US,COMMUNICATIONS,LEO,4,True
STARLINK-4274,52865,PAYLOAD,Non-Polar Inclined,USA,Commercial,2022-06-17,,95.44,53.22,541,539,2022,260,LARGE,US,COMMUNICATIONS,LEO,4,True
STARLINK-4261,52868,PAYLOAD,Non-Polar Inclined,USA,Commercial,2022-06-17,,95.44,53.22,541,539,2022,260,LARGE,US,COMMUNICATIONS,LEO,4,True
STARLINK-4266,52869,PAYLOAD,Non-Polar Inclined,USA,Commercial,2022-06-17,,95.44,53.22,541,539,2022,260,LARGE,US,COMMUNICATIONS,LEO,4,True
STARLINK-4195,52870,PAYLOAD,Non-Polar Inclined,USA,Commercial,2022-06-17,,95.44,53.22,541,539,2022,260,LARGE,US,COMMUNICATIONS,LEO,4,True
STARLINK-4211,52873,PAYLOAD,Non-Polar Inclined,USA,Commercial,2022-06-17,,95.44,53.22,541,539,2022,260,LARGE,US,COMMUNICATIONS,LEO,4,True
STARLINK-4210,52874,PAYLOAD,Non-Polar Inclined,USA,Commercial,2022-06-17,,95.44,53.22,541,538,2022,260,LARGE,US,COMMUNICATIONS,LEO,4,True
STARLINK-4193,52875,PAYLOAD,Non-Polar Inclined,USA,Commercial,2022-06-17,,95.44,53.22,541,538,2022,260,LARGE,US,COMMUNICATIONS,LEO,4,True
STARLINK-4192,52881,PAYLOAD,Non-Polar Inclined,USA,Commercial,2022-06-17,2024-09-02,89.82,53.21,267,264,2022,260,LARGE,US,COMMUNICATIONS,LEO,4,False
STARLINK-4181,52882,PAYLOAD,Non-Polar Inclined,USA,Commercial,2022-06-17,,95.44,53.22,541,539,2022,260,LARGE,US,COMMUNICATIONS,LEO,4,True
CMS-02,52903,PAYLOAD,,India,Government,2022-06-22,,1436.09,0.02,35794,35779,2022,4181,LARGE,IND,COMMUNICATIONS,GEO,15,True
GAOFEN 12 (03),52912,PAYLOAD,Sun-Synchronous,China,Government,2022-06-27,,97.23,97.88,627,625,2022,3000,LARGE,PRC,EARTH OBSERVATION,LEO,8,True
SES 22,52933,PAYLOAD,,Luxembourg,Commercial,2022-06-29,,1436.11,0.01,35791,35783,2022,3500,LARGE,SES,COMMUNICATIONS,GEO,18,True
COSMOS 2557 (GLONASS),52984,PAYLOAD,Non-Polar Inclined,Russia,Military/Commercial,2022-07-07,,675.73,64.53,19158,19102,2022,974,LARGE,CIS,NAVIGATION/GLOBAL POSITIONING,MEO,10,True
STARLINK-4260,52986,PAYLOAD,Non-Polar Inclined,USA,Commercial,2022-07-07,,95.44,53.22,541,538,2022,260,LARGE,US,COMMUNICATIONS,LEO,4,True
STARLINK-4259,52987,PAYLOAD,Non-Polar Inclined,USA,Commercial,2022-07-07,,95.44,53.22,541,539,2022,260,LARGE,US,COMMUNICATIONS,LEO,4,True
STARLINK-4291,52988,PAYLOAD,Non-Polar Inclined,USA,Commercial,2022-07-07,,95.44,53.22,541,539,2022,260,LARGE,US,COMMUNICATIONS,LEO,4,True
STARLINK-4293,52989,PAYLOAD,Non-Polar Inclined,USA,Commercial,2022-07-07,,95.44,53.22,541,539,2022,260,LARGE,US,COMMUNICATIONS,LEO,4,True
STARLINK-4286,52990,PAYLOAD,Non-Polar Inclined,USA,Commercial,2022-07-07,,95.44,53.22,540,539,2022,260,LARGE,US,COMMUNICATIONS,LEO,4,True
STARLINK-4285,52991,PAYLOAD,Non-Polar Inclined,USA,Commercial,2022-07-07,,95.44,53.22,541,539,2022,260,LARGE,US,COMMUNICATIONS,LEO,4,True
STARLINK-4269,52992,PAYLOAD,Non-Polar Inclined,USA,Commercial,2022-07-07,,95.44,53.22,541,539,2022,260,LARGE,US,COMMUNICATIONS,LEO,4,True
STARLINK-4264,52993,PAYLOAD,Non-Polar Inclined,USA,Commercial,2022-07-07,,95.44,53.22,541,539,2022,260,LARGE,US,COMMUNICATIONS,LEO,4,True
STARLINK-4296,52995,PAYLOAD,Non-Polar Inclined,USA,Commercial,2022-07-07,,95.44,53.22,541,539,2022,260,LARGE,US,COMMUNICATIONS,LEO,4,True
STARLINK-4301,52997,PAYLOAD,Non-Polar Inclined,USA,Commercial,2022-07-07,2025-02-05,87.39,53.19,150,140,2022,260,LARGE,US,COMMUNICATIONS,LEO,4,False
STARLINK-4254,52998,PAYLOAD,Non-Polar Inclined,USA,Commercial,2022-07-07,,95.44,53.22,541,539,2022,260,LARGE,US,COMMUNICATIONS,LEO,4,True
STARLINK-4217,52999,PAYLOAD,Non-Polar Inclined,USA,Commercial,2022-07-07,,95.44,53.22,541,539,2022,260,LARGE,US,COMMUNICATIONS,LEO,4,True
STARLINK-4194,53000,PAYLOAD,Non-Polar Inclined,USA,Commercial,2022-07-07,,95.44,53.22,541,539,2022,260,LARGE,US,COMMUNICATIONS,LEO,4,True
STARLINK-4255,53003,PAYLOAD,Non-Polar Inclined,USA,Commercial,2022-07-07,,95.44,53.22,541,539,2022,260,LARGE,US,COMMUNICATIONS,LEO,4,True
STARLINK-4253,53004,PAYLOAD,Non-Polar Inclined,USA,Commercial,2022-07-07,,95.44,53.22,541,539,2022,260,LARGE,US,COMMUNICATIONS,LEO,4,True
STARLINK-4288,53005,PAYLOAD,Non-Polar Inclined,USA,Commercial,2022-07-07,,95.44,53.22,541,539,2022,260,LARGE,US,COMMUNICATIONS,LEO,4,True
STARLINK-4277,53009,PAYLOAD,Non-Polar Inclined,USA,Commercial,2022-07-07,,95.44,53.22,541,539,2022,260,LARGE,US,COMMUNICATIONS,LEO,4,True
STARLINK-4263,53010,PAYLOAD,Non-Polar Inclined,USA,Commercial,2022-07-07,,95.44,53.22,541,539,2022,260,LARGE,US,COMMUNICATIONS,LEO,4,True
STARLINK-4265,53011,PAYLOAD,Non-Polar Inclined,USA,Commercial,2022-07-07,,95.44,53.22,541,539,2022,260,LARGE,US,COMMUNICATIONS,LEO,4,True
STARLINK-4271,53012,PAYLOAD,Non-Polar Inclined,USA,Commercial,2022-07-07,,95.44,53.22,541,539,2022,260,LARGE,US,COMMUNICATIONS,LEO,4,True
STARLINK-4177,53013,PAYLOAD,Non-Polar Inclined,USA,Commercial,2022-07-07,,95.44,53.22,541,539,2022,260,LARGE,US,COMMUNICATIONS,LEO,4,True
STARLINK-4183,53014,PAYLOAD,Non-Polar Inclined,USA,Commercial,2022-07-07,,95.44,53.22,541,539,2022,260,LARGE,US,COMMUNICATIONS,LEO,4,True
STARLINK-4283,53016,PAYLOAD,Non-Polar Inclined,USA,Commercial,2022-07-07,,95.44,53.22,541,539,2022,260,LARGE,US,COMMUNICATIONS,LEO,4,True
STARLINK-4282,53019,PAYLOAD,Non-Polar Inclined,USA,Commercial,2022-07-07,,95.44,53.22,541,539,2022,260,LARGE,US,COMMUNICATIONS,LEO,4,True
STARLINK-4203,53021,PAYLOAD,Non-Polar Inclined,USA,Commercial,2022-07-07,2024-12-18,87.36,53.19,147,141,2022,260,LARGE,US,COMMUNICATIONS,LEO,4,False
STARLINK-4216,53022,PAYLOAD,Non-Polar Inclined,USA,Commercial,2022-07-07,,95.44,53.22,541,539,2022,260,LARGE,US,COMMUNICATIONS,LEO,4,True
STARLINK-4284,53023,PAYLOAD,Non-Polar Inclined,USA,Commercial,2022-07-07,,95.44,53.22,541,539,2022,260,LARGE,US,COMMUNICATIONS,LEO,4,True
STARLINK-4119,53026,PAYLOAD,Non-Polar Inclined,USA,Commercial,2022-07-07,,95.44,53.22,541,539,2022,260,LARGE,US,COMMUNICATIONS,LEO,4,True
STARLINK-4160,53030,PAYLOAD,Non-Polar Inclined,USA,Commercial,2022-07-07,,95.44,53.22,541,539,2022,260,LARGE,US,COMMUNICATIONS,LEO,4,True
STARLINK-4137,53031,PAYLOAD,Non-Polar Inclined,USA,Commercial,2022-07-07,,95.44,53.22,541,539,2022,260,LARGE,US,COMMUNICATIONS,LEO,4,True
STARLINK-4115,53032,PAYLOAD,Non-Polar Inclined,USA,Commercial,2022-07-07,,95.44,53.22,541,539,2022,260,LARGE,US,COMMUNICATIONS,LEO,4,True
STARLINK-4155,53036,PAYLOAD,Non-Polar Inclined,USA,Commercial,2022-07-07,,95.44,53.22,541,539,2022,260,LARGE,US,COMMUNICATIONS,LEO,4,True
STARLINK-4153,53037,PAYLOAD,Non-Polar Inclined,USA,Commercial,2022-07-07,,95.44,53.22,541,539,2022,260,LARGE,US,COMMUNICATIONS,LEO,4,True
STARLINK-4156,53038,PAYLOAD,Non-Polar Inclined,USA,Commercial,2022-07-07,,95.44,53.22,541,539,2022,260,LARGE,US,COMMUNICATIONS,LEO,4,True
STARLINK-4350,53045,PAYLOAD,Sun-Synchronous,USA,Commercial,2022-07-11,,95.92,97.66,565,561,2022,260,LARGE,US,COMMUNICATIONS,LEO,4,True
STARLINK-4355,53048,PAYLOAD,Sun-Synchronous,USA,Commercial,2022-07-11,,95.92,97.65,565,561,2022,260,LARGE,US,COMMUNICATIONS,LEO,4,True
STARLINK-4345,53049,PAYLOAD,Sun-Synchronous,USA,Commercial,2022-07-11,,95.92,97.65,564,562,2022,260,LARGE,US,COMMUNICATIONS,LEO,4,True
STARLINK-4336,53051,PAYLOAD,Sun-Synchronous,USA,Commercial,2022-07-11,,95.92,97.65,565,561,2022,260,LARGE,US,COMMUNICATIONS,LEO,4,True
STARLINK-4341,53052,PAYLOAD,Sun-Synchronous,USA,Commercial,2022-07-11,,95.92,97.65,565,561,2022,260,LARGE,US,COMMUNICATIONS,LEO,4,True
STARLINK-4337,53053,PAYLOAD,Sun-Synchronous,USA,Commercial,2022-07-11,,95.92,97.65,564,561,2022,260,LARGE,US,COMMUNICATIONS,LEO,4,True
STARLINK-4339,53054,PAYLOAD,Sun-Synchronous,USA,Commercial,2022-07-11,,95.92,97.65,566,560,2022,260,LARGE,US,COMMUNICATIONS,LEO,4,True
STARLINK-4338,53055,PAYLOAD,Sun-Synchronous,USA,Commercial,2022-07-11,,95.92,97.65,564,562,2022,260,LARGE,US,COMMUNICATIONS,LEO,4,True
STARLINK-4252,53057,PAYLOAD,Sun-Synchronous,USA,Commercial,2022-07-11,,95.92,97.65,564,562,2022,260,LARGE,US,COMMUNICATIONS,LEO,4,True
STARLINK-4308,53061,PAYLOAD,Sun-Synchronous,USA,Commercial,2022-07-11,,95.92,97.65,564,562,2022,260,LARGE,US,COMMUNICATIONS,LEO,4,True
STARLINK-4307,53063,PAYLOAD,Sun-Synchronous,USA,Commercial,2022-07-11,,95.92,97.65,565,561,2022,260,LARGE,US,COMMUNICATIONS,LEO,4,True
STARLINK-4313,53064,PAYLOAD,Sun-Synchronous,USA,Commercial,2022-07-11,,95.92,97.65,563,563,2022,260,LARGE,US,COMMUNICATIONS,LEO,4,True
STARLINK-4312,53065,PAYLOAD,Sun-Synchronous,USA,Commercial,2022-07-11,,95.92,97.65,564,562,2022,260,LARGE,US,COMMUNICATIONS,LEO,4,True
STARLINK-4323,53069,PAYLOAD,Sun-Synchronous,USA,Commercial,2022-07-11,,95.92,97.65,565,561,2022,260,LARGE,US,COMMUNICATIONS,LEO,4,True
STARLINK-4342,53070,PAYLOAD,Sun-Synchronous,USA,Commercial,2022-07-11,,95.92,97.65,565,561,2022,260,LARGE,US,COMMUNICATIONS,LEO,4,True
STARLINK-4328,53071,PAYLOAD,Sun-Synchronous,USA,Commercial,2022-07-11,,95.92,97.65,566,560,2022,260,LARGE,US,COMMUNICATIONS,LEO,4,True
STARLINK-4346,53073,PAYLOAD,Sun-Synchronous,USA,Commercial,2022-07-11,,95.65,97.65,553,547,2022,260,LARGE,US,COMMUNICATIONS,LEO,4,True
STARLINK-4348,53075,PAYLOAD,Sun-Synchronous,USA,Commercial,2022-07-11,,95.92,97.66,564,562,2022,260,LARGE,US,COMMUNICATIONS,LEO,4,True
STARLINK-4315,53077,PAYLOAD,Sun-Synchronous,USA,Commercial,2022-07-11,,94.95,97.65,518,514,2022,260,LARGE,US,COMMUNICATIONS,LEO,4,True
STARLINK-4321,53082,PAYLOAD,Sun-Synchronous,USA,Commercial,2022-07-11,,95.92,97.66,564,562,2022,260,LARGE,US,COMMUNICATIONS,LEO,4,True
STARLINK-4251,53083,PAYLOAD,Sun-Synchronous,USA,Commercial,2022-07-11,,95.92,97.65,565,561,2022,260,LARGE,US,COMMUNICATIONS,LEO,4,True
STARLINK-4319,53084,PAYLOAD,Sun-Synchronous,USA,Commercial,2022-07-11,,95.92,97.66,564,562,2022,260,LARGE,US,COMMUNICATIONS,LEO,4,True
STARLINK-4329,53087,PAYLOAD,Sun-Synchronous,USA,Commercial,2022-07-11,,95.39,97.67,539,537,2022,260,LARGE,US,COMMUNICATIONS,LEO,4,True
STARLINK-4333,53088,PAYLOAD,Sun-Synchronous,USA,Commercial,2022-07-11,,96.1,97.66,583,561,2022,260,LARGE,US,COMMUNICATIONS,LEO,4,True
STARLINK-4154,53133,PAYLOAD,Non-Polar Inclined,USA,Commercial,2022-07-17,2024-12-29,87.6,53.2,159,152,2022,260,LARGE,US,COMMUNICATIONS,LEO,4,False
STARLINK-4150,53134,PAYLOAD,Non-Polar Inclined,USA,Commercial,2022-07-17,,95.44,53.22,541,539,2022,260,LARGE,US,COMMUNICATIONS,LEO,4,True
STARLINK-4152,53136,PAYLOAD,Non-Polar Inclined,USA,Commercial,2022-07-17,,95.44,53.22,541,539,2022,260,LARGE,US,COMMUNICATIONS,LEO,4,True
STARLINK-4141,53138,PAYLOAD,Non-Polar Inclined,USA,Commercial,2022-07-17,,95.44,53.22,541,539,2022,260,LARGE,US,COMMUNICATIONS,LEO,4,True
STARLINK-4170,53140,PAYLOAD,Non-Polar Inclined,USA,Commercial,2022-07-17,,95.44,53.22,541,539,2022,260,LARGE,US,COMMUNICATIONS,LEO,4,True
STARLINK-4103,53141,PAYLOAD,Non-Polar Inclined,USA,Commercial,2022-07-17,,95.44,53.22,541,539,2022,260,LARGE,US,COMMUNICATIONS,LEO,4,True
STARLINK-4102,53143,PAYLOAD,Non-Polar Inclined,USA,Commercial,2022-07-17,,95.44,53.22,541,539,2022,260,LARGE,US,COMMUNICATIONS,LEO,4,True
STARLINK-4100,53144,PAYLOAD,Non-Polar Inclined,USA,Commercial,2022-07-17,,95.44,53.22,541,539,2022,260,LARGE,US,COMMUNICATIONS,LEO,4,True
STARLINK-4099,53146,PAYLOAD,Non-Polar Inclined,USA,Commercial,2022-07-17,,94.04,53.22,473,471,2022,260,LARGE,US,COMMUNICATIONS,LEO,4,True
STARLINK-4021,53149,PAYLOAD,Non-Polar Inclined,USA,Commercial,2022-07-17,,95.44,53.22,541,539,2022,260,LARGE,US,COMMUNICATIONS,LEO,4,True
STARLINK-4038,53150,PAYLOAD,Non-Polar Inclined,USA,Commercial,2022-07-17,,95.44,53.22,541,539,2022,260,LARGE,US,COMMUNICATIONS,LEO,4,True
STARLINK-4045,53152,PAYLOAD,Non-Polar Inclined,USA,Commercial,2022-07-17,,95.44,53.22,541,539,2022,260,LARGE,US,COMMUNICATIONS,LEO,4,True
STARLINK-4077,53154,PAYLOAD,Non-Polar Inclined,USA,Commercial,2022-07-17,,95.44,53.22,541,539,2022,260,LARGE,US,COMMUNICATIONS,LEO,4,True
STARLINK-4111,53159,PAYLOAD,Non-Polar Inclined,USA,Commercial,2022-07-17,,95.44,53.22,540,539,2022,260,LARGE,US,COMMUNICATIONS,LEO,4,True
STARLINK-4096,53160,PAYLOAD,Non-Polar Inclined,USA,Commercial,2022-07-17,,95.44,53.22,541,539,2022,260,LARGE,US,COMMUNICATIONS,LEO,4,True
STARLINK-4114,53162,PAYLOAD,Non-Polar Inclined,USA,Commercial,2022-07-17,,95.44,53.22,541,539,2022,260,LARGE,US,COMMUNICATIONS,LEO,4,True
STARLINK-4104,53163,PAYLOAD,Non-Polar Inclined,USA,Commercial,2022-07-17,,95.44,53.22,541,539,2022,260,LARGE,US,COMMUNICATIONS,LEO,4,True
STARLINK-4116,53164,PAYLOAD,Non-Polar Inclined,USA,Commercial,2022-07-17,,95.44,53.22,541,539,2022,260,LARGE,US,COMMUNICATIONS,LEO,4,True
STARLINK-4090,53165,PAYLOAD,Non-Polar Inclined,USA,Commercial,2022-07-17,,95.44,53.22,541,539,2022,260,LARGE,US,COMMUNICATIONS,LEO,4,True
STARLINK-3683,53167,PAYLOAD,Non-Polar Inclined,USA,Commercial,2022-07-17,,95.44,53.22,541,539,2022,260,LARGE,US,COMMUNICATIONS,LEO,4,True
STARLINK-4117,53169,PAYLOAD,Non-Polar Inclined,USA,Commercial,2022-07-17,,95.44,53.22,541,539,2022,260,LARGE,US,COMMUNICATIONS,LEO,4,True
STARLINK-4300,53173,PAYLOAD,Non-Polar Inclined,USA,Commercial,2022-07-17,,95.44,53.22,541,539,2022,260,LARGE,US,COMMUNICATIONS,LEO,4,True
STARLINK-4205,53174,PAYLOAD,Non-Polar Inclined,USA,Commercial,2022-07-17,,95.44,53.22,541,539,2022,260,LARGE,US,COMMUNICATIONS,LEO,4,True
STARLINK-4294,53176,PAYLOAD,Non-Polar Inclined,USA,Commercial,2022-07-17,,95.44,53.22,541,539,2022,260,LARGE,US,COMMUNICATIONS,LEO,4,True
STARLINK-4280,53178,PAYLOAD,Non-Polar Inclined,USA,Commercial,2022-07-17,,95.44,53.22,541,539,2022,260,LARGE,US,COMMUNICATIONS,LEO,4,True
STARLINK-4257,53184,PAYLOAD,Non-Polar Inclined,USA,Commercial,2022-07-17,,95.44,53.22,541,539,2022,260,LARGE,US,COMMUNICATIONS,LEO,4,True
STARLINK-4391,53189,PAYLOAD,Sun-Synchronous,USA,Commercial,2022-07-22,,95.92,97.66,566,560,2022,260,LARGE,US,COMMUNICATIONS,LEO,4,True
STARLINK-4369,53191,PAYLOAD,Sun-Synchronous,USA,Commercial,2022-07-22,,95.92,97.66,565,561,2022,260,LARGE,US,COMMUNICATIONS,LEO,4,True
STARLINK-4382,53194,PAYLOAD,Sun-Synchronous,USA,Commercial,2022-07-22,,95.92,97.66,566,559,2022,260,LARGE,US,COMMUNICATIONS,LEO,4,True
STARLINK-4407,53196,PAYLOAD,Sun-Synchronous,USA,Commercial,2022-07-22,,95.95,97.65,567,562,2022,260,LARGE,US,COMMUNICATIONS,LEO,4,True
STARLINK-4395,53199,PAYLOAD,Sun-Synchronous,USA,Commercial,2022-07-22,,95.92,97.66,565,561,2022,260,LARGE,US,COMMUNICATIONS,LEO,4,True
STARLINK-4405,53201,PAYLOAD,Sun-Synchronous,USA,Commercial,2022-07-22,,95.92,97.65,564,562,2022,260,LARGE,US,COMMUNICATIONS,LEO,4,True
STARLINK-4411,53202,PAYLOAD,Sun-Synchronous,USA,Commercial,2022-07-22,,95.92,97.65,565,562,2022,260,LARGE,US,COMMUNICATIONS,LEO,4,True
STARLINK-4410,53204,PAYLOAD,Sun-Synchronous,USA,Commercial,2022-07-22,,95.92,97.65,565,561,2022,260,LARGE,US,COMMUNICATIONS,LEO,4,True
STARLINK-4413,53207,PAYLOAD,Sun-Synchronous,USA,Commercial,2022-07-22,,95.92,97.66,564,562,2022,260,LARGE,US,COMMUNICATIONS,LEO,4,True
STARLINK-4427,53210,PAYLOAD,Sun-Synchronous,USA,Commercial,2022-07-22,,95.92,97.65,564,562,2022,260,LARGE,US,COMMUNICATIONS,LEO,4,True
STARLINK-4416,53212,PAYLOAD,Sun-Synchronous,USA,Commercial,2022-07-22,,95.92,97.66,563,563,2022,260,LARGE,US,COMMUNICATIONS,LEO,4,True
STARLINK-4376,53216,PAYLOAD,Sun-Synchronous,USA,Commercial,2022-07-22,,95.92,97.66,564,562,2022,260,LARGE,US,COMMUNICATIONS,LEO,4,True
STARLINK-4384,53218,PAYLOAD,Sun-Synchronous,USA,Commercial,2022-07-22,,95.92,97.66,565,561,2022,260,LARGE,US,COMMUNICATIONS,LEO,4,True
STARLINK-4373,53219,PAYLOAD,Sun-Synchronous,USA,Commercial,2022-07-22,,95.92,97.66,565,561,2022,260,LARGE,US,COMMUNICATIONS,LEO,4,True
STARLINK-4363,53220,PAYLOAD,Sun-Synchronous,USA,Commercial,2022-07-22,,95.92,97.66,565,561,2022,260,LARGE,US,COMMUNICATIONS,LEO,4,True
STARLINK-4377,53221,PAYLOAD,Sun-Synchronous,USA,Commercial,2022-07-22,,95.92,97.65,564,562,2022,260,LARGE,US,COMMUNICATIONS,LEO,4,True
STARLINK-4381,53222,PAYLOAD,Sun-Synchronous,USA,Commercial,2022-07-22,2025-04-11,87.01,97.62,150,102,2022,260,LARGE,US,COMMUNICATIONS,LEO,4,False
STARLINK-4354,53223,PAYLOAD,Sun-Synchronous,USA,Commercial,2022-07-22,2025-03-10,87.68,97.63,170,149,2022,260,LARGE,US,COMMUNICATIONS,LEO,4,False
STARLINK-4356,53224,PAYLOAD,Sun-Synchronous,USA,Commercial,2022-07-22,,95.92,97.66,565,561,2022,260,LARGE,US,COMMUNICATIONS,LEO,4,True
STARLINK-4358,53225,PAYLOAD,Sun-Synchronous,USA,Commercial,2022-07-22,,95.92,97.66,565,561,2022,260,LARGE,US,COMMUNICATIONS,LEO,4,True
STARLINK-4359,53226,PAYLOAD,Sun-Synchronous,USA,Commercial,2022-07-22,,95.92,97.66,565,561,2022,260,LARGE,US,COMMUNICATIONS,LEO,4,True
STARLINK-4366,53227,PAYLOAD,Sun-Synchronous,USA,Commercial,2022-07-22,,95.92,97.66,566,560,2022,260,LARGE,US,COMMUNICATIONS,LEO,4,True
STARLINK-4367,53229,PAYLOAD,Sun-Synchronous,USA,Commercial,2022-07-22,,95.93,97.66,564,563,2022,260,LARGE,US,COMMUNICATIONS,LEO,4,True
STARLINK-4370,53231,PAYLOAD,Sun-Synchronous,USA,Commercial,2022-07-22,,95.92,97.66,565,560,2022,260,LARGE,US,COMMUNICATIONS,LEO,4,True
STARLINK-4371,53232,PAYLOAD,Sun-Synchronous,USA,Commercial,2022-07-22,,95.92,97.66,564,562,2022,260,LARGE,US,COMMUNICATIONS,LEO,4,True
STARLINK-4372,53233,PAYLOAD,Sun-Synchronous,USA,Commercial,2022-07-22,,95.92,97.66,564,562,2022,260,LARGE,US,COMMUNICATIONS,LEO,4,True
STARLINK-4368,53234,PAYLOAD,Sun-Synchronous,USA,Commercial,2022-07-22,,95.92,97.66,565,561,2022,260,LARGE,US,COMMUNICATIONS,LEO,4,True
STARLINK-4047,53243,PAYLOAD,Non-Polar Inclined,USA,Commercial,2022-07-24,,95.44,53.22,541,539,2022,260,LARGE,US,COMMUNICATIONS,LEO,4,True
STARLINK-4125,53244,PAYLOAD,Non-Polar Inclined,USA,Commercial,2022-07-24,,95.44,53.22,541,539,2022,260,LARGE,US,COMMUNICATIONS,LEO,4,True
STARLINK-4124,53245,PAYLOAD,Non-Polar Inclined,USA,Commercial,2022-07-24,2024-05-26,88.39,53.2,199,190,2022,260,LARGE,US,COMMUNICATIONS,LEO,4,False
STARLINK-4059,53250,PAYLOAD,Non-Polar Inclined,USA,Commercial,2022-07-24,,95.44,53.22,541,539,2022,260,LARGE,US,COMMUNICATIONS,LEO,4,True
STARLINK-4132,53252,PAYLOAD,Non-Polar Inclined,USA,Commercial,2022-07-24,,95.44,53.22,541,539,2022,260,LARGE,US,COMMUNICATIONS,LEO,4,True
STARLINK-4133,53253,PAYLOAD,Non-Polar Inclined,USA,Commercial,2022-07-24,,95.44,53.22,541,539,2022,260,LARGE,US,COMMUNICATIONS,LEO,4,True
STARLINK-4142,53255,PAYLOAD,Non-Polar Inclined,USA,Commercial,2022-07-24,,95.44,53.22,541,539,2022,260,LARGE,US,COMMUNICATIONS,LEO,4,True
STARLINK-4144,53257,PAYLOAD,Non-Polar Inclined,USA,Commercial,2022-07-24,,95.44,53.22,541,538,2022,260,LARGE,US,COMMUNICATIONS,LEO,4,True
STARLINK-4127,53258,PAYLOAD,Non-Polar Inclined,USA,Commercial,2022-07-24,,95.44,53.22,541,539,2022,260,LARGE,US,COMMUNICATIONS,LEO,4,True
STARLINK-4062,53261,PAYLOAD,Non-Polar Inclined,USA,Commercial,2022-07-24,,95.44,53.22,542,538,2022,260,LARGE,US,COMMUNICATIONS,LEO,4,True
STARLINK-4130,53263,PAYLOAD,Non-Polar Inclined,USA,Commercial,2022-07-24,,95.44,53.22,541,539,2022,260,LARGE,US,COMMUNICATIONS,LEO,4,True
STARLINK-3950,53264,PAYLOAD,Non-Polar Inclined,USA,Commercial,2022-07-24,,95.44,53.22,541,539,2022,260,LARGE,US,COMMUNICATIONS,LEO,4,True
STARLINK-4109,53268,PAYLOAD,Non-Polar Inclined,USA,Commercial,2022-07-24,,95.44,53.22,541,539,2022,260,LARGE,US,COMMUNICATIONS,LEO,4,True
STARLINK-4069,53271,PAYLOAD,Non-Polar Inclined,USA,Commercial,2022-07-24,2024-06-27,88.27,53.2,195,182,2022,260,LARGE,US,COMMUNICATIONS,LEO,4,False
STARLINK-4122,53272,PAYLOAD,Non-Polar Inclined,USA,Commercial,2022-07-24,,95.44,53.22,541,539,2022,260,LARGE,US,COMMUNICATIONS,LEO,4,True
STARLINK-4050,53274,PAYLOAD,Non-Polar Inclined,USA,Commercial,2022-07-24,,95.44,53.22,541,539,2022,260,LARGE,US,COMMUNICATIONS,LEO,4,True
STARLINK-4174,53276,PAYLOAD,Non-Polar Inclined,USA,Commercial,2022-07-24,,95.44,53.22,541,539,2022,260,LARGE,US,COMMUNICATIONS,LEO,4,True
STARLINK-4178,53277,PAYLOAD,Non-Polar Inclined,USA,Commercial,2022-07-24,,95.44,53.22,541,539,2022,260,LARGE,US,COMMUNICATIONS,LEO,4,True
STARLINK-4164,53282,PAYLOAD,Non-Polar Inclined,USA,Commercial,2022-07-24,,95.44,53.22,541,539,2022,260,LARGE,US,COMMUNICATIONS,LEO,4,True
STARLINK-4175,53283,PAYLOAD,Non-Polar Inclined,USA,Commercial,2022-07-24,,95.44,53.22,541,539,2022,260,LARGE,US,COMMUNICATIONS,LEO,4,True
STARLINK-4172,53284,PAYLOAD,Non-Polar Inclined,USA,Commercial,2022-07-24,2024-12-28,87.33,53.21,146,139,2022,260,LARGE,US,COMMUNICATIONS,LEO,4,False
STARLINK-4173,53285,PAYLOAD,Non-Polar Inclined,USA,Commercial,2022-07-24,,95.44,53.22,541,538,2022,260,LARGE,US,COMMUNICATIONS,LEO,4,True
STARLINK-4165,53286,PAYLOAD,Non-Polar Inclined,USA,Commercial,2022-07-24,,95.44,53.22,541,539,2022,260,LARGE,US,COMMUNICATIONS,LEO,4,True
STARLINK-4107,53287,PAYLOAD,Non-Polar Inclined,USA,Commercial,2022-07-24,,95.44,53.22,541,539,2022,260,LARGE,US,COMMUNICATIONS,LEO,4,True
STARLINK-4176,53289,PAYLOAD,Non-Polar Inclined,USA,Commercial,2022-07-24,,95.44,53.22,541,539,2022,260,LARGE,US,COMMUNICATIONS,LEO,4,True
STARLINK-4159,53292,PAYLOAD,Non-Polar Inclined,USA,Commercial,2022-07-24,,95.44,53.22,541,539,2022,260,LARGE,US,COMMUNICATIONS,LEO,4,True
STARLINK-4148,53293,PAYLOAD,Non-Polar Inclined,USA,Commercial,2022-07-24,,95.44,53.22,541,539,2022,260,LARGE,US,COMMUNICATIONS,LEO,4,True
STARLINK-4522,53388,PAYLOAD,Non-Polar Inclined,USA,Commercial,2022-08-10,,95.44,53.22,541,539,2022,260,LARGE,US,COMMUNICATIONS,LEO,4,True
STARLINK-4523,53389,PAYLOAD,Non-Polar Inclined,USA,Commercial,2022-08-10,,95.44,53.22,541,539,2022,260,LARGE,US,COMMUNICATIONS,LEO,4,True
STARLINK-4535,53392,PAYLOAD,Non-Polar Inclined,USA,Commercial,2022-08-10,,95.44,53.22,541,539,2022,260,LARGE,US,COMMUNICATIONS,LEO,4,True
STARLINK-4530,53393,PAYLOAD,Non-Polar Inclined,USA,Commercial,2022-08-10,,95.44,53.22,541,539,2022,260,LARGE,US,COMMUNICATIONS,LEO,4,True
STARLINK-4544,53394,PAYLOAD,Non-Polar Inclined,USA,Commercial,2022-08-10,,95.44,53.22,541,539,2022,260,LARGE,US,COMMUNICATIONS,LEO,4,True
STARLINK-4534,53395,PAYLOAD,Non-Polar Inclined,USA,Commercial,2022-08-10,,95.44,53.21,541,538,2022,260,LARGE,US,COMMUNICATIONS,LEO,4,True
STARLINK-4515,53397,PAYLOAD,Non-Polar Inclined,USA,Commercial,2022-08-10,,95.44,53.22,541,539,2022,260,LARGE,US,COMMUNICATIONS,LEO,4,True
STARLINK-4520,53400,PAYLOAD,Non-Polar Inclined,USA,Commercial,2022-08-10,,95.44,53.22,541,538,2022,260,LARGE,US,COMMUNICATIONS,LEO,4,True
STARLINK-4525,53401,PAYLOAD,Non-Polar Inclined,USA,Commercial,2022-08-10,,95.44,53.22,541,539,2022,260,LARGE,US,COMMUNICATIONS,LEO,4,True
STARLINK-4507,53403,PAYLOAD,Non-Polar Inclined,USA,Commercial,2022-08-10,,95.44,53.22,541,539,2022,260,LARGE,US,COMMUNICATIONS,LEO,4,True
STARLINK-4509,53404,PAYLOAD,Non-Polar Inclined,USA,Commercial,2022-08-10,,95.44,53.22,541,539,2022,260,LARGE,US,COMMUNICATIONS,LEO,4,True
STARLINK-4510,53405,PAYLOAD,Non-Polar Inclined,USA,Commercial,2022-08-10,,95.44,53.22,541,539,2022,260,LARGE,US,COMMUNICATIONS,LEO,4,True
STARLINK-4537,53407,PAYLOAD,Non-Polar Inclined,USA,Commercial,2022-08-10,,95.44,53.22,541,539,2022,260,LARGE,US,COMMUNICATIONS,LEO,4,True
STARLINK-4490,53409,PAYLOAD,Non-Polar Inclined,USA,Commercial,2022-08-10,,95.44,53.22,541,539,2022,260,LARGE,US,COMMUNICATIONS,LEO,4,True
STARLINK-4497,53411,PAYLOAD,Non-Polar Inclined,USA,Commercial,2022-08-10,,95.44,53.22,541,539,2022,260,LARGE,US,COMMUNICATIONS,LEO,4,True
STARLINK-4304,53414,PAYLOAD,Non-Polar Inclined,USA,Commercial,2022-08-10,,95.44,53.22,541,539,2022,260,LARGE,US,COMMUNICATIONS,LEO,4,True
STARLINK-4480,53416,PAYLOAD,Non-Polar Inclined,USA,Commercial,2022-08-10,,95.44,53.22,541,539,2022,260,LARGE,US,COMMUNICATIONS,LEO,4,True
STARLINK-4481,53418,PAYLOAD,Non-Polar Inclined,USA,Commercial,2022-08-10,,95.44,53.22,541,539,2022,260,LARGE,US,COMMUNICATIONS,LEO,4,True
STARLINK-4476,53419,PAYLOAD,Non-Polar Inclined,USA,Commercial,2022-08-10,,95.44,53.22,541,539,2022,260,LARGE,US,COMMUNICATIONS,LEO,4,True
STARLINK-4546,53422,PAYLOAD,Non-Polar Inclined,USA,Commercial,2022-08-10,,95.44,53.22,541,539,2022,260,LARGE,US,COMMUNICATIONS,LEO,4,True
STARLINK-4539,53423,PAYLOAD,Non-Polar Inclined,USA,Commercial,2022-08-10,,95.44,53.22,541,539,2022,260,LARGE,US,COMMUNICATIONS,LEO,4,True
STARLINK-4558,53426,PAYLOAD,Non-Polar Inclined,USA,Commercial,2022-08-10,,95.44,53.22,541,539,2022,260,LARGE,US,COMMUNICATIONS,LEO,4,True
STARLINK-4541,53427,PAYLOAD,Non-Polar Inclined,USA,Commercial,2022-08-10,2025-03-14,88.25,53.21,193,183,2022,260,LARGE,US,COMMUNICATIONS,LEO,4,False
STARLINK-4540,53428,PAYLOAD,Non-Polar Inclined,USA,Commercial,2022-08-10,2024-12-28,88.09,53.21,185,176,2022,260,LARGE,US,COMMUNICATIONS,LEO,4,False
STARLINK-4538,53430,PAYLOAD,Non-Polar Inclined,USA,Commercial,2022-08-10,,95.44,53.22,541,539,2022,260,LARGE,US,COMMUNICATIONS,LEO,4,True
STARLINK-4548,53431,PAYLOAD,Non-Polar Inclined,USA,Commercial,2022-08-10,,95.44,53.22,540,539,2022,260,LARGE,US,COMMUNICATIONS,LEO,4,True
STARLINK-4557,53432,PAYLOAD,Non-Polar Inclined,USA,Commercial,2022-08-10,,95.44,53.22,541,539,2022,260,LARGE,US,COMMUNICATIONS,LEO,4,True
STARLINK-4542,53435,PAYLOAD,Non-Polar Inclined,USA,Commercial,2022-08-10,,95.44,53.22,541,539,2022,260,LARGE,US,COMMUNICATIONS,LEO,4,True
STARLINK-4527,53436,PAYLOAD,Non-Polar Inclined,USA,Commercial,2022-08-10,,95.44,53.22,541,539,2022,260,LARGE,US,COMMUNICATIONS,LEO,4,True
STARLINK-4529,53437,PAYLOAD,Non-Polar Inclined,USA,Commercial,2022-08-10,2022-08-17,88.11,53.21,190,172,2022,260,MEDIUM,US,COMMUNICATIONS,LEO,4,False
STARLINK-4526,53438,PAYLOAD,Non-Polar Inclined,USA,Commercial,2022-08-10,,95.44,53.22,541,539,2022,260,LARGE,US,COMMUNICATIONS,LEO,4,True
STARLINK-4519,53439,PAYLOAD,Non-Polar Inclined,USA,Commercial,2022-08-10,,95.44,53.22,541,539,2022,260,LARGE,US,COMMUNICATIONS,LEO,4,True
STARLINK-4398,53466,PAYLOAD,Non-Polar Inclined,USA,Commercial,2022-08-12,,95.92,97.65,564,562,2022,260,LARGE,US,COMMUNICATIONS,LEO,4,True
STARLINK-4394,53467,PAYLOAD,Non-Polar Inclined,USA,Commercial,2022-08-12,,95.92,97.66,564,562,2022,260,LARGE,US,COMMUNICATIONS,LEO,4,True
STARLINK-4400,53468,PAYLOAD,Non-Polar Inclined,USA,Commercial,2022-08-12,,95.92,97.65,565,561,2022,260,LARGE,US,COMMUNICATIONS,LEO,4,True
STARLINK-4393,53470,PAYLOAD,Non-Polar Inclined,USA,Commercial,2022-08-12,,95.92,97.65,564,562,2022,260,LARGE,US,COMMUNICATIONS,LEO,4,True
STARLINK-4316,53471,PAYLOAD,Non-Polar Inclined,USA,Commercial,2022-08-12,,95.92,97.65,564,562,2022,260,LARGE,US,COMMUNICATIONS,LEO,4,True
STARLINK-4447,53472,PAYLOAD,Non-Polar Inclined,USA,Commercial,2022-08-12,,95.92,97.66,564,561,2022,260,LARGE,US,COMMUNICATIONS,LEO,4,True
STARLINK-4383,53473,PAYLOAD,Non-Polar Inclined,USA,Commercial,2022-08-12,,95.92,97.66,564,562,2022,260,LARGE,US,COMMUNICATIONS,LEO,4,True
STARLINK-4445,53474,PAYLOAD,Non-Polar Inclined,USA,Commercial,2022-08-12,,95.92,97.66,566,560,2022,260,LARGE,US,COMMUNICATIONS,LEO,4,True
STARLINK-4378,53476,PAYLOAD,Non-Polar Inclined,USA,Commercial,2022-08-12,,95.92,97.65,563,563,2022,260,LARGE,US,COMMUNICATIONS,LEO,4,True
STARLINK-4433,53478,PAYLOAD,Non-Polar Inclined,USA,Commercial,2022-08-12,,95.92,97.65,565,561,2022,260,LARGE,US,COMMUNICATIONS,LEO,4,True
STARLINK-4436,53479,PAYLOAD,Non-Polar Inclined,USA,Commercial,2022-08-12,,95.92,97.65,566,560,2022,260,LARGE,US,COMMUNICATIONS,LEO,4,True
STARLINK-4442,53480,PAYLOAD,Non-Polar Inclined,USA,Commercial,2022-08-12,,95.92,97.65,564,562,2022,260,LARGE,US,COMMUNICATIONS,LEO,4,True
STARLINK-4302,53481,PAYLOAD,Non-Polar Inclined,USA,Commercial,2022-08-12,,95.92,97.66,567,559,2022,260,LARGE,US,COMMUNICATIONS,LEO,4,True
STARLINK-4360,53482,PAYLOAD,Non-Polar Inclined,USA,Commercial,2022-08-12,,95.92,97.66,565,561,2022,260,LARGE,US,COMMUNICATIONS,LEO,4,True
STARLINK-4401,53483,PAYLOAD,Non-Polar Inclined,USA,Commercial,2022-08-12,,95.91,97.66,565,560,2022,260,LARGE,US,COMMUNICATIONS,LEO,4,True
STARLINK-4426,53484,PAYLOAD,Non-Polar Inclined,USA,Commercial,2022-08-12,,95.92,97.66,567,559,2022,260,LARGE,US,COMMUNICATIONS,LEO,4,True
STARLINK-4430,53485,PAYLOAD,Non-Polar Inclined,USA,Commercial,2022-08-12,,95.92,97.66,566,560,2022,260,LARGE,US,COMMUNICATIONS,LEO,4,True
STARLINK-4421,53488,PAYLOAD,Non-Polar Inclined,USA,Commercial,2022-08-12,,95.91,97.65,566,560,2022,260,LARGE,US,COMMUNICATIONS,LEO,4,True
STARLINK-4392,53489,PAYLOAD,Non-Polar Inclined,USA,Commercial,2022-08-12,,95.89,97.66,566,558,2022,260,LARGE,US,COMMUNICATIONS,LEO,4,True
STARLINK-4387,53490,PAYLOAD,Non-Polar Inclined,USA,Commercial,2022-08-12,,95.92,97.66,565,561,2022,260,LARGE,US,COMMUNICATIONS,LEO,4,True
STARLINK-4450,53491,PAYLOAD,Non-Polar Inclined,USA,Commercial,2022-08-12,,95.92,97.66,563,563,2022,260,LARGE,US,COMMUNICATIONS,LEO,4,True
STARLINK-4451,53492,PAYLOAD,Non-Polar Inclined,USA,Commercial,2022-08-12,,95.92,97.66,564,562,2022,260,LARGE,US,COMMUNICATIONS,LEO,4,True
STARLINK-4361,53493,PAYLOAD,Non-Polar Inclined,USA,Commercial,2022-08-12,,95.92,97.65,563,563,2022,260,LARGE,US,COMMUNICATIONS,LEO,4,True
STARLINK-4340,53494,PAYLOAD,Non-Polar Inclined,USA,Commercial,2022-08-12,,95.92,97.66,563,563,2022,260,LARGE,US,COMMUNICATIONS,LEO,4,True
STARLINK-4465,53496,PAYLOAD,Non-Polar Inclined,USA,Commercial,2022-08-12,,95.92,97.66,564,562,2022,260,LARGE,US,COMMUNICATIONS,LEO,4,True
STARLINK-4453,53497,PAYLOAD,Non-Polar Inclined,USA,Commercial,2022-08-12,,95.92,97.66,564,562,2022,260,LARGE,US,COMMUNICATIONS,LEO,4,True
STARLINK-4439,53498,PAYLOAD,Non-Polar Inclined,USA,Commercial,2022-08-12,,95.92,97.66,564,562,2022,260,LARGE,US,COMMUNICATIONS,LEO,4,True
STARLINK-4455,53500,PAYLOAD,Non-Polar Inclined,USA,Commercial,2022-08-12,,95.92,97.65,564,562,2022,260,LARGE,US,COMMUNICATIONS,LEO,4,True
STARLINK-4435,53502,PAYLOAD,Non-Polar Inclined,USA,Commercial,2022-08-12,,95.92,97.66,564,562,2022,260,LARGE,US,COMMUNICATIONS,LEO,4,True
STARLINK-4461,53503,PAYLOAD,Non-Polar Inclined,USA,Commercial,2022-08-12,,95.92,97.66,564,562,2022,260,LARGE,US,COMMUNICATIONS,LEO,4,True
STARLINK-4444,53507,PAYLOAD,Non-Polar Inclined,USA,Commercial,2022-08-12,,91.24,97.66,336,335,2022,260,LARGE,US,COMMUNICATIONS,LEO,4,True
STARLINK-4443,53508,PAYLOAD,Non-Polar Inclined,USA,Commercial,2022-08-12,,95.92,97.66,564,561,2022,260,LARGE,US,COMMUNICATIONS,LEO,4,True
STARLINK-4402,53509,PAYLOAD,Non-Polar Inclined,USA,Commercial,2022-08-12,,95.92,97.66,564,562,2022,260,LARGE,US,COMMUNICATIONS,LEO,4,True
STARLINK-4511,53527,PAYLOAD,Non-Polar Inclined,USA,Commercial,2022-08-19,,94.36,53.21,491,484,2022,260,LARGE,US,COMMUNICATIONS,LEO,4,True
STARLINK-4503,53528,PAYLOAD,Non-Polar Inclined,USA,Commercial,2022-08-19,,95.44,53.22,541,538,2022,260,LARGE,US,COMMUNICATIONS,LEO,4,True
STARLINK-4478,53529,PAYLOAD,Non-Polar Inclined,USA,Commercial,2022-08-19,,95.44,53.22,541,538,2022,260,LARGE,US,COMMUNICATIONS,LEO,4,True
STARLINK-4482,53530,PAYLOAD,Non-Polar Inclined,USA,Commercial,2022-08-19,,95.44,53.22,541,539,2022,260,LARGE,US,COMMUNICATIONS,LEO,4,True
STARLINK-4483,53532,PAYLOAD,Non-Polar Inclined,USA,Commercial,2022-08-19,,95.44,53.22,541,539,2022,260,LARGE,US,COMMUNICATIONS,LEO,4,True
STARLINK-4493,53533,PAYLOAD,Non-Polar Inclined,USA,Commercial,2022-08-19,,95.44,53.22,541,539,2022,260,LARGE,US,COMMUNICATIONS,LEO,4,True
STARLINK-4488,53534,PAYLOAD,Non-Polar Inclined,USA,Commercial,2022-08-19,2025-01-13,87.45,53.17,156,140,2022,260,LARGE,US,COMMUNICATIONS,LEO,4,False
STARLINK-4138,53535,PAYLOAD,Non-Polar Inclined,USA,Commercial,2022-08-19,,95.44,53.22,541,539,2022,260,LARGE,US,COMMUNICATIONS,LEO,4,True
STARLINK-4053,53536,PAYLOAD,Non-Polar Inclined,USA,Commercial,2022-08-19,,95.44,53.22,541,539,2022,260,LARGE,US,COMMUNICATIONS,LEO,4,True
STARLINK-4120,53537,PAYLOAD,Non-Polar Inclined,USA,Commercial,2022-08-19,,95.44,53.22,541,539,2022,260,LARGE,US,COMMUNICATIONS,LEO,4,True
STARLINK-4123,53539,PAYLOAD,Non-Polar Inclined,USA,Commercial,2022-08-19,,95.44,53.22,541,539,2022,260,LARGE,US,COMMUNICATIONS,LEO,4,True
STARLINK-4486,53540,PAYLOAD,Non-Polar Inclined,USA,Commercial,2022-08-19,,95.44,53.22,541,538,2022,260,LARGE,US,COMMUNICATIONS,LEO,4,True
STARLINK-4485,53541,PAYLOAD,Non-Polar Inclined,USA,Commercial,2022-08-19,,95.44,53.22,541,539,2022,260,LARGE,US,COMMUNICATIONS,LEO,4,True
STARLINK-4297,53543,PAYLOAD,Non-Polar Inclined,USA,Commercial,2022-08-19,,95.44,53.22,541,539,2022,260,LARGE,US,COMMUNICATIONS,LEO,4,True
STARLINK-4475,53545,PAYLOAD,Non-Polar Inclined,USA,Commercial,2022-08-19,,95.44,53.22,541,539,2022,260,LARGE,US,COMMUNICATIONS,LEO,4,True
STARLINK-4474,53547,PAYLOAD,Non-Polar Inclined,USA,Commercial,2022-08-19,,95.44,53.22,541,539,2022,260,LARGE,US,COMMUNICATIONS,LEO,4,True
STARLINK-4516,53549,PAYLOAD,Non-Polar Inclined,USA,Commercial,2022-08-19,2024-08-27,88,53.2,180,171,2022,260,LARGE,US,COMMUNICATIONS,LEO,4,False
STARLINK-4518,53550,PAYLOAD,Non-Polar Inclined,USA,Commercial,2022-08-19,,95.44,53.22,541,539,2022,260,LARGE,US,COMMUNICATIONS,LEO,4,True
STARLINK-4514,53551,PAYLOAD,Non-Polar Inclined,USA,Commercial,2022-08-19,,95.44,53.22,541,539,2022,260,LARGE,US,COMMUNICATIONS,LEO,4,True
STARLINK-4495,53552,PAYLOAD,Non-Polar Inclined,USA,Commercial,2022-08-19,,95.44,53.22,541,539,2022,260,LARGE,US,COMMUNICATIONS,LEO,4,True
STARLINK-4501,53553,PAYLOAD,Non-Polar Inclined,USA,Commercial,2022-08-19,,95.44,53.22,541,539,2022,260,LARGE,US,COMMUNICATIONS,LEO,4,True
STARLINK-4506,53554,PAYLOAD,Non-Polar Inclined,USA,Commercial,2022-08-19,,95.44,53.22,541,539,2022,260,LARGE,US,COMMUNICATIONS,LEO,4,True
STARLINK-4504,53555,PAYLOAD,Non-Polar Inclined,USA,Commercial,2022-08-19,,95.44,53.22,541,539,2022,260,LARGE,US,COMMUNICATIONS,LEO,4,True
STARLINK-4505,53556,PAYLOAD,Non-Polar Inclined,USA,Commercial,2022-08-19,,95.44,53.22,541,539,2022,260,LARGE,US,COMMUNICATIONS,LEO,4,True
STARLINK-4494,53558,PAYLOAD,Non-Polar Inclined,USA,Commercial,2022-08-19,,95.44,53.22,541,539,2022,260,LARGE,US,COMMUNICATIONS,LEO,4,True
STARLINK-4508,53559,PAYLOAD,Non-Polar Inclined,USA,Commercial,2022-08-19,,95.44,53.22,541,539,2022,260,LARGE,US,COMMUNICATIONS,LEO,4,True
STARLINK-4564,53560,PAYLOAD,Non-Polar Inclined,USA,Commercial,2022-08-19,,95.44,53.22,541,539,2022,260,LARGE,US,COMMUNICATIONS,LEO,4,True
STARLINK-4563,53561,PAYLOAD,Non-Polar Inclined,USA,Commercial,2022-08-19,,95.44,53.22,541,539,2022,260,LARGE,US,COMMUNICATIONS,LEO,4,True
STARLINK-4561,53563,PAYLOAD,Non-Polar Inclined,USA,Commercial,2022-08-19,,95.44,53.22,541,539,2022,260,LARGE,US,COMMUNICATIONS,LEO,4,True
STARLINK-4575,53565,PAYLOAD,Non-Polar Inclined,USA,Commercial,2022-08-19,,95.44,53.22,541,539,2022,260,LARGE,US,COMMUNICATIONS,LEO,4,True
STARLINK-4585,53567,PAYLOAD,Non-Polar Inclined,USA,Commercial,2022-08-19,,95.44,53.22,541,539,2022,260,LARGE,US,COMMUNICATIONS,LEO,4,True
STARLINK-4583,53568,PAYLOAD,Non-Polar Inclined,USA,Commercial,2022-08-19,,95.44,53.22,541,539,2022,260,LARGE,US,COMMUNICATIONS,LEO,4,True
STARLINK-4550,53570,PAYLOAD,Non-Polar Inclined,USA,Commercial,2022-08-19,,95.44,53.22,541,539,2022,260,LARGE,US,COMMUNICATIONS,LEO,4,True
STARLINK-4584,53571,PAYLOAD,Non-Polar Inclined,USA,Commercial,2022-08-19,,95.44,53.22,541,539,2022,260,LARGE,US,COMMUNICATIONS,LEO,4,True
STARLINK-4555,53572,PAYLOAD,Non-Polar Inclined,USA,Commercial,2022-08-19,,95.44,53.22,541,539,2022,260,LARGE,US,COMMUNICATIONS,LEO,4,True
STARLINK-4551,53575,PAYLOAD,Non-Polar Inclined,USA,Commercial,2022-08-19,,95.44,53.22,541,539,2022,260,LARGE,US,COMMUNICATIONS,LEO,4,True
STARLINK-4581,53576,PAYLOAD,Non-Polar Inclined,USA,Commercial,2022-08-19,,95.44,53.22,541,539,2022,260,LARGE,US,COMMUNICATIONS,LEO,4,True
STARLINK-4553,53577,PAYLOAD,Non-Polar Inclined,USA,Commercial,2022-08-19,,95.44,53.22,541,539,2022,260,LARGE,US,COMMUNICATIONS,LEO,4,True
STARLINK-4556,53578,PAYLOAD,Non-Polar Inclined,USA,Commercial,2022-08-19,,95.44,53.22,541,539,2022,260,LARGE,US,COMMUNICATIONS,LEO,4,True
STARLINK-4580,53579,PAYLOAD,Non-Polar Inclined,USA,Commercial,2022-08-19,,95.44,53.22,541,539,2022,260,LARGE,US,COMMUNICATIONS,LEO,4,True
STARLINK-4673,53589,PAYLOAD,Non-Polar Inclined,USA,Commercial,2022-08-28,,95.44,53.22,541,539,2022,260,LARGE,US,COMMUNICATIONS,LEO,4,True
STARLINK-4671,53593,PAYLOAD,Non-Polar Inclined,USA,Commercial,2022-08-28,,92.28,53.18,391,382,2022,260,LARGE,US,COMMUNICATIONS,LEO,4,True
STARLINK-4682,53597,PAYLOAD,Non-Polar Inclined,USA,Commercial,2022-08-28,2024-11-10,87.37,53.2,147,141,2022,260,LARGE,US,COMMUNICATIONS,LEO,4,False
STARLINK-4676,53598,PAYLOAD,Non-Polar Inclined,USA,Commercial,2022-08-28,,95.44,53.22,543,536,2022,260,LARGE,US,COMMUNICATIONS,LEO,4,True
STARLINK-4675,53601,PAYLOAD,Non-Polar Inclined,USA,Commercial,2022-08-28,,95.44,53.22,541,539,2022,260,LARGE,US,COMMUNICATIONS,LEO,4,True
STARLINK-4692,53603,PAYLOAD,Non-Polar Inclined,USA,Commercial,2022-08-28,,95.44,53.22,541,539,2022,260,LARGE,US,COMMUNICATIONS,LEO,4,True
STARLINK-4690,53604,PAYLOAD,Non-Polar Inclined,USA,Commercial,2022-08-28,,95.44,53.22,541,539,2022,260,LARGE,US,COMMUNICATIONS,LEO,4,True
STARLINK-4590,53606,PAYLOAD,Non-Polar Inclined,USA,Commercial,2022-08-28,,95.44,53.22,541,539,2022,260,LARGE,US,COMMUNICATIONS,LEO,4,True
STARLINK-4647,53608,PAYLOAD,Non-Polar Inclined,USA,Commercial,2022-08-28,,95.44,53.22,541,539,2022,260,LARGE,US,COMMUNICATIONS,LEO,4,True
STARLINK-4660,53609,PAYLOAD,Non-Polar Inclined,USA,Commercial,2022-08-28,,95.44,53.22,541,539,2022,260,LARGE,US,COMMUNICATIONS,LEO,4,True
STARLINK-4610,53610,PAYLOAD,Non-Polar Inclined,USA,Commercial,2022-08-28,,95.44,53.22,541,539,2022,260,LARGE,US,COMMUNICATIONS,LEO,4,True
STARLINK-4658,53612,PAYLOAD,Non-Polar Inclined,USA,Commercial,2022-08-28,,95.44,53.22,541,539,2022,260,LARGE,US,COMMUNICATIONS,LEO,4,True
STARLINK-4655,53613,PAYLOAD,Non-Polar Inclined,USA,Commercial,2022-08-28,,95.44,53.22,541,539,2022,260,LARGE,US,COMMUNICATIONS,LEO,4,True
STARLINK-4654,53614,PAYLOAD,Non-Polar Inclined,USA,Commercial,2022-08-28,2022-09-15,87.4,53.21,149,142,2022,260,MEDIUM,US,COMMUNICATIONS,LEO,4,False
STARLINK-4653,53615,PAYLOAD,Non-Polar Inclined,USA,Commercial,2022-08-28,2022-09-14,88.16,53.21,196,172,2022,260,LARGE,US,COMMUNICATIONS,LEO,4,False
STARLINK-4604,53618,PAYLOAD,Non-Polar Inclined,USA,Commercial,2022-08-28,2025-04-14,87.68,53.2,164,155,2022,260,LARGE,US,COMMUNICATIONS,LEO,4,False
STARLINK-4609,53619,PAYLOAD,Non-Polar Inclined,USA,Commercial,2022-08-28,,95.44,53.22,541,539,2022,260,LARGE,US,COMMUNICATIONS,LEO,4,True
STARLINK-4608,53621,PAYLOAD,Non-Polar Inclined,USA,Commercial,2022-08-28,,95.44,53.22,541,539,2022,260,LARGE,US,COMMUNICATIONS,LEO,4,True
STARLINK-4568,53622,PAYLOAD,Non-Polar Inclined,USA,Commercial,2022-08-28,,95.44,53.22,541,539,2022,260,LARGE,US,COMMUNICATIONS,LEO,4,True
STARLINK-4596,53624,PAYLOAD,Non-Polar Inclined,USA,Commercial,2022-08-28,,95.44,53.22,540,539,2022,260,LARGE,US,COMMUNICATIONS,LEO,4,True
STARLINK-4554,53626,PAYLOAD,Non-Polar Inclined,USA,Commercial,2022-08-28,,95.44,53.22,541,539,2022,260,LARGE,US,COMMUNICATIONS,LEO,4,True
STARLINK-4595,53627,PAYLOAD,Non-Polar Inclined,USA,Commercial,2022-08-28,,95.44,53.22,546,533,2022,260,LARGE,US,COMMUNICATIONS,LEO,4,True
STARLINK-4606,53632,PAYLOAD,Non-Polar Inclined,USA,Commercial,2022-08-28,,95.44,53.22,541,539,2022,260,LARGE,US,COMMUNICATIONS,LEO,4,True
STARLINK-4593,53633,PAYLOAD,Non-Polar Inclined,USA,Commercial,2022-08-28,,95.44,53.22,541,538,2022,260,LARGE,US,COMMUNICATIONS,LEO,4,True
STARLINK-4592,53634,PAYLOAD,Non-Polar Inclined,USA,Commercial,2022-08-28,,95.44,53.22,541,538,2022,260,LARGE,US,COMMUNICATIONS,LEO,4,True
STARLINK-4587,53635,PAYLOAD,Non-Polar Inclined,USA,Commercial,2022-08-28,,95.44,53.22,541,539,2022,260,LARGE,US,COMMUNICATIONS,LEO,4,True
STARLINK-4396,53637,PAYLOAD,Non-Polar Inclined,USA,Commercial,2022-08-28,,95.44,53.22,541,539,2022,260,LARGE,US,COMMUNICATIONS,LEO,4,True
STARLINK-4588,53641,PAYLOAD,Non-Polar Inclined,USA,Commercial,2022-08-28,,95.44,53.22,541,539,2022,260,LARGE,US,COMMUNICATIONS,LEO,4,True
STARLINK-4386,53649,PAYLOAD,Sun-Synchronous,USA,Commercial,2022-08-31,,95.92,97.66,565,561,2022,260,LARGE,US,COMMUNICATIONS,LEO,4,True
STARLINK-4388,53651,PAYLOAD,Sun-Synchronous,USA,Commercial,2022-08-31,,95.92,97.66,564,562,2022,260,LARGE,US,COMMUNICATIONS,LEO,4,True
STARLINK-4374,53652,PAYLOAD,Sun-Synchronous,USA,Commercial,2022-08-31,,95.92,97.65,564,562,2022,260,LARGE,US,COMMUNICATIONS,LEO,4,True
STARLINK-4390,53653,PAYLOAD,Sun-Synchronous,USA,Commercial,2022-08-31,,95.92,97.66,565,561,2022,260,LARGE,US,COMMUNICATIONS,LEO,4,True
STARLINK-4420,53654,PAYLOAD,Sun-Synchronous,USA,Commercial,2022-08-31,,95.92,97.65,564,562,2022,260,LARGE,US,COMMUNICATIONS,LEO,4,True
STARLINK-4470,53655,PAYLOAD,Sun-Synchronous,USA,Commercial,2022-08-31,,95.92,97.65,564,562,2022,260,LARGE,US,COMMUNICATIONS,LEO,4,True
STARLINK-4469,53657,PAYLOAD,Sun-Synchronous,USA,Commercial,2022-08-31,,95.92,97.65,564,562,2022,260,LARGE,US,COMMUNICATIONS,LEO,4,True
STARLINK-4452,53658,PAYLOAD,Sun-Synchronous,USA,Commercial,2022-08-31,,95.92,97.66,564,562,2022,260,MEDIUM,US,COMMUNICATIONS,LEO,4,True
STARLINK-4472,53661,PAYLOAD,Sun-Synchronous,USA,Commercial,2022-08-31,,95.92,97.66,564,562,2022,260,LARGE,US,COMMUNICATIONS,LEO,4,True
STARLINK-4457,53663,PAYLOAD,Sun-Synchronous,USA,Commercial,2022-08-31,,95.92,97.66,565,561,2022,260,LARGE,US,COMMUNICATIONS,LEO,4,True
STARLINK-4471,53664,PAYLOAD,Sun-Synchronous,USA,Commercial,2022-08-31,,95.92,97.66,564,562,2022,260,LARGE,US,COMMUNICATIONS,LEO,4,True
STARLINK-4406,53667,PAYLOAD,Sun-Synchronous,USA,Commercial,2022-08-31,,95.92,97.66,567,559,2022,260,LARGE,US,COMMUNICATIONS,LEO,4,True
STARLINK-4464,53669,PAYLOAD,Sun-Synchronous,USA,Commercial,2022-08-31,,95.92,97.66,565,562,2022,260,LARGE,US,COMMUNICATIONS,LEO,4,True
STARLINK-4459,53670,PAYLOAD,Sun-Synchronous,USA,Commercial,2022-08-31,,95.95,97.66,569,560,2022,260,LARGE,US,COMMUNICATIONS,LEO,4,True
STARLINK-4456,53673,PAYLOAD,Sun-Synchronous,USA,Commercial,2022-08-31,,95.92,97.65,564,562,2022,260,LARGE,US,COMMUNICATIONS,LEO,4,True
STARLINK-4617,53675,PAYLOAD,Sun-Synchronous,USA,Commercial,2022-08-31,,95.92,97.66,566,560,2022,260,LARGE,US,COMMUNICATIONS,LEO,4,True
STARLINK-4621,53676,PAYLOAD,Sun-Synchronous,USA,Commercial,2022-08-31,,95.92,97.65,566,560,2022,260,LARGE,US,COMMUNICATIONS,LEO,4,True
STARLINK-4579,53677,PAYLOAD,Sun-Synchronous,USA,Commercial,2022-08-31,,95.92,97.66,566,560,2022,260,LARGE,US,COMMUNICATIONS,LEO,4,True
STARLINK-4418,53678,PAYLOAD,Sun-Synchronous,USA,Commercial,2022-08-31,,90.59,97.65,305,303,2022,260,MEDIUM,US,COMMUNICATIONS,LEO,4,True
STARLINK-4632,53679,PAYLOAD,Sun-Synchronous,USA,Commercial,2022-08-31,,95.92,97.66,568,558,2022,260,LARGE,US,COMMUNICATIONS,LEO,4,True
STARLINK-4630,53680,PAYLOAD,Sun-Synchronous,USA,Commercial,2022-08-31,,95.92,97.65,565,561,2022,260,LARGE,US,COMMUNICATIONS,LEO,4,True
STARLINK-4424,53681,PAYLOAD,Sun-Synchronous,USA,Commercial,2022-08-31,,95.92,97.66,565,561,2022,260,LARGE,US,COMMUNICATIONS,LEO,4,True
STARLINK-4438,53682,PAYLOAD,Sun-Synchronous,USA,Commercial,2022-08-31,,95.92,97.65,565,561,2022,260,LARGE,US,COMMUNICATIONS,LEO,4,True
STARLINK-4624,53684,PAYLOAD,Sun-Synchronous,USA,Commercial,2022-08-31,,95.92,97.66,565,561,2022,260,LARGE,US,COMMUNICATIONS,LEO,4,True
STARLINK-4569,53687,PAYLOAD,Sun-Synchronous,USA,Commercial,2022-08-31,,95.92,97.66,566,560,2022,260,LARGE,US,COMMUNICATIONS,LEO,4,True
STARLINK-4571,53688,PAYLOAD,Sun-Synchronous,USA,Commercial,2022-08-31,,95.92,97.65,565,561,2022,260,LARGE,US,COMMUNICATIONS,LEO,4,True
STARLINK-4570,53690,PAYLOAD,Sun-Synchronous,USA,Commercial,2022-08-31,,95.92,97.65,568,558,2022,260,LARGE,US,COMMUNICATIONS,LEO,4,True
STARLINK-4566,53693,PAYLOAD,Sun-Synchronous,USA,Commercial,2022-08-31,,95.92,97.65,564,562,2022,260,LARGE,US,COMMUNICATIONS,LEO,4,True
STARLINK-4731,53703,PAYLOAD,Non-Polar Inclined,USA,Commercial,2022-09-05,,95.44,53.22,541,539,2022,260,LARGE,US,COMMUNICATIONS,LEO,4,True
STARLINK-4717,53705,PAYLOAD,Non-Polar Inclined,USA,Commercial,2022-09-05,,95.44,53.22,541,539,2022,260,LARGE,US,COMMUNICATIONS,LEO,4,True
STARLINK-4694,53708,PAYLOAD,Non-Polar Inclined,USA,Commercial,2022-09-05,,95.44,53.22,541,539,2022,260,LARGE,US,COMMUNICATIONS,LEO,4,True
STARLINK-4685,53709,PAYLOAD,Non-Polar Inclined,USA,Commercial,2022-09-05,,95.44,53.22,541,539,2022,260,LARGE,US,COMMUNICATIONS,LEO,4,True
STARLINK-4686,53715,PAYLOAD,Non-Polar Inclined,USA,Commercial,2022-09-05,,95.44,53.22,541,539,2022,260,LARGE,US,COMMUNICATIONS,LEO,4,True
STARLINK-4699,53716,PAYLOAD,Non-Polar Inclined,USA,Commercial,2022-09-05,,95.44,53.22,541,539,2022,260,LARGE,US,COMMUNICATIONS,LEO,4,True
STARLINK-4695,53718,PAYLOAD,Non-Polar Inclined,USA,Commercial,2022-09-05,,95.44,53.22,541,539,2022,260,LARGE,US,COMMUNICATIONS,LEO,4,True
STARLINK-4644,53719,PAYLOAD,Non-Polar Inclined,USA,Commercial,2022-09-05,,95.44,53.22,541,538,2022,260,LARGE,US,COMMUNICATIONS,LEO,4,True
STARLINK-4707,53721,PAYLOAD,Non-Polar Inclined,USA,Commercial,2022-09-05,,95.44,53.22,541,539,2022,260,LARGE,US,COMMUNICATIONS,LEO,4,True
STARLINK-4705,53723,PAYLOAD,Non-Polar Inclined,USA,Commercial,2022-09-05,,95.44,53.22,540,539,2022,260,LARGE,US,COMMUNICATIONS,LEO,4,True
STARLINK-4663,53724,PAYLOAD,Non-Polar Inclined,USA,Commercial,2022-09-05,,95.44,53.22,541,539,2022,260,LARGE,US,COMMUNICATIONS,LEO,4,True
STARLINK-4701,53727,PAYLOAD,Non-Polar Inclined,USA,Commercial,2022-09-05,,95.44,53.22,541,539,2022,260,LARGE,US,COMMUNICATIONS,LEO,4,True
STARLINK-4640,53728,PAYLOAD,Non-Polar Inclined,USA,Commercial,2022-09-05,,95.44,53.22,541,539,2022,260,LARGE,US,COMMUNICATIONS,LEO,4,True
STARLINK-4636,53731,PAYLOAD,Non-Polar Inclined,USA,Commercial,2022-09-05,,95.44,53.22,541,539,2022,260,LARGE,US,COMMUNICATIONS,LEO,4,True
STARLINK-4574,53733,PAYLOAD,Non-Polar Inclined,USA,Commercial,2022-09-05,,95.44,53.22,541,539,2022,260,LARGE,US,COMMUNICATIONS,LEO,4,True
STARLINK-4616,53734,PAYLOAD,Non-Polar Inclined,USA,Commercial,2022-09-05,,95.44,53.22,541,539,2022,260,LARGE,US,COMMUNICATIONS,LEO,4,True
STARLINK-4618,53735,PAYLOAD,Non-Polar Inclined,USA,Commercial,2022-09-05,,95.44,53.22,541,538,2022,260,LARGE,US,COMMUNICATIONS,LEO,4,True
STARLINK-4652,53736,PAYLOAD,Non-Polar Inclined,USA,Commercial,2022-09-05,,95.44,53.22,541,538,2022,260,LARGE,US,COMMUNICATIONS,LEO,4,True
STARLINK-4662,53738,PAYLOAD,Non-Polar Inclined,USA,Commercial,2022-09-05,,95.44,53.22,541,539,2022,260,LARGE,US,COMMUNICATIONS,LEO,4,True
STARLINK-4607,53740,PAYLOAD,Non-Polar Inclined,USA,Commercial,2022-09-05,,95.44,53.22,541,539,2022,260,LARGE,US,COMMUNICATIONS,LEO,4,True
STARLINK-4637,53742,PAYLOAD,Non-Polar Inclined,USA,Commercial,2022-09-05,,95.44,53.22,541,539,2022,260,LARGE,US,COMMUNICATIONS,LEO,4,True
STARLINK-4645,53743,PAYLOAD,Non-Polar Inclined,USA,Commercial,2022-09-05,,95.44,53.22,541,539,2022,260,LARGE,US,COMMUNICATIONS,LEO,4,True
STARLINK-4656,53745,PAYLOAD,Non-Polar Inclined,USA,Commercial,2022-09-05,,95.44,53.22,541,539,2022,260,LARGE,US,COMMUNICATIONS,LEO,4,True
STARLINK-4612,53750,PAYLOAD,Non-Polar Inclined,USA,Commercial,2022-09-05,,95.44,53.22,541,539,2022,260,LARGE,US,COMMUNICATIONS,LEO,4,True
STARLINK-4718,53773,PAYLOAD,Non-Polar Inclined,USA,Commercial,2022-09-11,,95.44,53.22,541,539,2022,260,LARGE,US,COMMUNICATIONS,LEO,4,True
STARLINK-4719,53774,PAYLOAD,Non-Polar Inclined,USA,Commercial,2022-09-11,,95.44,53.22,541,539,2022,260,LARGE,US,COMMUNICATIONS,LEO,4,True
STARLINK-4722,53775,PAYLOAD,Non-Polar Inclined,USA,Commercial,2022-09-11,,95.44,53.22,541,539,2022,260,LARGE,US,COMMUNICATIONS,LEO,4,True
STARLINK-4708,53776,PAYLOAD,Non-Polar Inclined,USA,Commercial,2022-09-11,,95.18,53.21,529,525,2022,260,LARGE,US,COMMUNICATIONS,LEO,4,True
STARLINK-4709,53778,PAYLOAD,Non-Polar Inclined,USA,Commercial,2022-09-11,,95.44,53.22,541,539,2022,260,LARGE,US,COMMUNICATIONS,LEO,4,True
STARLINK-4706,53779,PAYLOAD,Non-Polar Inclined,USA,Commercial,2022-09-11,,95.44,53.22,541,539,2022,260,LARGE,US,COMMUNICATIONS,LEO,4,True
STARLINK-4462,53781,PAYLOAD,Non-Polar Inclined,USA,Commercial,2022-09-11,,95.43,53.22,541,538,2022,260,LARGE,US,COMMUNICATIONS,LEO,4,True
STARLINK-4687,53784,PAYLOAD,Non-Polar Inclined,USA,Commercial,2022-09-11,,95.44,53.22,541,539,2022,260,LARGE,US,COMMUNICATIONS,LEO,4,True
STARLINK-4631,53786,PAYLOAD,Non-Polar Inclined,USA,Commercial,2022-09-11,,95.23,53.21,531,529,2022,260,LARGE,US,COMMUNICATIONS,LEO,4,True
STARLINK-4666,53789,PAYLOAD,Non-Polar Inclined,USA,Commercial,2022-09-11,,95.44,53.22,541,539,2022,260,LARGE,US,COMMUNICATIONS,LEO,4,True
STARLINK-4734,53790,PAYLOAD,Non-Polar Inclined,USA,Commercial,2022-09-11,,95.44,53.22,541,539,2022,260,LARGE,US,COMMUNICATIONS,LEO,4,True
STARLINK-4739,53792,PAYLOAD,Non-Polar Inclined,USA,Commercial,2022-09-11,,95.44,53.22,541,539,2022,260,LARGE,US,COMMUNICATIONS,LEO,4,True
STARLINK-4728,53793,PAYLOAD,Non-Polar Inclined,USA,Commercial,2022-09-11,,95.44,53.22,541,539,2022,260,LARGE,US,COMMUNICATIONS,LEO,4,True
STARLINK-4721,53796,PAYLOAD,Non-Polar Inclined,USA,Commercial,2022-09-11,,92.86,53.18,418,411,2022,260,LARGE,US,COMMUNICATIONS,LEO,4,True
STARLINK-4723,53797,PAYLOAD,Non-Polar Inclined,USA,Commercial,2022-09-11,,95.44,53.22,541,539,2022,260,LARGE,US,COMMUNICATIONS,LEO,4,True
STARLINK-4712,53798,PAYLOAD,Non-Polar Inclined,USA,Commercial,2022-09-11,,95.44,53.22,540,539,2022,260,LARGE,US,COMMUNICATIONS,LEO,4,True
STARLINK-4710,53799,PAYLOAD,Non-Polar Inclined,USA,Commercial,2022-09-11,,95.44,53.22,541,539,2022,260,LARGE,US,COMMUNICATIONS,LEO,4,True
STARLINK-4720,53800,PAYLOAD,Non-Polar Inclined,USA,Commercial,2022-09-11,,95.44,53.22,541,539,2022,260,LARGE,US,COMMUNICATIONS,LEO,4,True
STARLINK-4726,53802,PAYLOAD,Non-Polar Inclined,USA,Commercial,2022-09-11,,95.44,53.22,541,539,2022,260,LARGE,US,COMMUNICATIONS,LEO,4,True
STARLINK-4727,53803,PAYLOAD,Non-Polar Inclined,USA,Commercial,2022-09-11,,95.44,53.22,541,539,2022,260,LARGE,US,COMMUNICATIONS,LEO,4,True
STARLINK-4763,53805,PAYLOAD,Non-Polar Inclined,USA,Commercial,2022-09-11,,95.44,53.22,541,539,2022,260,LARGE,US,COMMUNICATIONS,LEO,4,True
STARLINK-4768,53806,PAYLOAD,Non-Polar Inclined,USA,Commercial,2022-09-11,,95.44,53.22,541,539,2022,260,LARGE,US,COMMUNICATIONS,LEO,4,True
CHINASAT 1E,53813,PAYLOAD,,China,Commercial,2022-09-13,,1436.11,0.06,35791,35783,2022,2500,LARGE,PRC,COMMUNICATIONS,GEO,15,True
STARLINK-4749,53818,PAYLOAD,Non-Polar Inclined,USA,Commercial,2022-09-19,2025-03-08,87.91,53.17,172,170,2022,260,LARGE,US,COMMUNICATIONS,LEO,4,False
STARLINK-4758,53820,PAYLOAD,Non-Polar Inclined,USA,Commercial,2022-09-19,,95.44,53.22,540,539,2022,260,LARGE,US,COMMUNICATIONS,LEO,4,True
STARLINK-4748,53823,PAYLOAD,Non-Polar Inclined,USA,Commercial,2022-09-19,,95.44,53.22,541,539,2022,260,LARGE,US,COMMUNICATIONS,LEO,4,True
STARLINK-4757,53824,PAYLOAD,Non-Polar Inclined,USA,Commercial,2022-09-19,,95.44,53.22,541,538,2022,260,LARGE,US,COMMUNICATIONS,LEO,4,True
STARLINK-4751,53825,PAYLOAD,Non-Polar Inclined,USA,Commercial,2022-09-19,,95.44,53.22,541,539,2022,260,LARGE,US,COMMUNICATIONS,LEO,4,True
STARLINK-4756,53826,PAYLOAD,Non-Polar Inclined,USA,Commercial,2022-09-19,,95.44,53.22,541,539,2022,260,LARGE,US,COMMUNICATIONS,LEO,4,True
STARLINK-4764,53827,PAYLOAD,Non-Polar Inclined,USA,Commercial,2022-09-19,,95.44,53.22,541,539,2022,260,LARGE,US,COMMUNICATIONS,LEO,4,True
STARLINK-4760,53828,PAYLOAD,Non-Polar Inclined,USA,Commercial,2022-09-19,,95.44,53.22,541,539,2022,260,LARGE,US,COMMUNICATIONS,LEO,4,True
STARLINK-4759,53829,PAYLOAD,Non-Polar Inclined,USA,Commercial,2022-09-19,,95.44,53.22,541,539,2022,260,LARGE,US,COMMUNICATIONS,LEO,4,True
STARLINK-4761,53830,PAYLOAD,Non-Polar Inclined,USA,Commercial,2022-09-19,,95.44,53.22,541,539,2022,260,LARGE,US,COMMUNICATIONS,LEO,4,True
STARLINK-4649,53831,PAYLOAD,Non-Polar Inclined,USA,Commercial,2022-09-19,,95.44,53.22,541,538,2022,260,LARGE,US,COMMUNICATIONS,LEO,4,True
STARLINK-4747,53832,PAYLOAD,Non-Polar Inclined,USA,Commercial,2022-09-19,,95.44,53.22,541,539,2022,260,LARGE,US,COMMUNICATIONS,LEO,4,True
STARLINK-4771,53833,PAYLOAD,Non-Polar Inclined,USA,Commercial,2022-09-19,,95.44,53.22,541,539,2022,260,LARGE,US,COMMUNICATIONS,LEO,4,True
STARLINK-4737,53834,PAYLOAD,Non-Polar Inclined,USA,Commercial,2022-09-19,,95.44,53.22,541,539,2022,260,LARGE,US,COMMUNICATIONS,LEO,4,True
STARLINK-4783,53835,PAYLOAD,Non-Polar Inclined,USA,Commercial,2022-09-19,,95.44,53.22,541,539,2022,260,LARGE,US,COMMUNICATIONS,LEO,4,True
STARLINK-4778,53836,PAYLOAD,Non-Polar Inclined,USA,Commercial,2022-09-19,,95.44,53.22,541,539,2022,260,LARGE,US,COMMUNICATIONS,LEO,4,True
STARLINK-4784,53839,PAYLOAD,Non-Polar Inclined,USA,Commercial,2022-09-19,,95.44,53.22,541,539,2022,260,LARGE,US,COMMUNICATIONS,LEO,4,True
STARLINK-4766,53840,PAYLOAD,Non-Polar Inclined,USA,Commercial,2022-09-19,,95.44,53.22,541,539,2022,260,LARGE,US,COMMUNICATIONS,LEO,4,True
STARLINK-4750,53841,PAYLOAD,Non-Polar Inclined,USA,Commercial,2022-09-19,,95.44,53.22,541,539,2022,260,LARGE,US,COMMUNICATIONS,LEO,4,True
STARLINK-4754,53842,PAYLOAD,Non-Polar Inclined,USA,Commercial,2022-09-19,,95.44,53.22,541,539,2022,260,LARGE,US,COMMUNICATIONS,LEO,4,True
STARLINK-4745,53844,PAYLOAD,Non-Polar Inclined,USA,Commercial,2022-09-19,,95.44,53.22,540,539,2022,260,LARGE,US,COMMUNICATIONS,LEO,4,True
STARLINK-4746,53846,PAYLOAD,Non-Polar Inclined,USA,Commercial,2022-09-19,,95.44,53.22,542,537,2022,260,LARGE,US,COMMUNICATIONS,LEO,4,True
STARLINK-4780,53848,PAYLOAD,Non-Polar Inclined,USA,Commercial,2022-09-19,,95.44,53.21,540,539,2022,260,LARGE,US,COMMUNICATIONS,LEO,4,True
STARLINK-4767,53850,PAYLOAD,Non-Polar Inclined,USA,Commercial,2022-09-19,,95.44,53.22,541,539,2022,260,LARGE,US,COMMUNICATIONS,LEO,4,True
STARLINK-4755,53851,PAYLOAD,Non-Polar Inclined,USA,Commercial,2022-09-19,,95.44,53.22,541,539,2022,260,LARGE,US,COMMUNICATIONS,LEO,4,True
STARLINK-4794,53853,PAYLOAD,Non-Polar Inclined,USA,Commercial,2022-09-19,,95.44,53.21,541,539,2022,260,LARGE,US,COMMUNICATIONS,LEO,4,True
STARLINK-4800,53854,PAYLOAD,Non-Polar Inclined,USA,Commercial,2022-09-19,,95.44,53.22,541,539,2022,260,LARGE,US,COMMUNICATIONS,LEO,4,True
STARLINK-4795,53856,PAYLOAD,Non-Polar Inclined,USA,Commercial,2022-09-19,,95.44,53.22,541,539,2022,260,LARGE,US,COMMUNICATIONS,LEO,4,True
STARLINK-4809,53857,PAYLOAD,Non-Polar Inclined,USA,Commercial,2022-09-19,,95.44,53.22,541,539,2022,260,LARGE,US,COMMUNICATIONS,LEO,4,True
STARLINK-4798,53858,PAYLOAD,Non-Polar Inclined,USA,Commercial,2022-09-19,,95.44,53.22,541,539,2022,260,LARGE,US,COMMUNICATIONS,LEO,4,True
STARLINK-4790,53859,PAYLOAD,Non-Polar Inclined,USA,Commercial,2022-09-19,,95.44,53.22,541,539,2022,260,LARGE,US,COMMUNICATIONS,LEO,4,True
STARLINK-4799,53860,PAYLOAD,Non-Polar Inclined,USA,Commercial,2022-09-19,,95.44,53.22,541,539,2022,260,LARGE,US,COMMUNICATIONS,LEO,4,True
STARLINK-4788,53863,PAYLOAD,Non-Polar Inclined,USA,Commercial,2022-09-19,,95.44,53.22,542,538,2022,260,LARGE,US,COMMUNICATIONS,LEO,4,True
STARLINK-4785,53865,PAYLOAD,Non-Polar Inclined,USA,Commercial,2022-09-19,2024-12-30,88.29,53.2,192,188,2022,260,LARGE,US,COMMUNICATIONS,LEO,4,False
STARLINK-4762,53866,PAYLOAD,Non-Polar Inclined,USA,Commercial,2022-09-19,,95.44,53.22,541,539,2022,260,LARGE,US,COMMUNICATIONS,LEO,4,True
STARLINK-4789,53868,PAYLOAD,Non-Polar Inclined,USA,Commercial,2022-09-19,,95.44,53.22,541,539,2022,260,LARGE,US,COMMUNICATIONS,LEO,4,True
USA 338,53883,PAYLOAD,Polar,USA,Military,2022-09-24,,,,,,2022,20000,,US,EARTH OBSERVATION,LEO,5,True
STARLINK-5028,53886,PAYLOAD,Non-Polar Inclined,USA,Commercial,2022-09-24,,95.44,53.22,541,539,2022,260,LARGE,US,COMMUNICATIONS,LEO,4,True
STARLINK-5031,53889,PAYLOAD,Non-Polar Inclined,USA,Commercial,2022-09-24,,95.44,53.22,541,539,2022,260,LARGE,US,COMMUNICATIONS,LEO,4,True
STARLINK-5041,53891,PAYLOAD,Non-Polar Inclined,USA,Commercial,2022-09-24,,95.44,53.22,541,539,2022,260,LARGE,US,COMMUNICATIONS,LEO,4,True
STARLINK-5052,53893,PAYLOAD,Non-Polar Inclined,USA,Commercial,2022-09-24,,95.44,53.22,541,539,2022,260,LARGE,US,COMMUNICATIONS,LEO,4,True
STARLINK-5032,53895,PAYLOAD,Non-Polar Inclined,USA,Commercial,2022-09-24,,95.44,53.22,540,539,2022,260,LARGE,US,COMMUNICATIONS,LEO,4,True
STARLINK-5037,53896,PAYLOAD,Non-Polar Inclined,USA,Commercial,2022-09-24,,95.44,53.22,541,539,2022,260,LARGE,US,COMMUNICATIONS,LEO,4,True
STARLINK-5044,53898,PAYLOAD,Non-Polar Inclined,USA,Commercial,2022-09-24,,95.44,53.22,541,539,2022,260,LARGE,US,COMMUNICATIONS,LEO,4,True
STARLINK-5042,53899,PAYLOAD,Non-Polar Inclined,USA,Commercial,2022-09-24,,95.44,53.22,541,539,2022,260,LARGE,US,COMMUNICATIONS,LEO,4,True
STARLINK-5021,53902,PAYLOAD,Non-Polar Inclined,USA,Commercial,2022-09-24,,95.44,53.22,541,539,2022,260,LARGE,US,COMMUNICATIONS,LEO,4,True
STARLINK-5022,53903,PAYLOAD,Non-Polar Inclined,USA,Commercial,2022-09-24,,95.44,53.22,541,539,2022,260,LARGE,US,COMMUNICATIONS,LEO,4,True
STARLINK-5003,53905,PAYLOAD,Non-Polar Inclined,USA,Commercial,2022-09-24,,95.44,53.22,540,539,2022,260,LARGE,US,COMMUNICATIONS,LEO,4,True
STARLINK-5054,53906,PAYLOAD,Non-Polar Inclined,USA,Commercial,2022-09-24,,95.44,53.22,540,539,2022,260,LARGE,US,COMMUNICATIONS,LEO,4,True
STARLINK-5063,53907,PAYLOAD,Non-Polar Inclined,USA,Commercial,2022-09-24,2025-02-27,87.46,53.19,152,146,2022,260,LARGE,US,COMMUNICATIONS,LEO,4,False
STARLINK-5057,53908,PAYLOAD,Non-Polar Inclined,USA,Commercial,2022-09-24,,95.44,53.22,541,539,2022,260,LARGE,US,COMMUNICATIONS,LEO,4,True
STARLINK-5048,53911,PAYLOAD,Non-Polar Inclined,USA,Commercial,2022-09-24,,95.44,53.22,541,539,2022,260,LARGE,US,COMMUNICATIONS,LEO,4,True
STARLINK-5059,53912,PAYLOAD,Non-Polar Inclined,USA,Commercial,2022-09-24,,95.44,53.22,541,539,2022,260,LARGE,US,COMMUNICATIONS,LEO,4,True
STARLINK-5040,53914,PAYLOAD,Non-Polar Inclined,USA,Commercial,2022-09-24,,95.44,53.22,541,539,2022,260,LARGE,US,COMMUNICATIONS,LEO,4,True
STARLINK-5017,53915,PAYLOAD,Non-Polar Inclined,USA,Commercial,2022-09-24,,95.44,53.22,541,539,2022,260,LARGE,US,COMMUNICATIONS,LEO,4,True
STARLINK-5036,53917,PAYLOAD,Non-Polar Inclined,USA,Commercial,2022-09-24,,95.44,53.22,541,539,2022,260,LARGE,US,COMMUNICATIONS,LEO,4,True
STARLINK-5002,53922,PAYLOAD,Non-Polar Inclined,USA,Commercial,2022-09-24,,95.44,53.22,540,539,2022,260,LARGE,US,COMMUNICATIONS,LEO,4,True
STARLINK-5004,53923,PAYLOAD,Non-Polar Inclined,USA,Commercial,2022-09-24,,95.44,53.22,541,539,2022,260,LARGE,US,COMMUNICATIONS,LEO,4,True
STARLINK-5001,53924,PAYLOAD,Non-Polar Inclined,USA,Commercial,2022-09-24,,95.44,53.22,541,539,2022,260,LARGE,US,COMMUNICATIONS,LEO,4,True
STARLINK-5008,53927,PAYLOAD,Non-Polar Inclined,USA,Commercial,2022-09-24,,93.38,53.2,444,436,2022,260,LARGE,US,COMMUNICATIONS,LEO,4,True
STARLINK-5009,53928,PAYLOAD,Non-Polar Inclined,USA,Commercial,2022-09-24,,95.44,53.22,541,539,2022,260,LARGE,US,COMMUNICATIONS,LEO,4,True
STARLINK-5018,53929,PAYLOAD,Non-Polar Inclined,USA,Commercial,2022-09-24,,95.44,53.22,541,539,2022,260,LARGE,US,COMMUNICATIONS,LEO,4,True
STARLINK-4772,53932,PAYLOAD,Non-Polar Inclined,USA,Commercial,2022-09-24,,95.44,53.22,541,539,2022,260,LARGE,US,COMMUNICATIONS,LEO,4,True
STARLINK-4782,53933,PAYLOAD,Non-Polar Inclined,USA,Commercial,2022-09-24,,95.44,53.22,541,539,2022,260,LARGE,US,COMMUNICATIONS,LEO,4,True
STARLINK-5000,53935,PAYLOAD,Non-Polar Inclined,USA,Commercial,2022-09-24,,95.44,53.22,541,539,2022,260,LARGE,US,COMMUNICATIONS,LEO,4,True
STARLINK-4791,53936,PAYLOAD,Non-Polar Inclined,USA,Commercial,2022-09-24,,95.44,53.22,541,539,2022,260,LARGE,US,COMMUNICATIONS,LEO,4,True
STARLINK-4633,53964,PAYLOAD,Non-Polar Inclined,USA,Commercial,2022-10-05,,95.44,53.22,541,539,2022,260,LARGE,US,COMMUNICATIONS,LEO,4,True
STARLINK-4578,53965,PAYLOAD,Non-Polar Inclined,USA,Commercial,2022-10-05,,95.44,53.22,541,539,2022,260,LARGE,US,COMMUNICATIONS,LEO,4,True
STARLINK-4635,53966,PAYLOAD,Non-Polar Inclined,USA,Commercial,2022-10-05,,95.44,53.22,541,539,2022,260,LARGE,US,COMMUNICATIONS,LEO,4,True
STARLINK-4468,53969,PAYLOAD,Non-Polar Inclined,USA,Commercial,2022-10-05,,95.44,53.22,541,538,2022,260,LARGE,US,COMMUNICATIONS,LEO,4,True
STARLINK-4567,53970,PAYLOAD,Non-Polar Inclined,USA,Commercial,2022-10-05,,95.44,53.22,541,539,2022,260,LARGE,US,COMMUNICATIONS,LEO,4,True
STARLINK-4639,53971,PAYLOAD,Non-Polar Inclined,USA,Commercial,2022-10-05,,95.31,53.22,536,531,2022,260,LARGE,US,COMMUNICATIONS,LEO,4,True
STARLINK-5156,53973,PAYLOAD,Non-Polar Inclined,USA,Commercial,2022-10-05,,95.44,53.22,541,538,2022,260,LARGE,US,COMMUNICATIONS,LEO,4,True
STARLINK-5159,53974,PAYLOAD,Non-Polar Inclined,USA,Commercial,2022-10-05,,95.44,53.22,541,539,2022,260,LARGE,US,COMMUNICATIONS,LEO,4,True
STARLINK-5137,53975,PAYLOAD,Non-Polar Inclined,USA,Commercial,2022-10-05,,95.44,53.22,541,539,2022,260,LARGE,US,COMMUNICATIONS,LEO,4,True
STARLINK-5134,53976,PAYLOAD,Non-Polar Inclined,USA,Commercial,2022-10-05,,95.44,53.22,541,538,2022,260,LARGE,US,COMMUNICATIONS,LEO,4,True
STARLINK-5094,53977,PAYLOAD,Non-Polar Inclined,USA,Commercial,2022-10-05,,95.43,53.22,541,539,2022,260,LARGE,US,COMMUNICATIONS,LEO,4,True
STARLINK-5148,53978,PAYLOAD,Non-Polar Inclined,USA,Commercial,2022-10-05,,95.44,53.22,541,538,2022,260,LARGE,US,COMMUNICATIONS,LEO,4,True
STARLINK-5123,53979,PAYLOAD,Non-Polar Inclined,USA,Commercial,2022-10-05,,95.44,53.22,541,538,2022,260,LARGE,US,COMMUNICATIONS,LEO,4,True
STARLINK-5133,53980,PAYLOAD,Non-Polar Inclined,USA,Commercial,2022-10-05,,95.43,53.22,541,538,2022,260,LARGE,US,COMMUNICATIONS,LEO,4,True
STARLINK-5120,53982,PAYLOAD,Non-Polar Inclined,USA,Commercial,2022-10-05,,95.44,53.22,541,539,2022,260,LARGE,US,COMMUNICATIONS,LEO,4,True
STARLINK-5103,53983,PAYLOAD,Non-Polar Inclined,USA,Commercial,2022-10-05,,95.44,53.22,541,539,2022,260,LARGE,US,COMMUNICATIONS,LEO,4,True
STARLINK-5147,53985,PAYLOAD,Non-Polar Inclined,USA,Commercial,2022-10-05,,95.44,53.22,541,539,2022,260,LARGE,US,COMMUNICATIONS,LEO,4,True
STARLINK-5119,53986,PAYLOAD,Non-Polar Inclined,USA,Commercial,2022-10-05,,95.44,53.22,541,539,2022,260,LARGE,US,COMMUNICATIONS,LEO,4,True
STARLINK-5112,53987,PAYLOAD,Non-Polar Inclined,USA,Commercial,2022-10-05,2025-02-26,87.56,53.21,154,153,2022,260,LARGE,US,COMMUNICATIONS,LEO,4,False
STARLINK-5115,53989,PAYLOAD,Non-Polar Inclined,USA,Commercial,2022-10-05,2024-12-29,87.65,53.19,160,157,2022,260,LARGE,US,COMMUNICATIONS,LEO,4,False
STARLINK-5118,53991,PAYLOAD,Non-Polar Inclined,USA,Commercial,2022-10-05,,95.44,53.22,541,539,2022,260,LARGE,US,COMMUNICATIONS,LEO,4,True
STARLINK-5121,53993,PAYLOAD,Non-Polar Inclined,USA,Commercial,2022-10-05,,95.44,53.22,541,539,2022,260,LARGE,US,COMMUNICATIONS,LEO,4,True
STARLINK-5125,53994,PAYLOAD,Non-Polar Inclined,USA,Commercial,2022-10-05,,95.44,53.22,541,539,2022,260,LARGE,US,COMMUNICATIONS,LEO,4,True
STARLINK-5097,53995,PAYLOAD,Non-Polar Inclined,USA,Commercial,2022-10-05,,95.44,53.22,541,539,2022,260,LARGE,US,COMMUNICATIONS,LEO,4,True
STARLINK-5130,53997,PAYLOAD,Non-Polar Inclined,USA,Commercial,2022-10-05,,95.44,53.22,541,539,2022,260,LARGE,US,COMMUNICATIONS,LEO,4,True
STARLINK-5079,53999,PAYLOAD,Non-Polar Inclined,USA,Commercial,2022-10-05,,95.44,53.22,541,539,2022,260,LARGE,US,COMMUNICATIONS,LEO,4,True
STARLINK-5109,54002,PAYLOAD,Non-Polar Inclined,USA,Commercial,2022-10-05,,95.44,53.22,541,539,2022,260,LARGE,US,COMMUNICATIONS,LEO,4,True
STARLINK-5114,54003,PAYLOAD,Non-Polar Inclined,USA,Commercial,2022-10-05,,95.44,53.22,541,538,2022,260,LARGE,US,COMMUNICATIONS,LEO,4,True
STARLINK-5135,54005,PAYLOAD,Non-Polar Inclined,USA,Commercial,2022-10-05,,95.44,53.22,542,538,2022,260,LARGE,US,COMMUNICATIONS,LEO,4,True
STARLINK-5145,54008,PAYLOAD,Non-Polar Inclined,USA,Commercial,2022-10-05,,95.44,53.22,541,539,2022,260,LARGE,US,COMMUNICATIONS,LEO,4,True
STARLINK-5127,54010,PAYLOAD,Non-Polar Inclined,USA,Commercial,2022-10-05,,95.44,53.22,540,539,2022,260,LARGE,US,COMMUNICATIONS,LEO,4,True
STARLINK-5124,54011,PAYLOAD,Non-Polar Inclined,USA,Commercial,2022-10-05,,95.44,53.22,541,539,2022,260,LARGE,US,COMMUNICATIONS,LEO,4,True
STARLINK-5126,54012,PAYLOAD,Non-Polar Inclined,USA,Commercial,2022-10-05,,95.44,53.22,541,539,2022,260,LARGE,US,COMMUNICATIONS,LEO,4,True
STARLINK-5098,54013,PAYLOAD,Non-Polar Inclined,USA,Commercial,2022-10-05,,95.44,53.22,541,539,2022,260,LARGE,US,COMMUNICATIONS,LEO,4,True
STARLINK-5116,54014,PAYLOAD,Non-Polar Inclined,USA,Commercial,2022-10-05,2024-05-25,88.05,53.19,181,175,2022,260,LARGE,US,COMMUNICATIONS,LEO,4,False
STARLINK-5055,54015,PAYLOAD,Non-Polar Inclined,USA,Commercial,2022-10-05,,95.44,53.22,541,539,2022,260,LARGE,US,COMMUNICATIONS,LEO,4,True
HOTBIRD 13F,54048,PAYLOAD,,Multinational,Commercial,2022-10-15,,1436.09,0.06,35795,35778,2022,4500,LARGE,EUTE,COMMUNICATIONS,GEO,15,True
STARLINK-5195,54051,PAYLOAD,Non-Polar Inclined,USA,Commercial,2022-10-20,,95.44,53.22,541,539,2022,260,LARGE,US,COMMUNICATIONS,LEO,4,True
STARLINK-5176,54053,PAYLOAD,Non-Polar Inclined,USA,Commercial,2022-10-20,,95.44,53.22,541,539,2022,260,LARGE,US,COMMUNICATIONS,LEO,4,True
STARLINK-5163,54054,PAYLOAD,Non-Polar Inclined,USA,Commercial,2022-10-20,,95.44,53.22,540,539,2022,260,LARGE,US,COMMUNICATIONS,LEO,4,True
STARLINK-5226,54056,PAYLOAD,Non-Polar Inclined,USA,Commercial,2022-10-20,,95.44,53.22,541,539,2022,260,LARGE,US,COMMUNICATIONS,LEO,4,True
STARLINK-5173,54059,PAYLOAD,Non-Polar Inclined,USA,Commercial,2022-10-20,,95.44,53.22,541,539,2022,260,LARGE,US,COMMUNICATIONS,LEO,4,True
STARLINK-5169,54060,PAYLOAD,Non-Polar Inclined,USA,Commercial,2022-10-20,,95.44,53.22,543,537,2022,260,LARGE,US,COMMUNICATIONS,LEO,4,True
STARLINK-5209,54061,PAYLOAD,Non-Polar Inclined,USA,Commercial,2022-10-20,,95.42,53.22,540,538,2022,260,LARGE,US,COMMUNICATIONS,LEO,4,True
STARLINK-5187,54065,PAYLOAD,Non-Polar Inclined,USA,Commercial,2022-10-20,,95.44,53.22,541,539,2022,260,LARGE,US,COMMUNICATIONS,LEO,4,True
STARLINK-5151,54066,PAYLOAD,Non-Polar Inclined,USA,Commercial,2022-10-20,,95.44,53.22,541,539,2022,260,LARGE,US,COMMUNICATIONS,LEO,4,True
STARLINK-5174,54067,PAYLOAD,Non-Polar Inclined,USA,Commercial,2022-10-20,,95.44,53.22,541,539,2022,260,LARGE,US,COMMUNICATIONS,LEO,4,True
STARLINK-5168,54071,PAYLOAD,Non-Polar Inclined,USA,Commercial,2022-10-20,,95.44,53.22,541,539,2022,260,LARGE,US,COMMUNICATIONS,LEO,4,True
STARLINK-5144,54072,PAYLOAD,Non-Polar Inclined,USA,Commercial,2022-10-20,2025-01-09,87.36,53.19,146,141,2022,260,LARGE,US,COMMUNICATIONS,LEO,4,False
STARLINK-5146,54073,PAYLOAD,Non-Polar Inclined,USA,Commercial,2022-10-20,,95.44,53.22,541,539,2022,260,LARGE,US,COMMUNICATIONS,LEO,4,True
STARLINK-5192,54074,PAYLOAD,Non-Polar Inclined,USA,Commercial,2022-10-20,,95.44,53.22,541,539,2022,260,LARGE,US,COMMUNICATIONS,LEO,4,True
STARLINK-5201,54076,PAYLOAD,Non-Polar Inclined,USA,Commercial,2022-10-20,,95.44,53.22,541,539,2022,260,LARGE,US,COMMUNICATIONS,LEO,4,True
STARLINK-5138,54078,PAYLOAD,Non-Polar Inclined,USA,Commercial,2022-10-20,,95.44,53.22,541,539,2022,260,LARGE,US,COMMUNICATIONS,LEO,4,True
STARLINK-5175,54079,PAYLOAD,Non-Polar Inclined,USA,Commercial,2022-10-20,,95.44,53.22,541,539,2022,260,LARGE,US,COMMUNICATIONS,LEO,4,True
STARLINK-5178,54083,PAYLOAD,Non-Polar Inclined,USA,Commercial,2022-10-20,,95.44,53.22,541,539,2022,260,LARGE,US,COMMUNICATIONS,LEO,4,True
STARLINK-5183,54084,PAYLOAD,Non-Polar Inclined,USA,Commercial,2022-10-20,,95.44,53.22,540,539,2022,260,LARGE,US,COMMUNICATIONS,LEO,4,True
STARLINK-5184,54087,PAYLOAD,Non-Polar Inclined,USA,Commercial,2022-10-20,,95.44,53.22,540,539,2022,260,LARGE,US,COMMUNICATIONS,LEO,4,True
STARLINK-5153,54088,PAYLOAD,Non-Polar Inclined,USA,Commercial,2022-10-20,,95.44,53.22,541,539,2022,260,LARGE,US,COMMUNICATIONS,LEO,4,True
STARLINK-5143,54089,PAYLOAD,Non-Polar Inclined,USA,Commercial,2022-10-20,,95.44,53.22,541,538,2022,260,LARGE,US,COMMUNICATIONS,LEO,4,True
STARLINK-5177,54090,PAYLOAD,Non-Polar Inclined,USA,Commercial,2022-10-20,,95.44,53.22,541,539,2022,260,LARGE,US,COMMUNICATIONS,LEO,4,True
STARLINK-5221,54091,PAYLOAD,Non-Polar Inclined,USA,Commercial,2022-10-20,,95.44,53.22,541,539,2022,260,LARGE,US,COMMUNICATIONS,LEO,4,True
STARLINK-5190,54092,PAYLOAD,Non-Polar Inclined,USA,Commercial,2022-10-20,,93.36,53.19,442,436,2022,260,LARGE,US,COMMUNICATIONS,LEO,4,True
STARLINK-5213,54093,PAYLOAD,Non-Polar Inclined,USA,Commercial,2022-10-20,,95.44,53.22,541,539,2022,260,LARGE,US,COMMUNICATIONS,LEO,4,True
STARLINK-5219,54094,PAYLOAD,Non-Polar Inclined,USA,Commercial,2022-10-20,,95.44,53.22,541,539,2022,260,LARGE,US,COMMUNICATIONS,LEO,4,True
STARLINK-5193,54095,PAYLOAD,Non-Polar Inclined,USA,Commercial,2022-10-20,,95.44,53.22,541,539,2022,260,LARGE,US,COMMUNICATIONS,LEO,4,True
STARLINK-5197,54097,PAYLOAD,Non-Polar Inclined,USA,Commercial,2022-10-20,,95.44,53.22,543,537,2022,260,LARGE,US,COMMUNICATIONS,LEO,4,True
STARLINK-5198,54099,PAYLOAD,Non-Polar Inclined,USA,Commercial,2022-10-20,,95.44,53.22,542,538,2022,260,LARGE,US,COMMUNICATIONS,LEO,4,True
STARLINK-5179,54102,PAYLOAD,Non-Polar Inclined,USA,Commercial,2022-10-20,,95.44,53.22,540,539,2022,260,LARGE,US,COMMUNICATIONS,LEO,4,True
STARLINK-5200,54103,PAYLOAD,Non-Polar Inclined,USA,Commercial,2022-10-20,,95.44,53.21,542,538,2022,260,LARGE,US,COMMUNICATIONS,LEO,4,True
STARLINK-5203,54104,PAYLOAD,Non-Polar Inclined,USA,Commercial,2022-10-20,,95.44,53.22,541,539,2022,260,LARGE,US,COMMUNICATIONS,LEO,4,True
ONEWEB-0490,54113,PAYLOAD,Polar,United Kingdom,Commercial,2022-10-22,,109.11,87.93,1187,1185,2022,148,LARGE,UK,COMMUNICATIONS,LEO,5,True
ONEWEB-0495,54115,PAYLOAD,Polar,United Kingdom,Commercial,2022-10-22,,109.11,87.93,1187,1185,2022,148,LARGE,UK,COMMUNICATIONS,LEO,5,True
ONEWEB-0497,54116,PAYLOAD,Polar,United Kingdom,Commercial,2022-10-22,,109.11,87.93,1187,1184,2022,148,LARGE,UK,COMMUNICATIONS,LEO,5,True
ONEWEB-0501,54119,PAYLOAD,Polar,United Kingdom,Commercial,2022-10-22,,109.11,87.93,1187,1184,2022,148,LARGE,UK,COMMUNICATIONS,LEO,5,True
ONEWEB-0503,54121,PAYLOAD,Polar,United Kingdom,Commercial,2022-10-22,,109.11,87.93,1187,1184,2022,148,LARGE,UK,COMMUNICATIONS,LEO,5,True
ONEWEB-0504,54122,PAYLOAD,Polar,United Kingdom,Commercial,2022-10-22,,109.11,87.93,1187,1184,2022,148,LARGE,UK,COMMUNICATIONS,LEO,5,True
ONEWEB-0506,54124,PAYLOAD,Polar,United Kingdom,Commercial,2022-10-22,,109.11,87.93,1187,1184,2022,148,LARGE,UK,COMMUNICATIONS,LEO,5,True
ONEWEB-0508,54126,PAYLOAD,Polar,United Kingdom,Commercial,2022-10-22,,109.11,87.93,1187,1185,2022,148,LARGE,UK,COMMUNICATIONS,LEO,5,True
ONEWEB-0509,54127,PAYLOAD,Polar,United Kingdom,Commercial,2022-10-22,,109.11,87.93,1187,1184,2022,148,LARGE,UK,COMMUNICATIONS,LEO,5,True
ONEWEB-0513,54131,PAYLOAD,Polar,United Kingdom,Commercial,2022-10-22,,109.07,87.93,1185,1182,2022,148,MEDIUM,UK,COMMUNICATIONS,LEO,5,True
ONEWEB-0515,54133,PAYLOAD,Polar,United Kingdom,Commercial,2022-10-22,,109.03,87.93,1183,1181,2022,148,LARGE,UK,COMMUNICATIONS,LEO,5,True
ONEWEB-0516,54134,PAYLOAD,Polar,United Kingdom,Commercial,2022-10-22,,109.11,87.93,1187,1184,2022,148,LARGE,UK,COMMUNICATIONS,LEO,5,True
ONEWEB-0517,54135,PAYLOAD,Polar,United Kingdom,Commercial,2022-10-22,,109.11,87.93,1187,1184,2022,148,LARGE,UK,COMMUNICATIONS,LEO,5,True
ONEWEB-0518,54136,PAYLOAD,Polar,United Kingdom,Commercial,2022-10-22,,109.11,87.92,1187,1184,2022,148,LARGE,UK,COMMUNICATIONS,LEO,5,True
ONEWEB-0522,54140,PAYLOAD,Polar,United Kingdom,Commercial,2022-10-22,,109.11,87.93,1187,1184,2022,148,LARGE,UK,COMMUNICATIONS,LEO,5,True
ONEWEB-0523,54141,PAYLOAD,Polar,United Kingdom,Commercial,2022-10-22,,109.03,87.93,1183,1180,2022,148,LARGE,UK,COMMUNICATIONS,LEO,5,True
ONEWEB-0525,54143,PAYLOAD,Polar,United Kingdom,Commercial,2022-10-22,,109.11,87.92,1187,1184,2022,148,LARGE,UK,COMMUNICATIONS,LEO,5,True
ONEWEB-0526,54144,PAYLOAD,Polar,United Kingdom,Commercial,2022-10-22,,109.11,87.93,1187,1184,2022,148,LARGE,UK,COMMUNICATIONS,LEO,5,True
ONEWEB-0531,54146,PAYLOAD,Polar,United Kingdom,Commercial,2022-10-22,,109.03,87.93,1184,1180,2022,148,LARGE,UK,COMMUNICATIONS,LEO,5,True
STARLINK-5290,54157,PAYLOAD,Non-Polar Inclined,USA,Commercial,2022-10-28,,95.44,53.22,541,539,2022,260,LARGE,US,COMMUNICATIONS,LEO,4,True
STARLINK-5269,54161,PAYLOAD,Non-Polar Inclined,USA,Commercial,2022-10-28,,95.44,53.22,541,539,2022,260,LARGE,US,COMMUNICATIONS,LEO,4,True
STARLINK-5273,54162,PAYLOAD,Non-Polar Inclined,USA,Commercial,2022-10-28,,95.44,53.22,541,539,2022,260,LARGE,US,COMMUNICATIONS,LEO,4,True
STARLINK-5161,54163,PAYLOAD,Non-Polar Inclined,USA,Commercial,2022-10-28,,95.44,53.22,541,538,2022,260,LARGE,US,COMMUNICATIONS,LEO,4,True
STARLINK-5278,54164,PAYLOAD,Non-Polar Inclined,USA,Commercial,2022-10-28,,95.44,53.22,541,538,2022,260,LARGE,US,COMMUNICATIONS,LEO,4,True
STARLINK-5279,54165,PAYLOAD,Non-Polar Inclined,USA,Commercial,2022-10-28,,95.44,53.22,541,539,2022,260,LARGE,US,COMMUNICATIONS,LEO,4,True
STARLINK-5280,54166,PAYLOAD,Non-Polar Inclined,USA,Commercial,2022-10-28,,95.44,53.22,541,539,2022,260,LARGE,US,COMMUNICATIONS,LEO,4,True
STARLINK-5117,54172,PAYLOAD,Non-Polar Inclined,USA,Commercial,2022-10-28,,95.44,53.22,541,539,2022,260,LARGE,US,COMMUNICATIONS,LEO,4,True
STARLINK-5154,54176,PAYLOAD,Non-Polar Inclined,USA,Commercial,2022-10-28,,95.43,53.22,540,539,2022,260,LARGE,US,COMMUNICATIONS,LEO,4,True
STARLINK-5186,54177,PAYLOAD,Non-Polar Inclined,USA,Commercial,2022-10-28,,95.44,53.22,541,539,2022,260,LARGE,US,COMMUNICATIONS,LEO,4,True
STARLINK-5164,54178,PAYLOAD,Non-Polar Inclined,USA,Commercial,2022-10-28,,95.44,53.22,541,539,2022,260,LARGE,US,COMMUNICATIONS,LEO,4,True
STARLINK-5228,54180,PAYLOAD,Non-Polar Inclined,USA,Commercial,2022-10-28,,95.44,53.22,541,538,2022,260,LARGE,US,COMMUNICATIONS,LEO,4,True
STARLINK-5231,54182,PAYLOAD,Non-Polar Inclined,USA,Commercial,2022-10-28,,95.44,53.22,541,539,2022,260,LARGE,US,COMMUNICATIONS,LEO,4,True
STARLINK-5162,54184,PAYLOAD,Non-Polar Inclined,USA,Commercial,2022-10-28,,95.44,53.22,541,539,2022,260,LARGE,US,COMMUNICATIONS,LEO,4,True
STARLINK-5194,54186,PAYLOAD,Non-Polar Inclined,USA,Commercial,2022-10-28,,95.44,53.22,541,539,2022,260,LARGE,US,COMMUNICATIONS,LEO,4,True
STARLINK-5240,54187,PAYLOAD,Non-Polar Inclined,USA,Commercial,2022-10-28,,95.44,53.22,541,539,2022,260,LARGE,US,COMMUNICATIONS,LEO,4,True
STARLINK-5238,54188,PAYLOAD,Non-Polar Inclined,USA,Commercial,2022-10-28,,95.43,53.22,542,537,2022,260,LARGE,US,COMMUNICATIONS,LEO,4,True
STARLINK-5281,54190,PAYLOAD,Non-Polar Inclined,USA,Commercial,2022-10-28,,95.44,53.22,541,539,2022,260,LARGE,US,COMMUNICATIONS,LEO,4,True
STARLINK-4619,54191,PAYLOAD,Non-Polar Inclined,USA,Commercial,2022-10-28,,95.44,53.22,541,539,2022,260,LARGE,US,COMMUNICATIONS,LEO,4,True
STARLINK-5268,54192,PAYLOAD,Non-Polar Inclined,USA,Commercial,2022-10-28,,95.44,53.22,541,539,2022,260,LARGE,US,COMMUNICATIONS,LEO,4,True
STARLINK-5258,54195,PAYLOAD,Non-Polar Inclined,USA,Commercial,2022-10-28,,95.44,53.22,541,539,2022,260,LARGE,US,COMMUNICATIONS,LEO,4,True
STARLINK-5244,54199,PAYLOAD,Non-Polar Inclined,USA,Commercial,2022-10-28,,95.44,53.22,541,539,2022,260,LARGE,US,COMMUNICATIONS,LEO,4,True
STARLINK-5250,54200,PAYLOAD,Non-Polar Inclined,USA,Commercial,2022-10-28,,95.44,53.22,541,539,2022,260,LARGE,US,COMMUNICATIONS,LEO,4,True
STARLINK-5241,54204,PAYLOAD,Non-Polar Inclined,USA,Commercial,2022-10-28,,95.44,53.22,541,539,2022,260,LARGE,US,COMMUNICATIONS,LEO,4,True
STARLINK-5249,54205,PAYLOAD,Non-Polar Inclined,USA,Commercial,2022-10-28,,95.44,53.22,541,538,2022,260,LARGE,US,COMMUNICATIONS,LEO,4,True
STARLINK-5264,54206,PAYLOAD,Non-Polar Inclined,USA,Commercial,2022-10-28,,95.44,53.22,540,540,2022,260,LARGE,US,COMMUNICATIONS,LEO,4,True
STARLINK-5255,54208,PAYLOAD,Non-Polar Inclined,USA,Commercial,2022-10-28,,95.44,53.22,541,539,2022,260,LARGE,US,COMMUNICATIONS,LEO,4,True
STARLINK-5259,54209,PAYLOAD,Non-Polar Inclined,USA,Commercial,2022-10-28,,95.44,53.22,541,539,2022,260,LARGE,US,COMMUNICATIONS,LEO,4,True
HOTBIRD 13G,54225,PAYLOAD,,Multinational,Commercial,2022-11-03,,1436.07,0.05,35795,35777,2022,4500,LARGE,EUTE,COMMUNICATIONS,GEO,15,True
ONEWEB-0527,54642,PAYLOAD,Polar,United Kingdom,Commercial,2022-12-08,,108.94,87.93,1179,1176,2022,148,LARGE,UK,COMMUNICATIONS,LEO,5,True
ONEWEB-0528,54643,PAYLOAD,Polar,United Kingdom,Commercial,2022-12-08,,108.94,87.93,1179,1176,2022,148,LARGE,UK,COMMUNICATIONS,LEO,5,True
ONEWEB-0539,54644,PAYLOAD,Polar,United Kingdom,Commercial,2022-12-08,,108.94,87.93,1179,1176,2022,148,LARGE,UK,COMMUNICATIONS,LEO,5,True
ONEWEB-0540,54645,PAYLOAD,Polar,United Kingdom,Commercial,2022-12-08,,108.94,87.93,1179,1176,2022,148,LARGE,UK,COMMUNICATIONS,LEO,5,True
ONEWEB-0542,54646,PAYLOAD,Polar,United Kingdom,Commercial,2022-12-08,,108.94,87.93,1179,1176,2022,148,LARGE,UK,COMMUNICATIONS,LEO,5,True
ONEWEB-0580,54648,PAYLOAD,Polar,United Kingdom,Commercial,2022-12-08,,108.94,87.93,1179,1176,2022,148,LARGE,UK,COMMUNICATIONS,LEO,5,True
ONEWEB-0582,54649,PAYLOAD,Polar,United Kingdom,Commercial,2022-12-08,,108.94,87.93,1179,1176,2022,148,LARGE,UK,COMMUNICATIONS,LEO,5,True
ONEWEB-0583,54650,PAYLOAD,Polar,United Kingdom,Commercial,2022-12-08,,108.94,87.93,1179,1176,2022,148,MEDIUM,UK,COMMUNICATIONS,LEO,5,True
ONEWEB-0585,54652,PAYLOAD,Polar,United Kingdom,Commercial,2022-12-08,,108.94,87.93,1179,1176,2022,148,LARGE,UK,COMMUNICATIONS,LEO,5,True
ONEWEB-0590,54656,PAYLOAD,Polar,United Kingdom,Commercial,2022-12-08,,108.94,87.93,1179,1176,2022,148,LARGE,UK,COMMUNICATIONS,LEO,5,True
ONEWEB-0595,54661,PAYLOAD,Polar,United Kingdom,Commercial,2022-12-08,,108.94,87.93,1179,1176,2022,148,LARGE,UK,COMMUNICATIONS,LEO,5,True
ONEWEB-0596,54662,PAYLOAD,Polar,United Kingdom,Commercial,2022-12-08,,108.94,87.93,1179,1176,2022,148,LARGE,UK,COMMUNICATIONS,LEO,5,True
ONEWEB-0597,54663,PAYLOAD,Polar,United Kingdom,Commercial,2022-12-08,,108.94,87.93,1179,1176,2022,148,LARGE,UK,COMMUNICATIONS,LEO,5,True
ONEWEB-0600,54664,PAYLOAD,Polar,United Kingdom,Commercial,2022-12-08,,108.94,87.93,1179,1176,2022,148,LARGE,UK,COMMUNICATIONS,LEO,5,True
ONEWEB-0602,54666,PAYLOAD,Polar,United Kingdom,Commercial,2022-12-08,,108.94,87.93,1179,1176,2022,148,MEDIUM,UK,COMMUNICATIONS,LEO,5,True
ONEWEB-0603,54667,PAYLOAD,Polar,United Kingdom,Commercial,2022-12-08,,108.94,87.93,1179,1176,2022,148,MEDIUM,UK,COMMUNICATIONS,LEO,5,True
ONEWEB-0605,54669,PAYLOAD,Polar,United Kingdom,Commercial,2022-12-08,,108.94,87.93,1180,1176,2022,148,LARGE,UK,COMMUNICATIONS,LEO,5,True
ONEWEB-0606,54670,PAYLOAD,Polar,United Kingdom,Commercial,2022-12-08,,108.94,87.93,1179,1177,2022,148,LARGE,UK,COMMUNICATIONS,LEO,5,True
ONEWEB-0607,54671,PAYLOAD,Polar,United Kingdom,Commercial,2022-12-08,,108.94,87.93,1179,1176,2022,148,LARGE,UK,COMMUNICATIONS,LEO,5,True
ONEWEB-0608,54672,PAYLOAD,Polar,United Kingdom,Commercial,2022-12-08,,108.94,87.93,1179,1176,2022,148,MEDIUM,UK,COMMUNICATIONS,LEO,5,True
ONEWEB-0610,54673,PAYLOAD,Polar,United Kingdom,Commercial,2022-12-08,,108.94,87.93,1180,1176,2022,148,LARGE,UK,COMMUNICATIONS,LEO,5,True
ONEWEB-0615,54676,PAYLOAD,Polar,United Kingdom,Commercial,2022-12-08,,108.94,87.93,1179,1176,2022,148,LARGE,UK,COMMUNICATIONS,LEO,5,True
ONEWEB-0685,54679,PAYLOAD,Polar,United Kingdom,Commercial,2022-12-08,,108.94,87.93,1179,1176,2022,148,LARGE,UK,COMMUNICATIONS,LEO,5,True
ONEWEB-0714,54681,PAYLOAD,Polar,United Kingdom,Commercial,2022-12-08,,108.94,87.93,1179,1176,2022,148,LARGE,UK,COMMUNICATIONS,LEO,5,True
STARLINK-5464,54758,PAYLOAD,Non-Polar Inclined,USA,Commercial,2022-12-17,,95.44,53.22,541,539,2022,260,LARGE,US,COMMUNICATIONS,LEO,4,True
STARLINK-5215,54759,PAYLOAD,Non-Polar Inclined,USA,Commercial,2022-12-17,,95.44,53.22,541,539,2022,260,LARGE,US,COMMUNICATIONS,LEO,4,True
STARLINK-5220,54760,PAYLOAD,Non-Polar Inclined,USA,Commercial,2022-12-17,,95.44,53.22,541,539,2022,260,LARGE,US,COMMUNICATIONS,LEO,4,True
STARLINK-5202,54761,PAYLOAD,Non-Polar Inclined,USA,Commercial,2022-12-17,,95.44,53.22,541,539,2022,260,LARGE,US,COMMUNICATIONS,LEO,4,True
STARLINK-5191,54763,PAYLOAD,Non-Polar Inclined,USA,Commercial,2022-12-17,,95.44,53.22,541,539,2022,260,LARGE,US,COMMUNICATIONS,LEO,4,True
STARLINK-5458,54764,PAYLOAD,Non-Polar Inclined,USA,Commercial,2022-12-17,,95.44,53.22,541,539,2022,260,LARGE,US,COMMUNICATIONS,LEO,4,True
STARLINK-5466,54765,PAYLOAD,Non-Polar Inclined,USA,Commercial,2022-12-17,2025-01-09,87.54,53.2,154,152,2022,260,LARGE,US,COMMUNICATIONS,LEO,4,False
STARLINK-5471,54766,PAYLOAD,Non-Polar Inclined,USA,Commercial,2022-12-17,,95.44,53.22,541,539,2022,260,LARGE,US,COMMUNICATIONS,LEO,4,True
STARLINK-5472,54767,PAYLOAD,Non-Polar Inclined,USA,Commercial,2022-12-17,,95.44,53.22,541,539,2022,260,LARGE,US,COMMUNICATIONS,LEO,4,True
STARLINK-5444,54768,PAYLOAD,Non-Polar Inclined,USA,Commercial,2022-12-17,,95.44,53.22,541,539,2022,260,LARGE,US,COMMUNICATIONS,LEO,4,True
STARLINK-5451,54771,PAYLOAD,Non-Polar Inclined,USA,Commercial,2022-12-17,,95.44,53.22,541,539,2022,260,LARGE,US,COMMUNICATIONS,LEO,4,True
STARLINK-5452,54772,PAYLOAD,Non-Polar Inclined,USA,Commercial,2022-12-17,,95.44,53.22,541,539,2022,260,LARGE,US,COMMUNICATIONS,LEO,4,True
STARLINK-5453,54773,PAYLOAD,Non-Polar Inclined,USA,Commercial,2022-12-17,,95.44,53.22,541,539,2022,260,LARGE,US,COMMUNICATIONS,LEO,4,True
STARLINK-5465,54775,PAYLOAD,Non-Polar Inclined,USA,Commercial,2022-12-17,,95.44,53.22,541,539,2022,260,LARGE,US,COMMUNICATIONS,LEO,4,True
STARLINK-5468,54777,PAYLOAD,Non-Polar Inclined,USA,Commercial,2022-12-17,,95.44,53.22,541,539,2022,260,LARGE,US,COMMUNICATIONS,LEO,4,True
STARLINK-5442,54784,PAYLOAD,Non-Polar Inclined,USA,Commercial,2022-12-17,,95.44,53.22,541,539,2022,260,LARGE,US,COMMUNICATIONS,LEO,4,True
STARLINK-5440,54785,PAYLOAD,Non-Polar Inclined,USA,Commercial,2022-12-17,,95.44,53.22,541,539,2022,260,LARGE,US,COMMUNICATIONS,LEO,4,True
STARLINK-5441,54787,PAYLOAD,Non-Polar Inclined,USA,Commercial,2022-12-17,,95.44,53.22,541,539,2022,260,LARGE,US,COMMUNICATIONS,LEO,4,True
STARLINK-5399,54788,PAYLOAD,Non-Polar Inclined,USA,Commercial,2022-12-17,,95.44,53.22,541,539,2022,260,LARGE,US,COMMUNICATIONS,LEO,4,True
STARLINK-5446,54789,PAYLOAD,Non-Polar Inclined,USA,Commercial,2022-12-17,,95.44,53.22,541,539,2022,260,LARGE,US,COMMUNICATIONS,LEO,4,True
STARLINK-5392,54794,PAYLOAD,Non-Polar Inclined,USA,Commercial,2022-12-17,2025-04-18,88.63,53.17,213,201,2022,260,LARGE,US,COMMUNICATIONS,LEO,4,False
STARLINK-5436,54795,PAYLOAD,Non-Polar Inclined,USA,Commercial,2022-12-17,,95.44,53.22,541,539,2022,260,LARGE,US,COMMUNICATIONS,LEO,4,True
STARLINK-5435,54797,PAYLOAD,Non-Polar Inclined,USA,Commercial,2022-12-17,,95.44,53.22,541,538,2022,260,LARGE,US,COMMUNICATIONS,LEO,4,True
STARLINK-5421,54799,PAYLOAD,Non-Polar Inclined,USA,Commercial,2022-12-17,,95.44,53.22,541,539,2022,260,LARGE,US,COMMUNICATIONS,LEO,4,True
STARLINK-5429,54801,PAYLOAD,Non-Polar Inclined,USA,Commercial,2022-12-17,,95.44,53.22,541,539,2022,260,LARGE,US,COMMUNICATIONS,LEO,4,True
STARLINK-5426,54802,PAYLOAD,Non-Polar Inclined,USA,Commercial,2022-12-17,,95.44,53.22,541,539,2022,260,LARGE,US,COMMUNICATIONS,LEO,4,True
STARLINK-5430,54803,PAYLOAD,Non-Polar Inclined,USA,Commercial,2022-12-17,,95.44,53.22,541,539,2022,260,LARGE,US,COMMUNICATIONS,LEO,4,True
STARLINK-5422,54804,PAYLOAD,Non-Polar Inclined,USA,Commercial,2022-12-17,,95.44,53.22,541,539,2022,260,LARGE,US,COMMUNICATIONS,LEO,4,True
STARLINK-5413,54808,PAYLOAD,Non-Polar Inclined,USA,Commercial,2022-12-17,,95.44,53.22,541,539,2022,260,LARGE,US,COMMUNICATIONS,LEO,4,True
STARLINK-5414,54809,PAYLOAD,Non-Polar Inclined,USA,Commercial,2022-12-17,,95.44,53.22,541,539,2022,260,LARGE,US,COMMUNICATIONS,LEO,4,True
STARLINK-5408,54810,PAYLOAD,Non-Polar Inclined,USA,Commercial,2022-12-17,,95.44,53.22,541,539,2022,260,LARGE,US,COMMUNICATIONS,LEO,4,True
STARLINK-5101,54822,PAYLOAD,Non-Polar Inclined,USA,Commercial,2022-12-28,,95.84,43,561,558,2022,260,LARGE,US,COMMUNICATIONS,LEO,4,True
STARLINK-5106,54823,PAYLOAD,Non-Polar Inclined,USA,Commercial,2022-12-28,,95.84,43,560,558,2022,260,LARGE,US,COMMUNICATIONS,LEO,4,True
STARLINK-5383,54827,PAYLOAD,Non-Polar Inclined,USA,Commercial,2022-12-28,,95.84,43,560,558,2022,260,LARGE,US,COMMUNICATIONS,LEO,4,True
STARLINK-5381,54828,PAYLOAD,Non-Polar Inclined,USA,Commercial,2022-12-28,,95.84,43,560,558,2022,260,LARGE,US,COMMUNICATIONS,LEO,4,True
STARLINK-5380,54829,PAYLOAD,Non-Polar Inclined,USA,Commercial,2022-12-28,2024-09-19,88.87,42.99,225,212,2022,260,LARGE,US,COMMUNICATIONS,LEO,4,False
STARLINK-5393,54832,PAYLOAD,Non-Polar Inclined,USA,Commercial,2022-12-28,,95.84,43,560,558,2022,260,LARGE,US,COMMUNICATIONS,LEO,4,True
STARLINK-5391,54833,PAYLOAD,Non-Polar Inclined,USA,Commercial,2022-12-28,,95.84,43,560,558,2022,260,LARGE,US,COMMUNICATIONS,LEO,4,True
STARLINK-5386,54834,PAYLOAD,Non-Polar Inclined,USA,Commercial,2022-12-28,,95.84,43,560,558,2022,260,LARGE,US,COMMUNICATIONS,LEO,4,True
STARLINK-5389,54835,PAYLOAD,Non-Polar Inclined,USA,Commercial,2022-12-28,,95.84,43,560,558,2022,260,LARGE,US,COMMUNICATIONS,LEO,4,True
STARLINK-5372,54838,PAYLOAD,Non-Polar Inclined,USA,Commercial,2022-12-28,,95.84,43.01,560,558,2022,260,LARGE,US,COMMUNICATIONS,LEO,4,True
STARLINK-5110,54839,PAYLOAD,Non-Polar Inclined,USA,Commercial,2022-12-28,2024-06-26,88.42,42.98,202,191,2022,260,LARGE,US,COMMUNICATIONS,LEO,4,False
STARLINK-5387,54842,PAYLOAD,Non-Polar Inclined,USA,Commercial,2022-12-28,,95.84,43,560,558,2022,260,LARGE,US,COMMUNICATIONS,LEO,4,True
STARLINK-5388,54844,PAYLOAD,Non-Polar Inclined,USA,Commercial,2022-12-28,,95.84,43,560,558,2022,260,LARGE,US,COMMUNICATIONS,LEO,4,True
STARLINK-5432,54848,PAYLOAD,Non-Polar Inclined,USA,Commercial,2022-12-28,,95.84,43,560,558,2022,260,LARGE,US,COMMUNICATIONS,LEO,4,True
STARLINK-5434,54849,PAYLOAD,Non-Polar Inclined,USA,Commercial,2022-12-28,,95.7,43,553,551,2022,260,LARGE,US,COMMUNICATIONS,LEO,4,True
STARLINK-5087,54850,PAYLOAD,Non-Polar Inclined,USA,Commercial,2022-12-28,,95.84,43.01,560,558,2022,260,LARGE,US,COMMUNICATIONS,LEO,4,True
STARLINK-5084,54851,PAYLOAD,Non-Polar Inclined,USA,Commercial,2022-12-28,,95.84,43,560,558,2022,260,LARGE,US,COMMUNICATIONS,LEO,4,True
STARLINK-5418,54852,PAYLOAD,Non-Polar Inclined,USA,Commercial,2022-12-28,,95.83,43,560,557,2022,260,LARGE,US,COMMUNICATIONS,LEO,4,True
STARLINK-5427,54853,PAYLOAD,Non-Polar Inclined,USA,Commercial,2022-12-28,,95.84,43,560,558,2022,260,LARGE,US,COMMUNICATIONS,LEO,4,True
STARLINK-5419,54854,PAYLOAD,Non-Polar Inclined,USA,Commercial,2022-12-28,,95.84,43,560,558,2022,260,LARGE,US,COMMUNICATIONS,LEO,4,True
STARLINK-5078,54857,PAYLOAD,Non-Polar Inclined,USA,Commercial,2022-12-28,,95.84,43,560,558,2022,260,LARGE,US,COMMUNICATIONS,LEO,4,True
STARLINK-5409,54859,PAYLOAD,Non-Polar Inclined,USA,Commercial,2022-12-28,,95.84,43,560,558,2022,260,LARGE,US,COMMUNICATIONS,LEO,4,True
STARLINK-5406,54860,PAYLOAD,Non-Polar Inclined,USA,Commercial,2022-12-28,,95.84,43,560,558,2022,260,LARGE,US,COMMUNICATIONS,LEO,4,True
STARLINK-5400,54861,PAYLOAD,Non-Polar Inclined,USA,Commercial,2022-12-28,,95.84,43.01,560,558,2022,260,LARGE,US,COMMUNICATIONS,LEO,4,True
STARLINK-5405,54863,PAYLOAD,Non-Polar Inclined,USA,Commercial,2022-12-28,,95.84,43,559,559,2022,260,LARGE,US,COMMUNICATIONS,LEO,4,True
STARLINK-5359,54864,PAYLOAD,Non-Polar Inclined,USA,Commercial,2022-12-28,,95.84,43.01,560,558,2022,260,LARGE,US,COMMUNICATIONS,LEO,4,True
STARLINK-5411,54865,PAYLOAD,Non-Polar Inclined,USA,Commercial,2022-12-28,,95.84,43,560,558,2022,260,LARGE,US,COMMUNICATIONS,LEO,4,True
STARLINK-5398,54866,PAYLOAD,Non-Polar Inclined,USA,Commercial,2022-12-28,,95.84,43.01,560,558,2022,260,LARGE,US,COMMUNICATIONS,LEO,4,True
STARLINK-5379,54868,PAYLOAD,Non-Polar Inclined,USA,Commercial,2022-12-28,,95.84,43,560,558,2022,260,LARGE,US,COMMUNICATIONS,LEO,4,True
STARLINK-5402,54869,PAYLOAD,Non-Polar Inclined,USA,Commercial,2022-12-28,,95.84,43,560,559,2022,260,LARGE,US,COMMUNICATIONS,LEO,4,True
STARLINK-5397,54871,PAYLOAD,Non-Polar Inclined,USA,Commercial,2022-12-28,,95.84,43.01,560,558,2022,260,LARGE,US,COMMUNICATIONS,LEO,4,True
STARLINK-5091,54873,PAYLOAD,Non-Polar Inclined,USA,Commercial,2022-12-28,,95.84,43,560,558,2022,260,LARGE,US,COMMUNICATIONS,LEO,4,True
FLOCK 4Y 32,55021,PAYLOAD,Sun-Synchronous,USA,Commercial,2023-01-03,,92.35,97.37,393,386,2023,6,MEDIUM,US,EARTH OBSERVATION,LEO,3,True
FLOCK 4Y 30,55025,PAYLOAD,Sun-Synchronous,USA,Commercial,2023-01-03,,92.45,97.38,399,390,2023,6,MEDIUM,US,EARTH OBSERVATION,LEO,3,True
FLOCK 4Y 19,55026,PAYLOAD,Sun-Synchronous,USA,Commercial,2023-01-03,2024-10-30,88.58,97.38,210,199,2023,6,SMALL,US,EARTH OBSERVATION,LEO,3,False
FLOCK 4Y 25,55027,PAYLOAD,Sun-Synchronous,USA,Commercial,2023-01-03,,92.71,97.37,412,402,2023,6,MEDIUM,US,EARTH OBSERVATION,LEO,3,True
FLOCK 4Y 28,55033,PAYLOAD,Sun-Synchronous,USA,Commercial,2023-01-03,2025-02-12,88.12,97.37,187,176,2023,6,MEDIUM,US,EARTH OBSERVATION,LEO,3,False
FLOCK 4Y 33,55042,PAYLOAD,Sun-Synchronous,USA,Commercial,2023-01-03,,92.7,97.38,412,402,2023,6,MEDIUM,US,EARTH OBSERVATION,LEO,3,True
FLOCK 4Y 11,55043,PAYLOAD,Sun-Synchronous,USA,Commercial,2023-01-03,,92.88,97.38,421,410,2023,6,MEDIUM,US,EARTH OBSERVATION,LEO,3,True
NUSAT-35 (WILLIAMINA),55048,PAYLOAD,Sun-Synchronous,Argentina,Commercial,2023-01-03,,94.16,97.25,480,475,2023,42,MEDIUM,ARGN,EARTH OBSERVATION,LEO,3,True
FLOCK 4Y 4,55055,PAYLOAD,Sun-Synchronous,USA,Commercial,2023-01-03,2025-03-08,87.61,97.34,163,149,2023,6,MEDIUM,US,EARTH OBSERVATION,LEO,3,False
FLOCK 4Y 20,55063,PAYLOAD,Sun-Synchronous,USA,Commercial,2023-01-03,,92.71,97.38,414,401,2023,6,SMALL,US,EARTH OBSERVATION,LEO,3,True
NUSAT-32 (ALBANIA-1),55064,PAYLOAD,Sun-Synchronous,Argentina,Commercial,2023-01-03,,93.15,97.24,435,423,2023,42,MEDIUM,ARGN,EARTH OBSERVATION,LEO,3,True
FLOCK 4Y 12,55065,PAYLOAD,Sun-Synchronous,USA,Commercial,2023-01-03,,92.69,97.37,412,401,2023,6,MEDIUM,US,EARTH OBSERVATION,LEO,3,True
FLOCK 4Y 6,55066,PAYLOAD,Sun-Synchronous,USA,Commercial,2023-01-03,,92.24,97.38,388,380,2023,6,MEDIUM,US,EARTH OBSERVATION,LEO,3,True
FLOCK 4Y 15,55068,PAYLOAD,Sun-Synchronous,USA,Commercial,2023-01-03,,92.63,97.37,410,397,2023,6,MEDIUM,US,EARTH OBSERVATION,LEO,3,True
FLOCK 4Y 9,55069,PAYLOAD,Sun-Synchronous,USA,Commercial,2023-01-03,,90.48,97.37,304,292,2023,6,MEDIUM,US,EARTH OBSERVATION,LEO,3,True
FLOCK 4Y 26,55070,PAYLOAD,Sun-Synchronous,USA,Commercial,2023-01-03,,92.47,97.38,400,390,2023,6,MEDIUM,US,EARTH OBSERVATION,LEO,3,True
FLOCK 4Y 8,55071,PAYLOAD,Sun-Synchronous,USA,Commercial,2023-01-03,,90.73,97.36,315,305,2023,6,SMALL,US,EARTH OBSERVATION,LEO,3,True
FLOCK 4Y 31,55075,PAYLOAD,Sun-Synchronous,USA,Commercial,2023-01-03,2024-09-10,87.8,97.38,175,156,2023,6,MEDIUM,US,EARTH OBSERVATION,LEO,3,False
FLOCK 4Y 21,55077,PAYLOAD,Sun-Synchronous,USA,Commercial,2023-01-03,,92.65,97.37,410,399,2023,6,MEDIUM,US,EARTH OBSERVATION,LEO,3,True
FLOCK 4Y 36,55078,PAYLOAD,Sun-Synchronous,USA,Commercial,2023-01-03,,92.15,97.37,384,376,2023,6,MEDIUM,US,EARTH OBSERVATION,LEO,3,True
FLOCK 4Y 34,55082,PAYLOAD,Sun-Synchronous,USA,Commercial,2023-01-03,,92.52,97.37,403,393,2023,6,MEDIUM,US,EARTH OBSERVATION,LEO,3,True
SPACEBEE-163,55089,PAYLOAD,Sun-Synchronous,USA,Commercial,2023-01-03,2024-08-31,88.48,97.37,208,191,2023,2,SMALL,US,COMMUNICATIONS,LEO,2,False
SPACEBEE-166,55092,PAYLOAD,Sun-Synchronous,USA,Commercial,2023-01-03,2024-09-06,89.74,97.39,269,253,2023,2,SMALL,US,COMMUNICATIONS,LEO,2,False
SPACEBEE-162,55095,PAYLOAD,Sun-Synchronous,USA,Commercial,2023-01-03,2024-09-25,87.61,97.38,166,147,2023,2,SMALL,US,COMMUNICATIONS,LEO,2,False
SPACEBEE-158,55100,PAYLOAD,Sun-Synchronous,USA,Commercial,2023-01-03,2024-09-13,87.47,97.38,157,141,2023,2,SMALL,US,COMMUNICATIONS,LEO,2,False
SPACEBEE-159,55101,PAYLOAD,Sun-Synchronous,USA,Commercial,2023-01-03,2024-09-05,89.14,97.39,241,223,2023,2,SMALL,US,COMMUNICATIONS,LEO,2,False
SPACEBEE-157,55102,PAYLOAD,Sun-Synchronous,USA,Commercial,2023-01-03,2024-09-01,87.64,97.38,167,148,2023,2,SMALL,US,COMMUNICATIONS,LEO,2,False
ONEWEB-0533,55141,PAYLOAD,Polar,United Kingdom,Commercial,2023-01-10,,109.72,87.89,1215,1212,2023,148,LARGE,UK,COMMUNICATIONS,LEO,5,True
ONEWEB-0541,55142,PAYLOAD,Polar,United Kingdom,Commercial,2023-01-10,,109.8,87.88,1219,1216,2023,148,MEDIUM,UK,COMMUNICATIONS,LEO,5,True
ONEWEB-0543,55143,PAYLOAD,Polar,United Kingdom,Commercial,2023-01-10,,109.2,87.91,1191,1188,2023,148,LARGE,UK,COMMUNICATIONS,LEO,5,True
ONEWEB-0544,55144,PAYLOAD,Polar,United Kingdom,Commercial,2023-01-10,,109.2,87.91,1191,1188,2023,148,LARGE,UK,COMMUNICATIONS,LEO,5,True
ONEWEB-0560,55145,PAYLOAD,Polar,United Kingdom,Commercial,2023-01-10,,109.2,87.91,1191,1188,2023,148,LARGE,UK,COMMUNICATIONS,LEO,5,True
ONEWEB-0570,55149,PAYLOAD,Polar,United Kingdom,Commercial,2023-01-10,,109.2,87.91,1191,1188,2023,148,LARGE,UK,COMMUNICATIONS,LEO,5,True
ONEWEB-0572,55151,PAYLOAD,Polar,United Kingdom,Commercial,2023-01-10,,109.29,87.9,1195,1192,2023,148,LARGE,UK,COMMUNICATIONS,LEO,5,True
ONEWEB-0573,55152,PAYLOAD,Polar,United Kingdom,Commercial,2023-01-10,,109.2,87.91,1191,1188,2023,148,LARGE,UK,COMMUNICATIONS,LEO,5,True
ONEWEB-0598,55154,PAYLOAD,Polar,United Kingdom,Commercial,2023-01-10,,109.81,87.88,1219,1217,2023,148,LARGE,UK,COMMUNICATIONS,LEO,5,True
ONEWEB-0599,55155,PAYLOAD,Polar,United Kingdom,Commercial,2023-01-10,,109.29,87.9,1195,1192,2023,148,LARGE,UK,COMMUNICATIONS,LEO,5,True
ONEWEB-0616,55157,PAYLOAD,Polar,United Kingdom,Commercial,2023-01-10,,109.29,87.9,1195,1192,2023,148,LARGE,UK,COMMUNICATIONS,LEO,5,True
ONEWEB-0617,55158,PAYLOAD,Polar,United Kingdom,Commercial,2023-01-10,,109.8,87.88,1219,1216,2023,148,LARGE,UK,COMMUNICATIONS,LEO,5,True
ONEWEB-0618,55159,PAYLOAD,Polar,United Kingdom,Commercial,2023-01-10,,100.2,86.91,778,758,2023,148,LARGE,UK,COMMUNICATIONS,LEO,5,True
ONEWEB-0620,55161,PAYLOAD,Polar,United Kingdom,Commercial,2023-01-10,,109.81,87.88,1219,1216,2023,148,LARGE,UK,COMMUNICATIONS,LEO,5,True
ONEWEB-0623,55164,PAYLOAD,Polar,United Kingdom,Commercial,2023-01-10,,109.29,87.9,1196,1192,2023,148,LARGE,UK,COMMUNICATIONS,LEO,5,True
ONEWEB-0624,55165,PAYLOAD,Polar,United Kingdom,Commercial,2023-01-10,,109.72,87.89,1215,1212,2023,148,LARGE,UK,COMMUNICATIONS,LEO,5,True
ONEWEB-0625,55166,PAYLOAD,Polar,United Kingdom,Commercial,2023-01-10,,109.29,87.9,1195,1192,2023,148,LARGE,UK,COMMUNICATIONS,LEO,5,True
ONEWEB-0626,55167,PAYLOAD,Polar,United Kingdom,Commercial,2023-01-10,,109.29,87.9,1195,1193,2023,148,LARGE,UK,COMMUNICATIONS,LEO,5,True
ONEWEB-0627,55168,PAYLOAD,Polar,United Kingdom,Commercial,2023-01-10,,109.29,87.9,1196,1192,2023,148,LARGE,UK,COMMUNICATIONS,LEO,5,True
ONEWEB-0628,55169,PAYLOAD,Polar,United Kingdom,Commercial,2023-01-10,,109.72,87.88,1216,1212,2023,148,LARGE,UK,COMMUNICATIONS,LEO,5,True
APSTAR 6E,55239,PAYLOAD,,China,Commercial,2023-01-12,,1436.11,0.01,35792,35782,2023,4300,LARGE,PRC,COMMUNICATIONS,GEO,15,True
NAVSTAR 82 (USA 343),55268,PAYLOAD,Non-Polar Inclined,USA,Military/Commercial,2023-01-18,,717.95,55.09,20188,20175,2023,4352,LARGE,US,NAVIGATION/GLOBAL POSITIONING,MEO,15,True
STARLINK-5301,55270,PAYLOAD,Polar,USA,Commercial,2023-01-19,2025-02-25,87.32,69.98,147,136,2023,290,LARGE,US,COMMUNICATIONS,LEO,4,False
STARLINK-5306,55271,PAYLOAD,Polar,USA,Commercial,2023-01-19,,96.11,70,574,570,2023,290,LARGE,US,COMMUNICATIONS,LEO,4,True
STARLINK-5291,55273,PAYLOAD,Polar,USA,Commercial,2023-01-19,,96.11,70,574,570,2023,290,LARGE,US,COMMUNICATIONS,LEO,4,True
STARLINK-5236,55274,PAYLOAD,Polar,USA,Commercial,2023-01-19,,96.11,70,574,570,2023,290,LARGE,US,COMMUNICATIONS,LEO,4,True
STARLINK-5299,55277,PAYLOAD,Polar,USA,Commercial,2023-01-19,,96.11,70,574,570,2023,290,LARGE,US,COMMUNICATIONS,LEO,4,True
STARLINK-5289,55278,PAYLOAD,Polar,USA,Commercial,2023-01-19,,96.11,70,575,569,2023,290,LARGE,US,COMMUNICATIONS,LEO,4,True
STARLINK-5323,55279,PAYLOAD,Polar,USA,Commercial,2023-01-19,,96.1,70,574,570,2023,290,LARGE,US,COMMUNICATIONS,LEO,4,True
STARLINK-5298,55281,PAYLOAD,Polar,USA,Commercial,2023-01-19,,96.11,70,574,570,2023,290,LARGE,US,COMMUNICATIONS,LEO,4,True
STARLINK-5317,55283,PAYLOAD,Polar,USA,Commercial,2023-01-19,,96.11,70,574,570,2023,290,LARGE,US,COMMUNICATIONS,LEO,4,True
STARLINK-5337,55284,PAYLOAD,Polar,USA,Commercial,2023-01-19,,96.11,70,574,570,2023,290,LARGE,US,COMMUNICATIONS,LEO,4,True
STARLINK-5332,55285,PAYLOAD,Polar,USA,Commercial,2023-01-19,,96.11,70,573,571,2023,290,LARGE,US,COMMUNICATIONS,LEO,4,True
STARLINK-5338,55286,PAYLOAD,Polar,USA,Commercial,2023-01-19,,96.11,70,574,570,2023,290,LARGE,US,COMMUNICATIONS,LEO,4,True
STARLINK-5341,55287,PAYLOAD,Polar,USA,Commercial,2023-01-19,,96.11,70,574,570,2023,290,LARGE,US,COMMUNICATIONS,LEO,4,True
STARLINK-5311,55288,PAYLOAD,Polar,USA,Commercial,2023-01-19,,96.1,70,573,571,2023,290,LARGE,US,COMMUNICATIONS,LEO,4,True
STARLINK-5320,55289,PAYLOAD,Polar,USA,Commercial,2023-01-19,,96.11,70,574,570,2023,290,LARGE,US,COMMUNICATIONS,LEO,4,True
STARLINK-5266,55290,PAYLOAD,Polar,USA,Commercial,2023-01-19,,96.11,70,574,570,2023,290,LARGE,US,COMMUNICATIONS,LEO,4,True
STARLINK-5327,55291,PAYLOAD,Polar,USA,Commercial,2023-01-19,,96.11,70,574,570,2023,290,LARGE,US,COMMUNICATIONS,LEO,4,True
STARLINK-5325,55292,PAYLOAD,Polar,USA,Commercial,2023-01-19,,96.11,70,574,570,2023,290,LARGE,US,COMMUNICATIONS,LEO,4,True
STARLINK-5287,55293,PAYLOAD,Polar,USA,Commercial,2023-01-19,,96.11,70,574,570,2023,290,LARGE,US,COMMUNICATIONS,LEO,4,True
STARLINK-5293,55295,PAYLOAD,Polar,USA,Commercial,2023-01-19,,96.11,70,574,570,2023,290,LARGE,US,COMMUNICATIONS,LEO,4,True
STARLINK-5285,55296,PAYLOAD,Polar,USA,Commercial,2023-01-19,,96.11,70,574,570,2023,290,LARGE,US,COMMUNICATIONS,LEO,4,True
STARLINK-5284,55297,PAYLOAD,Polar,USA,Commercial,2023-01-19,,96.11,70,574,570,2023,290,LARGE,US,COMMUNICATIONS,LEO,4,True
STARLINK-5270,55299,PAYLOAD,Polar,USA,Commercial,2023-01-19,,96.11,70,574,570,2023,290,LARGE,US,COMMUNICATIONS,LEO,4,True
STARLINK-5308,55300,PAYLOAD,Polar,USA,Commercial,2023-01-19,,96.11,70,574,570,2023,290,LARGE,US,COMMUNICATIONS,LEO,4,True
STARLINK-5321,55302,PAYLOAD,Polar,USA,Commercial,2023-01-19,,96.11,70,574,570,2023,290,LARGE,US,COMMUNICATIONS,LEO,4,True
STARLINK-5322,55303,PAYLOAD,Polar,USA,Commercial,2023-01-19,,96.11,70,574,570,2023,290,LARGE,US,COMMUNICATIONS,LEO,4,True
STARLINK-5318,55304,PAYLOAD,Polar,USA,Commercial,2023-01-19,,96.11,70,574,570,2023,290,LARGE,US,COMMUNICATIONS,LEO,4,True
STARLINK-5295,55306,PAYLOAD,Polar,USA,Commercial,2023-01-19,,96.11,70,574,570,2023,290,LARGE,US,COMMUNICATIONS,LEO,4,True
STARLINK-5288,55307,PAYLOAD,Polar,USA,Commercial,2023-01-19,,96.11,70,574,570,2023,290,LARGE,US,COMMUNICATIONS,LEO,4,True
STARLINK-5292,55308,PAYLOAD,Polar,USA,Commercial,2023-01-19,2025-04-16,87.38,69.98,152,137,2023,290,LARGE,US,COMMUNICATIONS,LEO,4,False
STARLINK-5315,55309,PAYLOAD,Polar,USA,Commercial,2023-01-19,,96.05,70,572,568,2023,290,LARGE,US,COMMUNICATIONS,LEO,4,True
STARLINK-5309,55310,PAYLOAD,Polar,USA,Commercial,2023-01-19,,96.11,70,574,570,2023,290,LARGE,US,COMMUNICATIONS,LEO,4,True
STARLINK-4623,55315,PAYLOAD,Polar,USA,Commercial,2023-01-19,,96.11,70,574,570,2023,290,LARGE,US,COMMUNICATIONS,LEO,4,True
STARLINK-5265,55317,PAYLOAD,Polar,USA,Commercial,2023-01-19,,96.11,70,574,571,2023,290,LARGE,US,COMMUNICATIONS,LEO,4,True
STARLINK-5180,55318,PAYLOAD,Polar,USA,Commercial,2023-01-19,,96.11,70,574,570,2023,290,LARGE,US,COMMUNICATIONS,LEO,4,True
STARLINK-5196,55319,PAYLOAD,Polar,USA,Commercial,2023-01-19,,96.11,70,574,570,2023,290,LARGE,US,COMMUNICATIONS,LEO,4,True
STARLINK-5492,55331,PAYLOAD,Non-Polar Inclined,USA,Commercial,2023-01-26,,95.84,43,560,558,2023,290,LARGE,US,COMMUNICATIONS,LEO,4,True
STARLINK-5491,55332,PAYLOAD,Non-Polar Inclined,USA,Commercial,2023-01-26,,95.84,43,560,558,2023,290,LARGE,US,COMMUNICATIONS,LEO,4,True
STARLINK-5493,55333,PAYLOAD,Non-Polar Inclined,USA,Commercial,2023-01-26,,95.84,43,560,558,2023,290,LARGE,US,COMMUNICATIONS,LEO,4,True
STARLINK-5652,55334,PAYLOAD,Non-Polar Inclined,USA,Commercial,2023-01-26,,95.84,43,560,558,2023,290,LARGE,US,COMMUNICATIONS,LEO,4,True
STARLINK-5660,55335,PAYLOAD,Non-Polar Inclined,USA,Commercial,2023-01-26,,95.84,43,560,559,2023,290,LARGE,US,COMMUNICATIONS,LEO,4,True
STARLINK-5655,55336,PAYLOAD,Non-Polar Inclined,USA,Commercial,2023-01-26,,95.84,43,560,558,2023,290,LARGE,US,COMMUNICATIONS,LEO,4,True
STARLINK-5667,55337,PAYLOAD,Non-Polar Inclined,USA,Commercial,2023-01-26,,95.84,43,560,558,2023,290,LARGE,US,COMMUNICATIONS,LEO,4,True
STARLINK-5671,55339,PAYLOAD,Non-Polar Inclined,USA,Commercial,2023-01-26,,95.84,43,560,558,2023,290,LARGE,US,COMMUNICATIONS,LEO,4,True
STARLINK-5675,55340,PAYLOAD,Non-Polar Inclined,USA,Commercial,2023-01-26,,95.84,43,559,559,2023,290,LARGE,US,COMMUNICATIONS,LEO,4,True
STARLINK-5670,55341,PAYLOAD,Non-Polar Inclined,USA,Commercial,2023-01-26,,95.84,43,560,558,2023,290,LARGE,US,COMMUNICATIONS,LEO,4,True
STARLINK-5661,55343,PAYLOAD,Non-Polar Inclined,USA,Commercial,2023-01-26,,95.84,43.01,560,558,2023,290,LARGE,US,COMMUNICATIONS,LEO,4,True
STARLINK-5653,55345,PAYLOAD,Non-Polar Inclined,USA,Commercial,2023-01-26,,95.84,43,560,558,2023,290,LARGE,US,COMMUNICATIONS,LEO,4,True
STARLINK-5631,55346,PAYLOAD,Non-Polar Inclined,USA,Commercial,2023-01-26,,95.84,43,560,558,2023,290,LARGE,US,COMMUNICATIONS,LEO,4,True
STARLINK-5609,55348,PAYLOAD,Non-Polar Inclined,USA,Commercial,2023-01-26,,95.84,43,560,558,2023,290,LARGE,US,COMMUNICATIONS,LEO,4,True
STARLINK-5666,55349,PAYLOAD,Non-Polar Inclined,USA,Commercial,2023-01-26,,95.84,43,560,558,2023,290,LARGE,US,COMMUNICATIONS,LEO,4,True
STARLINK-5668,55350,PAYLOAD,Non-Polar Inclined,USA,Commercial,2023-01-26,,95.84,43,560,558,2023,290,LARGE,US,COMMUNICATIONS,LEO,4,True
STARLINK-5659,55351,PAYLOAD,Non-Polar Inclined,USA,Commercial,2023-01-26,,95.84,43,560,558,2023,290,LARGE,US,COMMUNICATIONS,LEO,4,True
STARLINK-5547,55352,PAYLOAD,Non-Polar Inclined,USA,Commercial,2023-01-26,,95.84,43,561,558,2023,290,LARGE,US,COMMUNICATIONS,LEO,4,True
STARLINK-5649,55354,PAYLOAD,Non-Polar Inclined,USA,Commercial,2023-01-26,,95.84,43,561,557,2023,290,LARGE,US,COMMUNICATIONS,LEO,4,True
STARLINK-5647,55355,PAYLOAD,Non-Polar Inclined,USA,Commercial,2023-01-26,,95.83,43,560,558,2023,290,LARGE,US,COMMUNICATIONS,LEO,4,True
STARLINK-5651,55357,PAYLOAD,Non-Polar Inclined,USA,Commercial,2023-01-26,,95.84,43,560,558,2023,290,LARGE,US,COMMUNICATIONS,LEO,4,True
STARLINK-5622,55358,PAYLOAD,Non-Polar Inclined,USA,Commercial,2023-01-26,,95.84,43,560,558,2023,290,LARGE,US,COMMUNICATIONS,LEO,4,True
STARLINK-5665,55361,PAYLOAD,Non-Polar Inclined,USA,Commercial,2023-01-26,,95.84,43,560,558,2023,290,LARGE,US,COMMUNICATIONS,LEO,4,True
STARLINK-5574,55362,PAYLOAD,Non-Polar Inclined,USA,Commercial,2023-01-26,,95.84,43,561,558,2023,290,LARGE,US,COMMUNICATIONS,LEO,4,True
STARLINK-5648,55363,PAYLOAD,Non-Polar Inclined,USA,Commercial,2023-01-26,2025-04-03,87.63,42.99,162,151,2023,290,LARGE,US,COMMUNICATIONS,LEO,4,False
STARLINK-5627,55364,PAYLOAD,Non-Polar Inclined,USA,Commercial,2023-01-26,,95.84,43.01,560,558,2023,290,LARGE,US,COMMUNICATIONS,LEO,4,True
STARLINK-5639,55365,PAYLOAD,Non-Polar Inclined,USA,Commercial,2023-01-26,,95.84,43.01,561,558,2023,290,LARGE,US,COMMUNICATIONS,LEO,4,True
STARLINK-5027,55370,PAYLOAD,Non-Polar Inclined,USA,Commercial,2023-01-26,,95.84,43,562,556,2023,290,LARGE,US,COMMUNICATIONS,LEO,4,True
STARLINK-5590,55371,PAYLOAD,Non-Polar Inclined,USA,Commercial,2023-01-26,,95.84,43.01,562,557,2023,290,LARGE,US,COMMUNICATIONS,LEO,4,True
STARLINK-5568,55372,PAYLOAD,Non-Polar Inclined,USA,Commercial,2023-01-26,,95.84,43,560,558,2023,290,LARGE,US,COMMUNICATIONS,LEO,4,True
STARLINK-5581,55373,PAYLOAD,Non-Polar Inclined,USA,Commercial,2023-01-26,,95.84,43,560,558,2023,290,LARGE,US,COMMUNICATIONS,LEO,4,True
STARLINK-5588,55375,PAYLOAD,Non-Polar Inclined,USA,Commercial,2023-01-26,,95.84,43,560,558,2023,290,LARGE,US,COMMUNICATIONS,LEO,4,True
STARLINK-5567,55377,PAYLOAD,Non-Polar Inclined,USA,Commercial,2023-01-26,,95.84,43,560,558,2023,290,LARGE,US,COMMUNICATIONS,LEO,4,True
STARLINK-5569,55379,PAYLOAD,Non-Polar Inclined,USA,Commercial,2023-01-26,,95.84,43,560,558,2023,290,LARGE,US,COMMUNICATIONS,LEO,4,True
STARLINK-5576,55382,PAYLOAD,Non-Polar Inclined,USA,Commercial,2023-01-26,,95.84,43,560,558,2023,290,LARGE,US,COMMUNICATIONS,LEO,4,True
STARLINK-5537,55384,PAYLOAD,Non-Polar Inclined,USA,Commercial,2023-01-26,,95.84,43,560,558,2023,290,LARGE,US,COMMUNICATIONS,LEO,4,True
STARLINK-5556,55385,PAYLOAD,Non-Polar Inclined,USA,Commercial,2023-01-26,,95.84,43,560,558,2023,290,LARGE,US,COMMUNICATIONS,LEO,4,True
STARLINK-5555,55386,PAYLOAD,Non-Polar Inclined,USA,Commercial,2023-01-26,,95.84,43,560,558,2023,290,LARGE,US,COMMUNICATIONS,LEO,4,True
STARLINK-5085,55392,PAYLOAD,Polar,USA,Commercial,2023-01-31,,96.11,70,574,570,2023,290,LARGE,US,COMMUNICATIONS,LEO,4,True
STARLINK-5230,55394,PAYLOAD,Polar,USA,Commercial,2023-01-31,2024-08-14,91.12,70,332,327,2023,290,LARGE,US,COMMUNICATIONS,LEO,4,False
STARLINK-5283,55396,PAYLOAD,Polar,USA,Commercial,2023-01-31,,96.11,70,573,571,2023,290,LARGE,US,COMMUNICATIONS,LEO,4,True
STARLINK-5275,55398,PAYLOAD,Polar,USA,Commercial,2023-01-31,,96.11,70,574,570,2023,290,LARGE,US,COMMUNICATIONS,LEO,4,True
STARLINK-5276,55399,PAYLOAD,Polar,USA,Commercial,2023-01-31,,96.11,70,574,570,2023,290,LARGE,US,COMMUNICATIONS,LEO,4,True
STARLINK-5632,55400,PAYLOAD,Polar,USA,Commercial,2023-01-31,,96.11,70,574,570,2023,290,LARGE,US,COMMUNICATIONS,LEO,4,True
STARLINK-5607,55404,PAYLOAD,Polar,USA,Commercial,2023-01-31,,96.11,70,574,570,2023,290,LARGE,US,COMMUNICATIONS,LEO,4,True
STARLINK-5019,55407,PAYLOAD,Polar,USA,Commercial,2023-01-31,,96.11,70,574,570,2023,290,LARGE,US,COMMUNICATIONS,LEO,4,True
STARLINK-5047,55409,PAYLOAD,Polar,USA,Commercial,2023-01-31,2025-04-12,87.57,69.99,161,147,2023,290,LARGE,US,COMMUNICATIONS,LEO,4,False
STARLINK-5633,55410,PAYLOAD,Polar,USA,Commercial,2023-01-31,,96.11,70,574,570,2023,290,LARGE,US,COMMUNICATIONS,LEO,4,True
STARLINK-5605,55411,PAYLOAD,Polar,USA,Commercial,2023-01-31,,96.11,70,574,570,2023,290,LARGE,US,COMMUNICATIONS,LEO,4,True
STARLINK-5033,55412,PAYLOAD,Polar,USA,Commercial,2023-01-31,2025-03-22,87.33,69.98,145,139,2023,290,LARGE,US,COMMUNICATIONS,LEO,4,False
STARLINK-5618,55415,PAYLOAD,Polar,USA,Commercial,2023-01-31,2025-03-16,87.4,69.98,152,139,2023,290,LARGE,US,COMMUNICATIONS,LEO,4,False
STARLINK-5624,55416,PAYLOAD,Polar,USA,Commercial,2023-01-31,,96.11,70,574,570,2023,290,LARGE,US,COMMUNICATIONS,LEO,4,True
STARLINK-5030,55418,PAYLOAD,Polar,USA,Commercial,2023-01-31,,96.11,70,574,570,2023,290,LARGE,US,COMMUNICATIONS,LEO,4,True
STARLINK-5629,55419,PAYLOAD,Polar,USA,Commercial,2023-01-31,,96.11,70,574,570,2023,290,MEDIUM,US,COMMUNICATIONS,LEO,4,True
STARLINK-5604,55420,PAYLOAD,Polar,USA,Commercial,2023-01-31,,96.11,70,574,570,2023,290,LARGE,US,COMMUNICATIONS,LEO,4,True
STARLINK-5598,55421,PAYLOAD,Polar,USA,Commercial,2023-01-31,,96.11,70,574,570,2023,290,LARGE,US,COMMUNICATIONS,LEO,4,True
STARLINK-5638,55426,PAYLOAD,Polar,USA,Commercial,2023-01-31,,96.11,70,574,570,2023,290,LARGE,US,COMMUNICATIONS,LEO,4,True
STARLINK-5073,55427,PAYLOAD,Polar,USA,Commercial,2023-01-31,,96.11,70,574,570,2023,290,LARGE,US,COMMUNICATIONS,LEO,4,True
STARLINK-5064,55428,PAYLOAD,Polar,USA,Commercial,2023-01-31,,96.11,70,574,570,2023,290,LARGE,US,COMMUNICATIONS,LEO,4,True
STARLINK-5645,55429,PAYLOAD,Polar,USA,Commercial,2023-01-31,,96.11,70.01,574,570,2023,290,LARGE,US,COMMUNICATIONS,LEO,4,True
STARLINK-5643,55431,PAYLOAD,Polar,USA,Commercial,2023-01-31,,96.11,70,575,569,2023,290,LARGE,US,COMMUNICATIONS,LEO,4,True
STARLINK-5626,55435,PAYLOAD,Polar,USA,Commercial,2023-01-31,,96.11,70,575,569,2023,290,LARGE,US,COMMUNICATIONS,LEO,4,True
STARLINK-5640,55436,PAYLOAD,Polar,USA,Commercial,2023-01-31,,96.11,70,574,570,2023,290,LARGE,US,COMMUNICATIONS,LEO,4,True
STARLINK-5686,55450,PAYLOAD,Non-Polar Inclined,USA,Commercial,2023-02-02,,95.84,43,560,558,2023,290,LARGE,US,COMMUNICATIONS,LEO,4,True
STARLINK-5656,55451,PAYLOAD,Non-Polar Inclined,USA,Commercial,2023-02-02,,95.84,43.01,560,558,2023,290,LARGE,US,COMMUNICATIONS,LEO,4,True
STARLINK-5683,55452,PAYLOAD,Non-Polar Inclined,USA,Commercial,2023-02-02,,95.84,43,560,558,2023,290,LARGE,US,COMMUNICATIONS,LEO,4,True
STARLINK-5684,55453,PAYLOAD,Non-Polar Inclined,USA,Commercial,2023-02-02,,95.83,43,560,557,2023,290,LARGE,US,COMMUNICATIONS,LEO,4,True
STARLINK-5680,55455,PAYLOAD,Non-Polar Inclined,USA,Commercial,2023-02-02,,95.84,43,560,558,2023,290,LARGE,US,COMMUNICATIONS,LEO,4,True
STARLINK-5669,55459,PAYLOAD,Non-Polar Inclined,USA,Commercial,2023-02-02,,95.84,43,560,558,2023,290,LARGE,US,COMMUNICATIONS,LEO,4,True
STARLINK-5673,55462,PAYLOAD,Non-Polar Inclined,USA,Commercial,2023-02-02,,95.84,43,560,558,2023,290,LARGE,US,COMMUNICATIONS,LEO,4,True
STARLINK-5677,55463,PAYLOAD,Non-Polar Inclined,USA,Commercial,2023-02-02,,95.84,43,560,558,2023,290,LARGE,US,COMMUNICATIONS,LEO,4,True
STARLINK-5676,55464,PAYLOAD,Non-Polar Inclined,USA,Commercial,2023-02-02,,95.84,43,561,557,2023,290,LARGE,US,COMMUNICATIONS,LEO,4,True
STARLINK-5674,55465,PAYLOAD,Non-Polar Inclined,USA,Commercial,2023-02-02,,95.84,43,560,558,2023,290,LARGE,US,COMMUNICATIONS,LEO,4,True
STARLINK-5628,55466,PAYLOAD,Non-Polar Inclined,USA,Commercial,2023-02-02,,95.84,43.01,560,558,2023,290,LARGE,US,COMMUNICATIONS,LEO,4,True
STARLINK-5708,55470,PAYLOAD,Non-Polar Inclined,USA,Commercial,2023-02-02,,95.84,43,560,558,2023,290,LARGE,US,COMMUNICATIONS,LEO,4,True
STARLINK-5705,55472,PAYLOAD,Non-Polar Inclined,USA,Commercial,2023-02-02,,95.84,43,560,558,2023,290,LARGE,US,COMMUNICATIONS,LEO,4,True
STARLINK-5687,55473,PAYLOAD,Non-Polar Inclined,USA,Commercial,2023-02-02,,93.45,43,466,420,2023,290,LARGE,US,COMMUNICATIONS,LEO,4,True
STARLINK-5689,55474,PAYLOAD,Non-Polar Inclined,USA,Commercial,2023-02-02,,95.84,43.01,560,558,2023,290,LARGE,US,COMMUNICATIONS,LEO,4,True
STARLINK-5691,55478,PAYLOAD,Non-Polar Inclined,USA,Commercial,2023-02-02,,95.84,43,560,558,2023,290,LARGE,US,COMMUNICATIONS,LEO,4,True
STARLINK-5690,55480,PAYLOAD,Non-Polar Inclined,USA,Commercial,2023-02-02,,95.84,43,560,558,2023,290,LARGE,US,COMMUNICATIONS,LEO,4,True
STARLINK-5694,55481,PAYLOAD,Non-Polar Inclined,USA,Commercial,2023-02-02,,95.84,43,560,558,2023,290,LARGE,US,COMMUNICATIONS,LEO,4,True
STARLINK-5693,55482,PAYLOAD,Non-Polar Inclined,USA,Commercial,2023-02-02,2025-01-29,87.2,42.99,141,130,2023,290,LARGE,US,COMMUNICATIONS,LEO,4,False
STARLINK-5692,55483,PAYLOAD,Non-Polar Inclined,USA,Commercial,2023-02-02,,95.84,43,560,558,2023,290,LARGE,US,COMMUNICATIONS,LEO,4,True
STARLINK-5696,55484,PAYLOAD,Non-Polar Inclined,USA,Commercial,2023-02-02,,95.84,43,560,558,2023,290,LARGE,US,COMMUNICATIONS,LEO,4,True
STARLINK-5701,55487,PAYLOAD,Non-Polar Inclined,USA,Commercial,2023-02-02,,95.84,43,560,558,2023,290,LARGE,US,COMMUNICATIONS,LEO,4,True
STARLINK-5373,55490,PAYLOAD,Non-Polar Inclined,USA,Commercial,2023-02-02,,95.84,43,560,558,2023,290,LARGE,US,COMMUNICATIONS,LEO,4,True
STARLINK-5362,55493,PAYLOAD,Non-Polar Inclined,USA,Commercial,2023-02-02,,95.84,43.01,560,558,2023,290,LARGE,US,COMMUNICATIONS,LEO,4,True
STARLINK-5344,55494,PAYLOAD,Non-Polar Inclined,USA,Commercial,2023-02-02,,95.84,43,560,558,2023,290,LARGE,US,COMMUNICATIONS,LEO,4,True
STARLINK-5139,55496,PAYLOAD,Non-Polar Inclined,USA,Commercial,2023-02-02,2023-07-17,88.3,42.98,198,182,2023,290,MEDIUM,US,COMMUNICATIONS,LEO,4,False
STARLINK-5363,55497,PAYLOAD,Non-Polar Inclined,USA,Commercial,2023-02-02,,95.84,43,560,558,2023,290,LARGE,US,COMMUNICATIONS,LEO,4,True
STARLINK-5141,55500,PAYLOAD,Non-Polar Inclined,USA,Commercial,2023-02-02,,95.84,43,560,558,2023,290,LARGE,US,COMMUNICATIONS,LEO,4,True
ELEKTRO-L 4,55506,PAYLOAD,,Russia,Government,2023-02-05,,1436.11,0.1,35788,35785,2023,8429,LARGE,CIS,EARTH OBSERVATION,GEO,10,True
STARLINK-5749,55569,PAYLOAD,Non-Polar Inclined,USA,Commercial,2023-02-12,,95.84,43,560,558,2023,290,LARGE,US,COMMUNICATIONS,LEO,4,True
STARLINK-5737,55570,PAYLOAD,Non-Polar Inclined,USA,Commercial,2023-02-12,,95.84,43,560,558,2023,290,LARGE,US,COMMUNICATIONS,LEO,4,True
STARLINK-5732,55572,PAYLOAD,Non-Polar Inclined,USA,Commercial,2023-02-12,,95.84,43,560,558,2023,290,LARGE,US,COMMUNICATIONS,LEO,4,True
STARLINK-5738,55573,PAYLOAD,Non-Polar Inclined,USA,Commercial,2023-02-12,,95.84,43.01,560,558,2023,290,LARGE,US,COMMUNICATIONS,LEO,4,True
STARLINK-5747,55574,PAYLOAD,Non-Polar Inclined,USA,Commercial,2023-02-12,,95.84,43.01,560,558,2023,290,LARGE,US,COMMUNICATIONS,LEO,4,True
STARLINK-5752,55577,PAYLOAD,Non-Polar Inclined,USA,Commercial,2023-02-12,,95.84,43.01,560,558,2023,290,LARGE,US,COMMUNICATIONS,LEO,4,True
STARLINK-5754,55579,PAYLOAD,Non-Polar Inclined,USA,Commercial,2023-02-12,,95.84,43,560,558,2023,290,LARGE,US,COMMUNICATIONS,LEO,4,True
STARLINK-5741,55582,PAYLOAD,Non-Polar Inclined,USA,Commercial,2023-02-12,,95.84,43,560,558,2023,290,LARGE,US,COMMUNICATIONS,LEO,4,True
STARLINK-5742,55583,PAYLOAD,Non-Polar Inclined,USA,Commercial,2023-02-12,,95.84,43,561,558,2023,290,LARGE,US,COMMUNICATIONS,LEO,4,True
STARLINK-5769,55585,PAYLOAD,Non-Polar Inclined,USA,Commercial,2023-02-12,,95.84,43,560,558,2023,290,LARGE,US,COMMUNICATIONS,LEO,4,True
STARLINK-5762,55590,PAYLOAD,Non-Polar Inclined,USA,Commercial,2023-02-12,,95.84,43,560,558,2023,290,LARGE,US,COMMUNICATIONS,LEO,4,True
STARLINK-5703,55593,PAYLOAD,Non-Polar Inclined,USA,Commercial,2023-02-12,,95.84,43,560,558,2023,290,LARGE,US,COMMUNICATIONS,LEO,4,True
STARLINK-5729,55596,PAYLOAD,Non-Polar Inclined,USA,Commercial,2023-02-12,,95.84,43,560,558,2023,290,LARGE,US,COMMUNICATIONS,LEO,4,True
STARLINK-5756,55598,PAYLOAD,Non-Polar Inclined,USA,Commercial,2023-02-12,,95.84,43.01,560,558,2023,290,LARGE,US,COMMUNICATIONS,LEO,4,True
STARLINK-5755,55600,PAYLOAD,Non-Polar Inclined,USA,Commercial,2023-02-12,,95.84,43,560,558,2023,290,LARGE,US,COMMUNICATIONS,LEO,4,True
STARLINK-5744,55601,PAYLOAD,Non-Polar Inclined,USA,Commercial,2023-02-12,,95.84,43.01,560,558,2023,290,LARGE,US,COMMUNICATIONS,LEO,4,True
STARLINK-5735,55603,PAYLOAD,Non-Polar Inclined,USA,Commercial,2023-02-12,,95.84,43,560,558,2023,290,LARGE,US,COMMUNICATIONS,LEO,4,True
STARLINK-5725,55605,PAYLOAD,Non-Polar Inclined,USA,Commercial,2023-02-12,,95.84,43,560,558,2023,290,LARGE,US,COMMUNICATIONS,LEO,4,True
STARLINK-5700,55607,PAYLOAD,Non-Polar Inclined,USA,Commercial,2023-02-12,,95.84,43,560,558,2023,290,LARGE,US,COMMUNICATIONS,LEO,4,True
STARLINK-5726,55608,PAYLOAD,Non-Polar Inclined,USA,Commercial,2023-02-12,,95.84,43,560,558,2023,290,LARGE,US,COMMUNICATIONS,LEO,4,True
STARLINK-5719,55609,PAYLOAD,Non-Polar Inclined,USA,Commercial,2023-02-12,,95.84,43,560,558,2023,290,LARGE,US,COMMUNICATIONS,LEO,4,True
STARLINK-5730,55611,PAYLOAD,Non-Polar Inclined,USA,Commercial,2023-02-12,,95.84,43,559,559,2023,290,LARGE,US,COMMUNICATIONS,LEO,4,True
STARLINK-5734,55612,PAYLOAD,Non-Polar Inclined,USA,Commercial,2023-02-12,,95.84,43,560,558,2023,290,LARGE,US,COMMUNICATIONS,LEO,4,True
STARLINK-5712,55615,PAYLOAD,Non-Polar Inclined,USA,Commercial,2023-02-12,,95.84,43,560,558,2023,290,LARGE,US,COMMUNICATIONS,LEO,4,True
STARLINK-5721,55617,PAYLOAD,Non-Polar Inclined,USA,Commercial,2023-02-12,,95.84,43,559,559,2023,290,LARGE,US,COMMUNICATIONS,LEO,4,True
STARLINK-5720,55619,PAYLOAD,Non-Polar Inclined,USA,Commercial,2023-02-12,,95.84,43,560,558,2023,290,LARGE,US,COMMUNICATIONS,LEO,4,True
STARLINK-5718,55620,PAYLOAD,Non-Polar Inclined,USA,Commercial,2023-02-12,,95.84,43,560,558,2023,290,LARGE,US,COMMUNICATIONS,LEO,4,True
STARLINK-5702,55622,PAYLOAD,Non-Polar Inclined,USA,Commercial,2023-02-12,,95.84,43,561,557,2023,290,LARGE,US,COMMUNICATIONS,LEO,4,True
STARLINK-5698,55623,PAYLOAD,Non-Polar Inclined,USA,Commercial,2023-02-12,,95.84,43,560,558,2023,290,LARGE,US,COMMUNICATIONS,LEO,4,True
STARLINK-5558,55631,PAYLOAD,Polar,USA,Commercial,2023-02-17,,96.11,70,574,570,2023,290,LARGE,US,COMMUNICATIONS,LEO,4,True
STARLINK-5498,55633,PAYLOAD,Polar,USA,Commercial,2023-02-17,,96.11,70,574,570,2023,290,LARGE,US,COMMUNICATIONS,LEO,4,True
STARLINK-5495,55635,PAYLOAD,Polar,USA,Commercial,2023-02-17,,96.11,70,575,569,2023,290,LARGE,US,COMMUNICATIONS,LEO,4,True
STARLINK-5218,55636,PAYLOAD,Polar,USA,Commercial,2023-02-17,,96.11,70,574,571,2023,290,LARGE,US,COMMUNICATIONS,LEO,4,True
STARLINK-5062,55637,PAYLOAD,Polar,USA,Commercial,2023-02-17,,96.11,70,574,570,2023,290,LARGE,US,COMMUNICATIONS,LEO,4,True
STARLINK-5507,55638,PAYLOAD,Polar,USA,Commercial,2023-02-17,,96.11,70,574,570,2023,290,LARGE,US,COMMUNICATIONS,LEO,4,True
STARLINK-5069,55640,PAYLOAD,Polar,USA,Commercial,2023-02-17,,96.11,70,574,570,2023,290,LARGE,US,COMMUNICATIONS,LEO,4,True
STARLINK-5065,55641,PAYLOAD,Polar,USA,Commercial,2023-02-17,,96.11,70,574,570,2023,290,LARGE,US,COMMUNICATIONS,LEO,4,True
STARLINK-5102,55645,PAYLOAD,Polar,USA,Commercial,2023-02-17,2024-08-21,92.26,70,387,383,2023,290,LARGE,US,COMMUNICATIONS,LEO,4,False
STARLINK-5104,55646,PAYLOAD,Polar,USA,Commercial,2023-02-17,2025-04-20,87.49,69.98,156,143,2023,290,LARGE,US,COMMUNICATIONS,LEO,4,False
STARLINK-5469,55649,PAYLOAD,Polar,USA,Commercial,2023-02-17,,96.11,70,574,570,2023,290,LARGE,US,COMMUNICATIONS,LEO,4,True
STARLINK-5494,55650,PAYLOAD,Polar,USA,Commercial,2023-02-17,,96.11,70,574,570,2023,290,LARGE,US,COMMUNICATIONS,LEO,4,True
STARLINK-5506,55651,PAYLOAD,Polar,USA,Commercial,2023-02-17,,96.11,70,574,570,2023,290,LARGE,US,COMMUNICATIONS,LEO,4,True
STARLINK-5487,55652,PAYLOAD,Polar,USA,Commercial,2023-02-17,,96.11,70,574,570,2023,290,LARGE,US,COMMUNICATIONS,LEO,4,True
STARLINK-5067,55653,PAYLOAD,Polar,USA,Commercial,2023-02-17,,96.11,70,574,570,2023,290,LARGE,US,COMMUNICATIONS,LEO,4,True
STARLINK-5070,55654,PAYLOAD,Polar,USA,Commercial,2023-02-17,,96.11,70,574,571,2023,290,LARGE,US,COMMUNICATIONS,LEO,4,True
STARLINK-5267,55655,PAYLOAD,Polar,USA,Commercial,2023-02-17,,96.08,70.01,574,567,2023,290,LARGE,US,COMMUNICATIONS,LEO,4,True
STARLINK-5326,55656,PAYLOAD,Polar,USA,Commercial,2023-02-17,,96.11,70,574,570,2023,290,LARGE,US,COMMUNICATIONS,LEO,4,True
STARLINK-5477,55659,PAYLOAD,Polar,USA,Commercial,2023-02-17,,96.11,70,574,570,2023,290,LARGE,US,COMMUNICATIONS,LEO,4,True
STARLINK-5475,55661,PAYLOAD,Polar,USA,Commercial,2023-02-17,,96.11,70,574,570,2023,290,LARGE,US,COMMUNICATIONS,LEO,4,True
STARLINK-5479,55662,PAYLOAD,Polar,USA,Commercial,2023-02-17,,96.06,70,572,568,2023,290,LARGE,US,COMMUNICATIONS,LEO,4,True
STARLINK-5473,55663,PAYLOAD,Polar,USA,Commercial,2023-02-17,,96.11,70,574,570,2023,290,LARGE,US,COMMUNICATIONS,LEO,4,True
STARLINK-5480,55664,PAYLOAD,Polar,USA,Commercial,2023-02-17,,96.13,70,575,572,2023,290,LARGE,US,COMMUNICATIONS,LEO,4,True
STARLINK-5455,55668,PAYLOAD,Polar,USA,Commercial,2023-02-17,,96.11,70,574,570,2023,290,LARGE,US,COMMUNICATIONS,LEO,4,True
STARLINK-5460,55671,PAYLOAD,Polar,USA,Commercial,2023-02-17,,96.11,70,574,570,2023,290,LARGE,US,COMMUNICATIONS,LEO,4,True
STARLINK-5463,55673,PAYLOAD,Polar,USA,Commercial,2023-02-17,,96.11,70,574,570,2023,290,LARGE,US,COMMUNICATIONS,LEO,4,True
STARLINK-5232,55675,PAYLOAD,Polar,USA,Commercial,2023-02-17,,96.11,70,574,571,2023,290,LARGE,US,COMMUNICATIONS,LEO,4,True
STARLINK-5300,55676,PAYLOAD,Polar,USA,Commercial,2023-02-17,,96.11,70,574,570,2023,290,LARGE,US,COMMUNICATIONS,LEO,4,True
STARLINK-5324,55677,PAYLOAD,Polar,USA,Commercial,2023-02-17,,96.11,70,574,570,2023,290,LARGE,US,COMMUNICATIONS,LEO,4,True
STARLINK-5314,55678,PAYLOAD,Polar,USA,Commercial,2023-02-17,2025-03-28,88.05,69.99,189,167,2023,290,LARGE,US,COMMUNICATIONS,LEO,4,False
INMARSAT 6-F2,55683,PAYLOAD,,United Kingdom,Commercial,2023-02-18,,1426.33,4.48,48406,22784,2023,5465,LARGE,IM,COMMUNICATIONS,GEO,15,True
CHINASAT-26,55686,PAYLOAD,,China,Commercial,2023-02-23,,1436.1,0.08,35805,35768,2023,5250,LARGE,PRC,COMMUNICATIONS,GEO,15,True
STARLINK-5594,55742,PAYLOAD,Polar,USA,Commercial,2023-03-03,,96.11,70,574,570,2023,290,LARGE,US,COMMUNICATIONS,LEO,4,True
STARLINK-5602,55743,PAYLOAD,Polar,USA,Commercial,2023-03-03,,96.11,70,574,570,2023,290,LARGE,US,COMMUNICATIONS,LEO,4,True
STARLINK-5601,55744,PAYLOAD,Polar,USA,Commercial,2023-03-03,,96.11,70,574,570,2023,290,LARGE,US,COMMUNICATIONS,LEO,4,True
STARLINK-5565,55745,PAYLOAD,Polar,USA,Commercial,2023-03-03,2025-02-28,87.51,69.97,155,147,2023,290,LARGE,US,COMMUNICATIONS,LEO,4,False
STARLINK-5560,55749,PAYLOAD,Polar,USA,Commercial,2023-03-03,,96.11,70,574,570,2023,290,LARGE,US,COMMUNICATIONS,LEO,4,True
STARLINK-5573,55750,PAYLOAD,Polar,USA,Commercial,2023-03-03,,96.11,70,574,570,2023,290,LARGE,US,COMMUNICATIONS,LEO,4,True
STARLINK-5577,55751,PAYLOAD,Polar,USA,Commercial,2023-03-03,,96.11,70,574,570,2023,290,LARGE,US,COMMUNICATIONS,LEO,4,True
STARLINK-5613,55752,PAYLOAD,Polar,USA,Commercial,2023-03-03,,96.11,70,574,570,2023,290,LARGE,US,COMMUNICATIONS,LEO,4,True
STARLINK-5617,55753,PAYLOAD,Polar,USA,Commercial,2023-03-03,,96.11,70,574,570,2023,290,LARGE,US,COMMUNICATIONS,LEO,4,True
STARLINK-5619,55755,PAYLOAD,Polar,USA,Commercial,2023-03-03,,96.11,70,574,570,2023,290,LARGE,US,COMMUNICATIONS,LEO,4,True
STARLINK-5614,55756,PAYLOAD,Polar,USA,Commercial,2023-03-03,,96.11,70,574,570,2023,290,LARGE,US,COMMUNICATIONS,LEO,4,True
STARLINK-5544,55757,PAYLOAD,Polar,USA,Commercial,2023-03-03,,96.11,70,574,570,2023,290,LARGE,US,COMMUNICATIONS,LEO,4,True
STARLINK-5081,55759,PAYLOAD,Polar,USA,Commercial,2023-03-03,2025-03-15,88.34,69.99,198,187,2023,290,LARGE,US,COMMUNICATIONS,LEO,4,False
STARLINK-5532,55760,PAYLOAD,Polar,USA,Commercial,2023-03-03,,96.11,70,574,570,2023,290,LARGE,US,COMMUNICATIONS,LEO,4,True
STARLINK-5611,55761,PAYLOAD,Polar,USA,Commercial,2023-03-03,,96.11,70,575,569,2023,290,LARGE,US,COMMUNICATIONS,LEO,4,True
STARLINK-5593,55763,PAYLOAD,Polar,USA,Commercial,2023-03-03,,96.11,70,574,570,2023,290,LARGE,US,COMMUNICATIONS,LEO,4,True
STARLINK-5583,55768,PAYLOAD,Polar,USA,Commercial,2023-03-03,,92.8,70,414,409,2023,290,LARGE,US,COMMUNICATIONS,LEO,4,True
STARLINK-5584,55769,PAYLOAD,Polar,USA,Commercial,2023-03-03,,96.11,70,574,570,2023,290,LARGE,US,COMMUNICATIONS,LEO,4,True
STARLINK-5591,55771,PAYLOAD,Polar,USA,Commercial,2023-03-03,,96.11,70,574,570,2023,290,LARGE,US,COMMUNICATIONS,LEO,4,True
STARLINK-5835,55772,PAYLOAD,Polar,USA,Commercial,2023-03-03,,96.11,70,574,570,2023,290,LARGE,US,COMMUNICATIONS,LEO,4,True
STARLINK-5812,55774,PAYLOAD,Polar,USA,Commercial,2023-03-03,,96.11,70,574,570,2023,290,LARGE,US,COMMUNICATIONS,LEO,4,True
STARLINK-5817,55779,PAYLOAD,Polar,USA,Commercial,2023-03-03,,96.11,70,574,570,2023,290,LARGE,US,COMMUNICATIONS,LEO,4,True
STARLINK-5820,55781,PAYLOAD,Polar,USA,Commercial,2023-03-03,,96.11,70,574,570,2023,290,LARGE,US,COMMUNICATIONS,LEO,4,True
STARLINK-5825,55783,PAYLOAD,Polar,USA,Commercial,2023-03-03,,96.11,70,574,570,2023,290,LARGE,US,COMMUNICATIONS,LEO,4,True
STARLINK-5797,55784,PAYLOAD,Polar,USA,Commercial,2023-03-03,,96.11,70,574,570,2023,290,LARGE,US,COMMUNICATIONS,LEO,4,True
STARLINK-5818,55785,PAYLOAD,Polar,USA,Commercial,2023-03-03,,96.11,70,574,570,2023,290,LARGE,US,COMMUNICATIONS,LEO,4,True
STARLINK-5823,55786,PAYLOAD,Polar,USA,Commercial,2023-03-03,,96.11,70,574,570,2023,290,LARGE,US,COMMUNICATIONS,LEO,4,True
STARLINK-5811,55787,PAYLOAD,Polar,USA,Commercial,2023-03-03,,96.11,70,574,570,2023,290,LARGE,US,COMMUNICATIONS,LEO,4,True
STARLINK-5815,55789,PAYLOAD,Polar,USA,Commercial,2023-03-03,,96.11,70,574,570,2023,290,LARGE,US,COMMUNICATIONS,LEO,4,True
STARLINK-5807,55791,PAYLOAD,Polar,USA,Commercial,2023-03-03,,96.11,70,574,570,2023,290,LARGE,US,COMMUNICATIONS,LEO,4,True
ONEWEB-0564,55801,PAYLOAD,Polar,United Kingdom,Commercial,2023-03-09,,109.03,87.93,1184,1180,2023,148,LARGE,UK,COMMUNICATIONS,LEO,5,True
ONEWEB-0638,55802,PAYLOAD,Polar,United Kingdom,Commercial,2023-03-09,,109.55,87.91,1208,1204,2023,148,LARGE,UK,COMMUNICATIONS,LEO,5,True
ONEWEB-0639,55803,PAYLOAD,Polar,United Kingdom,Commercial,2023-03-09,,109.11,87.93,1187,1185,2023,148,LARGE,UK,COMMUNICATIONS,LEO,5,True
ONEWEB-0643,55807,PAYLOAD,Polar,United Kingdom,Commercial,2023-03-09,,109.55,87.91,1207,1205,2023,148,LARGE,UK,COMMUNICATIONS,LEO,5,True
ONEWEB-0644,55808,PAYLOAD,Polar,United Kingdom,Commercial,2023-03-09,,109.11,87.93,1187,1185,2023,148,LARGE,UK,COMMUNICATIONS,LEO,5,True
ONEWEB-0645,55809,PAYLOAD,Polar,United Kingdom,Commercial,2023-03-09,,109.11,87.93,1187,1184,2023,148,LARGE,UK,COMMUNICATIONS,LEO,5,True
ONEWEB-0649,55812,PAYLOAD,Polar,United Kingdom,Commercial,2023-03-09,,109.11,87.93,1187,1185,2023,148,LARGE,UK,COMMUNICATIONS,LEO,5,True
ONEWEB-0650,55813,PAYLOAD,Polar,United Kingdom,Commercial,2023-03-09,,109.11,87.93,1187,1184,2023,148,LARGE,UK,COMMUNICATIONS,LEO,5,True
ONEWEB-0653,55815,PAYLOAD,Polar,United Kingdom,Commercial,2023-03-09,,109.55,87.91,1207,1204,2023,148,LARGE,UK,COMMUNICATIONS,LEO,5,True
ONEWEB-0657,55818,PAYLOAD,Polar,United Kingdom,Commercial,2023-03-09,,109.11,87.93,1187,1184,2023,148,LARGE,UK,COMMUNICATIONS,LEO,5,True
ONEWEB-0658,55819,PAYLOAD,Polar,United Kingdom,Commercial,2023-03-09,,109.11,87.93,1187,1185,2023,148,LARGE,UK,COMMUNICATIONS,LEO,5,True
ONEWEB-0660,55820,PAYLOAD,Polar,United Kingdom,Commercial,2023-03-09,,109.55,87.91,1207,1204,2023,148,LARGE,UK,COMMUNICATIONS,LEO,5,True
ONEWEB-0661,55821,PAYLOAD,Polar,United Kingdom,Commercial,2023-03-09,,109.55,87.91,1207,1204,2023,148,LARGE,UK,COMMUNICATIONS,LEO,5,True
ONEWEB-0662,55822,PAYLOAD,Polar,United Kingdom,Commercial,2023-03-09,,109.55,87.91,1207,1204,2023,148,LARGE,UK,COMMUNICATIONS,LEO,5,True
ONEWEB-0664,55824,PAYLOAD,Polar,United Kingdom,Commercial,2023-03-09,,109.03,87.93,1183,1180,2023,148,LARGE,UK,COMMUNICATIONS,LEO,5,True
ONEWEB-0665,55825,PAYLOAD,Polar,United Kingdom,Commercial,2023-03-09,,109.55,87.91,1207,1204,2023,148,LARGE,UK,COMMUNICATIONS,LEO,5,True
ONEWEB-0669,55828,PAYLOAD,Polar,United Kingdom,Commercial,2023-03-09,,109.03,87.93,1184,1180,2023,148,LARGE,UK,COMMUNICATIONS,LEO,5,True
ONEWEB-0670,55829,PAYLOAD,Polar,United Kingdom,Commercial,2023-03-09,,109.55,87.91,1207,1204,2023,148,LARGE,UK,COMMUNICATIONS,LEO,5,True
STARLINK-5856,55914,PAYLOAD,Polar,USA,Commercial,2023-03-17,,96.11,70,573,571,2023,290,LARGE,US,COMMUNICATIONS,LEO,4,True
STARLINK-5859,55915,PAYLOAD,Polar,USA,Commercial,2023-03-17,,96.11,70,574,570,2023,290,LARGE,US,COMMUNICATIONS,LEO,4,True
STARLINK-5796,55916,PAYLOAD,Polar,USA,Commercial,2023-03-17,,96.11,70,573,571,2023,290,LARGE,US,COMMUNICATIONS,LEO,4,True
STARLINK-5855,55917,PAYLOAD,Polar,USA,Commercial,2023-03-17,,93.32,69.99,446,428,2023,290,LARGE,US,COMMUNICATIONS,LEO,4,True
STARLINK-5867,55918,PAYLOAD,Polar,USA,Commercial,2023-03-17,,96.11,70,574,570,2023,290,LARGE,US,COMMUNICATIONS,LEO,4,True
STARLINK-5871,55919,PAYLOAD,Polar,USA,Commercial,2023-03-17,,96.11,70,574,570,2023,290,LARGE,US,COMMUNICATIONS,LEO,4,True
STARLINK-5862,55920,PAYLOAD,Polar,USA,Commercial,2023-03-17,,96.11,70,574,570,2023,290,LARGE,US,COMMUNICATIONS,LEO,4,True
STARLINK-5861,55921,PAYLOAD,Polar,USA,Commercial,2023-03-17,,96.11,70,574,570,2023,290,LARGE,US,COMMUNICATIONS,LEO,4,True
STARLINK-5863,55922,PAYLOAD,Polar,USA,Commercial,2023-03-17,,96.11,70,574,570,2023,290,LARGE,US,COMMUNICATIONS,LEO,4,True
STARLINK-5854,55923,PAYLOAD,Polar,USA,Commercial,2023-03-17,,96.11,70,574,570,2023,290,LARGE,US,COMMUNICATIONS,LEO,4,True
STARLINK-5922,55925,PAYLOAD,Polar,USA,Commercial,2023-03-17,,96.11,70,572,572,2023,290,LARGE,US,COMMUNICATIONS,LEO,4,True
STARLINK-5896,55930,PAYLOAD,Polar,USA,Commercial,2023-03-17,,96.11,70,574,570,2023,290,LARGE,US,COMMUNICATIONS,LEO,4,True
STARLINK-5897,55931,PAYLOAD,Polar,USA,Commercial,2023-03-17,,96.11,70,573,571,2023,290,LARGE,US,COMMUNICATIONS,LEO,4,True
STARLINK-5848,55932,PAYLOAD,Polar,USA,Commercial,2023-03-17,,96.11,70,574,570,2023,290,LARGE,US,COMMUNICATIONS,LEO,4,True
STARLINK-5927,55934,PAYLOAD,Polar,USA,Commercial,2023-03-17,,96.1,70,574,570,2023,290,LARGE,US,COMMUNICATIONS,LEO,4,True
STARLINK-5882,55936,PAYLOAD,Polar,USA,Commercial,2023-03-17,,96.11,70,574,570,2023,290,LARGE,US,COMMUNICATIONS,LEO,4,True
STARLINK-5913,55937,PAYLOAD,Polar,USA,Commercial,2023-03-17,,96.11,70,574,571,2023,290,LARGE,US,COMMUNICATIONS,LEO,4,True
STARLINK-5909,55938,PAYLOAD,Polar,USA,Commercial,2023-03-17,,96.11,70,574,570,2023,290,LARGE,US,COMMUNICATIONS,LEO,4,True
STARLINK-5914,55941,PAYLOAD,Polar,USA,Commercial,2023-03-17,,96.11,70,574,570,2023,290,LARGE,US,COMMUNICATIONS,LEO,4,True
STARLINK-5917,55942,PAYLOAD,Polar,USA,Commercial,2023-03-17,,96.11,70,574,570,2023,290,LARGE,US,COMMUNICATIONS,LEO,4,True
STARLINK-5925,55945,PAYLOAD,Polar,USA,Commercial,2023-03-17,,96.11,70,574,571,2023,290,LARGE,US,COMMUNICATIONS,LEO,4,True
STARLINK-5900,55948,PAYLOAD,Polar,USA,Commercial,2023-03-17,,96.11,70,574,570,2023,290,LARGE,US,COMMUNICATIONS,LEO,4,True
STARLINK-5899,55949,PAYLOAD,Polar,USA,Commercial,2023-03-17,,96.11,70,573,571,2023,290,LARGE,US,COMMUNICATIONS,LEO,4,True
STARLINK-5911,55950,PAYLOAD,Polar,USA,Commercial,2023-03-17,,96.11,70,574,570,2023,290,LARGE,US,COMMUNICATIONS,LEO,4,True
STARLINK-5908,55951,PAYLOAD,Polar,USA,Commercial,2023-03-17,,96.11,70,574,570,2023,290,LARGE,US,COMMUNICATIONS,LEO,4,True
STARLINK-5893,55952,PAYLOAD,Polar,USA,Commercial,2023-03-17,,96.11,70,574,570,2023,290,LARGE,US,COMMUNICATIONS,LEO,4,True
STARLINK-5892,55954,PAYLOAD,Polar,USA,Commercial,2023-03-17,,96.11,70,574,570,2023,290,LARGE,US,COMMUNICATIONS,LEO,4,True
STARLINK-5878,55955,PAYLOAD,Polar,USA,Commercial,2023-03-17,,96.11,70,574,570,2023,290,LARGE,US,COMMUNICATIONS,LEO,4,True
STARLINK-5883,55956,PAYLOAD,Polar,USA,Commercial,2023-03-17,,96.11,70,574,570,2023,290,LARGE,US,COMMUNICATIONS,LEO,4,True
STARLINK-5928,55958,PAYLOAD,Polar,USA,Commercial,2023-03-17,,96.11,70,574,570,2023,290,LARGE,US,COMMUNICATIONS,LEO,4,True
STARLINK-5929,55959,PAYLOAD,Polar,USA,Commercial,2023-03-17,,96.11,70,574,570,2023,290,LARGE,US,COMMUNICATIONS,LEO,4,True
STARLINK-5906,55962,PAYLOAD,Polar,USA,Commercial,2023-03-17,,96.11,70,574,571,2023,290,LARGE,US,COMMUNICATIONS,LEO,4,True
STARLINK-5895,55964,PAYLOAD,Polar,USA,Commercial,2023-03-17,,96.11,69.99,575,569,2023,290,LARGE,US,COMMUNICATIONS,LEO,4,True
STARLINK-5894,55965,PAYLOAD,Polar,USA,Commercial,2023-03-17,,96.1,70,574,570,2023,290,LARGE,US,COMMUNICATIONS,LEO,4,True
SES 19,55971,PAYLOAD,,Luxembourg,Commercial,2023-03-17,,1436.12,0.02,35795,35779,2023,3650,LARGE,SES,COMMUNICATIONS,GEO,18,True
TIANMU-1 05,55975,PAYLOAD,Sun-Synchronous,China,Commercial,2023-03-22,,93.87,97.49,467,461,2023,50,MEDIUM,PRC,METEOROLOGICAL,LEO,2,True
TIANMU-1 06,55976,PAYLOAD,Sun-Synchronous,China,Commercial,2023-03-22,,93.85,97.49,466,460,2023,50,MEDIUM,PRC,METEOROLOGICAL,LEO,2,True
COSMOS 2567,55978,PAYLOAD,Sun-Synchronous,Russia,Military,2023-03-23,,94.49,97.58,495,492,2023,3700,LARGE,CIS,EARTH OBSERVATION,LEO,5,True
STARLINK-5915,55987,PAYLOAD,Non-Polar Inclined,USA,Commercial,2023-03-24,,95.84,43.01,561,558,2023,290,LARGE,US,COMMUNICATIONS,LEO,4,True
STARLINK-5916,55988,PAYLOAD,Non-Polar Inclined,USA,Commercial,2023-03-24,,95.84,43,560,558,2023,290,LARGE,US,COMMUNICATIONS,LEO,4,True
STARLINK-5946,55990,PAYLOAD,Non-Polar Inclined,USA,Commercial,2023-03-24,,95.84,43.01,560,558,2023,290,LARGE,US,COMMUNICATIONS,LEO,4,True
STARLINK-5962,55992,PAYLOAD,Non-Polar Inclined,USA,Commercial,2023-03-24,2024-12-24,87.59,42.98,159,151,2023,290,LARGE,US,COMMUNICATIONS,LEO,4,False
STARLINK-5969,55993,PAYLOAD,Non-Polar Inclined,USA,Commercial,2023-03-24,,95.84,43.01,560,558,2023,290,LARGE,US,COMMUNICATIONS,LEO,4,True
STARLINK-5957,55995,PAYLOAD,Non-Polar Inclined,USA,Commercial,2023-03-24,,95.84,43,560,558,2023,290,LARGE,US,COMMUNICATIONS,LEO,4,True
STARLINK-5904,55997,PAYLOAD,Non-Polar Inclined,USA,Commercial,2023-03-24,2024-06-23,87.96,42.99,176,170,2023,290,LARGE,US,COMMUNICATIONS,LEO,4,False
STARLINK-5902,55998,PAYLOAD,Non-Polar Inclined,USA,Commercial,2023-03-24,,95.84,43.01,560,558,2023,290,LARGE,US,COMMUNICATIONS,LEO,4,True
STARLINK-5901,55999,PAYLOAD,Non-Polar Inclined,USA,Commercial,2023-03-24,,95.84,43,560,558,2023,290,LARGE,US,COMMUNICATIONS,LEO,4,True
STARLINK-5910,56000,PAYLOAD,Non-Polar Inclined,USA,Commercial,2023-03-24,,95.84,43,560,558,2023,290,LARGE,US,COMMUNICATIONS,LEO,4,True
STARLINK-5944,56001,PAYLOAD,Non-Polar Inclined,USA,Commercial,2023-03-24,,95.84,43.01,560,558,2023,290,LARGE,US,COMMUNICATIONS,LEO,4,True
STARLINK-5799,56002,PAYLOAD,Non-Polar Inclined,USA,Commercial,2023-03-24,,95.84,43.01,560,558,2023,290,LARGE,US,COMMUNICATIONS,LEO,4,True
STARLINK-5801,56005,PAYLOAD,Non-Polar Inclined,USA,Commercial,2023-03-24,,95.84,43,560,558,2023,290,LARGE,US,COMMUNICATIONS,LEO,4,True
STARLINK-5803,56008,PAYLOAD,Non-Polar Inclined,USA,Commercial,2023-03-24,,95.89,43,563,561,2023,290,LARGE,US,COMMUNICATIONS,LEO,4,True
STARLINK-5964,56009,PAYLOAD,Non-Polar Inclined,USA,Commercial,2023-03-24,,95.84,43,560,558,2023,290,LARGE,US,COMMUNICATIONS,LEO,4,True
STARLINK-5940,56012,PAYLOAD,Non-Polar Inclined,USA,Commercial,2023-03-24,,95.84,43.01,560,558,2023,290,LARGE,US,COMMUNICATIONS,LEO,4,True
STARLINK-5941,56013,PAYLOAD,Non-Polar Inclined,USA,Commercial,2023-03-24,,95.84,43.01,560,558,2023,290,LARGE,US,COMMUNICATIONS,LEO,4,True
STARLINK-5939,56015,PAYLOAD,Non-Polar Inclined,USA,Commercial,2023-03-24,,95.84,43,560,558,2023,290,LARGE,US,COMMUNICATIONS,LEO,4,True
STARLINK-5943,56016,PAYLOAD,Non-Polar Inclined,USA,Commercial,2023-03-24,,95.84,43.01,560,558,2023,290,LARGE,US,COMMUNICATIONS,LEO,4,True
STARLINK-5945,56018,PAYLOAD,Non-Polar Inclined,USA,Commercial,2023-03-24,,95.84,43,560,558,2023,290,LARGE,US,COMMUNICATIONS,LEO,4,True
STARLINK-5907,56021,PAYLOAD,Non-Polar Inclined,USA,Commercial,2023-03-24,,95.84,43,560,558,2023,290,LARGE,US,COMMUNICATIONS,LEO,4,True
STARLINK-5783,56022,PAYLOAD,Non-Polar Inclined,USA,Commercial,2023-03-24,,95.84,43.01,560,558,2023,290,LARGE,US,COMMUNICATIONS,LEO,4,True
STARLINK-5772,56024,PAYLOAD,Non-Polar Inclined,USA,Commercial,2023-03-24,,95.84,43,560,558,2023,290,LARGE,US,COMMUNICATIONS,LEO,4,True
STARLINK-5766,56025,PAYLOAD,Non-Polar Inclined,USA,Commercial,2023-03-24,,95.84,43,561,557,2023,290,LARGE,US,COMMUNICATIONS,LEO,4,True
STARLINK-5777,56027,PAYLOAD,Non-Polar Inclined,USA,Commercial,2023-03-24,,95.84,43.01,560,558,2023,290,LARGE,US,COMMUNICATIONS,LEO,4,True
STARLINK-5774,56029,PAYLOAD,Non-Polar Inclined,USA,Commercial,2023-03-24,,95.84,43,560,558,2023,290,LARGE,US,COMMUNICATIONS,LEO,4,True
STARLINK-5786,56032,PAYLOAD,Non-Polar Inclined,USA,Commercial,2023-03-24,,95.84,43,560,558,2023,290,LARGE,US,COMMUNICATIONS,LEO,4,True
STARLINK-5792,56035,PAYLOAD,Non-Polar Inclined,USA,Commercial,2023-03-24,,95.84,43.01,560,558,2023,290,LARGE,US,COMMUNICATIONS,LEO,4,True
STARLINK-5790,56036,PAYLOAD,Non-Polar Inclined,USA,Commercial,2023-03-24,,95.84,43,560,558,2023,290,LARGE,US,COMMUNICATIONS,LEO,4,True
STARLINK-5793,56038,PAYLOAD,Non-Polar Inclined,USA,Commercial,2023-03-24,,95.84,43.01,560,558,2023,290,LARGE,US,COMMUNICATIONS,LEO,4,True
STARLINK-5795,56039,PAYLOAD,Non-Polar Inclined,USA,Commercial,2023-03-24,,95.84,43.01,560,558,2023,290,LARGE,US,COMMUNICATIONS,LEO,4,True
STARLINK-5800,56041,PAYLOAD,Non-Polar Inclined,USA,Commercial,2023-03-24,,95.84,43,560,558,2023,290,LARGE,US,COMMUNICATIONS,LEO,4,True
ONEWEB-0554,56056,PAYLOAD,Polar,United Kingdom,Commercial,2023-03-26,,109.37,87.9,1199,1196,2023,148,LARGE,UK,COMMUNICATIONS,LEO,5,True
ONEWEB-0555,56057,PAYLOAD,Polar,United Kingdom,Commercial,2023-03-26,,109.37,87.9,1199,1196,2023,148,MEDIUM,UK,COMMUNICATIONS,LEO,5,True
ONEWEB-0557,56058,PAYLOAD,Polar,United Kingdom,Commercial,2023-03-26,,109.37,87.9,1200,1196,2023,148,LARGE,UK,COMMUNICATIONS,LEO,5,True
ONEWEB-0558,56059,PAYLOAD,Polar,United Kingdom,Commercial,2023-03-26,,108.94,87.93,1179,1177,2023,148,MEDIUM,UK,COMMUNICATIONS,LEO,5,True
ONEWEB-0566,56061,PAYLOAD,Polar,United Kingdom,Commercial,2023-03-26,,108.94,87.93,1179,1177,2023,148,LARGE,UK,COMMUNICATIONS,LEO,5,True
ONEWEB-0574,56063,PAYLOAD,Polar,United Kingdom,Commercial,2023-03-26,,108.94,87.93,1179,1176,2023,148,MEDIUM,UK,COMMUNICATIONS,LEO,5,True
ONEWEB-0575,56064,PAYLOAD,Polar,United Kingdom,Commercial,2023-03-26,,109.37,87.9,1199,1196,2023,148,MEDIUM,UK,COMMUNICATIONS,LEO,5,True
ONEWEB-0576,56065,PAYLOAD,Polar,United Kingdom,Commercial,2023-03-26,,109.37,87.9,1199,1196,2023,148,LARGE,UK,COMMUNICATIONS,LEO,5,True
ONEWEB-0577,56066,PAYLOAD,Polar,United Kingdom,Commercial,2023-03-26,,109.37,87.9,1200,1196,2023,148,MEDIUM,UK,COMMUNICATIONS,LEO,5,True
ONEWEB-0578,56067,PAYLOAD,Polar,United Kingdom,Commercial,2023-03-26,,108.94,87.93,1179,1176,2023,148,MEDIUM,UK,COMMUNICATIONS,LEO,5,True
ONEWEB-0581,56069,PAYLOAD,Polar,United Kingdom,Commercial,2023-03-26,,109.37,87.9,1199,1196,2023,148,MEDIUM,UK,COMMUNICATIONS,LEO,5,True
ONEWEB-0609,56070,PAYLOAD,Polar,United Kingdom,Commercial,2023-03-26,,109.46,87.91,1203,1200,2023,148,LARGE,UK,COMMUNICATIONS,LEO,5,True
ONEWEB-0613,56071,PAYLOAD,Polar,United Kingdom,Commercial,2023-03-26,,109.46,87.91,1203,1201,2023,148,LARGE,UK,COMMUNICATIONS,LEO,5,True
ONEWEB-0630,56072,PAYLOAD,Polar,United Kingdom,Commercial,2023-03-26,,109.46,87.91,1203,1201,2023,148,MEDIUM,UK,COMMUNICATIONS,LEO,5,True
ONEWEB-0632,56073,PAYLOAD,Polar,United Kingdom,Commercial,2023-03-26,,109.46,87.91,1203,1200,2023,148,LARGE,UK,COMMUNICATIONS,LEO,5,True
ONEWEB-0634,56075,PAYLOAD,Polar,United Kingdom,Commercial,2023-03-26,,109.46,87.91,1203,1201,2023,148,MEDIUM,UK,COMMUNICATIONS,LEO,5,True
ONEWEB-0635,56076,PAYLOAD,Polar,United Kingdom,Commercial,2023-03-26,,109.46,87.91,1203,1200,2023,148,MEDIUM,UK,COMMUNICATIONS,LEO,5,True
ONEWEB-0636,56077,PAYLOAD,Polar,United Kingdom,Commercial,2023-03-26,,109.46,87.91,1204,1200,2023,148,MEDIUM,UK,COMMUNICATIONS,LEO,5,True
ONEWEB-0647,56079,PAYLOAD,Polar,United Kingdom,Commercial,2023-03-26,,109.46,87.91,1203,1200,2023,148,MEDIUM,UK,COMMUNICATIONS,LEO,5,True
ONEWEB-0651,56080,PAYLOAD,Polar,United Kingdom,Commercial,2023-03-26,,109.46,87.91,1203,1200,2023,148,MEDIUM,UK,COMMUNICATIONS,LEO,5,True
ONEWEB-0718,56081,PAYLOAD,Polar,United Kingdom,Commercial,2023-03-26,,109.46,87.91,1203,1201,2023,148,LARGE,UK,COMMUNICATIONS,LEO,5,True
STARLINK-6102,56093,PAYLOAD,Non-Polar Inclined,USA,Commercial,2023-03-29,2024-12-19,87.8,42.99,167,164,2023,290,LARGE,US,COMMUNICATIONS,LEO,4,False
STARLINK-6109,56094,PAYLOAD,Non-Polar Inclined,USA,Commercial,2023-03-29,,95.84,43,560,558,2023,290,LARGE,US,COMMUNICATIONS,LEO,4,True
STARLINK-6089,56096,PAYLOAD,Non-Polar Inclined,USA,Commercial,2023-03-29,,95.84,43,560,558,2023,290,LARGE,US,COMMUNICATIONS,LEO,4,True
STARLINK-6077,56097,PAYLOAD,Non-Polar Inclined,USA,Commercial,2023-03-29,,95.84,43,560,558,2023,290,LARGE,US,COMMUNICATIONS,LEO,4,True
STARLINK-6088,56098,PAYLOAD,Non-Polar Inclined,USA,Commercial,2023-03-29,,95.84,43,560,559,2023,290,LARGE,US,COMMUNICATIONS,LEO,4,True
STARLINK-6093,56099,PAYLOAD,Non-Polar Inclined,USA,Commercial,2023-03-29,,95.84,43,560,558,2023,290,LARGE,US,COMMUNICATIONS,LEO,4,True
STARLINK-6076,56100,PAYLOAD,Non-Polar Inclined,USA,Commercial,2023-03-29,,95.84,43.01,562,557,2023,290,LARGE,US,COMMUNICATIONS,LEO,4,True
STARLINK-6096,56103,PAYLOAD,Non-Polar Inclined,USA,Commercial,2023-03-29,,95.84,43,560,558,2023,290,LARGE,US,COMMUNICATIONS,LEO,4,True
STARLINK-6062,56104,PAYLOAD,Non-Polar Inclined,USA,Commercial,2023-03-29,,95.84,43,560,558,2023,290,LARGE,US,COMMUNICATIONS,LEO,4,True
STARLINK-6078,56106,PAYLOAD,Non-Polar Inclined,USA,Commercial,2023-03-29,2025-01-17,87.58,42.99,157,152,2023,290,LARGE,US,COMMUNICATIONS,LEO,4,False
STARLINK-6030,56107,PAYLOAD,Non-Polar Inclined,USA,Commercial,2023-03-29,,95.84,43,560,558,2023,290,LARGE,US,COMMUNICATIONS,LEO,4,True
STARLINK-6081,56108,PAYLOAD,Non-Polar Inclined,USA,Commercial,2023-03-29,,95.84,43,560,558,2023,290,LARGE,US,COMMUNICATIONS,LEO,4,True
STARLINK-6083,56109,PAYLOAD,Non-Polar Inclined,USA,Commercial,2023-03-29,,95.84,43,560,558,2023,290,LARGE,US,COMMUNICATIONS,LEO,4,True
STARLINK-6082,56110,PAYLOAD,Non-Polar Inclined,USA,Commercial,2023-03-29,,95.84,43,560,558,2023,290,LARGE,US,COMMUNICATIONS,LEO,4,True
STARLINK-6103,56114,PAYLOAD,Non-Polar Inclined,USA,Commercial,2023-03-29,2025-01-22,87.45,42.99,152,144,2023,290,LARGE,US,COMMUNICATIONS,LEO,4,False
STARLINK-6101,56115,PAYLOAD,Non-Polar Inclined,USA,Commercial,2023-03-29,,95.84,43,560,558,2023,290,LARGE,US,COMMUNICATIONS,LEO,4,True
STARLINK-6107,56117,PAYLOAD,Non-Polar Inclined,USA,Commercial,2023-03-29,,95.84,43,560,558,2023,290,LARGE,US,COMMUNICATIONS,LEO,4,True
STARLINK-6091,56119,PAYLOAD,Non-Polar Inclined,USA,Commercial,2023-03-29,,95.84,43,560,558,2023,290,LARGE,US,COMMUNICATIONS,LEO,4,True
STARLINK-6079,56120,PAYLOAD,Non-Polar Inclined,USA,Commercial,2023-03-29,,95.84,43,560,558,2023,290,LARGE,US,COMMUNICATIONS,LEO,4,True
STARLINK-6092,56121,PAYLOAD,Non-Polar Inclined,USA,Commercial,2023-03-29,,95.84,43,560,558,2023,290,LARGE,US,COMMUNICATIONS,LEO,4,True
STARLINK-6115,56123,PAYLOAD,Non-Polar Inclined,USA,Commercial,2023-03-29,,95.84,43.01,562,556,2023,290,LARGE,US,COMMUNICATIONS,LEO,4,True
STARLINK-6126,56124,PAYLOAD,Non-Polar Inclined,USA,Commercial,2023-03-29,,95.84,43,560,558,2023,290,LARGE,US,COMMUNICATIONS,LEO,4,True
STARLINK-6119,56125,PAYLOAD,Non-Polar Inclined,USA,Commercial,2023-03-29,,95.84,43,560,558,2023,290,LARGE,US,COMMUNICATIONS,LEO,4,True
STARLINK-6124,56126,PAYLOAD,Non-Polar Inclined,USA,Commercial,2023-03-29,,95.84,43,560,559,2023,290,LARGE,US,COMMUNICATIONS,LEO,4,True
STARLINK-6104,56127,PAYLOAD,Non-Polar Inclined,USA,Commercial,2023-03-29,,95.84,43,560,558,2023,290,LARGE,US,COMMUNICATIONS,LEO,4,True
STARLINK-6122,56128,PAYLOAD,Non-Polar Inclined,USA,Commercial,2023-03-29,,95.84,43,560,558,2023,290,LARGE,US,COMMUNICATIONS,LEO,4,True
STARLINK-6071,56132,PAYLOAD,Non-Polar Inclined,USA,Commercial,2023-03-29,,95.84,43,560,558,2023,290,LARGE,US,COMMUNICATIONS,LEO,4,True
STARLINK-5566,56133,PAYLOAD,Non-Polar Inclined,USA,Commercial,2023-03-29,,95.84,43.01,560,558,2023,290,LARGE,US,COMMUNICATIONS,LEO,4,True
STARLINK-5563,56135,PAYLOAD,Non-Polar Inclined,USA,Commercial,2023-03-29,2024-05-05,88.33,42.98,192,192,2023,290,LARGE,US,COMMUNICATIONS,LEO,4,False
STARLINK-5090,56137,PAYLOAD,Non-Polar Inclined,USA,Commercial,2023-03-29,,95.84,43,560,558,2023,290,LARGE,US,COMMUNICATIONS,LEO,4,True
STARLINK-4774,56138,PAYLOAD,Non-Polar Inclined,USA,Commercial,2023-03-29,,95.84,43,560,558,2023,290,LARGE,US,COMMUNICATIONS,LEO,4,True
STARLINK-5377,56141,PAYLOAD,Non-Polar Inclined,USA,Commercial,2023-03-29,,95.84,43,559,559,2023,290,LARGE,US,COMMUNICATIONS,LEO,4,True
STARLINK-5016,56143,PAYLOAD,Non-Polar Inclined,USA,Commercial,2023-03-29,,95.84,43,560,558,2023,290,LARGE,US,COMMUNICATIONS,LEO,4,True
STARLINK-5370,56145,PAYLOAD,Non-Polar Inclined,USA,Commercial,2023-03-29,2024-05-04,87.84,42.98,169,166,2023,290,LARGE,US,COMMUNICATIONS,LEO,4,False
STARLINK-5140,56147,PAYLOAD,Non-Polar Inclined,USA,Commercial,2023-03-29,,95.84,43,560,558,2023,290,LARGE,US,COMMUNICATIONS,LEO,4,True
STARLINK-5089,56148,PAYLOAD,Non-Polar Inclined,USA,Commercial,2023-03-29,,95.84,43,560,558,2023,290,LARGE,US,COMMUNICATIONS,LEO,4,True
INTELSAT 40E,56174,PAYLOAD,,USA,Commercial,2023-04-07,,1436.12,0.01,35794,35781,2023,6013,LARGE,ITSO,COMMUNICATIONS,GEO,15,True
IMECE,56178,PAYLOAD,Sun-Synchronous,Turkey,Civil,2023-04-15,,98.24,98.15,682,667,2023,800,LARGE,TURK,EARTH OBSERVATION,LEO,5,True
FLOCK 4G 24,62637,PAYLOAD,Non-Polar Inclined,USA,Commercial,2025-01-14,,94.72,97.43,507,503,2025,260,MEDIUM,US,COMMUNICATIONS,LEO,4,True
