INFO_SATNAME,INFO_NORAD_NUMBER,INFO_OBJECT_TYPE,INFO_TYPE_OF_ORBIT,INFO_COUNTRY_OF_OPERATOR_OWNER,INFO_USERS,INFO_LAUNCH_DATE,INFO_REENTRY_DATE,PERIOD,INCLINATION,APOGEE,PERIGEE,LAUNCH_YEAR,LAUNCH_MASS_KG,RCS_SIZE,COUNTRY,PURPOSE,CLASS_OF_ORBIT,EXPECTED_LIFETIME_YRS,INFO_NO_REENTRY_RECORDED
OSCAR 7,7530,PAYLOAD,Polar,USA,Civil,1974-11-15,,114.86,101.99,1458,1440,1974,29,MEDIUM,US,COMMUNICATIONS,LEO,,True
GEOTAIL,22049,PAYLOAD,Deep Highly Eccentric,Multinational,Government,1992-07-24,,7520.97,45.83,193826,47733,1992,980,LARGE,JPN,SPACE SCIENCE,ELLIPTICAL,,True
UFO 2 (USA 95),22787,PAYLOAD,,USA,Military,1993-09-03,,1436.09,11.75,35805,35768,1993,3200,LARGE,US,COMMUNICATIONS,GEO,,True
USA 105,23223,PAYLOAD,,USA,Military,1994-08-27,,1435.96,13.1,35904,35664,1994,8000,,US,EARTH OBSERVATION,GEO,,True
USA 118,23855,PAYLOAD,,USA,Military,1996-04-24,,1436.12,8.18,37223,34351,1996,8000,,US,EARTH OBSERVATION,GEO,,True
USA 119,23893,PAYLOAD,Molniya,USA,Military,1996-05-12,,107.08,63.33,1711,472,1996,,LARGE,US,COMMUNICATIONS,ELLIPTICAL,,True
USA 136,25034,PAYLOAD,,USA,Military,1997-11-08,,717.83,64.7,37307,3050,1997,8000,,US,EARTH OBSERVATION,ELLIPTICAL,,True
USA 139,25336,PAYLOAD,,USA,Military,1998-05-09,,1436.04,7.44,35961,35610,1998,5200,,US,EARTH OBSERVATION,GEO,,True
NSS 6,27603,PAYLOAD,,Netherlands,Commercial,2002-12-17,,1452.66,4.29,36138,36082,2002,4575,LARGE,SES,COMMUNICATIONS,GEO,,True
LATINSAT B,27606,PAYLOAD,Non-Polar Inclined,Argentina,Commercial,2002-12-20,,97.56,64.55,681,603,2002,,SMALL,ARGN,COMMUNICATIONS,LEO,,True
SAUDISAT 1C,27607,PAYLOAD,Non-Polar Inclined,Saudi Arabia,Government,2002-12-20,,97.2,64.56,660,589,2002,10,SMALL,SAUD,COMMUNICATIONS,LEO,,True
LATINSAT A,27612,PAYLOAD,Non-Polar Inclined,Argentina,Commercial,2002-12-20,,97.02,64.56,648,584,2002,,SMALL,ARGN,COMMUNICATIONS,LEO,,True
CUBESAT XI 4,27848,PAYLOAD,Sun-Synchronous,Japan,Civil,2003-06-30,,101.17,98.68,821,808,2003,,SMALL,JPN,TECHNOLOGY DEVELOPMENT,LEO,,True
SCISAT 1,27858,PAYLOAD,Polar,Canada,Government,2003-08-13,,97.26,73.93,632,623,2003,150,MEDIUM,CA,SPACE SCIENCE,LEO,,True
USA 171,27937,PAYLOAD,,USA,Military,2003-09-09,,1436.09,14.19,36018,35555,2003,5200,,US,EARTH OBSERVATION,GEO,,True
MOZHAYETS 4,27939,PAYLOAD,Sun-Synchronous,Russia,Government/Civil,2003-09-27,,97.81,98.32,663,646,2003,64,MEDIUM,CIS,TECHNOLOGY DEVELOPMENT,LEO,,True
CHUANG XIN 1 (CZ-1),28058,PAYLOAD,Sun-Synchronous,China,Government,2003-10-21,,99.43,98.55,741,722,2003,100,MEDIUM,PRC,COMMUNICATIONS,LEO,,True
TANSUO 1,28220,PAYLOAD,Sun-Synchronous,China,Government,2004-04-18,,94.61,97.92,505,494,2004,204,LARGE,PRC,EARTH OBSERVATION,LEO,,True
APRIZESAT 2,28366,PAYLOAD,Sun-Synchronous,USA/Argentina,Commercial,2004-06-29,,100.16,98.08,843,689,2004,12,SMALL,US,COMMUNICATIONS/TECHNOLOGY DEVELOPMENT,LEO,,True
SAUDICOMSAT 1,28369,PAYLOAD,Sun-Synchronous,Saudi Arabia,Commercial,2004-06-29,,98.97,98.57,732,687,2004,12,SMALL,SAUD,TECHNOLOGY DEVELOPMENT,LEO,,True
SAUDICOMSAT 2,28370,PAYLOAD,Sun-Synchronous,Saudi Arabia,Commercial,2004-06-29,,99.34,98.66,768,687,2004,12,SMALL,SAUD,TECHNOLOGY DEVELOPMENT,LEO,,True
SAUDISAT 2,28371,PAYLOAD,Sun-Synchronous,Saudi Arabia,Government,2004-06-29,,98.88,98.52,723,687,2004,35,MEDIUM,SAUD,EARTH OBSERVATION,LEO,,True
APRIZESAT 1,28372,PAYLOAD,Sun-Synchronous,Argentina,Commercial,2004-06-29,,99.21,98.62,753,689,2004,12,SMALL,US,COMMUNICATIONS/TECHNOLOGY DEVELOPMENT,LEO,,True
NANOSAT(1),28493,PAYLOAD,Sun-Synchronous,Spain,Government,2004-12-18,,97.38,98.17,636,630,2004,20,MEDIUM,SPN,COMMUNICATIONS,LEO,,True
USA 181,28537,PAYLOAD,Non-Polar Inclined,USA,Military,2005-02-03,,107.38,63.4,1487,723,2005,5000,,US,EARTH OBSERVATION,LEO,,True
INDEX,28810,PAYLOAD,Sun-Synchronous,Japan,Government,2005-08-23,,95.67,97.98,567,535,2005,70,MEDIUM,JPN,TECHNOLOGY DEVELOPMENT,LEO,,True
COSMOS 2416,28908,PAYLOAD,Polar,Russia,Military,2005-12-21,,114.69,82.47,1447,1435,2005,225,LARGE,CIS,COMMUNICATIONS,LEO,,True
EUTELSAT HOTBIRD 13E,28946,PAYLOAD,,Spain,Military,2006-03-11,,1436.1,1.01,35810,35763,2006,3680,LARGE,EUTE,COMMUNICATIONS,GEO,,True
USA 184,29249,PAYLOAD,Molniya,USA,Military,2006-06-28,,717.78,63.62,39099,1256,2006,4000,,US,EARTH OBSERVATION,ELLIPTICAL,,True
KOREASAT 5,29349,PAYLOAD,,South Korea,Military/Commercial,2006-08-22,,1436.11,0.69,35796,35778,2006,4450,LARGE,SKOR,COMMUNICATIONS,GEO,,True
SHIJIAN 6 02A (SJ-6 02A),29505,PAYLOAD,Sun-Synchronous,China,Government,2006-10-23,,95.32,97.69,537,531,2006,,LARGE,PRC,SPACE SCIENCE,LEO,,True
SHIJIAN 6 02B (SJ-6 02B),29506,PAYLOAD,Sun-Synchronous,China,Government,2006-10-23,,96.02,97.71,570,566,2006,,LARGE,PRC,SPACE SCIENCE,LEO,,True
LAPAN-TUBSAT,29709,PAYLOAD,Sun-Synchronous,Indonesia,Government,2007-01-10,,96.95,98.11,622,603,2007,60,MEDIUM,INDO,EARTH OBSERVATION/TECHNOLOGY DEVELOPMENT,LEO,,True
FALCONSAT 3,30776,PAYLOAD,Non-Polar Inclined,USA,Military/Civil,2007-03-09,2023-01-21,88.26,35.41,194,183,2007,46,MEDIUM,US,TECHNOLOGY DEVELOPMENT,LEO,,False
SAUDISAT 3,31118,PAYLOAD,Sun-Synchronous,Saudi Arabia,Government,2007-04-17,,97.89,98.1,669,647,2007,200,MEDIUM,SAUD,EARTH OBSERVATION,LEO,,True
SAUDICOMSAT 7,31119,PAYLOAD,Sun-Synchronous,Saudi Arabia,Commercial,2007-04-17,,98.28,98.32,717,635,2007,12,SMALL,SAUD,COMMUNICATIONS,LEO,,True
SAUDICOMSAT 6,31121,PAYLOAD,Sun-Synchronous,Saudi Arabia,Commercial,2007-04-17,,98.51,98.35,738,636,2007,12,SMALL,SAUD,COMMUNICATIONS,LEO,,True
SAUDICOMSAT 5,31124,PAYLOAD,Sun-Synchronous,Saudi Arabia,Commercial,2007-04-17,,98.14,98.29,704,636,2007,12,SMALL,SAUD,COMMUNICATIONS,LEO,,True
SAUDICOMSAT 3,31125,PAYLOAD,Sun-Synchronous,Saudi Arabia,Commercial,2007-04-17,,97.98,98.26,689,635,2007,12,SMALL,SAUD,COMMUNICATIONS,LEO,,True
SAUDICOMSAT 4,31127,PAYLOAD,Sun-Synchronous,Saudi Arabia,Commercial,2007-04-17,,98.38,98.34,727,635,2007,12,SMALL,SAUD,COMMUNICATIONS,LEO,,True
USA 194,31701,PAYLOAD,Non-Polar Inclined,USA,Military,2007-06-15,,107.39,63.38,1424,788,2007,5000,,US,EARTH OBSERVATION,LEO,,True
COSMOS 2428,31792,PAYLOAD,Polar,Russia,Military,2007-06-29,,101.92,70.93,854,846,2007,3200,LARGE,CIS,EARTH OBSERVATION,LEO,,True
TECSAR,32476,PAYLOAD,Non-Polar Inclined,Israel,Military,2008-01-21,2024-07-03,,,,,2008,300,,ISRA,EARTH OBSERVATION,LEO,,False
USA 200,32706,PAYLOAD,Molniya,USA,Military,2008-03-13,,717.73,63.65,39286,1067,2008,4200,,US,EARTH OBSERVATION,ELLIPTICAL,,True
DIRECTV 11,32729,PAYLOAD,,USA,Commercial,2008-03-19,,1436.1,0.01,35787,35786,2008,5900,LARGE,US,COMMUNICATIONS,GEO,,True
STAR ONE C2,32768,PAYLOAD,,Brazil,Commercial,2008-04-18,,1436.12,0.17,35799,35775,2008,4100,LARGE,BRAZ,COMMUNICATIONS,GEO,,True
TIANLIAN 1-01,32779,PAYLOAD,,China,Government,2008-04-25,,1478.25,9.12,36644,36571,2008,3750,LARGE,PRC,COMMUNICATIONS,GEO,,True
DELFI C3,32789,PAYLOAD,Sun-Synchronous,Netherlands,Civil,2008-04-28,2023-11-13,88.13,97.26,187,177,2008,6.5,MEDIUM,NETH,TECHNOLOGY DEVELOPMENT,LEO,,False
CANX-2,32790,PAYLOAD,Sun-Synchronous,Canada,Government/Civil,2008-04-28,,95.92,97.82,573,553,2008,7,SMALL,CA,TECHNOLOGY DEVELOPMENT,LEO,,True
SEEDS,32791,PAYLOAD,Sun-Synchronous,Japan,Civil,2008-04-28,,94.91,97.73,517,511,2008,3,SMALL,JPN,TECHNOLOGY DEVELOPMENT,LEO,,True
CHINASAT 9,33051,PAYLOAD,,China,Government,2008-06-09,,1436.12,0.04,35806,35768,2008,,LARGE,PRC,COMMUNICATIONS,GEO,,True
GLAST,33053,PAYLOAD,Non-Polar Inclined,USA,Government,2008-06-11,,94.68,25.58,510,497,2008,4303,LARGE,US,SPACE SCIENCE,LEO,,True
SKYNET 5C,33055,PAYLOAD,,United Kingdom,Military,2008-06-12,,1436.1,2.71,35809,35764,2008,4600,LARGE,UK,COMMUNICATIONS,GEO,,True
TURKSAT 3A,33056,PAYLOAD,,Turkey,Commercial,2008-06-12,,1436.11,0.06,35809,35765,2008,3100,LARGE,TURK,COMMUNICATIONS,GEO,,True
IBEX,33401,PAYLOAD,Deep Highly Eccentric,USA,Government,2008-10-19,,12829.28,50.16,295172,55143,2008,462,,US,SPACE SCIENCE,ELLIPTICAL,,True
SHIYAN 3 (SY-3),33433,PAYLOAD,Sun-Synchronous,China,Government,2008-11-05,,100.66,98.64,799,781,2008,300,MEDIUM,PRC,EARTH OBSERVATION,LEO,,True
CHUANG XIN 1-02(CX-1-02),33434,PAYLOAD,Sun-Synchronous,China,Government,2008-11-05,,100.7,98.65,801,782,2008,100.8,MEDIUM,PRC,EARTH OBSERVATION,LEO,,True
YAOGAN 4,33446,PAYLOAD,Sun-Synchronous,China,Government,2008-12-01,,97.17,97.9,634,613,2008,2700,LARGE,PRC,EARTH OBSERVATION,LEO,,True
USA 202,33490,PAYLOAD,,USA,Military,2009-01-18,,1436.07,8.08,35849,35723,2009,5400,,US,EARTH OBSERVATION,GEO,,True
SOHLA-1 (MAIDO-1),33496,PAYLOAD,Sun-Synchronous,Japan,Civil,2009-01-23,,97.67,98.17,650,644,2009,50,MEDIUM,JPN,TECHNOLOGY DEVELOPMENT,LEO,,True
SPIRALE A,33751,PAYLOAD,,France,Military,2009-02-12,,311.98,2.1,17362,356,2009,117,MEDIUM,FR,TECHNOLOGY DEVELOPMENT,ELLIPTICAL,,True
SPIRALE B,33752,PAYLOAD,,France,Military,2009-02-12,,478.88,1.9,27520,276,2009,117,LARGE,FR,TECHNOLOGY DEVELOPMENT,ELLIPTICAL,,True
YAOGAN 6,34839,PAYLOAD,Sun-Synchronous,China,Government,2009-04-22,,90.63,97.2,313,298,2009,1800,LARGE,PRC,EARTH OBSERVATION,LEO,,True
STSS ATRR (USA 205),34903,PAYLOAD,Sun-Synchronous,USA,Military,2009-05-05,,99.9,98.93,872,636,2009,,,US,TECHNOLOGY DEVELOPMENT,LEO,,True
APRIZESAT 4,35684,PAYLOAD,Sun-Synchronous,USA/Argentina,Commercial,2009-07-29,,97.11,98.19,650,590,2009,12,MEDIUM,US,COMMUNICATIONS/MARITIME TRACKING,LEO,,True
NANOSAT 1B,35685,PAYLOAD,Sun-Synchronous,Spain,Government,2009-07-29,,96.58,98.09,631,558,2009,20,MEDIUM,SPN,COMMUNICATIONS/TECHNOLOGY DEVELOPMENT,LEO,,True
APRIZESAT 3,35686,PAYLOAD,Sun-Synchronous,USA/Argentina,Commercial,2009-07-29,,96.37,98.15,629,540,2009,12,MEDIUM,US,COMMUNICATIONS/MARITIME TRACKING,LEO,,True
USA 207,35815,PAYLOAD,,USA,Military,2009-09-08,,,,,,2009,,,US,EARTH OBSERVATION,GEO,,True
WORLDVIEW 2,35946,PAYLOAD,Sun-Synchronous,USA,Commercial,2009-10-08,,100.2,98.48,771,764,2009,2800,LARGE,US,EARTH OBSERVATION,LEO,,True
COSMOS 2455,36095,PAYLOAD,Non-Polar Inclined,Russia,Military,2009-11-20,,103.08,67.15,907,901,2009,5000,LARGE,CIS,EARTH OBSERVATION,LEO,,True
YAOGAN 7,36110,PAYLOAD,Sun-Synchronous,China,Government,2009-12-09,,97.47,98.06,655,621,2009,2700,LARGE,PRC,EARTH OBSERVATION,LEO,,True
YAOGAN 8,36121,PAYLOAD,Sun-Synchronous,China,Government,2009-12-15,,110.34,100.27,1258,1226,2009,,LARGE,PRC,EARTH OBSERVATION,LEO,,True
XIWANG-1 (HOPE-1),36122,PAYLOAD,Sun-Synchronous,China,Civil,2009-12-15,,109.39,100.34,1205,1192,2009,60,MEDIUM,PRC,COMMUNICATIONS,LEO,,True
YAOGAN 9A,36413,PAYLOAD,Non-Polar Inclined,China,Government,2010-03-05,,107.02,63.37,1463,714,2010,,LARGE,PRC,EARTH OBSERVATION,LEO,,True
YAOGAN 9B,36414,PAYLOAD,Non-Polar Inclined,China,Government,2010-03-05,,107.02,63.37,1463,714,2010,,LARGE,PRC,EARTH OBSERVATION,LEO,,True
YAOGAN 9C,36415,PAYLOAD,Non-Polar Inclined,China,Government,2010-03-05,,107.02,63.37,1464,713,2010,,LARGE,PRC,EARTH OBSERVATION,LEO,,True
SJ-12,36596,PAYLOAD,Sun-Synchronous,China,Government,2010-06-15,,95.27,97.77,538,525,2010,,LARGE,PRC,TECHNOLOGY DEVELOPMENT,LEO,,True
COMS 1,36744,PAYLOAD,,South Korea,Government,2010-06-26,,1436.11,3.73,35791,35783,2010,2460,LARGE,SKOR,EARTH OBSERVATION/COMMUNICATIONS,GEO,,True
YAOGAN 10,36834,PAYLOAD,Sun-Synchronous,China,Military,2010-08-09,,97.03,97.93,618,615,2010,,LARGE,PRC,EARTH OBSERVATION,LEO,,True
TIANHUI 1,36985,PAYLOAD,Sun-Synchronous,China,Government,2010-08-24,2025-03-15,87.2,97.52,140,132,2010,2500,LARGE,PRC,EARTH OBSERVATION,LEO,,False
USA 215,37162,PAYLOAD,Non-Polar Inclined,USA,Military,2010-09-21,,107.35,123,1106,1101,2010,,,US,EARTH OBSERVATION,LEO,,True
YAOGAN 11,37165,PAYLOAD,Sun-Synchronous,China,Military,2010-09-22,,97.23,98.43,651,601,2010,,LARGE,PRC,EARTH OBSERVATION,LEO,,True
ZHEDA PIXING 1B,37166,PAYLOAD,Sun-Synchronous,China,Civil,2010-09-22,,96.71,97.9,614,588,2010,3.5,MEDIUM,PRC,SPACE SCIENCE,LEO,,True
ZHEDA PIXING 1C,37167,PAYLOAD,Sun-Synchronous,China,Civil,2010-09-22,,96.73,97.93,615,589,2010,3.5,MEDIUM,PRC,SPACE SCIENCE,LEO,,True
SBSS (USA 216),37168,PAYLOAD,Sun-Synchronous,USA,Military,2010-09-26,,95.23,97.79,590,469,2010,1031,LARGE,US,SPACE OBSERVATION,LEO,,True
SHIJIAN 6 04A (SJ-6 04A),37179,PAYLOAD,Sun-Synchronous,China,Government,2010-10-06,,95.29,97.85,547,519,2010,,LARGE,PRC,EARTH OBSERVATION,LEO,,True
SHIJIAN 6 04B (SJ-6 04B),37180,PAYLOAD,Sun-Synchronous,China,Government,2010-10-06,,96.12,97.86,579,567,2010,,LARGE,PRC,EARTH OBSERVATION,LEO,,True
MERIDIAN 3,37212,PAYLOAD,Molniya,Russia,Military,2010-11-02,,717.89,63.47,37684,2676,2010,2500,LARGE,CIS,COMMUNICATIONS,ELLIPTICAL,,True
FENGYUN 3B,37214,PAYLOAD,Sun-Synchronous,China,Government,2010-11-04,,101.79,99.02,859,828,2010,2300,LARGE,PRC,EARTH OBSERVATION,LEO,,True
FAST 1 (USA 222),37227,PAYLOAD,Polar,USA,Military/Civil,2010-11-20,,97.03,71.97,627,606,2010,55,MEDIUM,US,TECHNOLOGY DEVELOPMENT,LEO,,True
USA 223,37232,PAYLOAD,,USA,Military,2010-11-21,,1436.1,8.05,35994,35580,2010,5000,,US,EARTH OBSERVATION,GEO,,True
CHINASAT 20A,37234,PAYLOAD,,China,Military,2010-11-24,,1463.15,6.17,36413,36216,2010,2300,LARGE,PRC,COMMUNICATIONS,GEO,,True
USA 225,37364,PAYLOAD,Polar,USA,Military,2011-02-06,,109.78,90.18,1233,1201,2011,350,,US,TECHNOLOGY DEVELOPMENT,LEO,,True
USA 227,37377,PAYLOAD,,USA,Military,2011-03-11,,1454.66,5.14,36180,36119,2011,,,US,COMMUNICATIONS,GEO,,True
BEIDOU 8,37384,PAYLOAD,,China,Military/Government,2011-04-09,,1435.97,61.81,35910,35658,2011,4200,LARGE,PRC,NAVIGATION/GLOBAL POSITIONING,GEO,,True
USA 229,37386,PAYLOAD,Non-Polar Inclined,USA,Military,2011-04-15,,107.39,63.43,1340,872,2011,,,US,EARTH OBSERVATION,LEO,,True
MERIDIAN 4,37398,PAYLOAD,Molniya,Russia,Military,2011-05-04,,717.82,62.14,39642,715,2011,2500,LARGE,CIS,COMMUNICATIONS,ELLIPTICAL,,True
SJ-11-03,37730,PAYLOAD,Sun-Synchronous,China,Government,2011-07-06,,98.39,97.88,686,677,2011,,LARGE,PRC,TECHNOLOGY DEVELOPMENT,LEO,,True
TIANLIAN 1-02,37737,PAYLOAD,,China,Government,2011-07-11,,1454.61,4.49,36176,36121,2011,2250,LARGE,PRC,COMMUNICATIONS,GEO,,True
SJ-11-02,37765,PAYLOAD,Sun-Synchronous,China,Government,2011-07-29,,98.37,98.32,689,673,2011,,LARGE,PRC,TECHNOLOGY DEVELOPMENT,LEO,,True
NIGERIASAT X,37790,PAYLOAD,Sun-Synchronous,Nigeria,Government,2011-08-17,,98.6,97.83,700,684,2011,100,MEDIUM,NIG,EARTH OBSERVATION/TECHNOLOGY DEVELOPMENT,LEO,,True
APRIZESAT 5,37792,PAYLOAD,Sun-Synchronous,Canada,Commercial,2011-08-17,,97.31,98.23,666,593,2011,12,MEDIUM,US,COMMUNICATIONS,LEO,,True
APRIZESAT 6,37793,PAYLOAD,Sun-Synchronous,Canada,Commercial,2011-08-17,,97.56,98.27,673,611,2011,12,MEDIUM,US,COMMUNICATIONS,LEO,,True
CHINASAT 1A,37804,PAYLOAD,,China,Military,2011-09-17,,1439.34,2.63,35868,35832,2011,5200,LARGE,PRC,COMMUNICATIONS,GEO,,True
TACSAT 4,37818,PAYLOAD,Molniya,USA,Military,2011-09-27,,235.25,62.83,12143,348,2011,450,LARGE,US,TECHNOLOGY DEVELOPMENT,ELLIPTICAL,,True
EUTE 16A (EUTE W3C),37836,PAYLOAD,,Multinational,Commercial,2011-10-07,,1436.1,0.07,35809,35764,2011,5400,LARGE,EUTE,COMMUNICATIONS,GEO,,True
NPP,37849,PAYLOAD,Sun-Synchronous,USA,Government,2011-10-28,,101.44,98.75,829,825,2011,2128,LARGE,US,EARTH OBSERVATION,LEO,,True
M-CUBED/EXP-1 PRIME,37855,PAYLOAD,Polar,USA,Civil,2011-10-28,2024-06-30,87.32,101.66,150,133,2011,2,SMALL,US,TECHNOLOGY DEVELOPMENT,LEO,,False
YAOGAN 12,37875,PAYLOAD,Sun-Synchronous,China,Military,2011-11-09,,94.52,97.17,502,489,2011,,LARGE,PRC,EARTH OBSERVATION,LEO,,True
CHUANG XIN 1-03,37930,PAYLOAD,Sun-Synchronous,China,Government,2011-11-20,,100.67,98.72,800,781,2011,100,MEDIUM,PRC,EARTH OBSERVATION,LEO,,True
SHIYAN 4 (SY-4),37931,PAYLOAD,Sun-Synchronous,China,Government,2011-11-20,,100.64,98.71,804,773,2011,300,LARGE,PRC,EARTH OBSERVATION,LEO,,True
YAOGAN 13,37941,PAYLOAD,Sun-Synchronous,China,Military,2011-11-29,2025-02-22,87.39,97.68,149,141,2011,,LARGE,PRC,EARTH OBSERVATION,LEO,,False
LUCH 5A,37951,PAYLOAD,,Russia,Government,2011-12-11,,1436.16,7.68,35799,35776,2011,950,LARGE,CIS,COMMUNICATIONS,GEO,,True
ELISA W11,38007,PAYLOAD,Sun-Synchronous,France,Military,2011-12-17,,,,,,2011,120,,FR,EARTH OBSERVATION,LEO,,True
ELISA E24,38008,PAYLOAD,Sun-Synchronous,France,Military,2011-12-17,,,,,,2011,120,,FR,EARTH OBSERVATION,LEO,,True
ELISA W23,38009,PAYLOAD,Sun-Synchronous,France,Military,2011-12-17,,,,,,2011,120,,FR,EARTH OBSERVATION,LEO,,True
ELISA E12,38010,PAYLOAD,Sun-Synchronous,France,Military,2011-12-17,,,,,,2011,120,,FR,EARTH OBSERVATION,LEO,,True
SSOT,38011,PAYLOAD,Sun-Synchronous,Chile,Government/Military,2011-12-17,,97.17,97.86,624,622,2011,117,MEDIUM,CHLE,EARTH OBSERVATION,LEO,,True
ZY 1,38038,PAYLOAD,Sun-Synchronous,China,Government,2011-12-22,,100.16,98.46,772,761,2011,1500,LARGE,PRC,EARTH OBSERVATION,LEO,,True
USA 234,38109,PAYLOAD,Non-Polar Inclined,USA,Military,2012-04-03,,107.35,123,1107,1100,2012,,,US,EARTH OBSERVATION,LEO,,True
YAHSAT 1B,38245,PAYLOAD,,United Arab Emirates,Military/Commercial,2012-04-23,,1436.13,0.1,35800,35774,2012,6000,LARGE,UAE,COMMUNICATIONS,GEO,,True
RISAT 1,38248,PAYLOAD,Sun-Synchronous,India,Military,2012-04-26,,93.56,97.5,450,447,2012,1858,LARGE,IND,EARTH OBSERVATION,LEO,,True
TIANHUI 1-02,38256,PAYLOAD,Sun-Synchronous,China,Government,2012-05-06,,92.29,97.62,393,381,2012,2500,LARGE,PRC,EARTH OBSERVATION,LEO,,True
YAOGAN 14,38257,PAYLOAD,Sun-Synchronous,China,Military,2012-05-10,,94.49,97.25,496,492,2012,,LARGE,PRC,EARTH OBSERVATION,LEO,,True
CHINASAT 2A,38352,PAYLOAD,,China,Military/Government,2012-05-26,,1436.05,0.36,35790,35781,2012,5200,LARGE,PRC,COMMUNICATIONS,GEO,,True
YAOGAN 15,38354,PAYLOAD,Polar,China,Military,2012-05-29,,109.23,100.76,1210,1172,2012,1040,LARGE,PRC,EARTH OBSERVATION,LEO,,True
USA 236,38466,PAYLOAD,,USA,Military,2012-06-20,,1436.1,6.6,35816,35757,2012,,,US,COMMUNICATIONS,GEO,,True
USA 237,38528,PAYLOAD,,USA,Military,2012-06-29,,1436.08,6.16,35946,35627,2012,5000,,US,EARTH OBSERVATION,GEO,,True
TIANLIAN 1-03,38730,PAYLOAD,,China,Government,2012-07-25,,1455.69,4.81,36231,36107,2012,2200,LARGE,PRC,COMMUNICATIONS,GEO,,True
RBSP A,38752,PAYLOAD,,USA,Government,2012-08-30,,382.84,9.73,21984,190,2012,647.6,LARGE,US,EARTH OBSERVATION,ELLIPTICAL,,True
RBSP B,38753,PAYLOAD,,USA,Government,2012-08-30,,420.06,10.15,24191,212,2012,666,LARGE,US,EARTH OBSERVATION,ELLIPTICAL,,True
USA 238,38758,PAYLOAD,Non-Polar Inclined,USA,Military,2012-09-13,,107.39,63.43,1308,903,2012,6500,,US,EARTH OBSERVATION,LEO,,True
SMDC ONE 1.2,38759,PAYLOAD,Non-Polar Inclined,USA,Military,2012-09-13,,95.29,64.66,628,437,2012,3,SMALL,US,TECHNOLOGY DEVELOPMENT,LEO,,True
AENEAS,38760,PAYLOAD,Equatorial,USA,Government,2012-09-13,,92.62,64.64,416,390,2012,3,,US,TECHNOLOGY DEVELOPMENT,LEO,,True
CINEMA,38764,PAYLOAD,Non-Polar Inclined,USA,Civil,2012-09-13,,94.48,64.65,572,415,2012,3.15,SMALL,US,SPACE SCIENCE,LEO,,True
SMDC ONE 1.1,38766,PAYLOAD,Non-Polar Inclined,USA,Military,2012-09-13,,92.48,64.64,441,351,2012,4.5,SMALL,US,TECHNOLOGY DEVELOPMENT,LEO,,True
SJ-9A,38860,PAYLOAD,Sun-Synchronous,China,Government,2012-10-14,,97.02,97.62,634,598,2012,,LARGE,PRC,TECHNOLOGY DEVELOPMENT,LEO,,True
SJ-9B,38861,PAYLOAD,Sun-Synchronous,China,Government,2012-10-14,,96.71,97.57,613,590,2012,,MEDIUM,PRC,TECHNOLOGY DEVELOPMENT,LEO,,True
LUCH 5B,38977,PAYLOAD,,Russia,Government,2012-11-02,,1436.09,9.57,35791,35782,2012,1282,LARGE,CIS,COMMUNICATIONS,GEO,,True
YAMAL 300K,38978,PAYLOAD,,Russia,Commercial,2012-11-02,,1436.14,0.01,35790,35785,2012,1640,LARGE,CIS,COMMUNICATIONS,GEO,,True
FENGNIAO 1 (FN-1),38998,PAYLOAD,Sun-Synchronous,China,Government,2012-11-18,2024-01-11,87.11,97.05,136,126,2012,160,MEDIUM,PRC,TECHNOLOGY DEVELOPMENT,LEO,,False
XINYAN 1 (XY-1),38999,PAYLOAD,Sun-Synchronous,China,Government,2012-11-18,2019-10-05,91.53,97.22,350,349,2012,,MEDIUM,PRC,TECHNOLOGY DEVELOPMENT,LEO,,False
YAOGAN 16A,39011,PAYLOAD,Non-Polar Inclined,China,Military,2012-11-25,,107.03,63.36,1388,790,2012,,LARGE,PRC,EARTH OBSERVATION,LEO,,True
YAOGAN 16B,39012,PAYLOAD,Non-Polar Inclined,China,Military,2012-11-25,,107.03,63.36,1388,790,2012,,LARGE,PRC,EARTH OBSERVATION,LEO,,True
YAOGAN 16C,39013,PAYLOAD,Non-Polar Inclined,China,Military,2012-11-25,,107.03,63.36,1389,790,2012,,LARGE,PRC,EARTH OBSERVATION,LEO,,True
CHINASAT 12,39017,PAYLOAD,,China,Government,2012-11-27,,1436.08,0.03,35799,35774,2012,5500,LARGE,PRC,COMMUNICATIONS,GEO,,True
NEOSSAT,39089,PAYLOAD,Sun-Synchronous,Canada,Government,2013-02-25,,100.31,98.41,782,764,2013,74,MEDIUM,CA,SPACE OBSERVATION,LEO,,True
BRITE-A TUGSAT-1,39091,PAYLOAD,Sun-Synchronous,Austria,Civil,2013-02-25,,100.26,98.39,779,763,2013,14,MEDIUM,ASRA,TECHNOLOGY DEVELOPMENT,LEO,,True
O3B FM5,39188,PAYLOAD,Equatorial,United Kingdom,Commercial,2013-06-25,,287.93,0.05,8070,8062,2013,700,LARGE,O3B,COMMUNICATIONS,MEO,,True
O3B FM4,39189,PAYLOAD,Equatorial,United Kingdom,Commercial,2013-06-25,,287.93,0.04,8070,8062,2013,700,LARGE,O3B,COMMUNICATIONS,MEO,,True
O3B FM2,39190,PAYLOAD,Equatorial,United Kingdom,Commercial,2013-06-25,,287.93,0.05,8070,8062,2013,700,LARGE,O3B,COMMUNICATIONS,MEO,,True
O3B PFM,39191,PAYLOAD,Equatorial,United Kingdom,Commercial,2013-06-25,,287.93,0.05,8070,8062,2013,700,LARGE,O3B,COMMUNICATIONS,MEO,,True
SJ-11-05,39202,PAYLOAD,Sun-Synchronous,China,Government,2013-07-15,,98.36,98.27,688,672,2013,,LARGE,PRC,TECHNOLOGY DEVELOPMENT,LEO,,True
PAYLOAD A,39208,PAYLOAD,Sun-Synchronous,China,Military,2013-07-19,,97.86,98.08,663,650,2013,,LARGE,PRC,TECHNOLOGY DEVELOPMENT,LEO,,True
PAYLOAD B,39209,PAYLOAD,Sun-Synchronous,China,Government,2013-07-19,,97.74,98.08,654,647,2013,200,LARGE,PRC,TECHNOLOGY DEVELOPMENT,LEO,,True
PAYLOAD C,39210,PAYLOAD,Sun-Synchronous,China,Government,2013-07-19,,97.91,98.09,664,654,2013,,LARGE,PRC,TECHNOLOGY DEVELOPMENT,LEO,,True
INSAT 3D,39216,PAYLOAD,,India,Government,2013-07-25,,1436.06,0.84,35792,35779,2013,2090,LARGE,IND,EARTH OBSERVATION,GEO,,True
YAOGAN 17A,39239,PAYLOAD,Non-Polar Inclined,China,Military,2013-09-01,,107.03,63.39,1380,798,2013,,LARGE,PRC,EARTH OBSERVATION,LEO,,True
YAOGAN 17B,39240,PAYLOAD,Non-Polar Inclined,China,Military,2013-09-01,,107.03,63.39,1380,799,2013,,LARGE,PRC,EARTH OBSERVATION,LEO,,True
YAOGAN 17C,39241,PAYLOAD,Non-Polar Inclined,China,Military,2013-09-01,,107.03,63.39,1380,798,2013,,LARGE,PRC,EARTH OBSERVATION,LEO,,True
FENGYUN 3C,39260,PAYLOAD,Sun-Synchronous,China,Government,2013-09-23,,101.72,98.45,851,829,2013,2300,LARGE,PRC,EARTH OBSERVATION,LEO,,True
SJ-16,39358,PAYLOAD,Polar,China,Government,2013-10-25,,96.57,74.97,606,582,2013,,LARGE,PRC,TECHNOLOGY DEVELOPMENT,LEO,,True
YAOGAN 19,39410,PAYLOAD,Sun-Synchronous,China,Military,2013-11-20,,109.46,100.07,1209,1195,2013,,LARGE,PRC,EARTH OBSERVATION,LEO,,True
APRIZESAT 7,39416,PAYLOAD,Sun-Synchronous,Canada,Commercial,2013-11-21,,96.65,97.72,624,572,2013,12,MEDIUM,US,COMMUNICATIONS,LEO,,True
ZACUBE,39417,PAYLOAD,Sun-Synchronous,South Africa,Civil,2013-11-21,,96.25,97.78,609,549,2013,2,SMALL,SAFR,TECHNOLOGY DEVELOPMENT/EDUCATIONAL,LEO,,True
SKYSAT 1,39418,PAYLOAD,Sun-Synchronous,USA,Commercial,2013-11-21,,95.39,97.44,552,522,2013,,MEDIUM,US,EARTH OBSERVATION,LEO,,True
OPTOS,39420,PAYLOAD,Sun-Synchronous,Spain,Government,2013-11-21,,97.93,97.74,743,576,2013,3,SMALL,SPN,TECHNOLOGY DEVELOPMENT,LEO,,True
APRIZESAT 8,39425,PAYLOAD,Sun-Synchronous,USA/Argentina,Commercial,2013-11-21,,96.88,97.77,641,577,2013,12,MEDIUM,US,COMMUNICATIONS/MARITIME TRACKING,LEO,,True
GOMX 1,39430,PAYLOAD,Sun-Synchronous,Denmark,Commercial,2013-11-21,,98.13,97.69,763,576,2013,5,SMALL,DEN,TECHNOLOGY DEVELOPMENT,LEO,,True
CUBEBUG 2,39440,PAYLOAD,Sun-Synchronous,Argentina,Civil,2013-11-21,,96.68,97.85,643,556,2013,2,MEDIUM,ARGN,TECHNOLOGY DEVELOPMENT,LEO,,True
FUNCUBE 1,39444,PAYLOAD,Sun-Synchronous,Netherlands,Civil,2013-11-21,,95.91,97.77,591,534,2013,1,SMALL,UK,COMMUNICATIONS,LEO,,True
SHIYAN 5 (SY-5),39455,PAYLOAD,Sun-Synchronous,China,Government,2013-11-25,,99.77,98.13,758,737,2013,204,LARGE,PRC,EARTH OBSERVATION,LEO,,True
USA 247,39462,PAYLOAD,Non-Polar Inclined,USA,Military,2013-12-06,,107.35,122.99,1106,1102,2013,,,US,EARTH OBSERVATION,LEO,,True
ALICE,39467,PAYLOAD,Polar,USA,Military,2013-12-06,,96.03,120.46,694,443,2013,5,SMALL,US,TECHNOLOGY DEVELOPMENT,LEO,,True
SNAP-3,39468,PAYLOAD,Polar,USA,Military,2013-12-06,,88.44,120.45,209,186,2013,,SMALL,US,COMMUNICATIONS,LEO,,True
SMDC ONE 2.4,39472,PAYLOAD,Polar,USA,Military,2013-12-06,,94.48,120.5,578,409,2013,5,SMALL,US,TECHNOLOGY DEVELOPMENT,LEO,,True
TACSAT 6,39473,PAYLOAD,Polar,USA,Military,2013-12-06,,94.64,120.48,591,411,2013,,SMALL,US,TECHNOLOGY DEVELOPMENT,LEO,,True
SMDC ONE 2.3,39474,PAYLOAD,Polar,USA,Military,2013-12-06,,94.62,120.47,588,413,2013,5,SMALL,US,TECHNOLOGY DEVELOPMENT,LEO,,True
TKSAT 1,39481,PAYLOAD,,Bolivia,Government,2013-12-20,,1436.15,0.01,35802,35774,2013,5000,LARGE,BOL,COMMUNICATIONS,GEO,,True
GPM,39574,PAYLOAD,Non-Polar Inclined,USA/Japan,Government,2014-02-27,,93.2,64.98,438,425,2014,3850,LARGE,JPN,EARTH OBSERVATION,LEO,,True
SJ-11-06,39624,PAYLOAD,Sun-Synchronous,China,Government,2014-03-31,,98.54,97.99,698,680,2014,,LARGE,PRC,TECHNOLOGY DEVELOPMENT,LEO,,True
USA 250,39652,PAYLOAD,,USA,Military,2014-04-10,,1436.4,4.06,35800,35773,2014,3900,,US,EARTH OBSERVATION,GEO,,True
USA 252,39751,PAYLOAD,,USA,Military,2014-05-22,,1436.1,6.16,35797,35776,2014,,,US,COMMUNICATIONS,GEO,,True
UNIFORM 1,39767,PAYLOAD,Sun-Synchronous,Japan,Civil,2014-05-24,,96.45,97.81,591,586,2014,50,MEDIUM,JPN,EARTH OBSERVATION,LEO,,True
SOCRATES,39768,PAYLOAD,Sun-Synchronous,Japan,Commercial,2014-05-24,,96.49,97.88,594,587,2014,48,MEDIUM,JPN,TECHNOLOGY DEVELOPMENT,LEO,,True
RISING 2,39769,PAYLOAD,Sun-Synchronous,Japan,Civil,2014-05-24,,96.48,97.7,591,588,2014,41,MEDIUM,JPN,EARTH OBSERVATION,LEO,,True
SPROUT,39770,PAYLOAD,Sun-Synchronous,Japan,Civil,2014-05-24,2024-08-11,91.48,98,356,339,2014,7.1,MEDIUM,JPN,TECHNOLOGY DEVELOPMENT,LEO,,False
HODOYOSHI 4,40011,PAYLOAD,Sun-Synchronous,Japan,Government,2014-06-19,,96.87,97.56,625,593,2014,60,MEDIUM,JPN,TECHNOLOGY DEVELOPMENT,LEO,,True
BUGSAT 1,40014,PAYLOAD,Sun-Synchronous,Argentina,Commercial,2014-06-19,,95.35,98.08,557,513,2014,25,MEDIUM,ARGN,TECHNOLOGY DEVELOPMENT,LEO,,True
HODOYOSHI 3,40015,PAYLOAD,Sun-Synchronous,Japan,Government,2014-06-19,,97.05,97.61,640,595,2014,60,MEDIUM,JPN,TECHNOLOGY DEVELOPMENT,LEO,,True
APRIZESAT 9,40018,PAYLOAD,Sun-Synchronous,USA,Commercial,2014-06-19,,97.73,97.85,698,602,2014,12,MEDIUM,US,COMMUNICATIONS/MARITIME TRACKING,LEO,,True
APRIZESAT 10,40019,PAYLOAD,Sun-Synchronous,USA/Argentina,Commercial,2014-06-19,,97.95,97.91,717,604,2014,12,MEDIUM,US,COMMUNICATIONS/MARITIME TRACKING,LEO,,True
BRITE TORONTO,40020,PAYLOAD,Sun-Synchronous,Canada,Civil,2014-06-19,,97.86,97.92,713,600,2014,10,MEDIUM,CA,SPACE SCIENCE,LEO,,True
PERSEUS M2,40037,PAYLOAD,Sun-Synchronous,Russia,Commercial,2014-06-19,,96.42,97.95,595,580,2014,6,MEDIUM,CIS,COMMUNICATIONS,LEO,,True
PERSEUS M1,40039,PAYLOAD,Sun-Synchronous,Russia,Commercial,2014-06-19,,96.42,97.93,594,580,2014,6,MEDIUM,CIS,COMMUNICATIONS,LEO,,True
POLYITAN 1,40042,PAYLOAD,Sun-Synchronous,Ukraine,Civil,2014-06-19,,94.92,98.1,522,507,2014,1,SMALL,UKR,TECHNOLOGY DEVELOPMENT,LEO,,True
TIGRISAT,40043,PAYLOAD,Sun-Synchronous,Iraq,Civil,2014-06-19,,97.12,97.73,657,585,2014,1,SMALL,IRAQ,EARTH OBSERVATION,LEO,,True
LEMUR 1,40044,PAYLOAD,Sun-Synchronous,USA,Commercial,2014-06-19,,97.12,97.73,656,585,2014,10,SMALL,US,TECHNOLOGY DEVELOPMENT,LEO,,True
CANX-4,40055,PAYLOAD,Sun-Synchronous,Canada,Government/Civil,2014-06-30,,97.29,98.37,637,621,2014,15,MEDIUM,CA,TECHNOLOGY DEVELOPMENT,LEO,,True
CANX-5,40056,PAYLOAD,Sun-Synchronous,Canada,Government/Civil,2014-06-30,,97.29,98.37,637,621,2014,15,MEDIUM,CA,TECHNOLOGY DEVELOPMENT,LEO,,True
MKA PN2 (RELEK),40070,PAYLOAD,Sun-Synchronous,Russia,Government,2014-07-08,,98.97,98.03,802,617,2014,253,LARGE,CIS,EARTH OBSERVATION,LEO,,True
SKYSAT 2,40072,PAYLOAD,Sun-Synchronous,USA,Commercial,2014-07-08,,96.88,98.34,613,606,2014,90,MEDIUM,US,EARTH OBSERVATION,LEO,,True
O3B FM3,40079,PAYLOAD,Equatorial,United Kingdom,Commercial,2014-07-10,,287.93,0.05,8073,8059,2014,650,LARGE,O3B,COMMUNICATIONS,MEO,,True
O3B FM7,40080,PAYLOAD,Equatorial,United Kingdom,Commercial,2014-07-10,,287.93,0.05,8070,8062,2014,650,LARGE,O3B,COMMUNICATIONS,MEO,,True
O3B FM6,40081,PAYLOAD,Equatorial,United Kingdom,Commercial,2014-07-10,,287.93,0.05,8070,8062,2014,650,LARGE,O3B,COMMUNICATIONS,MEO,,True
O3B FM8,40082,PAYLOAD,Equatorial,United Kingdom,Commercial,2014-07-10,,287.93,0.05,8070,8062,2014,650,LARGE,O3B,COMMUNICATIONS,MEO,,True
USA 254,40100,PAYLOAD,,USA,Military,2014-07-28,,1452.64,3.43,36122,36098,2014,500,,US,SPACE OBSERVATION,GEO,,True
YAOGAN 20A,40109,PAYLOAD,Non-Polar Inclined,China,Military,2014-08-09,,107.03,63.39,1353,825,2014,,LARGE,PRC,EARTH OBSERVATION,LEO,,True
YAOGAN 20B,40110,PAYLOAD,Non-Polar Inclined,China,Military ,2014-08-09,,107.03,63.39,1353,825,2014,,LARGE,PRC,EARTH OBSERVATION,LEO,,True
YAOGAN 20C,40111,PAYLOAD,Non-Polar Inclined,China,Military,2014-08-09,,107.03,63.38,1353,825,2014,,LARGE,PRC,EARTH OBSERVATION,LEO,,True
LING QIAO,40136,PAYLOAD,Sun-Synchronous,China,Commercial,2014-09-04,,100.69,98.69,806,777,2014,100,MEDIUM,PRC,TECHNOLOGY DEVELOPMENT,LEO,,True
CHUANG XIN 1-04,40137,PAYLOAD,Sun-Synchronous,China,Government,2014-09-04,,100.68,98.69,806,775,2014,100,MEDIUM,PRC,EARTH OBSERVATION,LEO,,True
YAOGAN 21,40143,PAYLOAD,Sun-Synchronous,China,Military,2014-09-08,,94.5,97.2,505,484,2014,,LARGE,PRC,EARTH OBSERVATION,LEO,,True
TIANTUO 2,40144,PAYLOAD,Sun-Synchronous,China,Government,2014-09-08,2025-02-01,87.06,97.07,136,121,2014,67,MEDIUM,PRC,EARTH OBSERVATION/COMMUNICATIONS,LEO,,False
USA 257,40208,PAYLOAD,,USA,Military,2014-09-17,,1435.99,0.1,35862,35707,2014,,,US,COMMUNICATIONS,GEO,,True
SJ-11-07,40261,PAYLOAD,Sun-Synchronous,China,Government,2014-09-28,,98.42,98.04,691,675,2014,,LARGE,PRC,TECHNOLOGY DEVELOPMENT,LEO,,True
YAOGAN 22,40275,PAYLOAD,Sun-Synchronous,China,Military,2014-10-20,,109.46,100.71,1207,1197,2014,,LARGE,PRC,EARTH OBSERVATION,LEO,,True
SJ-11-08,40286,PAYLOAD,Sun-Synchronous,China,Government,2014-10-27,,98.27,98.29,686,666,2014,,LARGE,PRC,TECHNOLOGY DEVELOPMENT,LEO,,True
QSAT-EOS,40301,PAYLOAD,Sun-Synchronous,Japan,Civil,2014-11-06,2023-12-03,87.18,97.11,141,128,2014,49,MEDIUM,JPN,EARTH OBSERVATION,LEO,,False
YAOGAN 23,40305,PAYLOAD,Sun-Synchronous,China,Military,2014-11-14,2024-12-12,87.43,97.66,150,144,2014,,LARGE,PRC,EARTH OBSERVATION,LEO,,False
YAOGAN 24,40310,PAYLOAD,Sun-Synchronous,China,Military,2014-11-20,,97.56,98.09,652,632,2014,,LARGE,PRC,EARTH OBSERVATION,LEO,,True
YAOGAN 25A,40338,PAYLOAD,Non-Polar Inclined,China,Military,2014-12-10,,107.03,63.39,1335,843,2014,,LARGE,PRC,EARTH OBSERVATION,LEO,,True
YAOGAN 25B,40339,PAYLOAD,Non-Polar Inclined,China,Military,2014-12-10,,107.03,63.39,1335,843,2014,,LARGE,PRC,EARTH OBSERVATION,LEO,,True
YAOGAN 25C,40340,PAYLOAD,Non-Polar Inclined,China,Military,2014-12-10,,107.03,63.39,1335,844,2014,,LARGE,PRC,EARTH OBSERVATION,LEO,,True
USA 259,40344,PAYLOAD,Molniya,USA,Military,2014-12-13,,717.83,62.89,38284,2073,2014,4200,,US,EARTH OBSERVATION,ELLIPTICAL,,True
O3B FM10,40348,PAYLOAD,Equatorial,United Kingdom,Commercial,2014-12-18,,287.93,0.05,8068,8064,2014,650,LARGE,O3B,COMMUNICATIONS,MEO,,True
O3B FM11,40349,PAYLOAD,Equatorial,United Kingdom,Commercial,2014-12-18,,287.93,0.05,8070,8062,2014,650,LARGE,O3B,COMMUNICATIONS,MEO,,True
O3B FM12,40350,PAYLOAD,Equatorial,United Kingdom,Commercial,2014-12-18,,287.93,0.05,8070,8062,2014,650,LARGE,O3B,COMMUNICATIONS,MEO,,True
O3B FM9,40351,PAYLOAD,Equatorial,United Kingdom,Commercial,2014-12-18,,287.93,0.05,8070,8062,2014,650,LARGE,O3B,COMMUNICATIONS,MEO,,True
COSMOS 2502,40358,PAYLOAD,Non-Polar Inclined,Russia,Military,2014-12-25,,103.02,67.15,907,896,2014,5000,LARGE,CIS,EARTH OBSERVATION,LEO,,True
YAOGAN 26,40362,PAYLOAD,Sun-Synchronous,China,Military,2014-12-27,,94.04,97.07,478,466,2014,,LARGE,PRC,EARTH OBSERVATION,LEO,,True
FENGYUN 2G,40367,PAYLOAD,,China,Government,2014-12-31,,1436.23,4.57,35798,35780,2014,1390,LARGE,PRC,EARTH OBSERVATION,GEO,,True
MUOS 3,40374,PAYLOAD,,USA,Military,2015-01-21,,1436.09,3.74,36006,35567,2015,6804,LARGE,US,COMMUNICATIONS,GEO,,True
EXOCUBE,40380,PAYLOAD,Elliptical,USA,Government/Civil,2015-01-31,2024-06-30,87.33,99.07,149,136,2015,4,SMALL,US,EARTH OBSERVATION,LEO,,False
COSMOS 2504,40555,PAYLOAD,Polar,Russia,Military,2015-03-31,,105.8,82.52,1483,581,2015,,MEDIUM,CIS,TECHNOLOGY DEVELOPMENT,LEO,,True
GEARRS-2,40657,PAYLOAD,Non-Polar Inclined,USA,Government,2015-05-20,,91.24,55.01,376,294,2015,10,,US,TECHNOLOGY DEVELOPMENT,LEO,,True
CARBONITE 1,40718,PAYLOAD,Sun-Synchronous,United Kingdom,Commercial,2015-07-10,,97.2,97.65,634,615,2015,91,MEDIUM,UK,TECHNOLOGY DEVELOPMENT,LEO,,True
YAOGAN 27,40878,PAYLOAD,Sun-Synchronous,China,Military,2015-08-27,,109.42,100.09,1207,1193,2015,,LARGE,PRC,EARTH OBSERVATION,LEO,,True
MUOS 4,40887,PAYLOAD,,USA,Military,2015-09-02,,1436.1,3.58,36036,35537,2015,6804,LARGE,US,COMMUNICATIONS,GEO,,True
TJS-1,40892,PAYLOAD,,China,Government,2015-09-12,,1436.1,0.04,35796,35777,2015,,LARGE,PRC,TECHNOLOGY DEVELOPMENT,GEO,,True
ZDPS 2A,40901,PAYLOAD,Sun-Synchronous,China,Civil,2015-09-19,2024-01-19,87.71,97.39,166,156,2015,12,MEDIUM,PRC,TECHNOLOGY DEVELOPMENT,LEO,,False
ZDPS 2B,40902,PAYLOAD,Sun-Synchronous,China,Civil,2015-09-19,2023-12-27,87.5,97.41,151,151,2015,12,MEDIUM,PRC,TECHNOLOGY DEVELOPMENT,LEO,,False
XW-2A,40903,PAYLOAD,Sun-Synchronous,China,Civil,2015-09-19,2023-04-25,87.17,97.08,142,127,2015,25,MEDIUM,PRC,COMMUNICATIONS,LEO,,False
KAITUO 1A,40904,PAYLOAD,Sun-Synchronous,China,Government,2015-09-19,2024-11-16,87.36,97.44,149,139,2015,130,MEDIUM,PRC,TECHNOLOGY DEVELOPMENT,LEO,,False
XW-2C,40906,PAYLOAD,Sun-Synchronous,China,Civil,2015-09-19,2025-02-21,88.02,97.43,181,173,2015,10,SMALL,PRC,COMMUNICATIONS,LEO,,False
XW-2D,40907,PAYLOAD,Sun-Synchronous,China,Civil,2015-09-19,2024-11-19,87.3,97.42,146,136,2015,10,SMALL,PRC,COMMUNICATIONS,LEO,,False
LILACSAT 2,40908,PAYLOAD,Sun-Synchronous,China,Civil,2015-09-19,,93.65,97.51,459,447,2015,11,SMALL,PRC,TECHNOLOGY DEVELOPMENT,LEO,,True
XW-2F,40910,PAYLOAD,Sun-Synchronous,China,Civil,2015-09-19,2024-04-09,87.41,97.4,153,139,2015,2,SMALL,PRC,COMMUNICATIONS,LEO,,False
XW-2B,40911,PAYLOAD,Sun-Synchronous,China,Civil,2015-09-19,2024-11-23,87.55,97.43,158,148,2015,10,SMALL,PRC,COMMUNICATIONS,LEO,,False
KAITUO 1B,40912,PAYLOAD,Sun-Synchronous,China,Civil,2015-09-19,2024-01-21,87.5,97.37,157,145,2015,3,SMALL,PRC,TECHNOLOGY DEVELOPMENT,LEO,,False
PUJIANG 1 (PJ-1),40925,PAYLOAD,Sun-Synchronous,China,Government,2015-09-25,2024-03-08,87.22,97.07,142,132,2015,,MEDIUM,PRC,TECHNOLOGY DEVELOPMENT,LEO,,False
LAPAN A2,40931,PAYLOAD,Equatorial,Indonesia,Government,2015-09-28,,97.39,6,643,625,2015,68,MEDIUM,INDO,EARTH OBSERVATION,LEO,,True
LEMUR 2 JOEL,40932,PAYLOAD,Equatorial,USA,Commercial,2015-09-28,,97.06,6.01,626,609,2015,10,SMALL,US,EARTH OBSERVATION,LEO,,True
LEMUR 2 CHRIS,40933,PAYLOAD,Equatorial,USA,Commercial,2015-09-28,,97,6,624,606,2015,10,SMALL,US,EARTH OBSERVATION,LEO,,True
LEMUR 2 JEROEN,40934,PAYLOAD,Equatorial,USA,Commercial,2015-09-28,,97.09,6.01,626,612,2015,10,SMALL,US,EARTH OBSERVATION,LEO,,True
LEMUR 2 PETER,40935,PAYLOAD,Equatorial,USA,Commercial,2015-09-28,,97.11,6,628,613,2015,10,SMALL,US,EARTH OBSERVATION,LEO,,True
EXACTVIEW 9,40936,PAYLOAD,Equatorial,Canada,Commercial,2015-09-28,,97.32,6,638,623,2015,6,SMALL,CA,COMMUNICATIONS,LEO,,True
LQSAT,40958,PAYLOAD,Sun-Synchronous,China,Commercial,2015-10-07,,97.56,97.66,654,630,2015,55,MEDIUM,PRC,EARTH OBSERVATION,LEO,,True
LINGQIAO VIDEO A,40959,PAYLOAD,Sun-Synchronous,China,Commercial,2015-10-07,,97.53,97.65,652,629,2015,95,MEDIUM,PRC,EARTH OBSERVATION,LEO,,True
LINGQIAO VIDEO B,40960,PAYLOAD,Sun-Synchronous,China,Commercial,2015-10-07,,97.52,97.65,652,628,2015,95,MEDIUM,PRC,EARTH OBSERVATION,LEO,,True
JILIN 1,40961,PAYLOAD,Sun-Synchronous,China,Commercial,2015-10-07,,97.48,97.65,650,626,2015,400,LARGE,PRC,EARTH OBSERVATION,LEO,,True
USA 264,40964,PAYLOAD,Non-Polar Inclined,USA,Military,2015-10-08,,107.39,63.43,1235,977,2015,6500,,US,EARTH OBSERVATION,LEO,,True
AEROCUBE 5C,40965,PAYLOAD,Non-Polar Inclined,USA,Commercial,2015-10-08,,97.67,64.78,789,505,2015,1.5,,US,TECHNOLOGY DEVELOPMENT,LEO,,True
AEROCUBE 7,40966,PAYLOAD,Non-Polar Inclined,USA,Commercial,2015-10-08,,96.56,64.76,707,480,2015,2,MEDIUM,US,TECHNOLOGY DEVELOPMENT,LEO,,True
BISONSAT,40968,PAYLOAD,Non-Polar Inclined,USA,Civil,2015-10-08,,96.56,64.77,704,484,2015,1,SMALL,US,EARTH OBSERVATION/TECHNOLOGY DEVELOPMENT,LEO,,True
SNAP-3 ALICE,40970,PAYLOAD,Non-Polar Inclined,USA,Military,2015-10-08,,94.85,64.77,578,444,2015,4.5,MEDIUM,US,TECHNOLOGY DEVELOPMENT,LEO,,True
SNAP-3 EDDIE,40972,PAYLOAD,Non-Polar Inclined,USA,Military,2015-10-08,,94.83,64.76,580,440,2015,5,MEDIUM,US,TECHNOLOGY DEVELOPMENT,LEO,,True
PROPCUBE 3,40973,PAYLOAD,Non-Polar Inclined,USA,Military,2015-10-08,,96.62,64.77,712,482,2015,1,SMALL,US,SPACE SCIENCE,LEO,,True
SINOD-D 1,40974,PAYLOAD,Non-Polar Inclined,USA,Commercial,2015-10-08,,95.7,64.76,642,463,2015,2,SMALL,US,TECHNOLOGY DEMONSTRATION,LEO,,True
SNAP-3 JIMI,40975,PAYLOAD,Non-Polar Inclined,USA,Military,2015-10-08,,96.25,64.77,683,475,2015,5,SMALL,US,TECHNOLOGY DEVELOPMENT,LEO,,True
PROPCUBE 1,40976,PAYLOAD,Non-Polar Inclined,USA,Military,2015-10-08,,96.89,64.77,728,492,2015,1,MEDIUM,US,SPACE SCIENCE,LEO,,True
SINOD-D 3,40977,PAYLOAD,Non-Polar Inclined,USA,Commercial,2015-10-08,,96.66,64.77,710,487,2015,2,SMALL,US,TECHNOLOGY DEMONSTRATION,LEO,,True
TIANHUI 1-03,40988,PAYLOAD,Sun-Synchronous,China,Government,2015-10-26,,91.94,97.5,371,368,2015,2500,LARGE,PRC,EARTH OBSERVATION,LEO,,True
YAOGAN 28,41026,PAYLOAD,Sun-Synchronous,China,Military,2015-11-08,,94.5,97.25,503,486,2015,1040,LARGE,PRC,EARTH OBSERVATION,LEO,,True
COSMOS 2510,41032,PAYLOAD,Molniya,Russia,Military,2015-11-17,,718.97,63.06,39276,1137,2015,,LARGE,CIS,EARTH OBSERVATION,ELLIPTICAL,,True
YAOGAN 29,41038,PAYLOAD,Sun-Synchronous,China,Military,2015-11-26,,97.13,98.04,622,621,2015,1040,LARGE,PRC,EARTH OBSERVATION,LEO,,True
COSMOS 2513,41121,PAYLOAD,,Russia,Military,2015-12-13,,1436.13,0.06,35802,35772,2015,5000,LARGE,CIS,COMMUNICATIONS,GEO,,True
VELOX C1,41166,PAYLOAD,Equatorial,Singapore,Civil,2015-12-16,,93.87,14.98,469,459,2015,123,MEDIUM,SING,TECHNOLOGY DEVELOPMENT,LEO,,True
KENT RIDGE 1,41167,PAYLOAD,Equatorial,Singapore,Civil,2015-12-16,,94.76,14.98,513,501,2015,78,MEDIUM,SING,EARTH OBSERVATION,LEO,,True
ATHENOXAT 1,41168,PAYLOAD,Equatorial,Singapore,Commercial,2015-12-16,2023-08-08,88.86,14.98,222,214,2015,6,MEDIUM,SING,TECHNOLOGY DEVELOPMENT,LEO,,False
VELOX 2,41171,PAYLOAD,Equatorial,Singapore,Civil,2015-12-16,2024-07-22,89.62,14.98,260,251,2015,13,MEDIUM,SING,TECHNOLOGY DEVELOPMENT,LEO,,False
USA 267,41334,PAYLOAD,Non-Polar Inclined,USA,Military,2016-02-10,,107.34,123,1107,1101,2016,,,US,EARTH OBSERVATION,LEO,,True
AAUSAT 4,41460,PAYLOAD,Sun-Synchronous,Denmark,Civil,2016-04-25,2023-09-08,87.89,98.12,173,167,2016,1,SMALL,DEN,EARTH OBSERVATION,LEO,,False
YAOGAN 30,41473,PAYLOAD,Sun-Synchronous,China,Military,2016-05-15,,97.55,97.96,653,629,2016,2700,LARGE,PRC,EARTH OBSERVATION,LEO,,True
USA 268,41584,PAYLOAD,,USA,Military,2016-06-11,,1436.04,6.54,35976,35595,2016,5000,,US,EARTH OBSERVATION,GEO,,True
SKYSAT C1,41601,PAYLOAD,Sun-Synchronous,USA,Commercial,2016-06-22,,94.12,97.01,479,473,2016,110,MEDIUM,US,EARTH OBSERVATION,LEO,,True
GHGSAT-D,41602,PAYLOAD,Sun-Synchronous,Canada,Commercial,2016-06-22,2024-12-11,87.21,97.04,140,133,2016,15,MEDIUM,CA,EARTH SCIENCE,LEO,,False
LAPAN A3,41603,PAYLOAD,Sun-Synchronous,Indonesia,Government,2016-06-22,,94.15,97.14,486,468,2016,115,MEDIUM,INDO,EARTH OBSERVATION,LEO,,True
BIROS,41604,PAYLOAD,Sun-Synchronous,Germany,Government,2016-06-22,,92.37,97.09,394,387,2016,130,MEDIUM,GER,EARTH OBSERVATION,LEO,,True
M3MSAT,41605,PAYLOAD,Sun-Synchronous,Canada,Government,2016-06-22,,92.37,97.09,395,387,2016,85,MEDIUM,CA,EARTH OBSERVATION,LEO,,True
MUOS 5,41622,PAYLOAD,,USA,Military,2016-06-24,,1436.09,3.15,36599,34974,2016,6804,LARGE,US,COMMUNICATIONS,GEO,,True
SJ 16-02,41634,PAYLOAD,Polar,China,Government,2016-06-29,,96.53,75,597,588,2016,,LARGE,PRC,TECHNOLOGY DEVELOPMENT,LEO,,True
USA 269,41724,PAYLOAD,,USA,Military,2016-07-28,,1436.1,3.12,35803,35770,2016,,,US,COMMUNICATIONS,GEO,,True
TIANTONG-1 1,41725,PAYLOAD,,China,Government,2016-08-05,,1436.1,3.09,35812,35761,2016,,LARGE,PRC,COMMUNICATIONS,GEO,,True
USA 270,41744,PAYLOAD,,USA,Military,2016-08-19,,1436.14,2.91,36047,35528,2016,500,,US,SPACE OBSERVATION,GEO,,True
USA 271,41745,PAYLOAD,,USA,Military,2016-08-19,,1437.03,2.9,35816,35793,2016,500,,US,SPACE OBSERVATION,GEO,,True
SKYSAT C4,41771,PAYLOAD,Sun-Synchronous,USA,Commercial,2016-09-16,,93.78,96.96,461,458,2016,110,MEDIUM,US,EARTH OBSERVATION,LEO,,True
SKYSAT C5,41772,PAYLOAD,Sun-Synchronous,USA,Commercial,2016-09-16,,93.74,97.11,463,452,2016,110,MEDIUM,US,EARTH OBSERVATION,LEO,,True
SKYSAT C2,41773,PAYLOAD,Sun-Synchronous,USA,Commercial,2016-09-16,,94.01,97.05,475,466,2016,110,MEDIUM,US,EARTH OBSERVATION,LEO,,True
SKYSAT C3,41774,PAYLOAD,Sun-Synchronous,USA,Commercial,2016-09-16,,93.71,96.96,458,454,2016,110,MEDIUM,US,EARTH OBSERVATION,LEO,,True
PISAT,41784,PAYLOAD,Sun-Synchronous,India,Government,2016-09-26,,98.11,97.82,690,646,2016,6,MEDIUM,IND,TECHNOLOGY DEVELOPMENT,LEO,,True
CANX-7,41788,PAYLOAD,Sun-Synchronous,Canada,Government/Civil,2016-09-26,2022-04-21,96.83,98.25,628,586,2016,15,MEDIUM,CA,TECHNOLOGY DEVELOPMENT,LEO,,False
ALSAT 1N,41789,PAYLOAD,Sun-Synchronous,Algeria,Government,2016-09-26,,98.08,97.81,686,647,2016,10,SMALL,ALG,TECHNOLOGY DEVELOPMENT,LEO,,True
SJ-17,41838,PAYLOAD,,China,Government,2016-11-03,,1436.11,4.68,35810,35764,2016,3800,LARGE,PRC,TECHNOLOGY DEVELOPMENT,GEO,,True
XPNAV-1,41841,PAYLOAD,Sun-Synchronous,China,Government,2016-11-09,,91.01,97.33,326,321,2016,240,MEDIUM,PRC,TECHNOLOGY DEVELOPMENT,LEO,,True
CELTEE 1,41850,PAYLOAD,Sun-Synchronous,USA,Military,2016-11-11,,95.11,98.11,525,523,2016,3,SMALL,US,TECHNOLOGY DEVELOPMENT,LEO,,True
AEROCUBE 8D,41852,PAYLOAD,Sun-Synchronous,USA,Commercial,2016-11-11,,94.94,98.11,519,512,2016,2,SMALL,US,TECHNOLOGY DEVELOPMENT,LEO,,True
AEROCUBE 8C,41853,PAYLOAD,Sun-Synchronous,USA,Commercial,2016-11-11,,94.93,98.1,520,510,2016,5,SMALL,US,TECHNOLOGY DEVELOPMENT,LEO,,True
YUNHAI 1,41857,PAYLOAD,Sun-Synchronous,China,Government,2016-11-11,,100.46,98.59,785,776,2016,800,LARGE,PRC,EARTH OBSERVATION,LEO,,True
TIANLIAN 1-04,41869,PAYLOAD,,China,Government,2016-11-22,,1436.14,0.22,35959,35616,2016,2200,LARGE,PRC,COMMUNICATIONS,GEO,,True
LEMUR 2 XIAOQING,41871,PAYLOAD,Non-Polar Inclined,USA,Commercial,2016-10-17,2023-04-10,88.21,51.6,192,180,2016,10,SMALL,US,EARTH OBSERVATION,LEO,,False
LEMUR 2 SOKOLSKY,41872,PAYLOAD,Non-Polar Inclined,USA,Commercial,2016-10-17,2023-04-08,87.95,51.63,179,166,2016,10,SMALL,US,EARTH OBSERVATION,LEO,,False
LEMUR 2 ANUBHAVTHAKUR,41873,PAYLOAD,Non-Polar Inclined,USA,Commercial,2016-10-17,2024-07-18,87.33,51.64,145,140,2016,10,SMALL,US,EARTH OBSERVATION,LEO,,False
LEMUR 2 WINGO,41874,PAYLOAD,Non-Polar Inclined,USA,Commercial,2016-10-17,2023-04-25,87.97,51.62,179,168,2016,10,MEDIUM,US,EARTH OBSERVATION,LEO,,False
FENGYUN 4A,41882,PAYLOAD,,China,Government,2016-12-10,,1430.56,1.13,35698,35658,2016,5300,LARGE,PRC,EARTH OBSERVATION,GEO,,True
CYGFM05,41884,PAYLOAD,Non-Polar Inclined,USA,Government,2016-12-15,,93.55,34.96,455,442,2016,29,MEDIUM,US,EARTH OBSERVATION,LEO,,True
CYGFM04,41885,PAYLOAD,Non-Polar Inclined,USA,Government,2016-12-15,,93.46,34.94,450,437,2016,29,MEDIUM,US,EARTH OBSERVATION,LEO,,True
CYGFM02,41886,PAYLOAD,Non-Polar Inclined,USA,Government,2016-12-15,,93.4,34.94,448,433,2016,29,MEDIUM,US,EARTH OBSERVATION,LEO,,True
CYGFM01,41887,PAYLOAD,Non-Polar Inclined,USA,Government,2016-12-15,,93.53,34.94,454,441,2016,29,MEDIUM,US,EARTH OBSERVATION,LEO,,True
CYGFM08,41888,PAYLOAD,Non-Polar Inclined,USA,Government,2016-12-15,,93.48,34.95,453,437,2016,29,MEDIUM,US,EARTH OBSERVATION,LEO,,True
CYGFM06,41889,PAYLOAD,Non-Polar Inclined,USA,Government,2016-12-15,2024-06-13,88.94,34.94,224,220,2016,29,MEDIUM,US,EARTH OBSERVATION,LEO,,False
CYGFM07,41890,PAYLOAD,Non-Polar Inclined,USA,Government,2016-12-15,,93.45,34.95,450,436,2016,29,MEDIUM,US,EARTH OBSERVATION,LEO,,True
CYGFM03,41891,PAYLOAD,Non-Polar Inclined,USA,Government,2016-12-15,,93.46,34.94,450,438,2016,29,MEDIUM,US,EARTH OBSERVATION,LEO,,True
YIJIAN,41899,PAYLOAD,Sun-Synchronous,China,Government,2016-12-21,,98.63,98.51,708,678,2016,50,MEDIUM,PRC,EARTH OBSERVATION,LEO,,True
SPARK 1,41900,PAYLOAD,Sun-Synchronous,China,Government,2016-12-21,,98.69,98.51,713,679,2016,50,MEDIUM,PRC,EARTH OBSERVATION,LEO,,True
SPARK 2,41901,PAYLOAD,Sun-Synchronous,China,Government,2016-12-21,,98.74,98.51,717,680,2016,50,MEDIUM,PRC,EARTH OBSERVATION,LEO,,True
TJS-2,41911,PAYLOAD,,China,Government,2017-01-05,,1436.09,0.26,35794,35779,2017,,LARGE,PRC,TECHNOLOGY DEVELOPMENT,GEO,,True
XY S 1,41913,PAYLOAD,Sun-Synchronous,China,Government,2017-01-09,2024-05-15,87.59,97.15,163,147,2017,2,MEDIUM,PRC,TECHNOLOGY DEVELOPMENT,LEO,,False
JILIN-1-03,41914,PAYLOAD,Sun-Synchronous,China,Commercial,2017-01-09,,94.1,97.2,479,471,2017,400,MEDIUM,PRC,EARTH OBSERVATION,LEO,,True
INS-1A,41949,PAYLOAD,Sun-Synchronous,India,Government,2017-02-15,2023-10-03,87.45,97.16,157,140,2017,8.4,MEDIUM,IND,EARTH OBSERVATION,LEO,,False
INS-1B,41954,PAYLOAD,Sun-Synchronous,India,Government,2017-02-15,2023-10-13,87.4,97.16,156,136,2017,8,MEDIUM,IND,EARTH OBSERVATION,LEO,,False
LEMUR 2 JOBANPUTRA,41991,PAYLOAD,Sun-Synchronous,USA,Commercial,2017-02-15,2023-07-11,87.8,97.16,177,155,2017,10,SMALL,US,EARTH OBSERVATION,LEO,,False
LEMUR 2 SPIRE-MINIONS,41992,PAYLOAD,Sun-Synchronous,USA,Commercial,2017-02-15,2023-05-17,87.38,97.19,159,130,2017,10,SMALL,US,EARTH OBSERVATION,LEO,,False
LEMUR 2 SATCHMO,41993,PAYLOAD,Sun-Synchronous,USA,Commercial,2017-02-15,2023-11-02,87.38,97.14,152,137,2017,10,SMALL,US,EARTH OBSERVATION,LEO,,False
LEMUR 2 SMITA-SHARAD,41994,PAYLOAD,Sun-Synchronous,USA,Commercial,2017-02-15,2023-05-23,88.15,97.18,193,173,2017,10,SMALL,US,EARTH OBSERVATION,LEO,,False
LEMUR 2 RDEATON,41995,PAYLOAD,Sun-Synchronous,USA,Commercial,2017-02-15,2023-11-29,87.46,97.16,156,141,2017,10,MEDIUM,US,EARTH OBSERVATION,LEO,,False
LEMUR 2 TACHIKOMA,41996,PAYLOAD,Sun-Synchronous,USA,Commercial,2017-02-15,2023-06-06,87.47,97.19,160,138,2017,10,SMALL,US,EARTH OBSERVATION,LEO,,False
LEMUR 2 NOGUECORREIG,41997,PAYLOAD,Sun-Synchronous,USA,Commercial,2017-02-15,2023-05-25,87.76,97.18,173,154,2017,10,SMALL,US,EARTH OBSERVATION,LEO,,False
LEMUR 2 MIA-GRACE,41998,PAYLOAD,Sun-Synchronous,USA,Commercial,2017-02-15,2023-11-15,88.42,97.16,201,192,2017,10,SMALL,US,EARTH OBSERVATION,LEO,,False
DIDO 2,42000,PAYLOAD,Sun-Synchronous,Switzerland,Commercial,2017-02-15,2024-07-12,88.23,97.12,195,178,2017,10,SMALL,ISRA,TECHNOLOGY DEVELOPMENT,LEO,,False
USA 274,42058,PAYLOAD,Non-Polar Inclined,USA,Military,2017-03-01,,107.39,63.44,1201,1011,2017,6500,,US,EARTH OBSERVATION,LEO,,True
TK-1,42061,PAYLOAD,Sun-Synchronous,China,Government,2017-03-02,2023-07-07,87.48,97.1,158,141,2017,,MEDIUM,PRC,EARTH OBSERVATION/TECHNOLOGY DEVELOPMENT,LEO,,False
CHINASAT 16,42662,PAYLOAD,,China,Government,2017-04-12,,1436.15,0.04,35805,35770,2017,4600,LARGE,PRC,TECHNOLOGY DEVELOPMENT,GEO,,True
USA 276,42689,PAYLOAD,Non-Polar Inclined,USA,Military,2017-05-01,,93.11,49.97,429,424,2017,,,US,TECHNOLOGY DEVELOPMENT,LEO,,True
COSMOS 2518,42719,PAYLOAD,Molniya,Russia,Military,2017-05-25,,717.37,63.12,39226,1108,2017,,LARGE,CIS,EARTH OBSERVATION,ELLIPTICAL,,True
QZS-2,42738,PAYLOAD,,Japan,Government,2017-06-01,,1436.41,40.08,38914,32672,2017,4000,LARGE,JPN,NAVIGATION/REGIONAL POSITIONING,GEO,,True
LEMUR 2 ANGELA,42752,PAYLOAD,Non-Polar Inclined,USA,Commercial,2017-04-18,2023-04-06,88.34,51.6,200,185,2017,10,MEDIUM,US,EARTH OBSERVATION,LEO,,False
LEMUR 2 JENNYBARNA,42753,PAYLOAD,Non-Polar Inclined,USA,Commercial,2017-04-18,2022-12-28,88.19,51.6,187,183,2017,10,SMALL,US,EARTH OBSERVATION,LEO,,False
LEMUR 2 ROBMOORE,42754,PAYLOAD,Non-Polar Inclined,USA,Commercial,2017-04-18,2023-04-29,88,51.59,176,175,2017,10,SMALL,US,EARTH OBSERVATION,LEO,,False
LEMUR 2 SPIROVISION,42755,PAYLOAD,Non-Polar Inclined,USA,Commercial,2017-04-18,2022-12-28,87.57,51.6,156,152,2017,10,SMALL,US,EARTH OBSERVATION,LEO,,False
ZHUHAI-1 02,42759,PAYLOAD,Non-Polar Inclined,China,Commercial,2017-06-15,,92.49,43.01,410,383,2017,55,MEDIUM,PRC,EARTH OBSERVATION,LEO,,True
NUSAT-3,42760,PAYLOAD,Non-Polar Inclined,Argentina,Commercial,2017-06-15,,91.52,43,364,334,2017,35,MEDIUM,ARGN,EARTH OBSERVATION,LEO,,True
ZHUHAI-1 01,42761,PAYLOAD,Non-Polar Inclined,China,Commercial,2017-06-15,,92.44,43.01,408,380,2017,55,MEDIUM,PRC,EARTH OBSERVATION,LEO,,True
CE-SAT 1,42769,PAYLOAD,Sun-Synchronous,Japan,Commercial,2017-06-23,,90.17,97.09,287,279,2017,3,MEDIUM,JPN,TECHNOLOGY DEVELOPMENT,LEO,,True
LEMUR 2 SHAINAJOHL,42771,PAYLOAD,Sun-Synchronous,USA,Commercial,2017-06-23,2023-09-08,87.66,97.1,166,151,2017,10,SMALL,US,EARTH OBSERVATION,LEO,,False
LEMUR 2 XUENITERENCE,42772,PAYLOAD,Sun-Synchronous,USA,Commercial,2017-06-23,2023-06-18,87.78,97.08,174,155,2017,10,SMALL,US,EARTH OBSERVATION,LEO,,False
LEMUR 2 LUCYBRYCE,42773,PAYLOAD,Sun-Synchronous,USA,Commercial,2017-06-23,2023-09-22,88.15,97.1,189,177,2017,10,SMALL,US,EARTH OBSERVATION,LEO,,False
LEMUR 2 KUNGFOO,42774,PAYLOAD,Sun-Synchronous,USA,Commercial,2017-06-23,2023-08-30,87.52,97.1,159,144,2017,10,SMALL,US,EARTH OBSERVATION,LEO,,False
COMPASS 2,42777,PAYLOAD,Sun-Synchronous,Germany,Government/Civil,2017-06-23,2023-06-24,87.48,97.11,159,140,2017,4.5,SMALL,GER,TECHNOLOGY DEVELOPMENT,LEO,,False
MAX VALIER SAT,42778,PAYLOAD,Sun-Synchronous,Italy,Civil,2017-06-23,2024-06-30,87.97,97.06,179,169,2017,16,MEDIUM,IT,SPACE SCIENCE/TECHNOLOGY DEVELOPMENT,LEO,,False
LEMUR 2 LYNSEY-SYMO,42779,PAYLOAD,Sun-Synchronous,USA,Commercial,2017-06-23,2023-06-25,87.68,97.1,168,151,2017,10,SMALL,US,EARTH OBSERVATION,LEO,,False
LEMUR 2 LISASAURUS,42780,PAYLOAD,Sun-Synchronous,USA,Commercial,2017-06-23,2023-08-05,87.72,97.11,171,152,2017,10,SMALL,US,EARTH OBSERVATION,LEO,,False
LEMUR 2 SAM-AMELIA,42781,PAYLOAD,Sun-Synchronous,USA,Commercial,2017-06-23,2024-04-01,87.59,97.08,162,148,2017,10,SMALL,US,EARTH OBSERVATION,LEO,,False
LEMUR 2 MCPEAKE,42782,PAYLOAD,Sun-Synchronous,USA,Commercial,2017-06-23,2023-09-06,87.98,97.1,184,165,2017,10,SMALL,US,EARTH OBSERVATION,LEO,,False
DIAMOND RED,42783,PAYLOAD,Sun-Synchronous,United Kingdom,Commercial,2017-06-23,2024-04-26,87.55,97.07,160,146,2017,6,SMALL,UK,TECHNOLOGY DEVELOPMENT,LEO,,False
DIAMOND GREEN,42785,PAYLOAD,Sun-Synchronous,United Kingdom,Commercial,2017-06-23,2024-04-11,87.4,97.07,152,139,2017,6,SMALL,UK,TECHNOLOGY DEVELOPMENT,LEO,,False
DIAMOND BLUE,42786,PAYLOAD,Sun-Synchronous,United Kingdom,Commercial,2017-06-23,2024-04-23,87.29,97.08,147,133,2017,6,SMALL,UK,TECHNOLOGY DEVELOPMENT,LEO,,False
ROBUSTA 1B,42792,PAYLOAD,Sun-Synchronous,France,Civil,2017-06-23,2023-10-17,87.93,97.1,178,166,2017,5,SMALL,FR,EARTH SCIENCE,LEO,,False
CICERO 6,42793,PAYLOAD,Sun-Synchronous,USA,Commercial,2017-06-23,2024-06-11,87.39,97.02,152,139,2017,10,MEDIUM,US,EARTH OBSERVATION,LEO,,False
TYVAK 53B,42795,PAYLOAD,Sun-Synchronous,USA,Commercial,2017-06-23,2023-03-14,88.17,97.13,190,177,2017,4.5,SMALL,US,TECHNOLOGY DEMONSTRATION,LEO,,False
KANOPUS-V-IK,42825,PAYLOAD,Sun-Synchronous,Russia,Government,2017-07-14,,94.59,97.38,500,497,2017,500,LARGE,CIS,EARTH OBSERVATION,LEO,,True
NORSAT 1,42826,PAYLOAD,Sun-Synchronous,Norway,Government,2017-07-14,,95.54,97.41,551,538,2017,30,MEDIUM,NOR,EARTH SCIENCE/EARTH OBSERVATION,LEO,,True
NORSAT 2,42828,PAYLOAD,Sun-Synchronous,Norway,Government,2017-07-14,,95.26,97.38,540,522,2017,16,MEDIUM,NOR,EARTH OBSERVATION,LEO,,True
WNISAT 1R,42835,PAYLOAD,Sun-Synchronous,Japan,Commercial,2017-07-14,,96.08,97.4,580,561,2017,43,MEDIUM,JPN,EARTH OBSERVATION,LEO,,True
LEMUR 2 GREENBERG,42837,PAYLOAD,Sun-Synchronous,USA,Commercial,2017-07-14,,94.92,97.37,523,506,2017,10,SMALL,US,EARTH OBSERVATION,LEO,,True
LEMUR 2 ANDIS,42838,PAYLOAD,Sun-Synchronous,USA,Commercial,2017-07-14,,94.89,97.36,522,504,2017,10,SMALL,US,EARTH OBSERVATION,LEO,,True
LEMUR 2 MONSON,42839,PAYLOAD,Sun-Synchronous,USA,Commercial,2017-07-14,,95.06,97.4,527,515,2017,10,SMALL,US,EARTH OBSERVATION,LEO,,True
LEMUR 2 FURIAUS,42840,PAYLOAD,Sun-Synchronous,USA,Commercial,2017-07-14,,95.01,97.37,527,511,2017,10,SMALL,US,EARTH OBSERVATION,LEO,,True
LEMUR 2 PETERG,42841,PAYLOAD,Sun-Synchronous,USA,Commercial,2017-07-14,,94.92,97.39,518,511,2017,10,SMALL,US,EARTH OBSERVATION,LEO,,True
LEMUR 2 DEMBITZ,42842,PAYLOAD,Sun-Synchronous,USA,Commercial,2017-07-14,,94.99,97.38,525,512,2017,10,SMALL,US,EARTH OBSERVATION,LEO,,True
NANOACE,42844,PAYLOAD,Sun-Synchronous,USA,Commercial,2017-07-14,,95.16,97.36,530,522,2017,5.5,SMALL,US,TECHNOLOGY DEVELOPMENT,LEO,,True
LEMUR 2 ZACHARY,42845,PAYLOAD,Sun-Synchronous,USA,Commercial,2017-07-14,,94.53,97.37,500,491,2017,10,SMALL,US,EARTH OBSERVATION,LEO,,True
CORVUS BC2,42846,PAYLOAD,Sun-Synchronous,USA,Commercial,2017-07-14,,95.84,97.37,569,549,2017,10,SMALL,US,EARTH OBSERVATION,LEO,,True
CORVUS BC1,42847,PAYLOAD,Sun-Synchronous,USA,Commercial,2017-07-14,,95.82,97.38,568,549,2017,10,MEDIUM,US,EARTH OBSERVATION,LEO,,True
OPTSAT 3000,42900,PAYLOAD,Sun-Synchronous,Italy,Military,2017-08-02,,,,,,2017,368,,IT,EARTH OBSERVATION,LEO,,True
USA 278,42941,PAYLOAD,Molniya,USA,Military,2017-09-24,,717.77,62.95,38111,2243,2017,8000,,US,EARTH OBSERVATION,ELLIPTICAL,,True
YAOGAN-30 A,42945,PAYLOAD,Non-Polar Inclined,China,Military,2017-09-29,,96.02,35,569,567,2017,,LARGE,PRC,EARTH OBSERVATION,LEO,,True
YAOGAN-30 B,42946,PAYLOAD,Non-Polar Inclined,China,Military,2017-09-29,,96.02,35,570,566,2017,,LARGE,PRC,EARTH OBSERVATION,LEO,,True
YAOGAN-30 C,42947,PAYLOAD,Non-Polar Inclined,China,Military,2017-09-29,,95.94,35,567,561,2017,,LARGE,PRC,EARTH OBSERVATION,LEO,,True
USA 279,42949,PAYLOAD,,USA,Military,2017-10-15,,1436.14,2.57,35797,35778,2017,,,US,COMMUNICATIONS,GEO,,True
KESTREL EYE 2M,42982,PAYLOAD,Non-Polar Inclined,USA,Military,1998-11-20,2021-08-28,89.64,51.62,261,253,1998,50,MEDIUM,US,EARTH OBSERVATION/TECHNOLOGY DEVELOPMENT,LEO,,False
SKYSAT C11,42987,PAYLOAD,Sun-Synchronous,USA,Commercial,2017-10-31,,93.63,97.39,452,452,2017,110,MEDIUM,US,EARTH OBSERVATION,LEO,,True
SKYSAT C10,42988,PAYLOAD,Sun-Synchronous,USA,Commercial,2017-10-31,,94.02,97.4,475,467,2017,110,MEDIUM,US,EARTH OBSERVATION,LEO,,True
SKYSAT C9,42989,PAYLOAD,Sun-Synchronous,USA,Commercial,2017-10-31,,93.81,97.39,470,452,2017,110,MEDIUM,US,EARTH OBSERVATION,LEO,,True
SKYSAT C8,42990,PAYLOAD,Sun-Synchronous,USA,Commercial,2017-10-31,,94.05,97.4,473,473,2017,110,MEDIUM,US,EARTH OBSERVATION,LEO,,True
SKYSAT C7,42991,PAYLOAD,Sun-Synchronous,USA,Commercial,2017-10-31,,93.97,97.4,470,467,2017,110,MEDIUM,US,EARTH OBSERVATION,LEO,,True
SKYSAT C6,42992,PAYLOAD,Sun-Synchronous,USA,Commercial,2017-10-31,,94.14,97.4,481,473,2017,110,MEDIUM,US,EARTH OBSERVATION,LEO,,True
MOHAMMED VI-A,43005,PAYLOAD,Sun-Synchronous,Morocco,Government,2017-11-08,,97.49,97.96,640,638,2017,1110,LARGE,MA,EARTH OBSERVATION,LEO,,True
AO-91,43017,PAYLOAD,Sun-Synchronous,USA,Civil,2017-11-18,,95.75,97.53,676,434,2017,4,SMALL,US,TECHNOLOGY DEVELOPMENT,LEO,,True
YAOGAN-30 D,43028,PAYLOAD,Non-Polar Inclined,China,Military,2017-11-24,,96.02,34.99,570,566,2017,,LARGE,PRC,EARTH OBSERVATION,LEO,,True
YAOGAN-30 E,43029,PAYLOAD,Non-Polar Inclined,China,Military,2017-11-24,,96.02,34.99,571,565,2017,,LARGE,PRC,EARTH OBSERVATION,LEO,,True
YAOGAN-30 F,43030,PAYLOAD,Non-Polar Inclined,China,Military,2017-11-24,,96.02,35,570,566,2017,,LARGE,PRC,EARTH OBSERVATION,LEO,,True
COSMOS 2524,43032,PAYLOAD,Non-Polar Inclined,Russia,Military,2017-12-02,,103.05,67.14,905,901,2017,5000,LARGE,CIS,EARTH OBSERVATION,LEO,,True
LKW-1,43034,PAYLOAD,Sun-Synchronous,China,Military,2017-12-03,,94.49,97.15,496,491,2017,,LARGE,PRC,EARTH OBSERVATION,LEO,,True
LEMUR 2 ROCKETJONAH,43041,PAYLOAD,Non-Polar Inclined,USA,Commercial,2017-11-12,2022-02-14,92.35,51.63,391,388,2017,10,SMALL,US,EARTH OBSERVATION,LEO,,False
LEMUR 2 YONGLIN,43045,PAYLOAD,Non-Polar Inclined,USA,Commercial,2017-11-12,2022-01-29,92.22,51.63,386,381,2017,10,SMALL,US,EARTH OBSERVATION,LEO,,False
LEMUR 2 BRIANDAVIE,43047,PAYLOAD,Non-Polar Inclined,USA,Commercial,2017-11-12,2022-02-12,92.4,51.63,393,391,2017,10,SMALL,US,EARTH OBSERVATION,LEO,,False
LEMUR 2 ROMACOSTE,43048,PAYLOAD,Non-Polar Inclined,USA,Commercial,2017-11-12,2022-02-28,92.38,51.63,392,390,2017,10,SMALL,US,EARTH OBSERVATION,LEO,,False
ISARA,43050,PAYLOAD,Non-Polar Inclined,USA,Government,2017-11-12,2022-02-23,92.4,51.63,393,391,2017,5,SMALL,US,TECHNOLOGY DEVELOPMENT,LEO,,False
LEMUR 2 MCCULLAGH,43051,PAYLOAD,Non-Polar Inclined,USA,Commercial,2017-11-12,2022-02-15,92.37,51.64,392,390,2017,10,SMALL,US,EARTH OBSERVATION,LEO,,False
LEMUR 2 DUNLOP,43053,PAYLOAD,Non-Polar Inclined,USA,Commercial,2017-11-12,2022-03-17,92.52,51.63,399,398,2017,10,SMALL,US,EARTH OBSERVATION,LEO,,False
LEMUR 2 LIU-POU-CHUN,43054,PAYLOAD,Non-Polar Inclined,USA,Commercial,2017-11-12,2022-03-09,92.47,51.63,396,395,2017,10,SMALL,US,EARTH OBSERVATION,LEO,,False
LKW-2,43080,PAYLOAD,Sun-Synchronous,China,Military,2017-12-23,,94.49,97.18,496,492,2017,,LARGE,PRC,EARTH OBSERVATION,LEO,,True
YAOGAN-30 G,43081,PAYLOAD,Non-Polar Inclined,China,Military,2017-12-25,,96.02,35,571,565,2017,,LARGE,PRC,EARTH OBSERVATION,LEO,,True
YAOGAN-30 H,43082,PAYLOAD,Non-Polar Inclined,China,Military,2017-12-25,,96.02,34.99,572,564,2017,,LARGE,PRC,EARTH OBSERVATION,LEO,,True
YAOGAN-30 J,43083,PAYLOAD,Non-Polar Inclined,China,Military,2017-12-25,,96.02,34.99,571,565,2017,,LARGE,PRC,EARTH OBSERVATION,LEO,,True
LEO 1,43113,PAYLOAD,Sun-Synchronous,Canada,Commercial,2018-01-12,,98.32,99.29,933,424,2018,100,MEDIUM,US,COMMUNICATIONS,LEO,,True
ICEYE-X1,43114,PAYLOAD,Sun-Synchronous,Finland,Commercial,2018-01-12,2024-02-10,87.52,97.27,158,145,2018,80,MEDIUM,FIN,EARTH OBSERVATION,LEO,,False
CARBONITE 2,43115,PAYLOAD,Sun-Synchronous,United Kingdom,Commercial,2018-01-12,,90.43,97.21,300,291,2018,,MEDIUM,UK,TECHNOLOGY DEVELOPMENT,LEO,,True
CORVUS BC3,43118,PAYLOAD,Sun-Synchronous,USA,Commercial,2018-01-12,2024-06-14,87.3,97.26,152,129,2018,10,SMALL,US,EARTH OBSERVATION,LEO,,False
LEMUR 2 MCCAFFERTY,43123,PAYLOAD,Sun-Synchronous,USA,Commercial,2018-01-12,2023-04-19,87.98,97.33,184,165,2018,10,SMALL,US,EARTH OBSERVATION,LEO,,False
LEMUR 2 PETERWEBSTER,43124,PAYLOAD,Sun-Synchronous,USA,Commercial,2018-01-12,2023-05-09,87.5,97.32,163,138,2018,10,SMALL,US,EARTH OBSERVATION,LEO,,False
LEMUR 2 BROWNCOW,43125,PAYLOAD,Sun-Synchronous,USA,Commercial,2018-01-12,2023-04-19,87.47,97.32,158,140,2018,10,SMALL,US,EARTH OBSERVATION,LEO,,False
LEMUR 2 DAVEWILSON,43126,PAYLOAD,Sun-Synchronous,USA,Commercial,2018-01-12,2023-04-05,88.1,97.33,189,172,2018,10,SMALL,US,EARTH OBSERVATION,LEO,,False
DEMOSAT 2,43127,PAYLOAD,Sun-Synchronous,USA,Commercial,2018-01-12,2024-06-24,87.19,97.29,144,126,2018,,SMALL,US,TECHNOLOGY DEVELOPMENT,LEO,,False
ARKYD 6A,43130,PAYLOAD,Sun-Synchronous,USA,Commercial,2018-01-12,2024-02-28,87.87,97.28,176,162,2018,10,SMALL,US,TECHNOLOGY DEVELOPMENT,LEO,,False
MICROMAS 2A,43131,PAYLOAD,Sun-Synchronous,USA,Civil/Government,2018-01-12,2023-04-08,87.83,97.3,177,157,2018,3.8,SMALL,US,EARTH OBSERVATION,LEO,,False
CICERO 7,43143,PAYLOAD,Sun-Synchronous,USA,Commercial,2018-01-12,2023-11-14,88.51,97.31,207,195,2018,10,MEDIUM,US,EARTH OBSERVATION,LEO,,False
TYVAK-61C,43144,PAYLOAD,Sun-Synchronous,USA,Commercial,2018-01-12,2023-04-08,88.3,97.31,199,182,2018,10,SMALL,US,TECHNOLOGY DEMONSTRATION,LEO,,False
USA 281,43145,PAYLOAD,Non-Polar Inclined,USA,Military,2018-01-12,,106.83,106.01,1080,1079,2018,,,US,EARTH OBSERVATION,LEO,,True
LKW-3,43146,PAYLOAD,Sun-Synchronous,China,Military,2018-01-13,,94.41,97.61,492,488,2018,,LARGE,PRC,EARTH OBSERVATION,LEO,,True
XIAOXIANG 2,43155,PAYLOAD,Sun-Synchronous,China,Commercial,2018-01-19,2024-08-22,91.29,97.23,343,333,2018,8,MEDIUM,PRC,TECHNOLOGY DEVELOPMENT,LEO,,False
ZHOU ENLAI,43156,PAYLOAD,Sun-Synchronous,China,Civil,2018-01-19,2024-07-16,87.44,97.22,158,137,2018,2.5,SMALL,PRC,TECHNOLOGY DEVELOPMENT,LEO,,False
KEPLER-0 (KIPP),43157,PAYLOAD,Sun-Synchronous,United Kingdom,Commercial,2018-01-19,2024-04-17,87.86,97.22,178,160,2018,10,MEDIUM,CA,COMMUNICATIONS,LEO,,False
QUANTUTONG 1,43158,PAYLOAD,Sun-Synchronous,China,Commercial,2018-01-19,2024-11-27,89.47,97.25,253,244,2018,8,MEDIUM,PRC,TECHNOLOGY DEVELOPMENT,LEO,,False
LEMUR 2 MARSHALL,43165,PAYLOAD,Polar,USA,Commercial,2018-01-21,2023-08-22,87.27,82.87,148,130,2018,10,SMALL,US,EARTH OBSERVATION,LEO,,False
LEMUR 2 TALLHAMN-ATC,43167,PAYLOAD,Polar,USA,Commercial,2018-01-21,2023-11-09,87.42,82.85,155,139,2018,10,SMALL,US,EARTH OBSERVATION,LEO,,False
WEINA 1A,43169,PAYLOAD,Non-Polar Inclined,China,Government,2018-01-25,,96.1,35,574,570,2018,1,MEDIUM,PRC,TECHNOLOGY DEVELOPMENT,LEO,,True
YAOGAN-30 K,43170,PAYLOAD,Non-Polar Inclined,China,Military,2018-01-25,,96.02,35,571,565,2018,,LARGE,PRC,EARTH OBSERVATION,LEO,,True
YAOGAN-30 L,43171,PAYLOAD,Non-Polar Inclined,China,Military,2018-01-25,,96.02,34.99,570,566,2018,,LARGE,PRC,EARTH OBSERVATION,LEO,,True
YAOGAN-30 M,43172,PAYLOAD,Non-Polar Inclined,China,Military,2018-01-25,,96.02,35,570,566,2018,,LARGE,PRC,EARTH OBSERVATION,LEO,,True
KANOPUS-V 3,43180,PAYLOAD,Sun-Synchronous,Russia,Government,2018-02-01,,94.59,97.38,500,497,2018,500,LARGE,CIS,EARTH OBSERVATION,LEO,,True
KANOPUS-V 4,43181,PAYLOAD,Sun-Synchronous,Russia,Government,2018-02-01,,94.59,97.38,500,497,2018,500,LARGE,CIS,EARTH OBSERVATION,LEO,,True
LEMUR 2 JIN-LUEN,43182,PAYLOAD,Sun-Synchronous,USA,Commercial,2018-02-01,,93.91,97.56,472,460,2018,10,SMALL,US,EARTH OBSERVATION,LEO,,True
LEMUR 2 URAMCHANSOL,43183,PAYLOAD,Sun-Synchronous,USA,Commercial,2018-02-01,,91.61,97.53,357,350,2018,10,SMALL,US,EARTH OBSERVATION,LEO,,True
LEMUR 2 KADI,43184,PAYLOAD,Sun-Synchronous,USA,Commercial,2018-02-01,,93.94,97.52,472,463,2018,10,SMALL,US,EARTH OBSERVATION,LEO,,True
LEMUR 2 THENICKMOLO,43185,PAYLOAD,Sun-Synchronous,USA,Commercial,2018-02-01,,93.04,97.56,425,421,2018,10,SMALL,US,EARTH OBSERVATION,LEO,,True
FENGMANIU 1,43192,PAYLOAD,Sun-Synchronous,China,Commercial,2018-02-02,2023-03-16,88.34,97.53,198,187,2018,3,SMALL,PRC,TECHNOLOGY DEVELOPMENT,LEO,,False
NUSAT 4,43195,PAYLOAD,Sun-Synchronous,Argentina,Commercial,2018-02-02,2024-01-04,87.36,97.55,149,138,2018,35,MEDIUM,ARGN,EARTH OBSERVATION,LEO,,False
GOMX4-B,43196,PAYLOAD,Sun-Synchronous,Denmark,Government,2018-02-02,2024-10-09,87.62,97.57,163,150,2018,8,MEDIUM,DEN,TECHNOLOGY DEVELOPMENT,LEO,,False
GOMX4-A,43197,PAYLOAD,Sun-Synchronous,Denmark,Military,2018-02-02,2024-08-18,90.4,97.59,297,291,2018,8,MEDIUM,DEN,EARTH OBSERVATION,LEO,,False
SHAONIAN XING,43199,PAYLOAD,Sun-Synchronous,China,Civil,2018-02-02,2023-08-01,87.87,97.53,178,159,2018,3,SMALL,PRC,TECHNOLOGY DEVELOPMENT,LEO,,False
NUSAT 5,43204,PAYLOAD,Sun-Synchronous,Argentina,Commercial,2018-02-02,2023-12-24,87.33,97.56,150,135,2018,35,MEDIUM,ARGN,EARTH OBSERVATION,LEO,,False
PAZ,43215,PAYLOAD,Sun-Synchronous,Spain,Military/Commercial,2018-02-22,,94.79,97.44,510,507,2018,1450,LARGE,SPN,EARTH OBSERVATION,LEO,,True
O3B FM15,43231,PAYLOAD,Equatorial,United Kingdom,Commercial,2018-03-09,,287.93,0.06,8070,8061,2018,650,LARGE,O3B,COMMUNICATIONS,MEO,,True
O3B FM16,43232,PAYLOAD,Equatorial,United Kingdom,Commercial,2018-03-09,,287.93,0.06,8070,8062,2018,650,LARGE,O3B,COMMUNICATIONS,MEO,,True
O3B FM14,43233,PAYLOAD,Equatorial,United Kingdom,Commercial,2018-03-09,,287.93,0.06,8070,8062,2018,650,LARGE,O3B,COMMUNICATIONS,MEO,,True
O3B FM13,43234,PAYLOAD,Equatorial,United Kingdom,Commercial,2018-03-09,,287.93,0.02,8069,8062,2018,650,LARGE,O3B,COMMUNICATIONS,MEO,,True
LKW-4,43236,PAYLOAD,Sun-Synchronous,China,Military,2018-03-17,,93.69,97.59,458,453,2018,,LARGE,PRC,EARTH OBSERVATION,LEO,,True
SUPERBIRD 8,43271,PAYLOAD,,Japan,Commercial/Military,2018-04-05,,1436.15,0.02,35792,35784,2018,5348,LARGE,JPN,COMMUNICATIONS,GEO,,True
YAOGAN-31 A,43275,PAYLOAD,Non-Polar Inclined,China,Military,2018-04-10,,107.03,63.4,1267,911,2018,,LARGE,PRC,EARTH OBSERVATION,LEO,,True
YAOGAN-31 B,43276,PAYLOAD,Non-Polar Inclined,China,Military,2018-04-10,,107.03,63.4,1267,911,2018,,LARGE,PRC,EARTH OBSERVATION,LEO,,True
YAOGAN-31 C,43277,PAYLOAD,Non-Polar Inclined,China,Military,2018-04-10,,107.03,63.4,1267,911,2018,,LARGE,PRC,EARTH OBSERVATION,LEO,,True
WEINA 1B,43279,PAYLOAD,Non-Polar Inclined,China,Government,2018-04-10,,107.04,63.4,1267,912,2018,5,MEDIUM,PRC,TECHNOLOGY DEVELOPMENT,LEO,,True
USA 283,43339,PAYLOAD,,USA,Military,2018-04-14,,1436.1,0.01,35788,35785,2018,,,US,COMMUNICATIONS,GEO,,True
ZHUHAI-1 OHS-01,43439,PAYLOAD,Sun-Synchronous,China,Commercial,2018-04-26,2024-11-14,87.43,97.08,154,141,2018,90,MEDIUM,PRC,EARTH OBSERVATION,LEO,,False
ZHUHAI-1 OVS-02,43440,PAYLOAD,Sun-Synchronous,China,Commercial,2018-04-26,,94.59,97.08,499,498,2018,55,MEDIUM,PRC,EARTH OBSERVATION,LEO,,True
ZHUHAI-1 OHS-02,43441,PAYLOAD,Sun-Synchronous,China,Commercial,2018-04-26,,94.41,97.09,497,482,2018,90,MEDIUM,PRC,EARTH OBSERVATION,LEO,,True
ZHUHAI-1 OHS-03,43442,PAYLOAD,Sun-Synchronous,China,Commercial,2018-04-26,2024-10-02,87.74,97.08,172,153,2018,90,MEDIUM,PRC,EARTH OBSERVATION,LEO,,False
ZHUHAI-1 OHS-04,43443,PAYLOAD,Sun-Synchronous,China,Commercial,2018-04-26,2024-11-05,87.83,97.08,173,162,2018,90,MEDIUM,PRC,EARTH OBSERVATION,LEO,,False
USA 286,43446,PAYLOAD,,USA,Military,2018-04-14,,1410.07,6.09,35318,35234,2018,,,US,TECHNOLOGY DEVELOPMENT,GEO,,True
LUOJIA-1 01,43485,PAYLOAD,Sun-Synchronous,China,Civil,2018-06-02,,96.97,97.84,621,606,2018,5,MEDIUM,PRC,EARTH OBSERVATION,LEO,,True
XJS A,43518,PAYLOAD,Non-Polar Inclined,China,Government,2018-06-27,,92.18,35.05,388,374,2018,,LARGE,PRC,TECHNOLOGY DEVELOPMENT,LEO,,True
XJS B,43519,PAYLOAD,Non-Polar Inclined,China,Government,2018-06-27,2024-11-12,87.53,35.01,156,148,2018,,LARGE,PRC,TECHNOLOGY DEVELOPMENT,LEO,,False
AEROCUBE 12A,43556,PAYLOAD,Non-Polar Inclined,USA,Commercial,2018-05-21,2023-05-26,88.34,51.61,201,183,2018,4,MEDIUM,US,TECHNOLOGY DEVELOPMENT,LEO,,False
AEROCUBE 12B,43557,PAYLOAD,Non-Polar Inclined,USA,Commercial,2018-05-21,2023-08-14,87.39,51.6,147,144,2018,4,MEDIUM,US,TECHNOLOGY DEVELOPMENT,LEO,,False
LEMUR 2 VU,43558,PAYLOAD,Non-Polar Inclined,USA,Commercial,2018-05-21,2023-02-06,88.16,51.61,185,181,2018,10,SMALL,US,EARTH OBSERVATION,LEO,,False
LEMUR 2 ALEXANDER,43559,PAYLOAD,Non-Polar Inclined,USA,Commercial,2018-05-21,2023-01-13,88.29,51.62,197,183,2018,10,SMALL,US,EARTH OBSERVATION,LEO,,False
LEMUR 2 YUASA,43560,PAYLOAD,Non-Polar Inclined,USA,Commercial,2018-05-21,2023-01-18,87.45,51.62,152,144,2018,10,SMALL,US,EARTH OBSERVATION,LEO,,False
LEMUR 2 TOMHENDERSON,43561,PAYLOAD,Non-Polar Inclined,USA,Commercial,2018-05-21,2023-02-13,88.37,51.63,199,189,2018,10,SMALL,US,EARTH OBSERVATION,LEO,,False
HAIYANG 1C,43609,PAYLOAD,Sun-Synchronous,China,Government,2018-09-07,,100.41,98.56,784,771,2018,442,LARGE,PRC,EARTH OBSERVATION,LEO,,True
ELFIN B,43616,PAYLOAD,Polar,USA,Commercial/Civil,2018-09-15,2022-09-30,93.19,93.03,439,423,2018,4,MEDIUM,US,SPACE SCIENCE,LEO,,False
SSTL S1-4,43618,PAYLOAD,Sun-Synchronous,United Kingdom,Commercial,2018-09-16,,96.27,97.56,583,577,2018,440,LARGE,UK,EARTH OBSERVATION,LEO,,True
CENTISPACE-1 S1,43636,PAYLOAD,Sun-Synchronous,China,Commercial,2018-09-29,,98.67,97.92,701,689,2018,100,MEDIUM,PRC,TECHNOLOGY DEVELOPMENT,LEO,,True
YAOGAN-32 A,43642,PAYLOAD,Sun-Synchronous,China,Military,2018-10-09,,98.46,97.95,686,684,2018,,LARGE,PRC,EARTH OBSERVATION,LEO,,True
AEHF 4 (USA 288),43651,PAYLOAD,,USA,Military,2018-10-17,,1436.08,1.52,36000,35572,2018,6169,LARGE,US,COMMUNICATIONS,GEO,,True
COSMOS 2528,43657,PAYLOAD,Non-Polar Inclined,Russia,Military,2018-10-25,,103.1,67.15,911,899,2018,5000,LARGE,CIS,EARTH OBSERVATION,LEO,,True
KHALIFASAT,43676,PAYLOAD,Sun-Synchronous,United Arab Emirates,Government,2018-10-29,,96.07,98.08,580,561,2018,330,LARGE,UAE,EARTH OBSERVATION,LEO,,True
CICERO 10,43690,PAYLOAD,Polar,USA,Commercial,2018-11-11,2024-07-20,87.8,84.98,172,159,2018,10,MEDIUM,US,EARTH OBSERVATION,LEO,,False
PROXIMA I,43694,PAYLOAD,Polar,Australia,Commercial,2018-11-11,2024-05-18,87.64,84.99,165,150,2018,1,SMALL,AUS,TECHNOLOGY DEVELOPMENT,LEO,,False
LEMUR 2 ZUPANSKI,43695,PAYLOAD,Polar,USA,Commercial,2018-11-11,2023-10-05,87.42,84.97,153,141,2018,10,SMALL,US,EARTH OBSERVATION,LEO,,False
PROXIMA II,43696,PAYLOAD,Polar,Australia,Commercial,2018-11-11,2024-05-20,87.43,84.99,155,139,2018,1,SMALL,AUS,TECHNOLOGY DEVELOPMENT,LEO,,False
LEMUR 2 CHANUSIAK,43697,PAYLOAD,Polar,USA,Commercial,2018-11-11,2023-09-06,87.47,85.01,159,139,2018,10,SMALL,US,EARTH OBSERVATION,LEO,,False
TIANZHI 1,43710,PAYLOAD,Sun-Synchronous,China,Government,2018-11-19,,91.78,97.34,365,358,2018,,MEDIUM,PRC,SPACE SCIENCE,LEO,,True
TIANPING 1A,43712,PAYLOAD,Sun-Synchronous,China,Government,2018-11-19,2024-10-08,87.85,97.3,172,164,2018,27,MEDIUM,PRC,TECHNOLOGY DEVELOPMENT,LEO,,False
JIADING 1,43713,PAYLOAD,Sun-Synchronous,China,Commercial,2018-11-19,2024-11-27,87.31,97.31,147,135,2018,45,MEDIUM,PRC,COMMUNICATIONS,LEO,,False
MOHAMMED VI-B,43717,PAYLOAD,Sun-Synchronous,Morocco,Government,2018-11-21,,97.49,97.96,640,638,2018,1110,LARGE,MA,EARTH OBSERVATION,LEO,,True
HSAT,43720,PAYLOAD,Sun-Synchronous,USA,Commercial,2018-11-29,2022-11-01,93.97,97.39,479,458,2018,4,MEDIUM,US,COMMUNICATIONS,LEO,,False
FACSAT-1,43721,PAYLOAD,Sun-Synchronous,Colombia,Military,2018-11-29,2023-06-03,88.2,97.3,196,174,2018,5,SMALL,COL,EARTH OBSERVATION,LEO,,False
CENTAURI 2,43722,PAYLOAD,Sun-Synchronous,Australia,Commercial,2018-11-29,2023-03-20,87.44,97.3,157,138,2018,4,MEDIUM,US,TECHNOLOGY DEVELOPMENT,LEO,,False
KEPLER-1 (CASE),43729,PAYLOAD,Sun-Synchronous,Canada,Commercial,2018-11-29,2023-02-23,87.85,97.28,176,160,2018,4,MEDIUM,CA,COMMUNICATIONS,LEO,,False
GLOBAL-1,43730,PAYLOAD,Sun-Synchronous,USA,Commercial,2018-11-29,2024-02-27,87.24,97.29,146,129,2018,56,MEDIUM,US,EARTH OBSERVATION,LEO,,False
LEMUR 2 ORZULAK,43731,PAYLOAD,Sun-Synchronous,USA,Commercial,2018-11-29,2023-02-03,87.61,97.33,166,146,2018,10,SMALL,US,EARTH OBSERVATION,LEO,,False
LEMUR 2 KOBYSZCZE,43732,PAYLOAD,Sun-Synchronous,USA,Commercial,2018-11-29,2023-02-03,87.49,97.34,160,141,2018,10,SMALL,US,EARTH OBSERVATION,LEO,,False
CICERO 8,43737,PAYLOAD,Sun-Synchronous,USA,Commercial,2018-11-29,2023-05-23,87.5,97.31,164,137,2018,10,MEDIUM,US,EARTH OBSERVATION,LEO,,False
REAKTOR HELLO WORLD,43743,PAYLOAD,Sun-Synchronous,Finland,Commercial,2018-11-29,2023-10-22,87.33,97.29,150,135,2018,4,MEDIUM,FIN,EARTH OBSERVATION,LEO,,False
HIBER-1,43744,PAYLOAD,,Netherlands,Commercial,2018-11-29,2023-02-24,87.41,97.3,154,138,2018,4,MEDIUM,NETH,TECHNOLOGY DEVELOPMENT,LEO,,False
LEMUR 2 DULY,43745,PAYLOAD,Sun-Synchronous,USA,Commercial,2018-11-29,2023-02-20,88.24,97.33,197,177,2018,10,SMALL,US,EARTH OBSERVATION,LEO,,False
LEMUR 2 VLADIMIR,43746,PAYLOAD,Sun-Synchronous,USA,Commercial,2018-11-29,2023-01-13,87.44,97.34,156,139,2018,10,SMALL,US,EARTH OBSERVATION,LEO,,False
SIRION PATHFINDER-2,43759,PAYLOAD,Sun-Synchronous,USA,Commercial,2018-12-03,,95.41,97.48,544,533,2018,20,SMALL,US,COMMUNICATIONS,LEO,,True
POLAR SCOUT KODIAK,43764,PAYLOAD,Sun-Synchronous,USA,Military,2018-12-03,,94.17,97.47,485,472,2018,6,MEDIUM,US,COMMUNICATIONS,LEO,,True
HAWK-A,43765,PAYLOAD,Sun-Synchronous,USA,Commercial,2018-12-03,,95.3,97.45,543,523,2018,15,MEDIUM,US,SURVEILLANCE,LEO,,True
CORVUS BC4,43767,PAYLOAD,Sun-Synchronous,USA,Commercial,2018-12-03,,95.5,97.46,549,536,2018,10,SMALL,US,EARTH OBSERVATION,LEO,,True
AISTECHSAT-2,43768,PAYLOAD,Sun-Synchronous,Spain,Commercial,2018-12-03,,95.38,97.49,540,534,2018,2.6,SMALL,SPN,EARTH OBSERVATION,LEO,,True
AO-95,43770,PAYLOAD,Sun-Synchronous,USA,Civil,2018-12-03,,94.98,97.5,525,510,2018,1.5,SMALL,US,COMMUNICATIONS,LEO,,True
RANGE A,43773,PAYLOAD,Sun-Synchronous,USA,Civil,2018-12-03,,95.46,97.45,548,533,2018,2,SMALL,US,TECHNOLOGY DEVELOPMENT,LEO,,True
HIBER-2,43774,PAYLOAD,,Netherlands,Commercial,2018-12-03,,93.84,97.49,465,459,2018,7,MEDIUM,NETH,TECHNOLOGY DEVELOPMENT,LEO,,True
MOVE-II,43780,PAYLOAD,Sun-Synchronous,Germany,Government/Civil,2018-12-03,,92.4,97.47,394,390,2018,2,SMALL,GER,TECHNOLOGY DEVELOPMENT,LEO,,True
ORBWEAVER 2,43785,PAYLOAD,Sun-Synchronous,USA,Military,2018-12-03,2024-10-06,88.03,97.47,186,168,2018,,MEDIUM,US,TECHNOLOGY DEVELOPMENT,LEO,,False
EAGLET 1,43790,PAYLOAD,Sun-Synchronous,Italy,Commercial,2018-12-03,,95.46,97.48,549,532,2018,4,SMALL,IT,EARTH OBSERVATION,LEO,,True
ESEO,43792,PAYLOAD,Sun-Synchronous,ESA,Civil,2018-12-03,,95.85,97.45,567,552,2018,45,MEDIUM,ESA,EARTH OBSERVATION/EARTH SCIENCE,LEO,,True
CSIM,43793,PAYLOAD,Sun-Synchronous,USA,Civil,2018-12-03,,92.39,97.49,396,388,2018,6,MEDIUM,US,SPACE SCIENCE,LEO,,True
HAWK-B,43794,PAYLOAD,Sun-Synchronous,USA,Commercial,2018-12-03,,95.33,97.45,544,525,2018,15,MEDIUM,US,SURVEILLANCE,LEO,,True
ORBWEAVER 1,43795,PAYLOAD,Sun-Synchronous,USA,Military,2018-12-03,2024-09-09,87.66,97.5,171,147,2018,,MEDIUM,US,TECHNOLOGY DEVELOPMENT,LEO,,False
THEA,43796,PAYLOAD,Sun-Synchronous,USA,Commercial,2018-12-03,,94.72,97.5,511,499,2018,4,MEDIUM,US,TECHNOLOGY DEVELOPMENT,LEO,,True
SKYSAT C12,43797,PAYLOAD,Sun-Synchronous,USA,Commercial,2018-12-03,,93.78,96.97,462,457,2018,100,MEDIUM,US,EARTH OBSERVATION,LEO,,True
HAWK-C,43799,PAYLOAD,Sun-Synchronous,USA,Commercial,2018-12-03,,95.29,97.45,543,523,2018,15,MEDIUM,US,SURVEILLANCE,LEO,,True
ICEYE-X2,43800,PAYLOAD,Sun-Synchronous,Finland,Commercial,2018-12-03,,95.28,97.49,539,525,2018,80,MEDIUM,FIN,EARTH OBSERVATION,LEO,,True
SKYSAT C13,43802,PAYLOAD,Sun-Synchronous,USA,Commercial,2018-12-03,,92.99,97,426,416,2018,100,MEDIUM,US,EARTH OBSERVATION,LEO,,True
JY1SAT,43803,PAYLOAD,Sun-Synchronous,Jordan,Civil,2018-12-03,,94.77,97.47,511,503,2018,2,SMALL,JOR,COMMUNICATIONS,LEO,,True
SUOMI100,43804,PAYLOAD,Sun-Synchronous,Finland,Civil,2018-12-03,,94.91,97.48,522,506,2018,1,SMALL,FIN,TECHNOLOGY DEVELOPMENT,LEO,,True
EUCROPIS,43807,PAYLOAD,Sun-Synchronous,Germany,Government,2018-12-03,,95.16,97.48,530,523,2018,230,LARGE,GER,TECHNOLOGY DEVELOPMENT,LEO,,True
POLAR SCOUT YUKON,43808,PAYLOAD,Sun-Synchronous,USA,Military,2018-12-03,,94.66,97.51,507,498,2018,6,MEDIUM,US,COMMUNICATIONS,LEO,,True
CENTAURI-1,43809,PAYLOAD,Sun-Synchronous,Australia,Commercial,2018-12-03,,95.32,97.48,545,524,2018,4,SMALL,AUS,COMMUNICATIONS,LEO,,True
NEXTSAT-1,43811,PAYLOAD,Sun-Synchronous,South Korea,Government,2018-12-03,,95.65,97.46,558,541,2018,100,MEDIUM,SKOR,SPACE SCIENCE,LEO,,True
GLOBAL-2,43812,PAYLOAD,Sun-Synchronous,USA,Commercial,2018-12-03,,95.66,97.41,556,545,2018,55,MEDIUM,US,EARTH OBSERVATION,LEO,,True
BRIO,43813,PAYLOAD,Sun-Synchronous,USA,Commercial,2018-12-03,,92.33,97.52,392,386,2018,4,MEDIUM,US,TECHNOLOGY DEVELOPMENT,LEO,,True
FALCONSAT-6,43815,PAYLOAD,Sun-Synchronous,USA,Military/Civil,2018-12-03,,94.58,97.54,510,486,2018,181,MEDIUM,US,TECHNOLOGY DEVELOPMENT,LEO,,True
EXCITE,43819,PAYLOAD,Sun-Synchronous,USA,Military,2018-12-03,,95.75,97.45,568,542,2018,155,MEDIUM,US,TECHNOLOGY DEVELOPMENT,LEO,,True
SEAHAWK-1,43820,PAYLOAD,Sun-Synchronous,USA,Civil,2018-12-03,,95.1,97.45,529,517,2018,4,SMALL,US,EARTH OBSERVATION,LEO,,True
AEROCUBE 11-R3,43849,PAYLOAD,Polar,USA,Commercial,2018-12-16,2024-01-03,87.36,84.99,150,138,2018,4,MEDIUM,US,TECHNOLOGY DEVELOPMENT,LEO,,False
SHIELDS 1,43850,PAYLOAD,Polar,USA,Government,2018-12-16,,92.44,85.01,398,390,2018,4,SMALL,US,TECHNOLOGY DEVELOPMENT,LEO,,True
CHOMPTT,43855,PAYLOAD,Polar,USA,Government/Civil,2018-12-16,2024-05-13,87.5,84.99,158,143,2018,4,SMALL,US,TECHNOLOGY DEVELOPMENT,LEO,,False
CP11 (ISX),43856,PAYLOAD,Polar,USA,Government/Civil,2018-12-16,2024-05-18,88.09,84.97,189,171,2018,4,SMALL,US,SPACE SCIENCE,LEO,,False
DAVINCI,43857,PAYLOAD,Polar,USA,Civil,2018-12-16,2023-02-09,89.17,84.98,236,231,2018,4,SMALL,US,EDUCATIONAL,LEO,,False
GOERGEN,43860,PAYLOAD,Polar,USA,Military,2018-12-16,2022-11-29,94.3,85.03,494,475,2018,5,MEDIUM,US,SPACE SCIENCE,LEO,,False
AEROCUBE 11-EAGLESCOUT,43861,PAYLOAD,Polar,USA,Commercial,2018-12-16,2024-02-10,87.4,84.99,152,139,2018,4,MEDIUM,US,TECHNOLOGY DEVELOPMENT,LEO,,False
HONGYUN 1,43871,PAYLOAD,Sun-Synchronous,China,Commercial,2018-12-21,,106.62,99.8,1079,1061,2018,,LARGE,PRC,TECHNOLOGY DEVELOPMENT,LEO,,True
TJS-3,43874,PAYLOAD,,China,Government,2018-12-24,,1439.69,1.46,35862,35852,2018,,LARGE,PRC,TECHNOLOGY DEVELOPMENT,GEO,,True
KANOPUS-V 5,43876,PAYLOAD,Sun-Synchronous,Russia,Government,2018-12-27,,94.59,97.38,500,497,2018,500,LARGE,CIS,EARTH OBSERVATION,LEO,,True
KANOPUS-V 6,43877,PAYLOAD,Sun-Synchronous,Russia,Government,2018-12-27,,94.02,97.38,473,470,2018,500,LARGE,CIS,EARTH OBSERVATION,LEO,,True
ISAT,43879,PAYLOAD,Sun-Synchronous,Czech Republic,Commercial,2018-12-27,,94.26,97.6,489,476,2018,4,SMALL,GER,COMMUNICATIONS,LEO,,True
UWE-4,43880,PAYLOAD,Sun-Synchronous,Germany,Civil,2018-12-27,,94.48,97.59,503,484,2018,2,SMALL,GER,TECHNOLOGY DEVELOPMENT/EDUCATIONAL,LEO,,True
D-STAR ONE SPARROW,43881,PAYLOAD,Sun-Synchronous,Germany,Commercial,2018-12-27,,94.19,97.61,486,473,2018,4,SMALL,GER,TECHNOLOGY DEVELOPMENT,LEO,,True
LEMUR 2 CHRISTINAHOLT,43882,PAYLOAD,Sun-Synchronous,USA,Commercial,2018-12-27,2025-02-14,88.43,97.56,202,191,2018,10,SMALL,US,EARTH OBSERVATION,LEO,,False
LEMUR 2 TINYKEV,43883,PAYLOAD,Sun-Synchronous,USA,Commercial,2018-12-27,2025-01-11,87.42,97.51,151,143,2018,10,SMALL,US,EARTH OBSERVATION,LEO,,False
LEMUR 2 REMY-COLTON,43884,PAYLOAD,Sun-Synchronous,USA,Commercial,2018-12-27,2025-04-15,87.45,97.57,152,145,2018,10,MEDIUM,US,EARTH OBSERVATION,LEO,,False
LEMUR 2 GUSTAVO,43885,PAYLOAD,Sun-Synchronous,USA,Commercial,2018-12-27,,88.54,97.59,208,197,2018,10,SMALL,US,EARTH OBSERVATION,LEO,,True
LEMUR 2 ZO,43886,PAYLOAD,Sun-Synchronous,USA,Commercial,2018-12-27,,90.89,97.6,322,315,2018,10,SMALL,US,EARTH OBSERVATION,LEO,,True
LEMUR 2 NATALIEMURRAY,43887,PAYLOAD,Sun-Synchronous,USA,Commercial,2018-12-27,2025-04-04,87.86,97.56,174,163,2018,10,SMALL,US,EARTH OBSERVATION,LEO,,False
LEMUR 2 SARAHBETTYBOO,43888,PAYLOAD,Sun-Synchronous,USA,Commercial,2018-12-27,2025-03-25,87.94,97.62,179,167,2018,10,SMALL,US,EARTH OBSERVATION,LEO,,False
LEMUR 2 DAISY-HARPER,43889,PAYLOAD,Sun-Synchronous,USA,Commercial,2018-12-27,2025-02-25,88.15,97.57,188,178,2018,10,SMALL,US,EARTH OBSERVATION,LEO,,False
ZACUBE-2,43907,PAYLOAD,Sun-Synchronous,South Africa,Civil,2018-12-27,2024-04-24,87.38,97.05,153,137,2018,4,SMALL,SAFR,EARTH OBSERVATION,LEO,,False
LUME-1,43908,PAYLOAD,Sun-Synchronous,Spain,Commercial/Civil,2018-12-27,2024-02-14,88.22,97.08,188,185,2018,2,SMALL,SPN,COMMUNICATIONS,LEO,,False
YUNHAI 2-1A,43909,PAYLOAD,Non-Polar Inclined,China,Government,2018-12-29,,100.79,50.01,796,796,2018,,LARGE,PRC,EARTH OBSERVATION,LEO,,True
YUNHAI 2-1B,43910,PAYLOAD,Non-Polar Inclined,China,Government,2018-12-29,,100.79,50.01,799,793,2018,,LARGE,PRC,EARTH OBSERVATION,LEO,,True
YUNHAI 2-1C,43911,PAYLOAD,Non-Polar Inclined,China,Government,2018-12-29,,100.79,50.01,797,795,2018,,LARGE,PRC,EARTH OBSERVATION,LEO,,True
YUNHAI 2-1D,43912,PAYLOAD,Non-Polar Inclined,China,Government,2018-12-29,,100.79,50.01,807,785,2018,,LARGE,PRC,EARTH OBSERVATION,LEO,,True
YUNHAI 2-1E,43913,PAYLOAD,Non-Polar Inclined,China,Government,2018-12-29,,100.79,50.01,800,792,2018,,LARGE,PRC,EARTH OBSERVATION,LEO,,True
HONGYAN 1,43914,PAYLOAD,Non-Polar Inclined,China,Government,2018-12-29,,107.16,50.01,1100,1090,2018,,MEDIUM,PRC,COMMUNICATIONS,LEO,,True
YUNHAI 2-1F,43915,PAYLOAD,Non-Polar Inclined,China,Government,2018-12-29,,100.79,50.01,801,791,2018,,LARGE,PRC,EARTH OBSERVATION,LEO,,True
CHINASAT 2D,43920,PAYLOAD,,China,Government/Commercial,2019-01-10,,1436.13,0.02,35793,35781,2019,5200,LARGE,PRC,COMMUNICATIONS,GEO,,True
RISESAT,43934,PAYLOAD,Sun-Synchronous,Japan,Civil,2019-01-18,2023-03-14,87.54,97.07,161,145,2019,59,MEDIUM,JPN,EARTH OBSERVATION,LEO,,False
MICRODRAGON,43935,PAYLOAD,Sun-Synchronous,Vietnam,Government,2019-01-18,2024-10-01,87.2,97.04,142,129,2019,50.5,MEDIUM,JPN,EARTH OBSERVATION,LEO,,False
NEXUS,43937,PAYLOAD,Sun-Synchronous,Japan,Civil,2019-01-18,2023-11-09,87.37,97.03,147,141,2019,4,SMALL,JPN,COMMUNICATIONS,LEO,,False
LINGQUE 1A,43942,PAYLOAD,Sun-Synchronous,China,Commercial,2019-01-21,2022-06-14,94.55,97.51,507,486,2019,3,MEDIUM,PRC,EARTH OBSERVATION,LEO,,False
XIAOXIANG 3,43944,PAYLOAD,Sun-Synchronous,China,Commercial,2019-01-21,2024-01-08,87.38,97.48,151,138,2019,3,MEDIUM,PRC,TECHNOLOGY DEVELOPMENT,LEO,,False
TIANLIAN 2-01,44076,PAYLOAD,,China,Government,2019-03-31,,1436.1,0.49,35800,35773,2019,,LARGE,PRC,COMMUNICATIONS,GEO,,True
EMISAT,44078,PAYLOAD,Sun-Synchronous,India,Military,2019-04-01,,99.74,98.29,760,732,2019,436,LARGE,IND,EARTH OBSERVATION,LEO,,True
LEMUR 2 JOHANLORAN,44084,PAYLOAD,Sun-Synchronous,USA,Commercial,2019-04-01,2023-03-07,87.7,97.26,172,150,2019,10,SMALL,US,EARTH OBSERVATION,LEO,,False
LEMUR 2 BEAUDACIOUS,44085,PAYLOAD,Sun-Synchronous,USA,Commercial,2019-04-01,2023-06-30,88.12,97.22,191,172,2019,10,SMALL,US,EARTH OBSERVATION,LEO,,False
LEMUR 2 ELHAM,44086,PAYLOAD,Sun-Synchronous,USA,Commercial,2019-04-01,2023-05-03,87.65,97.25,170,146,2019,10,SMALL,US,EARTH OBSERVATION,LEO,,False
LEMUR 2 VICTOR-ANDREW,44087,PAYLOAD,Sun-Synchronous,USA,Commercial,2019-04-01,2023-03-15,88.46,97.25,207,190,2019,10,SMALL,US,EARTH OBSERVATION,LEO,,False
AISTECHSAT-3,44103,PAYLOAD,Sun-Synchronous,Spain,Commercial,2019-04-01,2024-04-23,87.41,97.17,154,138,2019,2.3,SMALL,SPN,EARTH OBSERVATION,LEO,,False
BLUEWALKER 1,44105,PAYLOAD,Sun-Synchronous,Lithuania,Commercial,2019-04-01,2023-11-29,87.33,97.36,149,135,2019,10,SMALL,LTU,TECHNOLOGY DEVELOPMENT,LEO,,False
M6P,44109,PAYLOAD,Sun-Synchronous,Lithuania,Commercial,2019-04-01,2023-07-20,88.22,97.34,194,178,2019,6.8,SMALL,LTU,TECHNOLOGY DEVELOPMENT,LEO,,False
O3B FM20,44112,PAYLOAD,Equatorial,United Kingdom,Commercial,2019-04-04,,287.93,0.05,8071,8061,2019,700,LARGE,O3B,COMMUNICATIONS,MEO,,True
O3B FM19,44113,PAYLOAD,Equatorial,United Kingdom,Commercial,2019-04-04,,287.93,0.04,8071,8061,2019,700,LARGE,O3B,COMMUNICATIONS,MEO,,True
O3B FM17,44114,PAYLOAD,Equatorial,United Kingdom,Commercial,2019-04-04,,287.93,0.07,8070,8061,2019,700,LARGE,O3B,COMMUNICATIONS,MEO,,True
O3B FM18,44115,PAYLOAD,Equatorial,United Kingdom,Commercial,2019-04-04,,287.93,0.05,8070,8062,2019,700,LARGE,O3B,COMMUNICATIONS,MEO,,True
TIANHUI 2-01A,44207,PAYLOAD,Sun-Synchronous,China,Government,2019-04-29,,94.94,97.48,517,514,2019,2500,LARGE,PRC,EARTH OBSERVATION,LEO,,True
TIANHUI 2-01B,44209,PAYLOAD,Sun-Synchronous,China,Government,2019-04-29,,94.94,97.48,517,514,2019,2500,LARGE,PRC,EARTH OBSERVATION,LEO,,True
SPARC-1,44226,PAYLOAD,Non-Polar Inclined,Sweden,Military,2019-05-05,2023-06-26,88.8,40,223,207,2019,8,MEDIUM,US,TECHNOLOGY DEVELOPMENT,LEO,,False
HARBINGER,44229,PAYLOAD,Non-Polar Inclined,USA,Military,2019-05-05,2024-03-09,88.06,39.98,182,175,2019,150,LARGE,US,TECHNOLOGY DEVELOPMENT,LEO,,False
RISAT 2B,44233,PAYLOAD,Non-Polar Inclined,India,Military,2019-05-22,,95.9,37,565,560,2019,615,LARGE,IND,EARTH OBSERVATION,LEO,,True
STARLINK-24,44238,PAYLOAD,Non-Polar Inclined,USA,Commercial,2019-05-24,2022-10-24,94.97,52.99,518,516,2019,227,LARGE,US,COMMUNICATIONS,LEO,,False
NPSAT1,44340,PAYLOAD,Sun-Synchronous,USA,Civil/Military,2019-06-25,,98.03,24,671,658,2019,85,MEDIUM,US,TECHNOLOGY DEVELOPMENT,LEO,,True
FALCONSAT-7,44347,PAYLOAD,,USA,Military/Civil,2019-06-25,2021-07-02,89.14,28.51,248,215,2019,5,SMALL,US,TECHNOLOGY DEVELOPMENT,ELLIPTICAL,,False
PSAT 2,44354,PAYLOAD,Sun-Synchronous,USA,Military,2019-06-25,2023-02-15,88.18,28.51,200,169,2019,6,SMALL,US,TECHNOLOGY DEVELOPMENT,ELLIPTICAL,,False
TBEX-A,44356,PAYLOAD,,USA,Military,2019-06-25,2021-03-09,88.32,28.5,197,186,2019,70,MEDIUM,US,TECHNOLOGY DEVELOPMENT,ELLIPTICAL,,False
CP-9 LEO,44360,PAYLOAD,,USA,Civil,2019-06-25,2021-10-28,92.3,28.5,499,276,2019,6,SMALL,US,TECHNOLOGY DEVELOPMENT,ELLIPTICAL,,False
PAINANI 1,44365,PAYLOAD,Non-Polar Inclined,Mexico,Military,2019-06-29,2023-01-14,87.5,44.97,155,146,2019,4,MEDIUM,MEX,EARTH OBSERVATION,LEO,,False
GLOBAL-3,44367,PAYLOAD,Non-Polar Inclined,USA,Commercial,2019-06-29,2023-05-16,87.89,44.98,176,164,2019,56,MEDIUM,US,EARTH OBSERVATION,LEO,,False
ICEYE-X5,44389,PAYLOAD,Sun-Synchronous,Finland,Commercial,2019-07-05,,94.11,97.92,481,470,2019,80,LARGE,FIN,EARTH OBSERVATION,LEO,,True
ICEYE-X4,44390,PAYLOAD,Sun-Synchronous,Finland,Commercial,2019-07-05,,94.81,97.9,520,499,2019,80,MEDIUM,FIN,EARTH OBSERVATION,LEO,,True
NSL-1,44391,PAYLOAD,Sun-Synchronous,Israel,Commercial,2019-07-05,2024-08-05,90.42,97.86,301,289,2019,8,MEDIUM,ISRA,TECHNOLOGY DEVELOPMENT,LEO,,False
VDNH 80,44392,PAYLOAD,Sun-Synchronous,Russia,Civil,2019-07-05,2024-06-21,87.45,97.64,157,140,2019,4,SMALL,CIS,SPACE SCIENCE,LEO,,False
AMGU-1 (AMURSAT),44394,PAYLOAD,Sun-Synchronous,Russia,Civil,2019-07-05,2024-05-09,87.62,97.65,165,148,2019,4,SMALL,CIS,SPACE SCIENCE,LEO,,False
LEMUR 2 LILLYJO,44396,PAYLOAD,Sun-Synchronous,USA,Commercial,2019-07-05,2024-02-21,87.46,97.61,155,142,2019,10,SMALL,US,EARTH OBSERVATION,LEO,,False
DOT-1,44399,PAYLOAD,Sun-Synchronous,United Kingdom,Commercial,2019-07-05,2025-02-04,88.05,97.67,182,175,2019,17.5,MEDIUM,UK,TECHNOLOGY DEVELOPMENT,LEO,,False
SONATE,44400,PAYLOAD,Sun-Synchronous,Germany,Civil,2019-07-05,,91.44,97.7,351,340,2019,1,SMALL,GER,TECHNOLOGY DEVELOPMENT,LEO,,True
LEMUR 2 WANLI,44402,PAYLOAD,Sun-Synchronous,USA,Commercial,2019-07-05,2024-02-10,87.6,97.61,162,149,2019,10,SMALL,US,EARTH OBSERVATION,LEO,,False
LEMUR 2 MORAG,44403,PAYLOAD,Sun-Synchronous,USA,Commercial,2019-07-05,2024-03-05,87.71,97.62,167,155,2019,10,SMALL,US,EARTH OBSERVATION,LEO,,False
CARBONIX,44404,PAYLOAD,Sun-Synchronous,Russia,Civil,2019-07-05,2024-05-02,87.93,97.64,178,166,2019,4,SMALL,GER,SPACE SCIENCE,LEO,,False
LEMUR 2 DUSTINTHEWIND,44405,PAYLOAD,Sun-Synchronous,USA,Commercial,2019-07-05,2024-03-28,87.65,97.63,163,153,2019,10,SMALL,US,EARTH OBSERVATION,LEO,,False
LUCKY-7,44406,PAYLOAD,Sun-Synchronous,Czech Republic,Commercial,2019-07-05,2024-12-21,87.27,97.67,146,132,2019,1,SMALL,CZE,TECHNOLOGY DEVELOPMENT,LEO,,False
LEMUR 2 ALEX-MADDY,44407,PAYLOAD,Sun-Synchronous,USA,Commercial,2019-07-05,2024-07-13,87.46,97.61,157,140,2019,10,SMALL,US,EARTH OBSERVATION,LEO,,False
MOMENTUS-X1,44408,PAYLOAD,Sun-Synchronous,USA,Commercial,2019-07-05,,93.39,97.72,451,430,2019,20,MEDIUM,US,TECHNOLOGY DEVELOPMENT,LEO,,True
LEMUR 2 EJATTA,44409,PAYLOAD,Sun-Synchronous,USA,Commercial,2019-07-05,2024-02-16,87.46,97.61,153,144,2019,10,SMALL,US,EARTH OBSERVATION,LEO,,False
LEMUR 2 GREGROBINSON,44411,PAYLOAD,Sun-Synchronous,USA,Commercial,2019-07-05,2024-02-07,87.96,97.6,178,169,2019,10,SMALL,US,EARTH OBSERVATION,LEO,,False
BEESAT 9,44412,PAYLOAD,Sun-Synchronous,Germany,Civil,2019-07-05,2024-06-04,88.2,97.66,193,178,2019,1,SMALL,GER,TECHNOLOGY DEVELOPMENT,LEO,,False
SOCRAT,44414,PAYLOAD,Sun-Synchronous,USA,Commercial,2019-07-05,,89.34,97.67,245,239,2019,10,MEDIUM,CIS,EARTH OBSERVATION,LEO,,True
JAISAT 1,44419,PAYLOAD,Sun-Synchronous,Thailand,Civil,2019-07-05,2024-06-07,87.5,97.64,158,143,2019,1,SMALL,THAI,COMMUNICATIONS,LEO,,False
COSMOS 2535,44421,PAYLOAD,Sun-Synchronous,Russia,Military,2019-07-10,,96.61,97.62,602,590,2019,,LARGE,CIS,TECHNOLOGY DEVELOPMENT,LEO,,True
COSMOS 2536,44422,PAYLOAD,Sun-Synchronous,Russia,Military,2019-07-10,2024-06-21,88.05,97.62,190,166,2019,,LARGE,CIS,TECHNOLOGY DEVELOPMENT,LEO,,False
COSMOS 2537,44423,PAYLOAD,Sun-Synchronous,Russia,Military,2019-07-10,2023-10-07,88.1,97.68,189,172,2019,,LARGE,CIS,TECHNOLOGY DEVELOPMENT,LEO,,False
COSMOS 2538,44424,PAYLOAD,Sun-Synchronous,Russia,Military,2019-07-10,,95.07,97.63,556,488,2019,,MEDIUM,CIS,TECHNOLOGY DEVELOPMENT,LEO,,True
YAOGAN-30 N,44449,PAYLOAD,Non-Polar Inclined,China,Military,2019-07-26,,96.02,34.99,572,565,2019,,LARGE,PRC,EARTH OBSERVATION,LEO,,True
YAOGAN-30 P,44450,PAYLOAD,Non-Polar Inclined,China,Military,2019-07-26,,96.02,34.99,574,562,2019,,LARGE,PRC,EARTH OBSERVATION,LEO,,True
YAOGAN-30 Q,44451,PAYLOAD,Non-Polar Inclined,China,Military,2019-07-26,,96.02,34.99,569,567,2019,,LARGE,PRC,EARTH OBSERVATION,LEO,,True
EDRS-C,44475,PAYLOAD,,ESA,Commercial,2019-08-06,,1436.12,0.07,35790,35784,2019,3186,LARGE,ESA,COMMUNICATIONS,GEO,,True
AEHF 5 (USA 292),44481,PAYLOAD,,USA,Military,2019-08-08,,1436.15,2.09,36030,35546,2019,6169,LARGE,US,COMMUNICATIONS,GEO,,True
TDO SPACECRAFT,44482,PAYLOAD,,USA,Military,2019-08-08,2022-12-30,603.87,25.76,34389,187,2019,20,MEDIUM,US,TECHNOLOGY DEVELOPMENT,ELLIPTICAL,,False
BRO-1,44495,PAYLOAD,Non-Polar Inclined,France,Commercial,2019-08-19,,93.49,45.01,448,443,2019,8,SMALL,FR,EARTH OBSERVATION,LEO,,True
PEARL WHITE 1,44497,PAYLOAD,Non-Polar Inclined,USA,Commercial,2019-08-19,,90.32,44.98,297,283,2019,8,MEDIUM,US,TECHNOLOGY DEVELOPMENT,LEO,,True
PEARL WHITE 2,44498,PAYLOAD,Non-Polar Inclined,USA,Commercial,2019-08-19,2025-03-08,87.9,44.98,173,168,2019,8,MEDIUM,US,TECHNOLOGY DEVELOPMENT,LEO,,False
GLOBAL-4,44499,PAYLOAD,Non-Polar Inclined,USA,Commercial,2019-08-19,,93.59,45.01,454,446,2019,56,MEDIUM,US,EARTH OBSERVATION,LEO,,True
XAIOXIANG-1 07,44519,PAYLOAD,Sun-Synchronous,China,Commercial,2019-08-30,2025-02-08,87.5,97.71,157,144,2019,10,MEDIUM,PRC,TECHNOLOGY DEVELOPMENT,LEO,,False
KX-09,44520,PAYLOAD,Sun-Synchronous,China,Government,2019-08-30,,96.31,97.79,588,576,2019,,MEDIUM,PRC,SPACE SCIENCE,LEO,,True
BNU-1,44529,PAYLOAD,Sun-Synchronous,China,Civil,2019-09-12,,99.47,98.56,742,724,2019,16,MEDIUM,PRC,EARTH OBSERVATION,LEO,,True
ZHUHAI-1 03A,44534,PAYLOAD,Sun-Synchronous,China,Commercial,2019-09-19,,92.01,97.51,377,369,2019,55,MEDIUM,PRC,EARTH OBSERVATION,LEO,,True
ZHUHAI-1 03B,44536,PAYLOAD,Sun-Synchronous,China,Commercial,2019-09-19,,94.05,97.51,482,463,2019,55,MEDIUM,PRC,EARTH OBSERVATION,LEO,,True
ZHUHAI-1 03C,44537,PAYLOAD,Sun-Synchronous,China,Commercial,2019-09-19,,93.55,97.54,461,435,2019,55,MEDIUM,PRC,EARTH OBSERVATION,LEO,,True
ZHUHAI-1 03D,44538,PAYLOAD,Sun-Synchronous,China,Commercial,2019-09-19,,94.21,97.49,489,472,2019,55,MEDIUM,PRC,EARTH OBSERVATION,LEO,,True
ZHUHAI-1 03E,44539,PAYLOAD,Sun-Synchronous,China,Commercial,2019-09-19,,94.38,97.51,497,480,2019,55,MEDIUM,PRC,EARTH OBSERVATION,LEO,,True
COSMOS 2541,44552,PAYLOAD,Molniya,Russia,Military,2019-09-26,,717.77,62.73,37454,2899,2019,,LARGE,CIS,EARTH OBSERVATION,ELLIPTICAL,,True
MEV-1,44625,PAYLOAD,,USA,Commercial,2019-10-09,,1457.29,0.15,36216,36185,2019,2875,LARGE,US,MISSION EXTENSION TECHNOLOGY,GEO,,True
ICON,44628,PAYLOAD,Non-Polar Inclined,USA,Government,2019-10-11,,95.79,26.99,567,547,2019,288,LARGE,US,SPACE SCIENCE,LEO,,True
PALISADE,44634,PAYLOAD,Polar,USA,Commercial,2019-10-17,,109.77,87.9,1224,1208,2019,20,MEDIUM,US,TECHNOLOGY DEMONSTRATION,LEO,,True
TJS-4,44637,PAYLOAD,,China,Government,2019-10-17,,1436.14,0.02,35802,35773,2019,,LARGE,PRC,TECHNOLOGY DEVELOPMENT,GEO,,True
GAOFEN 7,44703,PAYLOAD,Sun-Synchronous,China,Government,2019-11-03,,94.64,97.29,509,493,2019,9,LARGE,PRC,EARTH OBSERVATION,LEO,,True
SSES-1,44704,PAYLOAD,Sun-Synchronous,Sudan,Government,2019-11-03,2023-11-29,87.7,97.36,168,153,2019,50,MEDIUM,SDN,EARTH OBSERVATION,LEO,,False
HUANGPU-1,44705,PAYLOAD,Sun-Synchronous,China,Commercial,2019-11-03,2023-11-09,87.37,97.34,150,138,2019,50,MEDIUM,PRC,COMMUNICATIONS,LEO,,False
XIAOXIANG 1-08,44706,PAYLOAD,Sun-Synchronous,China/France,Commercial,2019-11-03,2023-04-25,88.15,97.38,189,177,2019,9,MEDIUM,PRC,TECHNOLOGY DEVELOPMENT,LEO,,False
STARLINK-1007,44713,PAYLOAD,Non-Polar Inclined,USA,Commercial,2019-11-11,2024-10-02,88.35,53.04,198,187,2019,227,LARGE,US,COMMUNICATIONS,LEO,,False
STARLINK-1008,44714,PAYLOAD,Non-Polar Inclined,USA,Commercial,2019-11-11,,95.59,53.05,548,546,2019,227,LARGE,US,COMMUNICATIONS,LEO,,True
STARLINK-1009,44715,PAYLOAD,Non-Polar Inclined,USA,Commercial,2019-11-11,2025-02-21,87.74,53.03,166,160,2019,227,LARGE,US,COMMUNICATIONS,LEO,,False
STARLINK-1010,44716,PAYLOAD,Non-Polar Inclined,USA,Commercial,2019-11-11,,95.59,53.05,548,546,2019,227,LARGE,US,COMMUNICATIONS,LEO,,True
STARLINK-1011,44717,PAYLOAD,Non-Polar Inclined,USA,Commercial,2019-11-11,,95.59,53.05,548,546,2019,227,LARGE,US,COMMUNICATIONS,LEO,,True
STARLINK-1012,44718,PAYLOAD,Non-Polar Inclined,USA,Commercial,2019-11-11,,95.59,53.05,548,546,2019,227,LARGE,US,COMMUNICATIONS,LEO,,True
STARLINK-1013,44719,PAYLOAD,Non-Polar Inclined,USA,Commercial,2019-11-11,,95.59,53.05,548,546,2019,227,LARGE,US,COMMUNICATIONS,LEO,,True
STARLINK-1014,44720,PAYLOAD,Non-Polar Inclined,USA,Commercial,2019-11-11,,92.3,53.04,394,381,2019,227,LARGE,US,COMMUNICATIONS,LEO,,True
STARLINK-1015,44721,PAYLOAD,Non-Polar Inclined,USA,Commercial,2019-11-11,,95.59,53.05,549,546,2019,227,LARGE,US,COMMUNICATIONS,LEO,,True
STARLINK-1017,44723,PAYLOAD,Non-Polar Inclined,USA,Commercial,2019-11-11,,95.59,53.05,548,546,2019,227,LARGE,US,COMMUNICATIONS,LEO,,True
STARLINK-1019,44724,PAYLOAD,Non-Polar Inclined,USA,Commercial,2019-11-11,,95.59,53.05,548,546,2019,227,LARGE,US,COMMUNICATIONS,LEO,,True
STARLINK-1020,44725,PAYLOAD,Non-Polar Inclined,USA,Commercial,2019-11-11,,95.59,53.05,548,547,2019,227,LARGE,US,COMMUNICATIONS,LEO,,True
STARLINK-1021,44726,PAYLOAD,Non-Polar Inclined,USA,Commercial,2019-11-11,,95.59,53.05,548,546,2019,227,LARGE,US,COMMUNICATIONS,LEO,,True
STARLINK-1022,44727,PAYLOAD,Non-Polar Inclined,USA,Commercial,2019-11-11,2023-07-29,87.27,53.03,155,124,2019,227,LARGE,US,COMMUNICATIONS,LEO,,False
STARLINK-1023,44728,PAYLOAD,Non-Polar Inclined,USA,Commercial,2019-11-11,2021-12-20,95.59,53.06,548,547,2019,227,LARGE,US,COMMUNICATIONS,LEO,,False
STARLINK-1024,44729,PAYLOAD,Non-Polar Inclined,USA,Commercial,2019-11-11,2024-03-28,87.65,52.99,164,151,2019,227,LARGE,US,COMMUNICATIONS,LEO,,False
STARLINK-1026,44731,PAYLOAD,Non-Polar Inclined,USA,Commercial,2019-11-11,2023-09-22,87.95,53.03,176,170,2019,227,LARGE,US,COMMUNICATIONS,LEO,,False
STARLINK-1027,44732,PAYLOAD,Non-Polar Inclined,USA,Commercial,2019-11-11,,89.3,53.04,245,235,2019,227,LARGE,US,COMMUNICATIONS,LEO,,True
STARLINK-1028,44733,PAYLOAD,Non-Polar Inclined,USA,Commercial,2019-11-11,2025-02-14,87.59,53.03,159,152,2019,227,LARGE,US,COMMUNICATIONS,LEO,,False
STARLINK-1029,44734,PAYLOAD,Non-Polar Inclined,USA,Commercial,2019-11-11,,95.59,53.05,548,546,2019,227,LARGE,US,COMMUNICATIONS,LEO,,True
STARLINK-1030,44735,PAYLOAD,Non-Polar Inclined,USA,Commercial,2019-11-11,,95.59,53.05,548,546,2019,227,LARGE,US,COMMUNICATIONS,LEO,,True
STARLINK-1031,44736,PAYLOAD,Non-Polar Inclined,USA,Commercial,2019-11-11,,95.59,53.05,548,546,2019,227,LARGE,US,COMMUNICATIONS,LEO,,True
STARLINK-1032,44737,PAYLOAD,Non-Polar Inclined,USA,Commercial,2019-11-11,2025-03-26,87.91,53.03,174,168,2019,227,LARGE,US,COMMUNICATIONS,LEO,,False
STARLINK-1033,44738,PAYLOAD,Non-Polar Inclined,USA,Commercial,2019-11-11,2023-10-08,88.14,53.05,187,177,2019,227,LARGE,US,COMMUNICATIONS,LEO,,False
STARLINK-1034,44739,PAYLOAD,Non-Polar Inclined,USA,Commercial,2019-11-11,2023-09-11,87.94,52.94,185,160,2019,227,LARGE,US,COMMUNICATIONS,LEO,,False
STARLINK-1035,44740,PAYLOAD,Non-Polar Inclined,USA,Commercial,2019-11-11,2025-04-12,87.4,53.03,148,144,2019,227,LARGE,US,COMMUNICATIONS,LEO,,False
STARLINK-1036,44741,PAYLOAD,Non-Polar Inclined,USA,Commercial,2019-11-11,,95.59,53.05,548,546,2019,227,LARGE,US,COMMUNICATIONS,LEO,,True
STARLINK-1037,44742,PAYLOAD,Non-Polar Inclined,USA,Commercial,2019-11-11,2023-05-13,87.56,52.92,166,141,2019,227,LARGE,US,COMMUNICATIONS,LEO,,False
STARLINK-1038,44743,PAYLOAD,Non-Polar Inclined,USA,Commercial,2019-11-11,2025-02-08,87.84,53.03,168,167,2019,227,LARGE,US,COMMUNICATIONS,LEO,,False
STARLINK-1039,44744,PAYLOAD,Non-Polar Inclined,USA,Commercial,2019-11-11,,95.59,53.05,550,545,2019,227,LARGE,US,COMMUNICATIONS,LEO,,True
STARLINK-1041,44746,PAYLOAD,Non-Polar Inclined,USA,Commercial,2019-11-11,2024-09-07,89.42,53.04,252,240,2019,227,LARGE,US,COMMUNICATIONS,LEO,,False
STARLINK-1042,44747,PAYLOAD,Non-Polar Inclined,USA,Commercial,2019-11-11,,93.73,53.05,458,455,2019,227,LARGE,US,COMMUNICATIONS,LEO,,True
STARLINK-1043,44748,PAYLOAD,Non-Polar Inclined,USA,Commercial,2019-11-11,,95.59,53.05,548,546,2019,227,LARGE,US,COMMUNICATIONS,LEO,,True
STARLINK-1044,44749,PAYLOAD,Non-Polar Inclined,USA,Commercial,2019-11-11,2021-10-15,91.63,53.05,360,349,2019,227,LARGE,US,COMMUNICATIONS,LEO,,False
STARLINK-1046,44751,PAYLOAD,Non-Polar Inclined,USA,Commercial,2019-11-11,,95.59,53.05,548,546,2019,227,LARGE,US,COMMUNICATIONS,LEO,,True
STARLINK-1047,44752,PAYLOAD,Non-Polar Inclined,USA,Commercial,2019-11-11,,94.53,53.07,497,495,2019,227,LARGE,US,COMMUNICATIONS,LEO,,True
STARLINK-1048,44753,PAYLOAD,Non-Polar Inclined,USA,Commercial,2019-11-11,,95.59,53.05,548,546,2019,227,LARGE,US,COMMUNICATIONS,LEO,,True
STARLINK-1049,44754,PAYLOAD,Non-Polar Inclined,USA,Commercial,2019-11-11,2023-10-27,88.13,53.03,184,180,2019,227,LARGE,US,COMMUNICATIONS,LEO,,False
STARLINK-1052,44757,PAYLOAD,Non-Polar Inclined,USA,Commercial,2019-11-11,2025-03-17,88.24,53.01,189,186,2019,227,LARGE,US,COMMUNICATIONS,LEO,,False
STARLINK-1053,44758,PAYLOAD,Non-Polar Inclined,USA,Commercial,2019-11-11,,93.43,53.05,444,441,2019,227,LARGE,US,COMMUNICATIONS,LEO,,True
STARLINK-1054,44759,PAYLOAD,Non-Polar Inclined,USA,Commercial,2019-11-11,,95.59,53.05,548,546,2019,227,LARGE,US,COMMUNICATIONS,LEO,,True
STARLINK-1055,44760,PAYLOAD,Non-Polar Inclined,USA,Commercial,2019-11-11,2025-01-12,87.35,52.97,146,141,2019,227,LARGE,US,COMMUNICATIONS,LEO,,False
STARLINK-1056,44761,PAYLOAD,Non-Polar Inclined,USA,Commercial,2019-11-11,,95.59,53.05,548,546,2019,227,LARGE,US,COMMUNICATIONS,LEO,,True
STARLINK-1057,44762,PAYLOAD,Non-Polar Inclined,USA,Commercial,2019-11-11,,95.59,53.05,548,546,2019,227,LARGE,US,COMMUNICATIONS,LEO,,True
STARLINK-1058,44763,PAYLOAD,Non-Polar Inclined,USA,Commercial,2019-11-11,2025-04-04,87.54,53.02,157,148,2019,227,LARGE,US,COMMUNICATIONS,LEO,,False
STARLINK-1059,44764,PAYLOAD,Non-Polar Inclined,USA,Commercial,2019-11-11,2024-12-08,87.35,53.05,145,141,2019,227,LARGE,US,COMMUNICATIONS,LEO,,False
STARLINK-1060,44765,PAYLOAD,Non-Polar Inclined,USA,Commercial,2019-11-11,,95.59,53.05,548,546,2019,227,LARGE,US,COMMUNICATIONS,LEO,,True
STARLINK-1061,44766,PAYLOAD,Non-Polar Inclined,USA,Commercial,2019-11-11,2025-02-07,87.6,53.03,159,152,2019,227,LARGE,US,COMMUNICATIONS,LEO,,False
STARLINK-1062,44767,PAYLOAD,Non-Polar Inclined,USA,Commercial,2019-11-11,2025-03-29,87.43,53.02,152,142,2019,227,LARGE,US,COMMUNICATIONS,LEO,,False
STARLINK-1063,44768,PAYLOAD,Non-Polar Inclined,USA,Commercial,2019-11-11,,95.59,53.05,548,546,2019,227,LARGE,US,COMMUNICATIONS,LEO,,True
STARLINK-1067,44771,PAYLOAD,Non-Polar Inclined,USA,Commercial,2019-11-11,,95.59,53.05,548,546,2019,227,LARGE,US,COMMUNICATIONS,LEO,,True
STARLINK-1068,44772,PAYLOAD,Non-Polar Inclined,USA,Commercial,2019-11-11,,95.59,53.05,548,546,2019,227,LARGE,US,COMMUNICATIONS,LEO,,True
JILIN-01 GAOFEN 2A,44777,PAYLOAD,Sun-Synchronous,China,Commercial,2019-11-13,,94.31,97.53,492,478,2019,95,LARGE,PRC,EARTH OBSERVATION,LEO,,True
NINGXIA-1 1,44779,PAYLOAD,Non-Polar Inclined,China,Commercial,2019-11-13,,102.72,45.01,895,879,2019,100,LARGE,PRC,EARTH OBSERVATION,LEO,,True
NINGXIA-1 2,44780,PAYLOAD,Non-Polar Inclined,China,Commercial,2019-11-13,,102.72,45.01,892,882,2019,100,MEDIUM,PRC,EARTH OBSERVATION,LEO,,True
NINGXIA-1 3,44781,PAYLOAD,Non-Polar Inclined,China,Commercial,2019-11-13,,102.72,45,894,880,2019,100,MEDIUM,PRC,EARTH OBSERVATION,LEO,,True
NINGXIA-1 4,44782,PAYLOAD,Non-Polar Inclined,China,Commercial,2019-11-13,,102.71,45.01,897,878,2019,100,MEDIUM,PRC,EARTH OBSERVATION,LEO,,True
NINGXIA-1 5,44783,PAYLOAD,Non-Polar Inclined,China,Commercial,2019-11-13,,102.71,45.01,895,879,2019,100,MEDIUM,PRC,EARTH OBSERVATION,LEO,,True
KL-ALPHA A,44785,PAYLOAD,Polar,Germany,Commercial,2019-11-17,,106.2,88.9,1057,1043,2019,,MEDIUM,GER,TECHNOLOGY DEVELOPMENT,LEO,,True
KL-ALPHA B,44786,PAYLOAD,Polar,Germany,Commercial,2019-11-17,,106.2,88.89,1069,1032,2019,,MEDIUM,GER,TECHNOLOGY DEVELOPMENT,LEO,,True
COSMOS 2542,44797,PAYLOAD,Sun-Synchronous,Russia,Military,2019-11-25,2023-10-24,87.55,97.63,159,148,2019,,LARGE,CIS,EARTH/SPACE OBSERVATION,LEO,,False
MESHBED,44806,PAYLOAD,Sun-Synchronous,USA,Government,2019-11-27,2023-05-02,87.48,97.32,158,141,2019,5,MEDIUM,US,TECHNOLOGY DEVELOPMENT,LEO,,False
ALE-2,44824,PAYLOAD,Sun-Synchronous,Japan,Commercial,2019-12-06,2023-04-19,87.24,96.81,144,132,2019,75,MEDIUM,JPN,EARTH SCIENCE,LEO,,False
COSMOS 2543,44835,PAYLOAD,Sun-Synchronous,Russia,Military,2019-11-25,2024-08-26,89.35,97.72,246,239,2019,,MEDIUM,CIS,EARTH/SPACE OBSERVATION,LEO,,False
JILIN-01 GAOFEN 2B,44836,PAYLOAD,Sun-Synchronous,China,Commercial,2019-12-07,,95.09,97.53,533,512,2019,95,LARGE,PRC,EARTH OBSERVATION,LEO,,True
TYVAK-0092,44852,PAYLOAD,Non-Polar Inclined,Israel,Commercial,2019-12-11,2024-10-03,88.77,36.91,220,207,2019,5,SMALL,US,TECHNOLOGY DEVELOPMENT,LEO,,False
TYVAK-0129,44853,PAYLOAD,Non-Polar Inclined,Israel,Commercial,2019-12-11,2024-09-24,88.07,36.94,184,174,2019,5,MEDIUM,US,TECHNOLOGY DEVELOPMENT,LEO,,False
LEMUR 2 JPGSQUARED,44855,PAYLOAD,Non-Polar Inclined,USA,Commercial,2019-12-11,2024-09-11,88.68,36.96,217,201,2019,10,SMALL,US,EARTH OBSERVATION,LEO,,False
QPS-SAR-1 IZANAGI,44856,PAYLOAD,Non-Polar Inclined,Japan,Commercial,2019-12-11,2024-10-03,88.24,36.93,192,182,2019,100,LARGE,JPN,EARTH OBSERVATION,LEO,,False
LEMUR 2 HIMOMANDDAD,44860,PAYLOAD,Non-Polar Inclined,USA,Commercial,2019-12-11,2024-08-14,91.18,36.96,344,321,2019,10,MEDIUM,US,EARTH OBSERVATION,LEO,,False
LEMUR 2 PAPPY,44861,PAYLOAD,Non-Polar Inclined,USA,Commercial,2019-12-11,2024-10-07,89.3,36.94,247,232,2019,10,MEDIUM,US,EARTH OBSERVATION,LEO,,False
LEMUR 2 THEODOSIA,44863,PAYLOAD,Non-Polar Inclined,USA,Commercial,2019-12-11,2024-09-18,88.3,36.95,194,187,2019,10,SMALL,US,EARTH OBSERVATION,LEO,,False
ANGELS,44876,PAYLOAD,Sun-Synchronous,ESA,Government,2019-12-18,,93.41,97.46,445,437,2019,18,MEDIUM,FR,COMMUNICATIONS,LEO,,True
EYESAT-NANO,44877,PAYLOAD,Sun-Synchronous,ESA,Government,2019-12-18,2023-11-19,87.8,97.41,171,161,2019,5,SMALL,FR,SPACE SCIENCE,LEO,,False
STARLINK-1073,44914,PAYLOAD,Non-Polar Inclined,USA,Commercial,2020-01-07,,87.34,53.02,148,137,2020,227,LARGE,US,COMMUNICATIONS,LEO,,True
STARLINK-1084,44915,PAYLOAD,Non-Polar Inclined,USA,Commercial,2020-01-07,2025-02-14,87.39,53.02,149,141,2020,227,LARGE,US,COMMUNICATIONS,LEO,,False
STARLINK-1098,44917,PAYLOAD,Non-Polar Inclined,USA,Commercial,2020-01-07,,95.59,53.05,548,547,2020,227,LARGE,US,COMMUNICATIONS,LEO,,True
STARLINK-1099,44918,PAYLOAD,Non-Polar Inclined,USA,Commercial,2020-01-07,2024-08-18,90.54,53.04,305,298,2020,227,LARGE,US,COMMUNICATIONS,LEO,,False
STARLINK-1102,44920,PAYLOAD,Non-Polar Inclined,USA,Commercial,2020-01-07,2025-03-17,87.58,53.02,158,150,2020,227,LARGE,US,COMMUNICATIONS,LEO,,False
STARLINK-1103,44921,PAYLOAD,Non-Polar Inclined,USA,Commercial,2020-01-07,,89.63,53.04,262,250,2020,227,LARGE,US,COMMUNICATIONS,LEO,,True
STARLINK-1104,44922,PAYLOAD,Non-Polar Inclined,USA,Commercial,2020-01-07,,95.59,53.06,548,546,2020,227,LARGE,US,COMMUNICATIONS,LEO,,True
STARLINK-1106,44923,PAYLOAD,Non-Polar Inclined,USA,Commercial,2020-01-07,,89.88,52.99,273,264,2020,227,LARGE,US,COMMUNICATIONS,LEO,,True
STARLINK-1111,44924,PAYLOAD,Non-Polar Inclined,USA,Commercial,2020-01-07,2024-07-27,87.74,53.03,167,158,2020,227,LARGE,US,COMMUNICATIONS,LEO,,False
STARLINK-1112,44925,PAYLOAD,Non-Polar Inclined,USA,Commercial,2020-01-07,,95.59,53.06,549,546,2020,227,LARGE,US,COMMUNICATIONS,LEO,,True
STARLINK-1113,44926,PAYLOAD,Non-Polar Inclined,USA,Commercial,2020-01-07,2024-09-21,87.94,53.03,177,169,2020,227,LARGE,US,COMMUNICATIONS,LEO,,False
STARLINK-1114,44927,PAYLOAD,Non-Polar Inclined,USA,Commercial,2020-01-07,,95.59,53.05,548,546,2020,227,LARGE,US,COMMUNICATIONS,LEO,,True
STARLINK-1119,44928,PAYLOAD,Non-Polar Inclined,USA,Commercial,2020-01-07,2024-05-15,88.35,53.04,198,188,2020,227,LARGE,US,COMMUNICATIONS,LEO,,False
STARLINK-1121,44929,PAYLOAD,Non-Polar Inclined,USA,Commercial,2020-01-07,2023-03-09,88.56,53.04,207,200,2020,227,LARGE,US,COMMUNICATIONS,LEO,,False
STARLINK-1123,44930,PAYLOAD,Non-Polar Inclined,USA,Commercial,2020-01-07,,95.59,53.05,548,547,2020,227,LARGE,US,COMMUNICATIONS,LEO,,True
STARLINK-1128,44931,PAYLOAD,Non-Polar Inclined,USA,Commercial,2020-01-07,2024-08-09,90.42,53.03,302,288,2020,227,LARGE,US,COMMUNICATIONS,LEO,,False
STARLINK-1130,44932,PAYLOAD,Non-Polar Inclined,USA,Commercial,2020-01-07,,91.34,53.04,342,338,2020,227,LARGE,US,COMMUNICATIONS,LEO,,True
STARLINK-1144,44933,PAYLOAD,Non-Polar Inclined,USA,Commercial,2020-01-07,,94.16,53.06,485,471,2020,227,LARGE,US,COMMUNICATIONS,LEO,,True
STARLINK-1071,44934,PAYLOAD,Non-Polar Inclined,USA,Commercial,2020-01-07,,95.59,53.06,548,547,2020,227,LARGE,US,COMMUNICATIONS,LEO,,True
STARLINK-1079,44937,PAYLOAD,Non-Polar Inclined,USA,Commercial,2020-01-07,,92.14,53.04,382,378,2020,227,LARGE,US,COMMUNICATIONS,LEO,,True
STARLINK-1082,44938,PAYLOAD,Non-Polar Inclined,USA,Commercial,2020-01-07,2024-08-21,90.82,53.05,318,311,2020,227,LARGE,US,COMMUNICATIONS,LEO,,False
STARLINK-1083,44939,PAYLOAD,Non-Polar Inclined,USA,Commercial,2020-01-07,2024-08-27,88.3,53.03,192,188,2020,227,LARGE,US,COMMUNICATIONS,LEO,,False
STARLINK-1091,44940,PAYLOAD,Non-Polar Inclined,USA,Commercial,2020-01-07,,95.59,53.05,548,546,2020,227,LARGE,US,COMMUNICATIONS,LEO,,True
STARLINK-1094,44941,PAYLOAD,Non-Polar Inclined,USA,Commercial,2020-01-07,,95.59,53.06,548,546,2020,227,LARGE,US,COMMUNICATIONS,LEO,,True
STARLINK-1096,44942,PAYLOAD,Non-Polar Inclined,USA,Commercial,2020-01-07,,92.38,53,392,390,2020,227,LARGE,US,COMMUNICATIONS,LEO,,True
STARLINK-1100,44943,PAYLOAD,Non-Polar Inclined,USA,Commercial,2020-01-07,2024-08-17,90.36,53.04,296,289,2020,227,LARGE,US,COMMUNICATIONS,LEO,,False
STARLINK-1108,44944,PAYLOAD,Non-Polar Inclined,USA,Commercial,2020-01-07,2024-10-16,88.35,53.03,200,186,2020,227,LARGE,US,COMMUNICATIONS,LEO,,False
STARLINK-1109,44945,PAYLOAD,Non-Polar Inclined,USA,Commercial,2020-01-07,,90.64,53.04,309,303,2020,227,LARGE,US,COMMUNICATIONS,LEO,,True
STARLINK-1110,44946,PAYLOAD,Non-Polar Inclined,USA,Commercial,2020-01-07,2024-04-11,88.81,52.99,217,214,2020,227,LARGE,US,COMMUNICATIONS,LEO,,False
STARLINK-1116,44947,PAYLOAD,Non-Polar Inclined,USA,Commercial,2020-01-07,2023-06-09,87.46,53.02,155,143,2020,227,LARGE,US,COMMUNICATIONS,LEO,,False
STARLINK-1122,44949,PAYLOAD,Non-Polar Inclined,USA,Commercial,2020-01-07,,95.59,53.05,548,546,2020,227,LARGE,US,COMMUNICATIONS,LEO,,True
STARLINK-1125,44950,PAYLOAD,Non-Polar Inclined,USA,Commercial,2020-01-07,2023-07-09,87.36,53.02,149,138,2020,227,LARGE,US,COMMUNICATIONS,LEO,,False
STARLINK-1126,44951,PAYLOAD,Non-Polar Inclined,USA,Commercial,2020-01-07,2024-05-15,88.32,52.99,195,188,2020,227,LARGE,US,COMMUNICATIONS,LEO,,False
STARLINK-1117,44952,PAYLOAD,Non-Polar Inclined,USA,Commercial,2020-01-07,,90.86,53.04,320,313,2020,227,LARGE,US,COMMUNICATIONS,LEO,,True
STARLINK-1124,44953,PAYLOAD,Non-Polar Inclined,USA,Commercial,2020-01-07,2023-12-30,88.1,53.03,184,177,2020,227,LARGE,US,COMMUNICATIONS,LEO,,False
STARLINK-1066,44954,PAYLOAD,Non-Polar Inclined,USA,Commercial,2020-01-07,,95.59,53.06,549,546,2020,227,LARGE,US,COMMUNICATIONS,LEO,,True
STARLINK-1069,44955,PAYLOAD,Non-Polar Inclined,USA,Commercial,2020-01-07,2023-12-15,88.54,53.03,204,201,2020,227,LARGE,US,COMMUNICATIONS,LEO,,False
STARLINK-1070,44956,PAYLOAD,Non-Polar Inclined,USA,Commercial,2020-01-07,2023-12-22,88.23,53.03,193,182,2020,227,LARGE,US,COMMUNICATIONS,LEO,,False
STARLINK-1074,44957,PAYLOAD,Non-Polar Inclined,USA,Commercial,2020-01-07,2023-09-29,88.52,53.04,203,200,2020,227,LARGE,US,COMMUNICATIONS,LEO,,False
STARLINK-1076,44959,PAYLOAD,Non-Polar Inclined,USA,Commercial,2020-01-07,2025-03-22,88.68,53.03,211,208,2020,227,LARGE,US,COMMUNICATIONS,LEO,,False
STARLINK-1077,44960,PAYLOAD,Non-Polar Inclined,USA,Commercial,2020-01-07,2020-11-09,88.32,52.99,196,187,2020,227,LARGE,US,COMMUNICATIONS,LEO,,False
STARLINK-1080,44961,PAYLOAD,Non-Polar Inclined,USA,Commercial,2020-01-07,,95.59,53.06,548,546,2020,227,LARGE,US,COMMUNICATIONS,LEO,,True
STARLINK-1081,44962,PAYLOAD,Non-Polar Inclined,USA,Commercial,2020-01-07,2021-09-30,91.94,53.06,371,368,2020,227,LARGE,US,COMMUNICATIONS,LEO,,False
STARLINK-1086,44964,PAYLOAD,Non-Polar Inclined,USA,Commercial,2020-01-07,2024-02-03,88.19,53.03,189,181,2020,227,LARGE,US,COMMUNICATIONS,LEO,,False
STARLINK-1088,44966,PAYLOAD,Non-Polar Inclined,USA,Commercial,2020-01-07,2025-04-21,87.51,53.04,154,148,2020,227,LARGE,US,COMMUNICATIONS,LEO,,False
STARLINK-1089,44967,PAYLOAD,Non-Polar Inclined,USA,Commercial,2020-01-07,2024-10-15,89.06,53.05,234,222,2020,227,LARGE,US,COMMUNICATIONS,LEO,,False
STARLINK-1090,44968,PAYLOAD,Non-Polar Inclined,USA,Commercial,2020-01-07,,95.59,53.05,549,545,2020,227,LARGE,US,COMMUNICATIONS,LEO,,True
STARLINK-1092,44969,PAYLOAD,Non-Polar Inclined,USA,Commercial,2020-01-07,,91.44,53.05,348,343,2020,227,LARGE,US,COMMUNICATIONS,LEO,,True
STARLINK-1093,44970,PAYLOAD,Non-Polar Inclined,USA,Commercial,2020-01-07,,91.61,53.04,355,352,2020,227,LARGE,US,COMMUNICATIONS,LEO,,True
STARLINK-1107,44972,PAYLOAD,Non-Polar Inclined,USA,Commercial,2020-01-07,,93.69,53.02,457,453,2020,227,LARGE,US,COMMUNICATIONS,LEO,,True
STARLINK-1115,44973,PAYLOAD,Non-Polar Inclined,USA,Commercial,2020-01-07,,92.68,53.04,409,403,2020,227,LARGE,US,COMMUNICATIONS,LEO,,True
TJS-5,44978,PAYLOAD,,China,Government,2020-01-07,,1436.12,0.26,35794,35780,2020,,LARGE,PRC,COMMUNICATIONS,GEO,,True
JILIN-01 KUANFU 01,45016,PAYLOAD,Sun-Synchronous,China,Commercial,2020-01-15,,95.3,97.54,538,528,2020,95,LARGE,PRC,EARTH OBSERVATION,LEO,,True
NUSAT-7 (SOPHIE),45017,PAYLOAD,Sun-Synchronous,Argentina,Commercial,2020-01-15,2024-01-12,87.27,97.12,147,131,2020,45,MEDIUM,ARGN,EARTH OBSERVATION,LEO,,False
NUSAT-8 (MARIE),45018,PAYLOAD,Sun-Synchronous,Argentina,Commercial,2020-01-15,2023-10-03,87.17,97.14,143,126,2020,45,MEDIUM,ARGN,EARTH OBSERVATION,LEO,,False
TIANQI-5,45019,PAYLOAD,Sun-Synchronous,China,Commercial,2020-01-15,2024-08-08,89.7,97.1,263,256,2020,9,MEDIUM,PRC,COMMUNICATIONS,LEO,,False
YINHE-1,45024,PAYLOAD,Polar,China,Commercial,2020-01-16,,97.4,86.39,645,624,2020,227,LARGE,PRC,COMMUNICATIONS,LEO,,True
STARLINK-1132,45044,PAYLOAD,Non-Polar Inclined,USA,Commercial,2020-01-29,,95.59,53.05,548,546,2020,227,LARGE,US,COMMUNICATIONS,LEO,,True
STARLINK-1120,45045,PAYLOAD,Non-Polar Inclined,USA,Commercial,2020-01-29,2024-06-24,88.35,53.03,194,192,2020,227,LARGE,US,COMMUNICATIONS,LEO,,False
STARLINK-1131,45047,PAYLOAD,Non-Polar Inclined,USA,Commercial,2020-01-29,,95.59,53.05,548,546,2020,227,LARGE,US,COMMUNICATIONS,LEO,,True
STARLINK-1134,45048,PAYLOAD,Non-Polar Inclined,USA,Commercial,2020-01-29,,95.12,53.05,525,523,2020,227,LARGE,US,COMMUNICATIONS,LEO,,True
STARLINK-1135,45049,PAYLOAD,Non-Polar Inclined,USA,Commercial,2020-01-29,2024-12-15,87.53,53.05,156,148,2020,227,LARGE,US,COMMUNICATIONS,LEO,,False
STARLINK-1140,45050,PAYLOAD,Non-Polar Inclined,USA,Commercial,2020-01-29,2024-08-14,90.4,53.05,298,290,2020,227,LARGE,US,COMMUNICATIONS,LEO,,False
STARLINK-1141,45051,PAYLOAD,Non-Polar Inclined,USA,Commercial,2020-01-29,2023-05-30,87.65,53.02,165,151,2020,227,LARGE,US,COMMUNICATIONS,LEO,,False
STARLINK-1148,45052,PAYLOAD,Non-Polar Inclined,USA,Commercial,2020-01-29,,92.02,53.05,375,372,2020,227,LARGE,US,COMMUNICATIONS,LEO,,True
STARLINK-1155,45053,PAYLOAD,Non-Polar Inclined,USA,Commercial,2020-01-29,2024-09-12,88.62,52.97,214,198,2020,227,LARGE,US,COMMUNICATIONS,LEO,,False
STARLINK-1156,45054,PAYLOAD,Non-Polar Inclined,USA,Commercial,2020-01-29,,95.59,53.05,548,546,2020,227,LARGE,US,COMMUNICATIONS,LEO,,True
STARLINK-1157,45055,PAYLOAD,Non-Polar Inclined,USA,Commercial,2020-01-29,2020-10-22,87.62,52.98,159,154,2020,227,LARGE,US,COMMUNICATIONS,LEO,,False
STARLINK-1158,45056,PAYLOAD,Non-Polar Inclined,USA,Commercial,2020-01-29,2020-12-05,88.27,52.98,194,184,2020,227,LARGE,US,COMMUNICATIONS,LEO,,False
STARLINK-1159,45057,PAYLOAD,Non-Polar Inclined,USA,Commercial,2020-01-29,,95.59,53.05,548,546,2020,227,LARGE,US,COMMUNICATIONS,LEO,,True
STARLINK-1162,45058,PAYLOAD,Non-Polar Inclined,USA,Commercial,2020-01-29,,89.24,53.03,242,232,2020,227,LARGE,US,COMMUNICATIONS,LEO,,True
STARLINK-1165,45059,PAYLOAD,Non-Polar Inclined,USA,Commercial,2020-01-29,2024-08-09,90.18,53.04,288,278,2020,227,LARGE,US,COMMUNICATIONS,LEO,,False
STARLINK-1166,45060,PAYLOAD,Non-Polar Inclined,USA,Commercial,2020-01-29,,95.59,53.05,548,546,2020,227,LARGE,US,COMMUNICATIONS,LEO,,True
STARLINK-1169,45061,PAYLOAD,Non-Polar Inclined,USA,Commercial,2020-01-29,,95.59,53.05,549,546,2020,227,LARGE,US,COMMUNICATIONS,LEO,,True
STARLINK-1171,45062,PAYLOAD,Non-Polar Inclined,USA,Commercial,2020-01-29,,95.59,53.06,548,546,2020,227,LARGE,US,COMMUNICATIONS,LEO,,True
STARLINK-1133,45064,PAYLOAD,Non-Polar Inclined,USA,Commercial,2020-01-29,,95.59,53.05,548,546,2020,227,LARGE,US,COMMUNICATIONS,LEO,,True
STARLINK-1139,45065,PAYLOAD,Non-Polar Inclined,USA,Commercial,2020-01-29,2024-12-05,87.32,53.01,144,139,2020,227,LARGE,US,COMMUNICATIONS,LEO,,False
STARLINK-1145,45066,PAYLOAD,Non-Polar Inclined,USA,Commercial,2020-01-29,2025-01-29,88.04,52.25,573,0,2020,227,LARGE,US,COMMUNICATIONS,LEO,,False
STARLINK-1150,45067,PAYLOAD,Non-Polar Inclined,USA,Commercial,2020-01-29,,95.59,53.05,548,546,2020,227,LARGE,US,COMMUNICATIONS,LEO,,True
STARLINK-1161,45068,PAYLOAD,Non-Polar Inclined,USA,Commercial,2020-01-29,,92.01,53.02,380,366,2020,227,LARGE,US,COMMUNICATIONS,LEO,,True
STARLINK-1167,45071,PAYLOAD,Non-Polar Inclined,USA,Commercial,2020-01-29,,95.59,53.05,548,546,2020,227,LARGE,US,COMMUNICATIONS,LEO,,True
STARLINK-1168,45072,PAYLOAD,Non-Polar Inclined,USA,Commercial,2020-01-29,,95.59,53.05,548,546,2020,227,LARGE,US,COMMUNICATIONS,LEO,,True
STARLINK-1170,45073,PAYLOAD,Non-Polar Inclined,USA,Commercial,2020-01-29,,91.06,53.05,331,322,2020,227,LARGE,US,COMMUNICATIONS,LEO,,True
STARLINK-1172,45074,PAYLOAD,Non-Polar Inclined,USA,Commercial,2020-01-29,,95.59,53.05,548,547,2020,227,LARGE,US,COMMUNICATIONS,LEO,,True
STARLINK-1174,45075,PAYLOAD,Non-Polar Inclined,USA,Commercial,2020-01-29,,90.31,53.05,295,284,2020,227,LARGE,US,COMMUNICATIONS,LEO,,True
STARLINK-1180,45076,PAYLOAD,Non-Polar Inclined,USA,Commercial,2020-01-29,2024-08-17,90.6,53.05,309,298,2020,227,LARGE,US,COMMUNICATIONS,LEO,,False
STARLINK-1177,45078,PAYLOAD,Non-Polar Inclined,USA,Commercial,2020-01-29,2025-02-22,88.5,53.03,203,198,2020,227,LARGE,US,COMMUNICATIONS,LEO,,False
STARLINK-1149,45079,PAYLOAD,Non-Polar Inclined,USA,Commercial,2020-01-29,2024-06-29,88.26,53.03,192,185,2020,227,LARGE,US,COMMUNICATIONS,LEO,,False
STARLINK-1153,45080,PAYLOAD,Non-Polar Inclined,USA,Commercial,2020-01-29,,95.59,53.05,548,546,2020,227,LARGE,US,COMMUNICATIONS,LEO,,True
STARLINK-1151,45081,PAYLOAD,Non-Polar Inclined,USA,Commercial,2020-01-29,,95.59,53.05,548,546,2020,227,LARGE,US,COMMUNICATIONS,LEO,,True
STARLINK-1160,45082,PAYLOAD,Non-Polar Inclined,USA,Commercial,2020-01-29,2024-09-12,88.74,53.03,219,206,2020,227,LARGE,US,COMMUNICATIONS,LEO,,False
STARLINK-1190,45083,PAYLOAD,Non-Polar Inclined,USA,Commercial,2020-01-29,,95.43,53.05,540,538,2020,227,LARGE,US,COMMUNICATIONS,LEO,,True
STARLINK-1173,45084,PAYLOAD,Non-Polar Inclined,USA,Commercial,2020-01-29,,95.59,53.05,548,546,2020,227,LARGE,US,COMMUNICATIONS,LEO,,True
STARLINK-1179,45085,PAYLOAD,Non-Polar Inclined,USA,Commercial,2020-01-29,,95.59,53.05,548,546,2020,227,LARGE,US,COMMUNICATIONS,LEO,,True
STARLINK-1181,45086,PAYLOAD,Non-Polar Inclined,USA,Commercial,2020-01-29,2023-05-18,88,52.93,184,167,2020,227,LARGE,US,COMMUNICATIONS,LEO,,False
STARLINK-1185,45087,PAYLOAD,Non-Polar Inclined,USA,Commercial,2020-01-29,,95.59,53.05,548,546,2020,227,LARGE,US,COMMUNICATIONS,LEO,,True
STARLINK-1183,45088,PAYLOAD,Non-Polar Inclined,USA,Commercial,2020-01-29,,95.59,53.05,549,546,2020,227,LARGE,US,COMMUNICATIONS,LEO,,True
STARLINK-1136,45089,PAYLOAD,Non-Polar Inclined,USA,Commercial,2020-01-29,2025-01-17,87.4,53.03,149,142,2020,227,LARGE,US,COMMUNICATIONS,LEO,,False
STARLINK-1176,45090,PAYLOAD,Non-Polar Inclined,USA,Commercial,2020-01-29,,95.59,53.05,548,546,2020,227,LARGE,US,COMMUNICATIONS,LEO,,True
STARLINK-1137,45092,PAYLOAD,Non-Polar Inclined,USA,Commercial,2020-01-29,2025-04-17,88.9,53.04,227,213,2020,227,LARGE,US,COMMUNICATIONS,LEO,,False
STARLINK-1142,45093,PAYLOAD,Non-Polar Inclined,USA,Commercial,2020-01-29,,94.32,53.05,487,484,2020,227,LARGE,US,COMMUNICATIONS,LEO,,True
STARLINK-1146,45094,PAYLOAD,Non-Polar Inclined,USA,Commercial,2020-01-29,,95.59,53.05,549,546,2020,227,LARGE,US,COMMUNICATIONS,LEO,,True
STARLINK-1147,45095,PAYLOAD,Non-Polar Inclined,USA,Commercial,2020-01-29,,95.59,53.05,548,546,2020,227,LARGE,US,COMMUNICATIONS,LEO,,True
STARLINK-1152,45096,PAYLOAD,Non-Polar Inclined,USA,Commercial,2020-01-29,,95.2,53.05,529,527,2020,227,LARGE,US,COMMUNICATIONS,LEO,,True
STARLINK-1184,45098,PAYLOAD,Non-Polar Inclined,USA,Commercial,2020-01-29,,95.59,53.05,548,546,2020,227,LARGE,US,COMMUNICATIONS,LEO,,True
STARLINK-1186,45099,PAYLOAD,Non-Polar Inclined,USA,Commercial,2020-01-29,2025-02-13,87.59,53.02,157,153,2020,227,LARGE,US,COMMUNICATIONS,LEO,,False
STARLINK-1193,45100,PAYLOAD,Non-Polar Inclined,USA,Commercial,2020-01-29,,95.59,53.06,548,546,2020,227,LARGE,US,COMMUNICATIONS,LEO,,True
STARLINK-1194,45101,PAYLOAD,Non-Polar Inclined,USA,Commercial,2020-01-29,2024-07-30,87.46,53.03,154,143,2020,227,LARGE,US,COMMUNICATIONS,LEO,,False
STARLINK-1195,45102,PAYLOAD,Non-Polar Inclined,USA,Commercial,2020-01-29,2024-02-15,87.68,53.03,163,156,2020,227,LARGE,US,COMMUNICATIONS,LEO,,False
STARLINK-1196,45103,PAYLOAD,Non-Polar Inclined,USA,Commercial,2020-01-29,2024-08-25,90.27,53.05,292,284,2020,227,LARGE,US,COMMUNICATIONS,LEO,,False
USA 294,45110,PAYLOAD,Polar,USA,Military,2020-01-31,,93.82,69.98,468,455,2020,,,US,TECHNOLOGY DEVELOPMENT,LEO,,True
AEROCUBE 14A,45114,PAYLOAD,Non-Polar Inclined,USA,Military,2019-11-02,2023-02-04,88.11,51.6,183,179,2019,,MEDIUM,US,TECHNOLOGY DEVELOPMENT,LEO,,False
AEROCUBE 14B,45116,PAYLOAD,Non-Polar Inclined,USA,Military,2019-11-02,2023-02-08,87.72,51.61,165,159,2019,,MEDIUM,US,TECHNOLOGY DEVELOPMENT,LEO,,False
AEROCUBE 15B,45117,PAYLOAD,Non-Polar Inclined,USA,Military,2019-11-02,2023-02-10,87.69,51.61,164,157,2019,,MEDIUM,US,TECHNOLOGY DEVELOPMENT,LEO,,False
CIRIS,45121,PAYLOAD,Non-Polar Inclined,USA,Commercial/Civil,2019-11-02,2023-03-14,88.54,51.62,207,198,2019,9,SMALL,US,TECHNOLOGY DEVELOPMENT,LEO,,False
STARLINK-1138,45178,PAYLOAD,Non-Polar Inclined,USA,Commercial,2020-02-17,2025-01-24,87.39,53.03,148,143,2020,227,LARGE,US,COMMUNICATIONS,LEO,,False
STARLINK-1143,45179,PAYLOAD,Non-Polar Inclined,USA,Commercial,2020-02-17,,94.68,53.05,506,500,2020,227,LARGE,US,COMMUNICATIONS,LEO,,True
STARLINK-1192,45180,PAYLOAD,Non-Polar Inclined,USA,Commercial,2020-02-17,2023-10-06,87.91,52.97,188,154,2020,227,LARGE,US,COMMUNICATIONS,LEO,,False
STARLINK-1200,45181,PAYLOAD,Non-Polar Inclined,USA,Commercial,2020-02-17,,95.59,53.05,548,546,2020,227,LARGE,US,COMMUNICATIONS,LEO,,True
STARLINK-1201,45182,PAYLOAD,Non-Polar Inclined,USA,Commercial,2020-02-17,,95.59,53.06,548,546,2020,227,LARGE,US,COMMUNICATIONS,LEO,,True
STARLINK-1202,45183,PAYLOAD,Non-Polar Inclined,USA,Commercial,2020-02-17,,95.59,53.06,548,546,2020,227,LARGE,US,COMMUNICATIONS,LEO,,True
STARLINK-1205,45184,PAYLOAD,Non-Polar Inclined,USA,Commercial,2020-02-17,2025-03-25,88.43,53.02,199,195,2020,227,LARGE,US,COMMUNICATIONS,LEO,,False
STARLINK-1216,45185,PAYLOAD,Non-Polar Inclined,USA,Commercial,2020-02-17,,95.59,53.06,548,546,2020,227,LARGE,US,COMMUNICATIONS,LEO,,True
STARLINK-1224,45186,PAYLOAD,Non-Polar Inclined,USA,Commercial,2020-02-17,,95.59,53.05,548,546,2020,227,LARGE,US,COMMUNICATIONS,LEO,,True
STARLINK-1225,45187,PAYLOAD,Non-Polar Inclined,USA,Commercial,2020-02-17,,95.59,53.06,548,546,2020,227,LARGE,US,COMMUNICATIONS,LEO,,True
STARLINK-1228,45188,PAYLOAD,Non-Polar Inclined,USA,Commercial,2020-02-17,,92.9,53.05,417,416,2020,227,LARGE,US,COMMUNICATIONS,LEO,,True
STARLINK-1230,45189,PAYLOAD,Non-Polar Inclined,USA,Commercial,2020-02-17,,95.59,53.06,548,546,2020,227,LARGE,US,COMMUNICATIONS,LEO,,True
STARLINK-1234,45190,PAYLOAD,Non-Polar Inclined,USA,Commercial,2020-02-17,,95.59,53.05,548,546,2020,227,LARGE,US,COMMUNICATIONS,LEO,,True
STARLINK-1236,45191,PAYLOAD,Non-Polar Inclined,USA,Commercial,2020-02-17,2025-02-07,87.71,53.04,164,159,2020,227,LARGE,US,COMMUNICATIONS,LEO,,False
STARLINK-1237,45192,PAYLOAD,Non-Polar Inclined,USA,Commercial,2020-02-17,,95.59,53.06,548,546,2020,227,LARGE,US,COMMUNICATIONS,LEO,,True
STARLINK-1239,45193,PAYLOAD,Non-Polar Inclined,USA,Commercial,2020-02-17,2024-08-10,90.26,53.04,290,285,2020,227,LARGE,US,COMMUNICATIONS,LEO,,False
STARLINK-1240,45194,PAYLOAD,Non-Polar Inclined,USA,Commercial,2020-02-17,,95.59,53.06,548,546,2020,227,LARGE,US,COMMUNICATIONS,LEO,,True
STARLINK-1241,45195,PAYLOAD,Non-Polar Inclined,USA,Commercial,2020-02-17,2023-07-16,87.38,53.01,152,137,2020,227,LARGE,US,COMMUNICATIONS,LEO,,False
STARLINK-1244,45196,PAYLOAD,Non-Polar Inclined,USA,Commercial,2020-02-17,,95.59,53.06,548,546,2020,227,LARGE,US,COMMUNICATIONS,LEO,,True
STARLINK-1269,45197,PAYLOAD,Non-Polar Inclined,USA,Commercial,2020-02-17,,95.59,53.06,548,546,2020,227,LARGE,US,COMMUNICATIONS,LEO,,True
STARLINK-1154,45198,PAYLOAD,Non-Polar Inclined,USA,Commercial,2020-02-17,,95.59,53.05,548,546,2020,227,LARGE,US,COMMUNICATIONS,LEO,,True
STARLINK-1197,45199,PAYLOAD,Non-Polar Inclined,USA,Commercial,2020-02-17,2024-09-07,89.19,53.04,238,231,2020,227,LARGE,US,COMMUNICATIONS,LEO,,False
STARLINK-1199,45201,PAYLOAD,Non-Polar Inclined,USA,Commercial,2020-02-17,,95.59,53.06,548,546,2020,227,LARGE,US,COMMUNICATIONS,LEO,,True
STARLINK-1203,45202,PAYLOAD,Non-Polar Inclined,USA,Commercial,2020-02-17,2023-04-20,87.8,52.93,170,161,2020,227,LARGE,US,COMMUNICATIONS,LEO,,False
STARLINK-1206,45204,PAYLOAD,Non-Polar Inclined,USA,Commercial,2020-02-17,,95.59,53.05,548,546,2020,227,LARGE,US,COMMUNICATIONS,LEO,,True
STARLINK-1208,45205,PAYLOAD,Non-Polar Inclined,USA,Commercial,2020-02-17,,95.59,53.06,548,546,2020,227,LARGE,US,COMMUNICATIONS,LEO,,True
STARLINK-1209,45206,PAYLOAD,Non-Polar Inclined,USA,Commercial,2020-02-17,,95.59,53.06,548,546,2020,227,LARGE,US,COMMUNICATIONS,LEO,,True
STARLINK-1210,45207,PAYLOAD,Non-Polar Inclined,USA,Commercial,2020-02-17,,94.38,53.04,495,482,2020,227,LARGE,US,COMMUNICATIONS,LEO,,True
STARLINK-1211,45208,PAYLOAD,Non-Polar Inclined,USA,Commercial,2020-02-17,2023-12-06,88.16,52.99,184,182,2020,227,LARGE,US,COMMUNICATIONS,LEO,,False
STARLINK-1219,45210,PAYLOAD,Non-Polar Inclined,USA,Commercial,2020-02-17,,92.55,53.06,401,398,2020,227,LARGE,US,COMMUNICATIONS,LEO,,True
STARLINK-1231,45212,PAYLOAD,Non-Polar Inclined,USA,Commercial,2020-02-17,,95.59,53.06,548,546,2020,227,LARGE,US,COMMUNICATIONS,LEO,,True
STARLINK-1232,45213,PAYLOAD,Non-Polar Inclined,USA,Commercial,2020-02-17,2023-12-13,87.54,53.03,156,149,2020,227,LARGE,US,COMMUNICATIONS,LEO,,False
STARLINK-1233,45214,PAYLOAD,Non-Polar Inclined,USA,Commercial,2020-02-17,2024-09-07,89.65,53.05,261,253,2020,227,LARGE,US,COMMUNICATIONS,LEO,,False
STARLINK-1245,45215,PAYLOAD,Non-Polar Inclined,USA,Commercial,2020-02-17,2024-06-25,88.83,53.04,223,210,2020,227,LARGE,US,COMMUNICATIONS,LEO,,False
STARLINK-1271,45217,PAYLOAD,Non-Polar Inclined,USA,Commercial,2020-02-17,,95.59,53.06,548,547,2020,227,LARGE,US,COMMUNICATIONS,LEO,,True
STARLINK-1187,45219,PAYLOAD,Non-Polar Inclined,USA,Commercial,2020-02-17,,91.27,53.04,338,335,2020,227,LARGE,US,COMMUNICATIONS,LEO,,True
STARLINK-1189,45221,PAYLOAD,Non-Polar Inclined,USA,Commercial,2020-02-17,2025-04-01,88.55,53.04,205,201,2020,227,LARGE,US,COMMUNICATIONS,LEO,,False
STARLINK-1191,45222,PAYLOAD,Non-Polar Inclined,USA,Commercial,2020-02-17,,95.59,53.06,549,546,2020,227,LARGE,US,COMMUNICATIONS,LEO,,True
STARLINK-1212,45223,PAYLOAD,Non-Polar Inclined,USA,Commercial,2020-02-17,,95.59,53.05,548,546,2020,227,LARGE,US,COMMUNICATIONS,LEO,,True
STARLINK-1215,45225,PAYLOAD,Non-Polar Inclined,USA,Commercial,2020-02-17,,95.59,53.06,548,546,2020,227,LARGE,US,COMMUNICATIONS,LEO,,True
STARLINK-1217,45226,PAYLOAD,Non-Polar Inclined,USA,Commercial,2020-02-17,,95.59,53.06,548,546,2020,227,LARGE,US,COMMUNICATIONS,LEO,,True
STARLINK-1221,45227,PAYLOAD,Non-Polar Inclined,USA,Commercial,2020-02-17,,94.03,53.07,476,467,2020,227,LARGE,US,COMMUNICATIONS,LEO,,True
STARLINK-1222,45228,PAYLOAD,Non-Polar Inclined,USA,Commercial,2020-02-17,,95.59,53.05,548,546,2020,227,LARGE,US,COMMUNICATIONS,LEO,,True
STARLINK-1226,45229,PAYLOAD,Non-Polar Inclined,USA,Commercial,2020-02-17,,95.59,53.06,548,547,2020,227,LARGE,US,COMMUNICATIONS,LEO,,True
STARLINK-1227,45230,PAYLOAD,Non-Polar Inclined,USA,Commercial,2020-02-17,,95.59,53.06,548,546,2020,227,LARGE,US,COMMUNICATIONS,LEO,,True
STARLINK-1235,45232,PAYLOAD,Non-Polar Inclined,USA,Commercial,2020-02-17,2025-04-10,87.43,53.01,151,144,2020,227,LARGE,US,COMMUNICATIONS,LEO,,False
STARLINK-1238,45233,PAYLOAD,Non-Polar Inclined,USA,Commercial,2020-02-17,,95.59,53.06,548,546,2020,227,LARGE,US,COMMUNICATIONS,LEO,,True
STARLINK-1243,45234,PAYLOAD,Non-Polar Inclined,USA,Commercial,2020-02-17,2024-09-01,89.9,53.04,277,263,2020,227,LARGE,US,COMMUNICATIONS,LEO,,False
STARLINK-1246,45235,PAYLOAD,Non-Polar Inclined,USA,Commercial,2020-02-17,,95.59,53.06,548,546,2020,227,LARGE,US,COMMUNICATIONS,LEO,,True
STARLINK-1247,45236,PAYLOAD,Non-Polar Inclined,USA,Commercial,2020-02-17,,95.59,53.06,548,546,2020,227,LARGE,US,COMMUNICATIONS,LEO,,True
STARLINK-1270,45237,PAYLOAD,Non-Polar Inclined,USA,Commercial,2020-02-17,,95.59,53.06,548,546,2020,227,LARGE,US,COMMUNICATIONS,LEO,,True
XJS C,45249,PAYLOAD,Non-Polar Inclined,China,Government,2020-02-19,2023-07-13,87.87,35.01,179,158,2020,,LARGE,PRC,TECHNOLOGY DEVELOPMENT,LEO,,False
XJS D,45250,PAYLOAD,Non-Polar Inclined,China,Government,2020-02-19,2024-06-04,87.3,35,143,139,2020,,LARGE,PRC,TECHNOLOGY DEVELOPMENT,LEO,,False
XJS E,45251,PAYLOAD,Non-Polar Inclined,China,Government,2020-02-19,2024-04-10,87.89,35.02,175,165,2020,,LARGE,PRC,TECHNOLOGY DEVELOPMENT,LEO,,False
XJS F,45253,PAYLOAD,Non-Polar Inclined,China,Government,2020-02-19,2023-11-05,87.97,35,176,173,2020,,LARGE,PRC,TECHNOLOGY DEVELOPMENT,LEO,,False
QARMAN,45263,PAYLOAD,Non-Polar Inclined,Belgium,Civil,1998-11-20,2022-02-06,92.14,51.64,384,375,1998,5,SMALL,BEL,SPACE SCIENCE,LEO,,False
SORTIE,45264,PAYLOAD,Non-Polar Inclined,USA,Government,1998-11-20,2022-09-18,92.58,51.64,406,396,1998,9,SMALL,US,SPACE SCIENCE,LEO,,False
STARLINK-1279,45360,PAYLOAD,Non-Polar Inclined,USA,Commercial,2020-03-18,,95.59,53.05,548,546,2020,227,LARGE,US,COMMUNICATIONS,LEO,,True
STARLINK-1301,45361,PAYLOAD,Non-Polar Inclined,USA,Commercial,2020-03-18,,95.59,53.05,548,546,2020,227,LARGE,US,COMMUNICATIONS,LEO,,True
STARLINK-1306,45362,PAYLOAD,Non-Polar Inclined,USA,Commercial,2020-03-18,,95.59,53.05,548,546,2020,227,LARGE,US,COMMUNICATIONS,LEO,,True
STARLINK-1313,45364,PAYLOAD,Non-Polar Inclined,USA,Commercial,2020-03-18,2024-11-29,88.19,52.99,185,185,2020,227,LARGE,US,COMMUNICATIONS,LEO,,False
STARLINK-1317,45365,PAYLOAD,Non-Polar Inclined,USA,Commercial,2020-03-18,2023-11-14,87.54,52.98,155,151,2020,227,LARGE,US,COMMUNICATIONS,LEO,,False
STARLINK-1262,45366,PAYLOAD,Non-Polar Inclined,USA,Commercial,2020-03-18,,95.59,53.05,548,546,2020,227,LARGE,US,COMMUNICATIONS,LEO,,True
STARLINK-1273,45367,PAYLOAD,Non-Polar Inclined,USA,Commercial,2020-03-18,,95.59,53.05,548,546,2020,227,LARGE,US,COMMUNICATIONS,LEO,,True
STARLINK-1276,45368,PAYLOAD,Non-Polar Inclined,USA,Commercial,2020-03-18,,95.59,53.05,548,546,2020,227,LARGE,US,COMMUNICATIONS,LEO,,True
STARLINK-1277,45369,PAYLOAD,Non-Polar Inclined,USA,Commercial,2020-03-18,,95.59,53.05,548,546,2020,227,LARGE,US,COMMUNICATIONS,LEO,,True
STARLINK-1281,45370,PAYLOAD,Non-Polar Inclined,USA,Commercial,2020-03-18,,95.59,53.05,548,546,2020,227,LARGE,US,COMMUNICATIONS,LEO,,True
STARLINK-1287,45371,PAYLOAD,Non-Polar Inclined,USA,Commercial,2020-03-18,2024-08-17,90.69,53.04,315,302,2020,227,LARGE,US,COMMUNICATIONS,LEO,,False
STARLINK-1288,45372,PAYLOAD,Non-Polar Inclined,USA,Commercial,2020-03-18,2024-09-07,89.16,53.04,239,227,2020,227,LARGE,US,COMMUNICATIONS,LEO,,False
STARLINK-1295,45373,PAYLOAD,Non-Polar Inclined,USA,Commercial,2020-03-18,2025-04-20,87.75,53.03,166,160,2020,227,LARGE,US,COMMUNICATIONS,LEO,,False
STARLINK-1300,45374,PAYLOAD,Non-Polar Inclined,USA,Commercial,2020-03-18,,95.59,53.05,548,546,2020,227,LARGE,US,COMMUNICATIONS,LEO,,True
STARLINK-1302,45375,PAYLOAD,Non-Polar Inclined,USA,Commercial,2020-03-18,,95.59,53.05,548,546,2020,227,LARGE,US,COMMUNICATIONS,LEO,,True
STARLINK-1304,45376,PAYLOAD,Non-Polar Inclined,USA,Commercial,2020-03-18,,95.59,53.05,548,546,2020,227,LARGE,US,COMMUNICATIONS,LEO,,True
STARLINK-1305,45377,PAYLOAD,Non-Polar Inclined,USA,Commercial,2020-03-18,,95.59,53.05,548,546,2020,227,LARGE,US,COMMUNICATIONS,LEO,,True
STARLINK-1310,45378,PAYLOAD,Non-Polar Inclined,USA,Commercial,2020-03-18,2024-07-27,88.13,53.03,184,181,2020,227,LARGE,US,COMMUNICATIONS,LEO,,False
STARLINK-1319,45379,PAYLOAD,Non-Polar Inclined,USA,Commercial,2020-03-18,,95.59,53.05,548,546,2020,227,LARGE,US,COMMUNICATIONS,LEO,,True
STARLINK-1207,45380,PAYLOAD,Non-Polar Inclined,USA,Commercial,2020-03-18,2025-02-12,87.69,53.03,161,159,2020,227,LARGE,US,COMMUNICATIONS,LEO,,False
STARLINK-1258,45381,PAYLOAD,Non-Polar Inclined,USA,Commercial,2020-03-18,,95.59,53.05,548,546,2020,227,LARGE,US,COMMUNICATIONS,LEO,,True
STARLINK-1264,45382,PAYLOAD,Non-Polar Inclined,USA,Commercial,2020-03-18,2023-12-07,87.71,53,165,157,2020,227,LARGE,US,COMMUNICATIONS,LEO,,False
STARLINK-1266,45383,PAYLOAD,Non-Polar Inclined,USA,Commercial,2020-03-18,,95.59,53.05,548,546,2020,227,LARGE,US,COMMUNICATIONS,LEO,,True
STARLINK-1267,45384,PAYLOAD,Non-Polar Inclined,USA,Commercial,2020-03-18,,95.59,53.05,548,546,2020,227,LARGE,US,COMMUNICATIONS,LEO,,True
STARLINK-1272,45386,PAYLOAD,Non-Polar Inclined,USA,Commercial,2020-03-18,,95.59,53.05,548,547,2020,227,LARGE,US,COMMUNICATIONS,LEO,,True
STARLINK-1274,45387,PAYLOAD,Non-Polar Inclined,USA,Commercial,2020-03-18,,95.59,53.05,548,546,2020,227,LARGE,US,COMMUNICATIONS,LEO,,True
STARLINK-1280,45388,PAYLOAD,Non-Polar Inclined,USA,Commercial,2020-03-18,,95.59,53.05,548,547,2020,227,LARGE,US,COMMUNICATIONS,LEO,,True
STARLINK-1283,45389,PAYLOAD,Non-Polar Inclined,USA,Commercial,2020-03-18,,95.59,53.06,549,546,2020,227,LARGE,US,COMMUNICATIONS,LEO,,True
STARLINK-1284,45390,PAYLOAD,Non-Polar Inclined,USA,Commercial,2020-03-18,,95.59,53.05,549,546,2020,227,LARGE,US,COMMUNICATIONS,LEO,,True
STARLINK-1289,45391,PAYLOAD,Non-Polar Inclined,USA,Commercial,2020-03-18,2024-09-26,87.63,53.04,164,151,2020,227,LARGE,US,COMMUNICATIONS,LEO,,False
STARLINK-1290,45392,PAYLOAD,Non-Polar Inclined,USA,Commercial,2020-03-18,2024-05-02,87.18,52.95,137,133,2020,227,LARGE,US,COMMUNICATIONS,LEO,,False
STARLINK-1291,45393,PAYLOAD,Non-Polar Inclined,USA,Commercial,2020-03-18,2025-02-24,87.64,53.03,165,150,2020,227,LARGE,US,COMMUNICATIONS,LEO,,False
STARLINK-1292,45394,PAYLOAD,Non-Polar Inclined,USA,Commercial,2020-03-18,,95.59,53.05,548,546,2020,227,LARGE,US,COMMUNICATIONS,LEO,,True
STARLINK-1297,45395,PAYLOAD,Non-Polar Inclined,USA,Commercial,2020-03-18,,95.59,53.05,548,546,2020,227,LARGE,US,COMMUNICATIONS,LEO,,True
STARLINK-1303,45396,PAYLOAD,Non-Polar Inclined,USA,Commercial,2020-03-18,2025-04-06,89.32,53.04,247,234,2020,227,LARGE,US,COMMUNICATIONS,LEO,,False
STARLINK-1307,45397,PAYLOAD,Non-Polar Inclined,USA,Commercial,2020-03-18,,95.59,53.05,548,546,2020,227,LARGE,US,COMMUNICATIONS,LEO,,True
STARLINK-1312,45398,PAYLOAD,Non-Polar Inclined,USA,Commercial,2020-03-18,,95.59,53.05,548,546,2020,227,LARGE,US,COMMUNICATIONS,LEO,,True
STARLINK-1255,45399,PAYLOAD,Non-Polar Inclined,USA,Commercial,2020-03-18,,95.59,53.05,548,546,2020,227,LARGE,US,COMMUNICATIONS,LEO,,True
STARLINK-1213,45400,PAYLOAD,Non-Polar Inclined,USA,Commercial,2020-03-18,2025-02-27,87.33,53.04,149,135,2020,227,LARGE,US,COMMUNICATIONS,LEO,,False
STARLINK-1256,45401,PAYLOAD,Non-Polar Inclined,USA,Commercial,2020-03-18,,91.17,53.05,337,326,2020,227,LARGE,US,COMMUNICATIONS,LEO,,True
STARLINK-1257,45402,PAYLOAD,Non-Polar Inclined,USA,Commercial,2020-03-18,2024-08-24,91.45,53.03,356,335,2020,227,LARGE,US,COMMUNICATIONS,LEO,,False
STARLINK-1259,45403,PAYLOAD,Non-Polar Inclined,USA,Commercial,2020-03-18,,95.59,53.05,549,546,2020,227,LARGE,US,COMMUNICATIONS,LEO,,True
STARLINK-1260,45404,PAYLOAD,Non-Polar Inclined,USA,Commercial,2020-03-18,,95.59,53.05,548,546,2020,227,LARGE,US,COMMUNICATIONS,LEO,,True
STARLINK-1263,45405,PAYLOAD,Non-Polar Inclined,USA,Commercial,2020-03-18,,95.59,53.05,548,546,2020,227,LARGE,US,COMMUNICATIONS,LEO,,True
STARLINK-1265,45406,PAYLOAD,Non-Polar Inclined,USA,Commercial,2020-03-18,,95.59,53.05,548,546,2020,227,LARGE,US,COMMUNICATIONS,LEO,,True
STARLINK-1275,45407,PAYLOAD,Non-Polar Inclined,USA,Commercial,2020-03-18,,91.16,53.04,335,328,2020,227,LARGE,US,COMMUNICATIONS,LEO,,True
STARLINK-1278,45408,PAYLOAD,Non-Polar Inclined,USA,Commercial,2020-03-18,,95.59,53.05,548,546,2020,227,LARGE,US,COMMUNICATIONS,LEO,,True
STARLINK-1282,45409,PAYLOAD,Non-Polar Inclined,USA,Commercial,2020-03-18,,89.51,53.03,254,246,2020,227,LARGE,US,COMMUNICATIONS,LEO,,True
STARLINK-1293,45411,PAYLOAD,Non-Polar Inclined,USA,Commercial,2020-03-18,2025-04-05,87.93,53.02,177,167,2020,227,LARGE,US,COMMUNICATIONS,LEO,,False
STARLINK-1296,45412,PAYLOAD,Non-Polar Inclined,USA,Commercial,2020-03-18,,95.59,53.05,548,546,2020,227,LARGE,US,COMMUNICATIONS,LEO,,True
STARLINK-1298,45413,PAYLOAD,Non-Polar Inclined,USA,Commercial,2020-03-18,,95.59,53.05,548,546,2020,227,LARGE,US,COMMUNICATIONS,LEO,,True
STARLINK-1309,45414,PAYLOAD,Non-Polar Inclined,USA,Commercial,2020-03-18,,95.59,53.05,548,546,2020,227,LARGE,US,COMMUNICATIONS,LEO,,True
STARLINK-1316,45415,PAYLOAD,Non-Polar Inclined,USA,Commercial,2020-03-18,,95.59,53.05,549,546,2020,227,LARGE,US,COMMUNICATIONS,LEO,,True
STARLINK-1318,45416,PAYLOAD,Non-Polar Inclined,USA,Commercial,2020-03-18,,95.59,53.05,548,546,2020,227,LARGE,US,COMMUNICATIONS,LEO,,True
STARLINK-1286,45417,PAYLOAD,Non-Polar Inclined,USA,Commercial,2020-03-18,,95.59,53.05,548,546,2020,227,LARGE,US,COMMUNICATIONS,LEO,,True
STARLINK-1299,45418,PAYLOAD,Non-Polar Inclined,USA,Commercial,2020-03-18,2023-08-24,88.62,52.97,218,195,2020,227,LARGE,US,COMMUNICATIONS,LEO,,False
STARLINK-1308,45419,PAYLOAD,Non-Polar Inclined,USA,Commercial,2020-03-18,,95.59,53.05,548,546,2020,227,LARGE,US,COMMUNICATIONS,LEO,,True
YAOGAN-30 R,45460,PAYLOAD,Non-Polar Inclined,China,Military,2020-03-24,,96.02,34.99,571,565,2020,,LARGE,PRC,EARTH OBSERVATION,LEO,,True
YAOGAN-30 S,45461,PAYLOAD,Non-Polar Inclined,China,Military,2020-03-24,,96.02,34.99,569,566,2020,,LARGE,PRC,EARTH OBSERVATION,LEO,,True
YAOGAN-30 T,45462,PAYLOAD,Non-Polar Inclined,China,Military,2020-03-24,,96.02,35,570,566,2020,,LARGE,PRC,EARTH OBSERVATION,LEO,,True
AEHF 6 (USA 298),45465,PAYLOAD,,USA,Military,2020-03-26,,1436.09,3.5,35979,35594,2020,6169,LARGE,US,COMMUNICATIONS,GEO,,True
STARLINK-1329,45531,PAYLOAD,Non-Polar Inclined,USA,Commercial,2020-04-22,,95.59,53.05,548,546,2020,227,LARGE,US,COMMUNICATIONS,LEO,,True
STARLINK-1338,45532,PAYLOAD,Non-Polar Inclined,USA,Commercial,2020-04-22,,95.59,53.05,548,546,2020,227,LARGE,US,COMMUNICATIONS,LEO,,True
STARLINK-1341,45534,PAYLOAD,Non-Polar Inclined,USA,Commercial,2020-04-22,2025-02-24,88.34,53.03,197,187,2020,227,LARGE,US,COMMUNICATIONS,LEO,,False
STARLINK-1350,45535,PAYLOAD,Non-Polar Inclined,USA,Commercial,2020-04-22,,94.23,53.07,483,479,2020,227,LARGE,US,COMMUNICATIONS,LEO,,True
STARLINK-1352,45536,PAYLOAD,Non-Polar Inclined,USA,Commercial,2020-04-22,,91.96,53.05,371,370,2020,227,LARGE,US,COMMUNICATIONS,LEO,,True
STARLINK-1362,45538,PAYLOAD,Non-Polar Inclined,USA,Commercial,2020-04-22,,95.59,53.05,548,546,2020,227,LARGE,US,COMMUNICATIONS,LEO,,True
STARLINK-1368,45540,PAYLOAD,Non-Polar Inclined,USA,Commercial,2020-04-22,,95.59,53.05,548,546,2020,227,LARGE,US,COMMUNICATIONS,LEO,,True
STARLINK-1369,45541,PAYLOAD,Non-Polar Inclined,USA,Commercial,2020-04-22,2025-04-06,87.63,53.04,160,154,2020,227,LARGE,US,COMMUNICATIONS,LEO,,False
STARLINK-1371,45542,PAYLOAD,Non-Polar Inclined,USA,Commercial,2020-04-22,,95.59,53.05,549,546,2020,227,LARGE,US,COMMUNICATIONS,LEO,,True
STARLINK-1372,45543,PAYLOAD,Non-Polar Inclined,USA,Commercial,2020-04-22,,95.59,53.05,548,546,2020,227,LARGE,US,COMMUNICATIONS,LEO,,True
STARLINK-1373,45544,PAYLOAD,Non-Polar Inclined,USA,Commercial,2020-04-22,,95.59,53.05,548,546,2020,227,LARGE,US,COMMUNICATIONS,LEO,,True
STARLINK-1374,45545,PAYLOAD,Non-Polar Inclined,USA,Commercial,2020-04-22,2025-02-22,87.55,53.02,157,149,2020,227,LARGE,US,COMMUNICATIONS,LEO,,False
STARLINK-1375,45546,PAYLOAD,Non-Polar Inclined,USA,Commercial,2020-04-22,2025-03-12,87.55,53.03,158,148,2020,227,LARGE,US,COMMUNICATIONS,LEO,,False
STARLINK-1377,45547,PAYLOAD,Non-Polar Inclined,USA,Commercial,2020-04-22,2024-09-08,89.48,53.04,256,242,2020,227,LARGE,US,COMMUNICATIONS,LEO,,False
STARLINK-1378,45548,PAYLOAD,Non-Polar Inclined,USA,Commercial,2020-04-22,2025-02-26,87.94,53.02,177,168,2020,227,LARGE,US,COMMUNICATIONS,LEO,,False
STARLINK-1390,45550,PAYLOAD,Non-Polar Inclined,USA,Commercial,2020-04-22,2025-03-21,87.62,53.02,162,152,2020,227,LARGE,US,COMMUNICATIONS,LEO,,False
STARLINK-1294,45551,PAYLOAD,Non-Polar Inclined,USA,Commercial,2020-04-22,,94.98,53.05,523,513,2020,227,LARGE,US,COMMUNICATIONS,LEO,,True
STARLINK-1323,45553,PAYLOAD,Non-Polar Inclined,USA,Commercial,2020-04-22,,95.59,53.05,548,546,2020,227,LARGE,US,COMMUNICATIONS,LEO,,True
STARLINK-1325,45554,PAYLOAD,Non-Polar Inclined,USA,Commercial,2020-04-22,,94.36,53.06,491,484,2020,227,LARGE,US,COMMUNICATIONS,LEO,,True
STARLINK-1327,45555,PAYLOAD,Non-Polar Inclined,USA,Commercial,2020-04-22,,95.59,53.05,548,546,2020,227,LARGE,US,COMMUNICATIONS,LEO,,True
STARLINK-1334,45556,PAYLOAD,Non-Polar Inclined,USA,Commercial,2020-04-22,,90.92,53.05,324,316,2020,227,LARGE,US,COMMUNICATIONS,LEO,,True
STARLINK-1336,45557,PAYLOAD,Non-Polar Inclined,USA,Commercial,2020-04-22,,95.59,53.05,548,546,2020,227,LARGE,US,COMMUNICATIONS,LEO,,True
STARLINK-1342,45558,PAYLOAD,Non-Polar Inclined,USA,Commercial,2020-04-22,,95.59,53.05,548,546,2020,227,LARGE,US,COMMUNICATIONS,LEO,,True
STARLINK-1344,45559,PAYLOAD,Non-Polar Inclined,USA,Commercial,2020-04-22,2024-09-19,87.69,53.03,161,159,2020,227,LARGE,US,COMMUNICATIONS,LEO,,False
STARLINK-1346,45560,PAYLOAD,Non-Polar Inclined,USA,Commercial,2020-04-22,2025-04-12,87.44,53.03,153,143,2020,227,LARGE,US,COMMUNICATIONS,LEO,,False
STARLINK-1348,45561,PAYLOAD,Non-Polar Inclined,USA,Commercial,2020-04-22,2023-08-05,87.81,53,167,165,2020,227,LARGE,US,COMMUNICATIONS,LEO,,False
STARLINK-1354,45562,PAYLOAD,Non-Polar Inclined,USA,Commercial,2020-04-22,2025-01-01,87.45,53.04,153,143,2020,227,LARGE,US,COMMUNICATIONS,LEO,,False
STARLINK-1355,45563,PAYLOAD,Non-Polar Inclined,USA,Commercial,2020-04-22,,91.95,53.05,371,369,2020,227,LARGE,US,COMMUNICATIONS,LEO,,True
STARLINK-1356,45564,PAYLOAD,Non-Polar Inclined,USA,Commercial,2020-04-22,,95.59,53.06,548,546,2020,227,LARGE,US,COMMUNICATIONS,LEO,,True
STARLINK-1357,45565,PAYLOAD,Non-Polar Inclined,USA,Commercial,2020-04-22,,95.59,53.05,548,546,2020,227,LARGE,US,COMMUNICATIONS,LEO,,True
STARLINK-1358,45566,PAYLOAD,Non-Polar Inclined,USA,Commercial,2020-04-22,,90.25,53.04,290,283,2020,227,LARGE,US,COMMUNICATIONS,LEO,,True
STARLINK-1361,45567,PAYLOAD,Non-Polar Inclined,USA,Commercial,2020-04-22,,95.59,53.06,548,546,2020,227,LARGE,US,COMMUNICATIONS,LEO,,True
STARLINK-1363,45568,PAYLOAD,Non-Polar Inclined,USA,Commercial,2020-04-22,,95.59,53.05,548,546,2020,227,LARGE,US,COMMUNICATIONS,LEO,,True
STARLINK-1366,45569,PAYLOAD,Non-Polar Inclined,USA,Commercial,2020-04-22,,95.59,53.06,548,546,2020,227,LARGE,US,COMMUNICATIONS,LEO,,True
STARLINK-1376,45570,PAYLOAD,Non-Polar Inclined,USA,Commercial,2020-04-22,,95.59,53.06,548,546,2020,227,LARGE,US,COMMUNICATIONS,LEO,,True
STARLINK-1261,45571,PAYLOAD,Non-Polar Inclined,USA,Commercial,2020-04-22,2024-01-12,87.89,53,174,166,2020,227,LARGE,US,COMMUNICATIONS,LEO,,False
STARLINK-1320,45572,PAYLOAD,Non-Polar Inclined,USA,Commercial,2020-04-22,,94.62,53.06,506,495,2020,227,LARGE,US,COMMUNICATIONS,LEO,,True
STARLINK-1321,45573,PAYLOAD,Non-Polar Inclined,USA,Commercial,2020-04-22,,95.59,53.05,549,546,2020,227,LARGE,US,COMMUNICATIONS,LEO,,True
STARLINK-1324,45574,PAYLOAD,Non-Polar Inclined,USA,Commercial,2020-04-22,2024-07-20,87.4,53.03,146,145,2020,227,LARGE,US,COMMUNICATIONS,LEO,,False
STARLINK-1326,45575,PAYLOAD,Non-Polar Inclined,USA,Commercial,2020-04-22,2023-06-03,87.92,52.96,177,166,2020,227,LARGE,US,COMMUNICATIONS,LEO,,False
STARLINK-1328,45576,PAYLOAD,Non-Polar Inclined,USA,Commercial,2020-04-22,,95.59,53.05,548,547,2020,227,LARGE,US,COMMUNICATIONS,LEO,,True
STARLINK-1330,45577,PAYLOAD,Non-Polar Inclined,USA,Commercial,2020-04-22,2023-11-21,87.65,52.98,161,155,2020,227,LARGE,US,COMMUNICATIONS,LEO,,False
STARLINK-1331,45578,PAYLOAD,Non-Polar Inclined,USA,Commercial,2020-04-22,,95.59,53.05,548,546,2020,227,LARGE,US,COMMUNICATIONS,LEO,,True
STARLINK-1332,45579,PAYLOAD,Non-Polar Inclined,USA,Commercial,2020-04-22,,89.99,53.04,277,271,2020,227,LARGE,US,COMMUNICATIONS,LEO,,True
STARLINK-1333,45580,PAYLOAD,Non-Polar Inclined,USA,Commercial,2020-04-22,,95.58,53.05,548,546,2020,227,LARGE,US,COMMUNICATIONS,LEO,,True
STARLINK-1335,45581,PAYLOAD,Non-Polar Inclined,USA,Commercial,2020-04-22,,95.59,53.05,548,546,2020,227,LARGE,US,COMMUNICATIONS,LEO,,True
STARLINK-1337,45582,PAYLOAD,Non-Polar Inclined,USA,Commercial,2020-04-22,,95.59,53.05,548,547,2020,227,LARGE,US,COMMUNICATIONS,LEO,,True
STARLINK-1340,45583,PAYLOAD,Non-Polar Inclined,USA,Commercial,2020-04-22,2024-08-07,90.23,53.04,289,282,2020,227,LARGE,US,COMMUNICATIONS,LEO,,False
STARLINK-1343,45584,PAYLOAD,Non-Polar Inclined,USA,Commercial,2020-04-22,2023-11-12,88.08,53.01,183,176,2020,227,LARGE,US,COMMUNICATIONS,LEO,,False
STARLINK-1347,45586,PAYLOAD,Non-Polar Inclined,USA,Commercial,2020-04-22,,95.59,53.05,548,546,2020,227,LARGE,US,COMMUNICATIONS,LEO,,True
STARLINK-1349,45587,PAYLOAD,Non-Polar Inclined,USA,Commercial,2020-04-22,,95.59,53.05,548,546,2020,227,LARGE,US,COMMUNICATIONS,LEO,,True
STARLINK-1360,45588,PAYLOAD,Non-Polar Inclined,USA,Commercial,2020-04-22,,92.66,53.05,406,404,2020,227,LARGE,US,COMMUNICATIONS,LEO,,True
STARLINK-1364,45589,PAYLOAD,Non-Polar Inclined,USA,Commercial,2020-04-22,,95.59,53.05,548,546,2020,227,LARGE,US,COMMUNICATIONS,LEO,,True
STARLINK-1365,45590,PAYLOAD,Non-Polar Inclined,USA,Commercial,2020-04-22,,95.59,53.05,548,546,2020,227,LARGE,US,COMMUNICATIONS,LEO,,True
XINGYUN-2 01,45602,PAYLOAD,Sun-Synchronous,China,Government,2020-05-12,,95.42,97.47,545,533,2020,93,MEDIUM,PRC,COMMUNICATIONS,LEO,,True
XINGYUN-2 02,45603,PAYLOAD,Sun-Synchronous,China,Government,2020-05-12,,95.42,97.51,546,532,2020,93,MEDIUM,PRC,COMMUNICATIONS,LEO,,True
ULTP,45605,PAYLOAD,Sun-Synchronous,USA,Commercial,2020-02-15,2024-04-09,87.41,51.61,148,145,2020,8,MEDIUM,US,COMMUNICATIONS,LEO,,False
USA 299,45606,PAYLOAD,Non-Polar Inclined,USA,Military,2020-05-17,,,,,,2020,4990,,US,TECHNOLOGY DEVELOPMENT,LEO,,True
COSMOS 2546,45608,PAYLOAD,Molniya,Russia,Military,2020-05-22,,717.71,63.11,38382,1969,2020,,LARGE,CIS,EARTH OBSERVATION,ELLIPTICAL,,True
USA 300,45610,PAYLOAD,Non-Polar Inclined,USA,Military/Civil,2020-05-17,,91.05,45.03,330,323,2020,136,,US,TECHNOLOGY DEVELOPMENT,LEO,,True
XJS G,45611,PAYLOAD,Non-Polar Inclined,China,Government,2020-05-29,,91.7,35.02,362,354,2020,,MEDIUM,PRC,TECHNOLOGY DEVELOPMENT,LEO,,True
XJS H,45612,PAYLOAD,Non-Polar Inclined,China,Government,2020-05-29,2024-05-21,88.13,35.02,183,181,2020,,LARGE,PRC,TECHNOLOGY DEVELOPMENT,LEO,,False
HEAD-4,45624,PAYLOAD,Sun-Synchronous,China,Commercial,2020-05-31,2024-03-20,87.33,97.4,148,136,2020,45,MEDIUM,PRC,EARTH OBSERVATION,LEO,,False
STARLINK-1441,45658,PAYLOAD,Non-Polar Inclined,USA,Commercial,2020-06-04,2024-08-07,90.16,53.04,285,279,2020,227,LARGE,US,COMMUNICATIONS,LEO,,False
STARLINK-1442,45659,PAYLOAD,Non-Polar Inclined,USA,Commercial,2020-06-04,2024-06-09,88.16,53.03,190,176,2020,227,LARGE,US,COMMUNICATIONS,LEO,,False
STARLINK-1443,45660,PAYLOAD,Non-Polar Inclined,USA,Commercial,2020-06-04,,95.59,53.06,548,546,2020,227,LARGE,US,COMMUNICATIONS,LEO,,True
STARLINK-1444,45661,PAYLOAD,Non-Polar Inclined,USA,Commercial,2020-06-04,2025-04-19,87.72,53.03,168,155,2020,227,LARGE,US,COMMUNICATIONS,LEO,,False
STARLINK-1445,45662,PAYLOAD,Non-Polar Inclined,USA,Commercial,2020-06-04,2024-12-18,88.07,53.04,182,176,2020,227,LARGE,US,COMMUNICATIONS,LEO,,False
STARLINK-1446,45663,PAYLOAD,Non-Polar Inclined,USA,Commercial,2020-06-04,,94.74,53.05,510,503,2020,227,LARGE,US,COMMUNICATIONS,LEO,,True
STARLINK-1448,45665,PAYLOAD,Non-Polar Inclined,USA,Commercial,2020-06-04,,95.59,53.06,548,546,2020,227,LARGE,US,COMMUNICATIONS,LEO,,True
STARLINK-1449,45666,PAYLOAD,Non-Polar Inclined,USA,Commercial,2020-06-04,,90.16,53.02,283,281,2020,227,LARGE,US,COMMUNICATIONS,LEO,,True
STARLINK-1450,45667,PAYLOAD,Non-Polar Inclined,USA,Commercial,2020-06-04,2024-08-17,90.87,53.04,320,314,2020,227,LARGE,US,COMMUNICATIONS,LEO,,False
STARLINK-1451,45668,PAYLOAD,Non-Polar Inclined,USA,Commercial,2020-06-04,,95.59,53.06,548,546,2020,227,LARGE,US,COMMUNICATIONS,LEO,,True
STARLINK-1452,45669,PAYLOAD,Non-Polar Inclined,USA,Commercial,2020-06-04,,95.19,53.05,530,526,2020,227,LARGE,US,COMMUNICATIONS,LEO,,True
STARLINK-1453,45670,PAYLOAD,Non-Polar Inclined,USA,Commercial,2020-06-04,,95.59,53.05,548,547,2020,227,LARGE,US,COMMUNICATIONS,LEO,,True
STARLINK-1454,45671,PAYLOAD,Non-Polar Inclined,USA,Commercial,2020-06-04,,95.59,53.05,548,546,2020,227,LARGE,US,COMMUNICATIONS,LEO,,True
STARLINK-1455,45672,PAYLOAD,Non-Polar Inclined,USA,Commercial,2020-06-04,2024-10-05,88.08,53.03,184,175,2020,227,LARGE,US,COMMUNICATIONS,LEO,,False
STARLINK-1456,45673,PAYLOAD,Non-Polar Inclined,USA,Commercial,2020-06-04,,95.59,53.05,548,546,2020,227,LARGE,US,COMMUNICATIONS,LEO,,True
STARLINK-1457,45674,PAYLOAD,Non-Polar Inclined,USA,Commercial,2020-06-04,,95.59,53.06,548,546,2020,227,LARGE,US,COMMUNICATIONS,LEO,,True
STARLINK-1458,45675,PAYLOAD,Non-Polar Inclined,USA,Commercial,2020-06-04,,95.59,53.05,548,546,2020,227,LARGE,US,COMMUNICATIONS,LEO,,True
STARLINK-1460,45676,PAYLOAD,Non-Polar Inclined,USA,Commercial,2020-06-04,,95.59,53.05,548,546,2020,227,LARGE,US,COMMUNICATIONS,LEO,,True
STARLINK-1392,45677,PAYLOAD,Non-Polar Inclined,USA,Commercial,2020-06-04,,95.59,53.06,548,546,2020,227,LARGE,US,COMMUNICATIONS,LEO,,True
STARLINK-1393,45678,PAYLOAD,Non-Polar Inclined,USA,Commercial,2020-06-04,2025-03-07,87.42,53.02,152,141,2020,227,LARGE,US,COMMUNICATIONS,LEO,,False
STARLINK-1394,45679,PAYLOAD,Non-Polar Inclined,USA,Commercial,2020-06-04,,95.59,53.05,548,546,2020,227,LARGE,US,COMMUNICATIONS,LEO,,True
STARLINK-1395,45680,PAYLOAD,Non-Polar Inclined,USA,Commercial,2020-06-04,,89.32,53.04,245,237,2020,227,LARGE,US,COMMUNICATIONS,LEO,,True
STARLINK-1396,45681,PAYLOAD,Non-Polar Inclined,USA,Commercial,2020-06-04,2024-07-06,87.91,53.01,175,168,2020,227,LARGE,US,COMMUNICATIONS,LEO,,False
STARLINK-1397,45682,PAYLOAD,Non-Polar Inclined,USA,Commercial,2020-06-04,,90.22,53.05,288,283,2020,227,LARGE,US,COMMUNICATIONS,LEO,,True
STARLINK-1399,45683,PAYLOAD,Non-Polar Inclined,USA,Commercial,2020-06-04,2025-03-23,87.49,53.03,152,148,2020,227,LARGE,US,COMMUNICATIONS,LEO,,False
STARLINK-1401,45684,PAYLOAD,Non-Polar Inclined,USA,Commercial,2020-06-04,2025-02-07,87.48,53.02,154,145,2020,227,LARGE,US,COMMUNICATIONS,LEO,,False
STARLINK-1402,45685,PAYLOAD,Non-Polar Inclined,USA,Commercial,2020-06-04,,95.59,53.05,548,546,2020,227,LARGE,US,COMMUNICATIONS,LEO,,True
STARLINK-1404,45686,PAYLOAD,Non-Polar Inclined,USA,Commercial,2020-06-04,,95.59,53.05,548,546,2020,227,LARGE,US,COMMUNICATIONS,LEO,,True
STARLINK-1408,45688,PAYLOAD,Non-Polar Inclined,USA,Commercial,2020-06-04,2025-03-02,87.72,53.05,163,159,2020,227,LARGE,US,COMMUNICATIONS,LEO,,False
STARLINK-1413,45689,PAYLOAD,Non-Polar Inclined,USA,Commercial,2020-06-04,,95.59,53.06,548,546,2020,227,LARGE,US,COMMUNICATIONS,LEO,,True
STARLINK-1414,45690,PAYLOAD,Non-Polar Inclined,USA,Commercial,2020-06-04,2025-04-08,87.55,53.02,159,148,2020,227,LARGE,US,COMMUNICATIONS,LEO,,False
STARLINK-1415,45691,PAYLOAD,Non-Polar Inclined,USA,Commercial,2020-06-04,2024-08-10,90.24,53.04,290,283,2020,227,LARGE,US,COMMUNICATIONS,LEO,,False
STARLINK-1416,45692,PAYLOAD,Non-Polar Inclined,USA,Commercial,2020-06-04,2024-09-23,87.76,53.03,165,162,2020,227,LARGE,US,COMMUNICATIONS,LEO,,False
STARLINK-1417,45693,PAYLOAD,Non-Polar Inclined,USA,Commercial,2020-06-04,,95.59,53.06,549,546,2020,227,LARGE,US,COMMUNICATIONS,LEO,,True
STARLINK-1419,45694,PAYLOAD,Non-Polar Inclined,USA,Commercial,2020-06-04,2023-09-24,88.94,53.01,233,211,2020,227,LARGE,US,COMMUNICATIONS,LEO,,False
STARLINK-1420,45695,PAYLOAD,Non-Polar Inclined,USA,Commercial,2020-06-04,,95.59,53.06,548,546,2020,227,LARGE,US,COMMUNICATIONS,LEO,,True
STARLINK-1422,45696,PAYLOAD,Non-Polar Inclined,USA,Commercial,2020-06-04,,95.59,53.06,548,546,2020,227,LARGE,US,COMMUNICATIONS,LEO,,True
STARLINK-1351,45697,PAYLOAD,Non-Polar Inclined,USA,Commercial,2020-06-04,,95.59,53.06,548,546,2020,227,LARGE,US,COMMUNICATIONS,LEO,,True
STARLINK-1370,45698,PAYLOAD,Non-Polar Inclined,USA,Commercial,2020-06-04,2024-07-28,88.08,53.03,187,172,2020,227,LARGE,US,COMMUNICATIONS,LEO,,False
STARLINK-1398,45699,PAYLOAD,Non-Polar Inclined,USA,Commercial,2020-06-04,,95.09,53.05,524,522,2020,227,LARGE,US,COMMUNICATIONS,LEO,,True
STARLINK-1400,45700,PAYLOAD,Non-Polar Inclined,USA,Commercial,2020-06-04,,95.59,53.06,548,546,2020,227,LARGE,US,COMMUNICATIONS,LEO,,True
STARLINK-1403,45701,PAYLOAD,Non-Polar Inclined,USA,Commercial,2020-06-04,,95.59,53.05,548,546,2020,227,LARGE,US,COMMUNICATIONS,LEO,,True
STARLINK-1405,45702,PAYLOAD,Non-Polar Inclined,USA,Commercial,2020-06-04,,93.69,53.03,460,450,2020,227,LARGE,US,COMMUNICATIONS,LEO,,True
STARLINK-1407,45703,PAYLOAD,Non-Polar Inclined,USA,Commercial,2020-06-04,,94.59,53.05,504,493,2020,227,LARGE,US,COMMUNICATIONS,LEO,,True
STARLINK-1409,45704,PAYLOAD,Non-Polar Inclined,USA,Commercial,2020-06-04,2024-08-02,89.85,53.04,270,264,2020,227,LARGE,US,COMMUNICATIONS,LEO,,False
STARLINK-1410,45705,PAYLOAD,Non-Polar Inclined,USA,Commercial,2020-06-04,2024-01-20,88.06,53.03,182,175,2020,227,LARGE,US,COMMUNICATIONS,LEO,,False
STARLINK-1411,45706,PAYLOAD,Non-Polar Inclined,USA,Commercial,2020-06-04,,95.59,53.05,548,546,2020,227,LARGE,US,COMMUNICATIONS,LEO,,True
STARLINK-1412,45707,PAYLOAD,Non-Polar Inclined,USA,Commercial,2020-06-04,,91.15,53.05,332,329,2020,227,LARGE,US,COMMUNICATIONS,LEO,,True
STARLINK-1418,45708,PAYLOAD,Non-Polar Inclined,USA,Commercial,2020-06-04,2025-04-12,87.93,53.03,175,169,2020,227,LARGE,US,COMMUNICATIONS,LEO,,False
STARLINK-1421,45709,PAYLOAD,Non-Polar Inclined,USA,Commercial,2020-06-04,2024-08-29,89.69,53.04,267,251,2020,227,LARGE,US,COMMUNICATIONS,LEO,,False
STARLINK-1423,45710,PAYLOAD,Non-Polar Inclined,USA,Commercial,2020-06-04,,95.59,53.05,548,546,2020,227,LARGE,US,COMMUNICATIONS,LEO,,True
STARLINK-1433,45711,PAYLOAD,Non-Polar Inclined,USA,Commercial,2020-06-04,,95.59,53.05,548,546,2020,227,LARGE,US,COMMUNICATIONS,LEO,,True
STARLINK-1434,45712,PAYLOAD,Non-Polar Inclined,USA,Commercial,2020-06-04,,95.59,53.05,548,546,2020,227,LARGE,US,COMMUNICATIONS,LEO,,True
STARLINK-1436,45713,PAYLOAD,Non-Polar Inclined,USA,Commercial,2020-06-04,2024-06-23,87.87,53.04,175,163,2020,227,LARGE,US,COMMUNICATIONS,LEO,,False
STARLINK-1437,45714,PAYLOAD,Non-Polar Inclined,USA,Commercial,2020-06-04,2024-08-21,90.73,53.05,314,307,2020,227,LARGE,US,COMMUNICATIONS,LEO,,False
STARLINK-1438,45715,PAYLOAD,Non-Polar Inclined,USA,Commercial,2020-06-04,2021-06-27,87.28,52.95,151,128,2020,227,LARGE,US,COMMUNICATIONS,LEO,,False
HAIYANG 1D,45721,PAYLOAD,Sun-Synchronous,China,Government,2020-06-10,,100.41,98.63,778,778,2020,442,LARGE,PRC,EARTH OBSERVATION,LEO,,True
USA 301,45723,PAYLOAD,Sun-Synchronous,USA,Military,2020-06-13,,95.72,97.76,560,547,2020,,,US,UNKNOWN,LEO,,True
USA 302,45724,PAYLOAD,Sun-Synchronous,USA,Military,2020-06-13,,93.31,97.73,439,433,2020,,,US,UNKNOWN,LEO,,True
USA 303,45725,PAYLOAD,Sun-Synchronous,USA,Military,2020-06-13,,93.67,97.72,457,451,2020,,,US,UNKNOWN,LEO,,True
ANDESITE,45726,PAYLOAD,Sun-Synchronous,USA,Civil,2020-06-13,,95.84,97.79,566,552,2020,9,SMALL,US,SPACE SCIENCE/TECHNOLOGY DEMONSTRATION,LEO,,True
M2 PATHFINDER,45727,PAYLOAD,Sun-Synchronous,Australia,Civil/Military,2020-06-13,,95.88,97.82,571,552,2020,9,SMALL,AUS,TECHNOLOGY DEVELOPMENT,LEO,,True
STARLINK-1461,45730,PAYLOAD,Non-Polar Inclined,USA,Commercial,2020-06-13,2024-08-23,90.81,53.04,322,307,2020,227,LARGE,US,COMMUNICATIONS,LEO,,False
STARLINK-1465,45731,PAYLOAD,Non-Polar Inclined,USA,Commercial,2020-06-13,,95.59,53.05,548,546,2020,227,LARGE,US,COMMUNICATIONS,LEO,,True
STARLINK-1466,45732,PAYLOAD,Non-Polar Inclined,USA,Commercial,2020-06-13,2024-09-02,89.99,53.04,277,270,2020,227,LARGE,US,COMMUNICATIONS,LEO,,False
STARLINK-1467,45733,PAYLOAD,Non-Polar Inclined,USA,Commercial,2020-06-13,2024-11-24,87.43,53.04,151,144,2020,227,LARGE,US,COMMUNICATIONS,LEO,,False
STARLINK-1468,45734,PAYLOAD,Non-Polar Inclined,USA,Commercial,2020-06-13,2024-12-28,87.75,53.04,170,155,2020,227,LARGE,US,COMMUNICATIONS,LEO,,False
STARLINK-1471,45735,PAYLOAD,Non-Polar Inclined,USA,Commercial,2020-06-13,,93.91,53.05,466,466,2020,227,LARGE,US,COMMUNICATIONS,LEO,,True
STARLINK-1472,45736,PAYLOAD,Non-Polar Inclined,USA,Commercial,2020-06-13,2023-12-09,87.81,53.02,170,162,2020,227,LARGE,US,COMMUNICATIONS,LEO,,False
STARLINK-1474,45738,PAYLOAD,Non-Polar Inclined,USA,Commercial,2020-06-13,,92.97,53.04,422,418,2020,227,LARGE,US,COMMUNICATIONS,LEO,,True
STARLINK-1475,45739,PAYLOAD,Non-Polar Inclined,USA,Commercial,2020-06-13,,93.91,53.06,467,465,2020,227,LARGE,US,COMMUNICATIONS,LEO,,True
STARLINK-1479,45740,PAYLOAD,Non-Polar Inclined,USA,Commercial,2020-06-13,2025-01-22,87.58,53.04,158,151,2020,227,LARGE,US,COMMUNICATIONS,LEO,,False
STARLINK-1480,45741,PAYLOAD,Non-Polar Inclined,USA,Commercial,2020-06-13,,95.59,53.05,550,544,2020,227,LARGE,US,COMMUNICATIONS,LEO,,True
STARLINK-1481,45742,PAYLOAD,Non-Polar Inclined,USA,Commercial,2020-06-13,,92.52,53.05,401,395,2020,227,LARGE,US,COMMUNICATIONS,LEO,,True
STARLINK-1483,45743,PAYLOAD,Non-Polar Inclined,USA,Commercial,2020-06-13,2024-12-21,87.48,53.01,152,147,2020,227,LARGE,US,COMMUNICATIONS,LEO,,False
STARLINK-1500,45744,PAYLOAD,Non-Polar Inclined,USA,Commercial,2020-06-13,,95.4,53.05,539,537,2020,227,LARGE,US,COMMUNICATIONS,LEO,,True
STARLINK-1503,45745,PAYLOAD,Non-Polar Inclined,USA,Commercial,2020-06-13,,90.37,53.04,299,286,2020,227,LARGE,US,COMMUNICATIONS,LEO,,True
STARLINK-1504,45746,PAYLOAD,Non-Polar Inclined,USA,Commercial,2020-06-13,,94.42,53.03,493,489,2020,227,LARGE,US,COMMUNICATIONS,LEO,,True
STARLINK-1506,45747,PAYLOAD,Non-Polar Inclined,USA,Commercial,2020-06-13,,95.12,53.05,526,523,2020,227,LARGE,US,COMMUNICATIONS,LEO,,True
STARLINK-1507,45748,PAYLOAD,Non-Polar Inclined,USA,Commercial,2020-06-13,,91.36,53.04,346,336,2020,227,LARGE,US,COMMUNICATIONS,LEO,,True
STARLINK-1391,45750,PAYLOAD,Non-Polar Inclined,USA,Commercial,2020-06-13,2025-02-24,87.11,53.04,138,124,2020,227,LARGE,US,COMMUNICATIONS,LEO,,False
STARLINK-1464,45751,PAYLOAD,Non-Polar Inclined,USA,Commercial,2020-06-13,,95.59,53.05,548,546,2020,227,LARGE,US,COMMUNICATIONS,LEO,,True
STARLINK-1476,45753,PAYLOAD,Non-Polar Inclined,USA,Commercial,2020-06-13,,92.79,53.03,416,406,2020,227,LARGE,US,COMMUNICATIONS,LEO,,True
STARLINK-1477,45754,PAYLOAD,Non-Polar Inclined,USA,Commercial,2020-06-13,,95.59,53.05,549,546,2020,227,LARGE,US,COMMUNICATIONS,LEO,,True
STARLINK-1478,45755,PAYLOAD,Non-Polar Inclined,USA,Commercial,2020-06-13,,95.59,53.05,549,546,2020,227,LARGE,US,COMMUNICATIONS,LEO,,True
STARLINK-1484,45756,PAYLOAD,Non-Polar Inclined,USA,Commercial,2020-06-13,,93.81,53.02,463,459,2020,227,LARGE,US,COMMUNICATIONS,LEO,,True
STARLINK-1486,45757,PAYLOAD,Non-Polar Inclined,USA,Commercial,2020-06-13,2025-01-04,87.62,53.04,160,153,2020,227,LARGE,US,COMMUNICATIONS,LEO,,False
STARLINK-1487,45758,PAYLOAD,Non-Polar Inclined,USA,Commercial,2020-06-13,,91.85,53.02,369,361,2020,227,LARGE,US,COMMUNICATIONS,LEO,,True
STARLINK-1493,45759,PAYLOAD,Non-Polar Inclined,USA,Commercial,2020-06-13,,95.59,53.05,548,546,2020,227,LARGE,US,COMMUNICATIONS,LEO,,True
STARLINK-1494,45760,PAYLOAD,Non-Polar Inclined,USA,Commercial,2020-06-13,,95.59,53.05,548,546,2020,227,LARGE,US,COMMUNICATIONS,LEO,,True
STARLINK-1499,45762,PAYLOAD,Non-Polar Inclined,USA,Commercial,2020-06-13,2024-12-18,87.17,52.98,138,131,2020,227,LARGE,US,COMMUNICATIONS,LEO,,False
STARLINK-1502,45764,PAYLOAD,Non-Polar Inclined,USA,Commercial,2020-06-13,,95.59,53.05,549,546,2020,227,LARGE,US,COMMUNICATIONS,LEO,,True
STARLINK-1509,45766,PAYLOAD,Non-Polar Inclined,USA,Commercial,2020-06-13,2024-11-24,87.6,53.02,156,155,2020,227,LARGE,US,COMMUNICATIONS,LEO,,False
STARLINK-1511,45767,PAYLOAD,Non-Polar Inclined,USA,Commercial,2020-06-13,2024-12-29,87.47,53.02,154,145,2020,227,LARGE,US,COMMUNICATIONS,LEO,,False
STARLINK-1521,45768,PAYLOAD,Non-Polar Inclined,USA,Commercial,2020-06-13,2024-03-09,87.89,53.03,174,166,2020,227,LARGE,US,COMMUNICATIONS,LEO,,False
STARLINK-1459,45769,PAYLOAD,Non-Polar Inclined,USA,Commercial,2020-06-13,2024-11-05,87.59,53.1,173,136,2020,227,LARGE,US,COMMUNICATIONS,LEO,,False
STARLINK-1462,45770,PAYLOAD,Non-Polar Inclined,USA,Commercial,2020-06-13,2024-10-18,89.15,53.03,236,229,2020,227,LARGE,US,COMMUNICATIONS,LEO,,False
STARLINK-1463,45771,PAYLOAD,Non-Polar Inclined,USA,Commercial,2020-06-13,2025-03-22,87.32,53.02,147,136,2020,227,LARGE,US,COMMUNICATIONS,LEO,,False
STARLINK-1470,45772,PAYLOAD,Non-Polar Inclined,USA,Commercial,2020-06-13,,95.54,53.05,546,543,2020,227,LARGE,US,COMMUNICATIONS,LEO,,True
STARLINK-1482,45773,PAYLOAD,Non-Polar Inclined,USA,Commercial,2020-06-13,,95.59,53.05,549,546,2020,227,LARGE,US,COMMUNICATIONS,LEO,,True
STARLINK-1485,45774,PAYLOAD,Non-Polar Inclined,USA,Commercial,2020-06-13,,95.59,53.05,548,546,2020,227,LARGE,US,COMMUNICATIONS,LEO,,True
STARLINK-1488,45775,PAYLOAD,Non-Polar Inclined,USA,Commercial,2020-06-13,2024-11-12,88.08,53.04,184,175,2020,227,LARGE,US,COMMUNICATIONS,LEO,,False
STARLINK-1489,45776,PAYLOAD,Non-Polar Inclined,USA,Commercial,2020-06-13,,91.56,53.04,354,348,2020,227,LARGE,US,COMMUNICATIONS,LEO,,True
STARLINK-1490,45777,PAYLOAD,Non-Polar Inclined,USA,Commercial,2020-06-13,2025-01-28,87.54,52.99,155,150,2020,227,LARGE,US,COMMUNICATIONS,LEO,,False
STARLINK-1491,45778,PAYLOAD,Non-Polar Inclined,USA,Commercial,2020-06-13,,92.2,53.04,387,378,2020,227,LARGE,US,COMMUNICATIONS,LEO,,True
STARLINK-1492,45779,PAYLOAD,Non-Polar Inclined,USA,Commercial,2020-06-13,2025-01-28,87.63,52.98,160,154,2020,227,LARGE,US,COMMUNICATIONS,LEO,,False
STARLINK-1496,45780,PAYLOAD,Non-Polar Inclined,USA,Commercial,2020-06-13,,95.59,53.05,549,546,2020,227,LARGE,US,COMMUNICATIONS,LEO,,True
STARLINK-1497,45781,PAYLOAD,Non-Polar Inclined,USA,Commercial,2020-06-13,,94.4,53.05,495,484,2020,227,LARGE,US,COMMUNICATIONS,LEO,,True
STARLINK-1498,45782,PAYLOAD,Non-Polar Inclined,USA,Commercial,2020-06-13,2024-12-04,88.06,53.03,180,177,2020,227,LARGE,US,COMMUNICATIONS,LEO,,False
STARLINK-1505,45783,PAYLOAD,Non-Polar Inclined,USA,Commercial,2020-06-13,2024-11-03,87.32,53.03,145,139,2020,227,LARGE,US,COMMUNICATIONS,LEO,,False
STARLINK-1510,45784,PAYLOAD,Non-Polar Inclined,USA,Commercial,2020-06-13,,93.94,53.04,473,461,2020,227,LARGE,US,COMMUNICATIONS,LEO,,True
STARLINK-1512,45785,PAYLOAD,Non-Polar Inclined,USA,Commercial,2020-06-13,2024-12-10,87.79,53.03,167,163,2020,227,LARGE,US,COMMUNICATIONS,LEO,,False
STARLINK-1513,45786,PAYLOAD,Non-Polar Inclined,USA,Commercial,2020-06-13,,95.59,53.06,548,546,2020,227,LARGE,US,COMMUNICATIONS,LEO,,True
STARLINK-1517,45787,PAYLOAD,Non-Polar Inclined,USA,Commercial,2020-06-13,,90.91,53.04,323,315,2020,227,LARGE,US,COMMUNICATIONS,LEO,,True
SKYSAT C14,45788,PAYLOAD,Non-Polar Inclined,USA,Commercial,2020-06-13,2024-08-30,88.82,52.96,224,208,2020,100,MEDIUM,US,EARTH OBSERVATION,LEO,,False
SKYSAT C16,45789,PAYLOAD,Non-Polar Inclined,USA,Commercial,2020-06-13,2024-09-25,87.39,52.94,147,144,2020,100,MEDIUM,US,EARTH OBSERVATION,LEO,,False
SKYSAT C15,45790,PAYLOAD,Non-Polar Inclined,USA,Commercial,2020-06-13,2024-10-09,87.56,52.94,157,150,2020,100,MEDIUM,US,EARTH OBSERVATION,LEO,,False
ZHEDA PIXING 3A,45795,PAYLOAD,Sun-Synchronous,China,Civil,2020-06-17,2024-10-30,87.2,97.45,143,128,2020,12,SMALL,PRC,TECHNOLOGY DEVELOPMENT,LEO,,False
HEAD-5,45796,PAYLOAD,Sun-Synchronous,China,Commercial,2020-06-17,2023-12-07,88.04,97.41,184,171,2020,45,MEDIUM,PRC,EARTH OBSERVATION,LEO,,False
GAOFEN DUOMO (GFDM),45856,PAYLOAD,Sun-Synchronous,China,Government,2020-07-03,,97.5,97.83,648,630,2020,,LARGE,PRC,EARTH OBSERVATION,LEO,,True
SHIYAN 6 02 (SY-6 02),45859,PAYLOAD,Sun-Synchronous,China,Government,2020-07-04,,98.6,98.19,784,599,2020,,LARGE,PRC,SPACE SCIENCE,LEO,,True
OFEQ 16,45860,PAYLOAD,Non-Polar Inclined,Israel,Military,2020-07-06,,,,,,2020,300,,ISRA,EARTH OBSERVATION,LEO,,True
USA 305,45873,PAYLOAD,Non-Polar Inclined,USA,Military,2020-07-15,,93.68,53.97,459,450,2020,,,US,EARTH OBSERVATION,LEO,,True
USA 306,45874,PAYLOAD,Non-Polar Inclined,USA,Military,2020-07-15,,93.24,53.96,435,431,2020,,,US,EARTH OBSERVATION,LEO,,True
USA 307,45875,PAYLOAD,Non-Polar Inclined,USA,Military,2020-07-15,,93.67,53.98,460,449,2020,,,US,EARTH OBSERVATION,LEO,,True
USA 308,45876,PAYLOAD,Non-Polar Inclined,USA,Military,2020-07-15,,94.32,53.98,491,480,2020,,,US,EARTH OBSERVATION,LEO,,True
DEMI,45916,PAYLOAD,Non-Polar Inclined,USA,Civil,1998-11-20,2022-03-08,92.33,51.64,391,387,1998,9,MEDIUM,US,TECHNOLOGY DEVELOPMENT,LEO,,False
ZINYUAN-3,45939,PAYLOAD,Sun-Synchronous,China,Government,2020-07-25,,94.66,97.33,506,498,2020,2630,LARGE,PRC,EARTH OBSERVATION,LEO,,True
TIANQI-10,45941,PAYLOAD,Sun-Synchronous,China,Commercial,2020-07-25,2024-06-07,88.4,97.39,205,185,2020,9,MEDIUM,PRC,TECHNOLOGY DEVELOPMENT,LEO,,False
TSINGHUA SCIENCE,46026,PAYLOAD,Sun-Synchronous,China,Civil,2020-08-06,2024-06-11,87.69,97.31,170,150,2020,,MEDIUM,PRC,EARTH SCIENCE,LEO,,False
STARLINK-1522,46027,PAYLOAD,Non-Polar Inclined,USA,Commercial,2020-08-07,,95.59,53.05,548,546,2020,260,LARGE,US,COMMUNICATIONS,LEO,,True
STARLINK-1523,46028,PAYLOAD,Non-Polar Inclined,USA,Commercial,2020-08-07,,95.59,53.05,548,546,2020,260,LARGE,US,COMMUNICATIONS,LEO,,True
STARLINK-1526,46029,PAYLOAD,Non-Polar Inclined,USA,Commercial,2020-08-07,,95.59,53.05,548,546,2020,260,LARGE,US,COMMUNICATIONS,LEO,,True
STARLINK-1534,46030,PAYLOAD,Non-Polar Inclined,USA,Commercial,2020-08-07,2024-12-24,87.6,53.03,158,154,2020,260,LARGE,US,COMMUNICATIONS,LEO,,False
STARLINK-1544,46031,PAYLOAD,Non-Polar Inclined,USA,Commercial,2020-08-07,2024-12-27,87.39,53.02,152,138,2020,260,LARGE,US,COMMUNICATIONS,LEO,,False
STARLINK-1555,46032,PAYLOAD,Non-Polar Inclined,USA,Commercial,2020-08-07,,95.59,53.05,548,546,2020,260,LARGE,US,COMMUNICATIONS,LEO,,True
STARLINK-1556,46033,PAYLOAD,Non-Polar Inclined,USA,Commercial,2020-08-07,,95.59,53.05,548,546,2020,260,LARGE,US,COMMUNICATIONS,LEO,,True
STARLINK-1557,46034,PAYLOAD,Non-Polar Inclined,USA,Commercial,2020-08-07,,95.59,53.05,548,546,2020,260,LARGE,US,COMMUNICATIONS,LEO,,True
STARLINK-1558,46035,PAYLOAD,Non-Polar Inclined,USA,Commercial,2020-08-07,,95.59,53.05,549,546,2020,260,LARGE,US,COMMUNICATIONS,LEO,,True
STARLINK-1560,46036,PAYLOAD,Non-Polar Inclined,USA,Commercial,2020-08-07,,95.59,53.05,548,546,2020,260,LARGE,US,COMMUNICATIONS,LEO,,True
STARLINK-1565,46037,PAYLOAD,Non-Polar Inclined,USA,Commercial,2020-08-07,,90.61,53.02,310,299,2020,260,LARGE,US,COMMUNICATIONS,LEO,,True
STARLINK-1567,46038,PAYLOAD,Non-Polar Inclined,USA,Commercial,2020-08-07,,95.59,53.05,548,546,2020,260,LARGE,US,COMMUNICATIONS,LEO,,True
STARLINK-1569,46039,PAYLOAD,Non-Polar Inclined,USA,Commercial,2020-08-07,,95.59,53.05,548,546,2020,260,LARGE,US,COMMUNICATIONS,LEO,,True
STARLINK-1576,46040,PAYLOAD,Non-Polar Inclined,USA,Commercial,2020-08-07,2024-05-20,88.01,53.04,178,173,2020,260,LARGE,US,COMMUNICATIONS,LEO,,False
STARLINK-1580,46041,PAYLOAD,Non-Polar Inclined,USA,Commercial,2020-08-07,2025-04-01,88.81,53.03,226,206,2020,260,LARGE,US,COMMUNICATIONS,LEO,,False
STARLINK-1581,46042,PAYLOAD,Non-Polar Inclined,USA,Commercial,2020-08-07,2025-03-26,88.19,53.04,192,177,2020,260,LARGE,US,COMMUNICATIONS,LEO,,False
STARLINK-1582,46043,PAYLOAD,Non-Polar Inclined,USA,Commercial,2020-08-07,,95.59,53.05,548,546,2020,260,LARGE,US,COMMUNICATIONS,LEO,,True
STARLINK-1584,46044,PAYLOAD,Non-Polar Inclined,USA,Commercial,2020-08-07,2024-05-24,88.08,53.03,183,176,2020,260,LARGE,US,COMMUNICATIONS,LEO,,False
STARLINK-1591,46045,PAYLOAD,Non-Polar Inclined,USA,Commercial,2020-08-07,,95.59,53.05,548,546,2020,260,LARGE,US,COMMUNICATIONS,LEO,,True
STARLINK-1524,46047,PAYLOAD,Non-Polar Inclined,USA,Commercial,2020-08-07,,95.59,53.05,548,546,2020,260,LARGE,US,COMMUNICATIONS,LEO,,True
STARLINK-1527,46048,PAYLOAD,Non-Polar Inclined,USA,Commercial,2020-08-07,,95.59,53.05,548,546,2020,260,LARGE,US,COMMUNICATIONS,LEO,,True
STARLINK-1530,46049,PAYLOAD,Non-Polar Inclined,USA,Commercial,2020-08-07,2024-06-23,88.12,53.04,191,172,2020,260,LARGE,US,COMMUNICATIONS,LEO,,False
STARLINK-1540,46051,PAYLOAD,Non-Polar Inclined,USA,Commercial,2020-08-07,,95.59,53.05,548,546,2020,260,LARGE,US,COMMUNICATIONS,LEO,,True
STARLINK-1541,46052,PAYLOAD,Non-Polar Inclined,USA,Commercial,2020-08-07,,95.59,53.05,548,546,2020,260,LARGE,US,COMMUNICATIONS,LEO,,True
STARLINK-1543,46053,PAYLOAD,Non-Polar Inclined,USA,Commercial,2020-08-07,,95.59,53.05,548,546,2020,260,LARGE,US,COMMUNICATIONS,LEO,,True
STARLINK-1548,46054,PAYLOAD,Non-Polar Inclined,USA,Commercial,2020-08-07,,95.59,53.05,548,546,2020,260,LARGE,US,COMMUNICATIONS,LEO,,True
STARLINK-1554,46055,PAYLOAD,Non-Polar Inclined,USA,Commercial,2020-08-07,,95.59,53.05,548,546,2020,260,LARGE,US,COMMUNICATIONS,LEO,,True
STARLINK-1561,46056,PAYLOAD,Non-Polar Inclined,USA,Commercial,2020-08-07,2023-11-14,88.04,53.01,183,172,2020,260,LARGE,US,COMMUNICATIONS,LEO,,False
STARLINK-1562,46057,PAYLOAD,Non-Polar Inclined,USA,Commercial,2020-08-07,2021-08-18,91.52,53.02,350,348,2020,260,LARGE,US,COMMUNICATIONS,LEO,,False
STARLINK-1564,46058,PAYLOAD,Non-Polar Inclined,USA,Commercial,2020-08-07,,95.59,53.05,549,546,2020,260,LARGE,US,COMMUNICATIONS,LEO,,True
STARLINK-1570,46059,PAYLOAD,Non-Polar Inclined,USA,Commercial,2020-08-07,,95.59,53.05,548,546,2020,260,LARGE,US,COMMUNICATIONS,LEO,,True
STARLINK-1572,46060,PAYLOAD,Non-Polar Inclined,USA,Commercial,2020-08-07,,95.59,53.05,548,546,2020,260,LARGE,US,COMMUNICATIONS,LEO,,True
STARLINK-1573,46061,PAYLOAD,Non-Polar Inclined,USA,Commercial,2020-08-07,,95.59,53.05,548,546,2020,260,LARGE,US,COMMUNICATIONS,LEO,,True
STARLINK-1574,46062,PAYLOAD,Non-Polar Inclined,USA,Commercial,2020-08-07,2025-01-11,87.71,53.02,164,159,2020,260,LARGE,US,COMMUNICATIONS,LEO,,False
STARLINK-1577,46063,PAYLOAD,Non-Polar Inclined,USA,Commercial,2020-08-07,,95.59,53.05,548,546,2020,260,LARGE,US,COMMUNICATIONS,LEO,,True
STARLINK-1583,46064,PAYLOAD,Non-Polar Inclined,USA,Commercial,2020-08-07,,95.59,53.05,548,546,2020,260,LARGE,US,COMMUNICATIONS,LEO,,True
STARLINK-1515,46065,PAYLOAD,Non-Polar Inclined,USA,Commercial,2020-08-07,2023-11-29,88.11,53.03,191,171,2020,260,LARGE,US,COMMUNICATIONS,LEO,,False
STARLINK-1525,46066,PAYLOAD,Non-Polar Inclined,USA,Commercial,2020-08-07,,95.59,53.05,548,547,2020,260,LARGE,US,COMMUNICATIONS,LEO,,True
STARLINK-1529,46067,PAYLOAD,Non-Polar Inclined,USA,Commercial,2020-08-07,2024-04-22,87.87,53.03,175,163,2020,260,LARGE,US,COMMUNICATIONS,LEO,,False
STARLINK-1532,46068,PAYLOAD,Non-Polar Inclined,USA,Commercial,2020-08-07,2024-08-16,90.77,53.04,316,309,2020,260,LARGE,US,COMMUNICATIONS,LEO,,False
STARLINK-1533,46069,PAYLOAD,Non-Polar Inclined,USA,Commercial,2020-08-07,2025-04-12,87.55,53.02,157,149,2020,260,LARGE,US,COMMUNICATIONS,LEO,,False
STARLINK-1536,46070,PAYLOAD,Non-Polar Inclined,USA,Commercial,2020-08-07,,95.59,53.05,548,546,2020,260,LARGE,US,COMMUNICATIONS,LEO,,True
STARLINK-1538,46071,PAYLOAD,Non-Polar Inclined,USA,Commercial,2020-08-07,2024-12-31,87.87,53.02,171,167,2020,260,LARGE,US,COMMUNICATIONS,LEO,,False
STARLINK-1539,46072,PAYLOAD,Non-Polar Inclined,USA,Commercial,2020-08-07,2024-06-26,88.52,53.04,207,196,2020,260,LARGE,US,COMMUNICATIONS,LEO,,False
STARLINK-1542,46073,PAYLOAD,Non-Polar Inclined,USA,Commercial,2020-08-07,,95.59,53.05,548,546,2020,260,LARGE,US,COMMUNICATIONS,LEO,,True
STARLINK-1549,46074,PAYLOAD,Non-Polar Inclined,USA,Commercial,2020-08-07,,95.59,53.05,548,546,2020,260,LARGE,US,COMMUNICATIONS,LEO,,True
STARLINK-1551,46075,PAYLOAD,Non-Polar Inclined,USA,Commercial,2020-08-07,,95.59,53.05,548,546,2020,260,LARGE,US,COMMUNICATIONS,LEO,,True
STARLINK-1552,46076,PAYLOAD,Non-Polar Inclined,USA,Commercial,2020-08-07,,95.59,53.05,548,546,2020,260,LARGE,US,COMMUNICATIONS,LEO,,True
STARLINK-1559,46077,PAYLOAD,Non-Polar Inclined,USA,Commercial,2020-08-07,,95.6,53.05,549,546,2020,260,LARGE,US,COMMUNICATIONS,LEO,,True
STARLINK-1563,46078,PAYLOAD,Non-Polar Inclined,USA,Commercial,2020-08-07,2025-04-06,87.66,53.03,164,153,2020,260,LARGE,US,COMMUNICATIONS,LEO,,False
STARLINK-1566,46079,PAYLOAD,Non-Polar Inclined,USA,Commercial,2020-08-07,,95.59,53.05,548,546,2020,260,LARGE,US,COMMUNICATIONS,LEO,,True
STARLINK-1568,46080,PAYLOAD,Non-Polar Inclined,USA,Commercial,2020-08-07,,94.79,53.05,510,507,2020,260,LARGE,US,COMMUNICATIONS,LEO,,True
STARLINK-1571,46081,PAYLOAD,Non-Polar Inclined,USA,Commercial,2020-08-07,2025-02-22,87.64,53.05,167,148,2020,260,LARGE,US,COMMUNICATIONS,LEO,,False
STARLINK-1578,46082,PAYLOAD,Non-Polar Inclined,USA,Commercial,2020-08-07,,95.59,53.05,548,546,2020,260,LARGE,US,COMMUNICATIONS,LEO,,True
STARLINK-1579,46083,PAYLOAD,Non-Polar Inclined,USA,Commercial,2020-08-07,,95.59,53.06,548,546,2020,260,LARGE,US,COMMUNICATIONS,LEO,,True
GLOBAL-7,46088,PAYLOAD,Non-Polar Inclined,USA,Commercial,2020-08-07,2023-10-23,87.59,52.97,158,153,2020,56,MEDIUM,US,EARTH OBSERVATION,LEO,,False
GLOBAL-8,46089,PAYLOAD,Non-Polar Inclined,USA,Commercial,2020-08-07,2024-04-01,87.57,52.96,159,149,2020,56,MEDIUM,US,EARTH OBSERVATION,LEO,,False
MEV-2,46113,PAYLOAD,,USA,Commercial,2020-08-15,,1436.14,0.02,35791,35784,2020,2875,LARGE,US,MISSION EXTENSION TECHNOLOGY,GEO,,True
STARLINK-1585,46117,PAYLOAD,Non-Polar Inclined,USA,Commercial,2020-08-18,,95.59,53.05,548,546,2020,260,LARGE,US,COMMUNICATIONS,LEO,,True
STARLINK-1588,46118,PAYLOAD,Non-Polar Inclined,USA,Commercial,2020-08-18,,91.2,53.05,337,330,2020,260,LARGE,US,COMMUNICATIONS,LEO,,True
STARLINK-1593,46119,PAYLOAD,Non-Polar Inclined,USA,Commercial,2020-08-18,,95.59,53.05,549,546,2020,260,LARGE,US,COMMUNICATIONS,LEO,,True
STARLINK-1601,46120,PAYLOAD,Non-Polar Inclined,USA,Commercial,2020-08-18,,95.59,53.05,548,546,2020,260,LARGE,US,COMMUNICATIONS,LEO,,True
STARLINK-1602,46121,PAYLOAD,Non-Polar Inclined,USA,Commercial,2020-08-18,2025-01-07,87.88,53.03,171,168,2020,260,LARGE,US,COMMUNICATIONS,LEO,,False
STARLINK-1604,46122,PAYLOAD,Non-Polar Inclined,USA,Commercial,2020-08-18,2025-03-01,87.3,53.02,144,138,2020,260,LARGE,US,COMMUNICATIONS,LEO,,False
STARLINK-1605,46123,PAYLOAD,Non-Polar Inclined,USA,Commercial,2020-08-18,,95.59,53.05,549,546,2020,260,LARGE,US,COMMUNICATIONS,LEO,,True
STARLINK-1614,46124,PAYLOAD,Non-Polar Inclined,USA,Commercial,2020-08-18,,95.59,53.05,549,546,2020,260,LARGE,US,COMMUNICATIONS,LEO,,True
STARLINK-1618,46125,PAYLOAD,Non-Polar Inclined,USA,Commercial,2020-08-18,,95.59,53.05,548,547,2020,260,LARGE,US,COMMUNICATIONS,LEO,,True
STARLINK-1619,46126,PAYLOAD,Non-Polar Inclined,USA,Commercial,2020-08-18,2025-04-13,87.66,53.01,164,153,2020,260,LARGE,US,COMMUNICATIONS,LEO,,False
STARLINK-1621,46127,PAYLOAD,Non-Polar Inclined,USA,Commercial,2020-08-18,,95.59,53.05,548,546,2020,260,LARGE,US,COMMUNICATIONS,LEO,,True
STARLINK-1622,46128,PAYLOAD,Non-Polar Inclined,USA,Commercial,2020-08-18,,95.59,53.06,548,546,2020,260,LARGE,US,COMMUNICATIONS,LEO,,True
STARLINK-1623,46129,PAYLOAD,Non-Polar Inclined,USA,Commercial,2020-08-18,,95.59,53.05,548,547,2020,260,LARGE,US,COMMUNICATIONS,LEO,,True
STARLINK-1624,46130,PAYLOAD,Non-Polar Inclined,USA,Commercial,2020-08-18,,95.59,53.05,548,546,2020,260,LARGE,US,COMMUNICATIONS,LEO,,True
STARLINK-1625,46131,PAYLOAD,Non-Polar Inclined,USA,Commercial,2020-08-18,,95.59,53.05,548,546,2020,260,LARGE,US,COMMUNICATIONS,LEO,,True
STARLINK-1630,46132,PAYLOAD,Non-Polar Inclined,USA,Commercial,2020-08-18,2025-01-26,87.65,53.03,164,152,2020,260,LARGE,US,COMMUNICATIONS,LEO,,False
STARLINK-1637,46133,PAYLOAD,Non-Polar Inclined,USA,Commercial,2020-08-18,2025-02-24,88.15,53.02,187,179,2020,260,LARGE,US,COMMUNICATIONS,LEO,,False
STARLINK-1638,46134,PAYLOAD,Non-Polar Inclined,USA,Commercial,2020-08-18,2023-11-29,88.21,53.03,190,181,2020,260,LARGE,US,COMMUNICATIONS,LEO,,False
STARLINK-1639,46135,PAYLOAD,Non-Polar Inclined,USA,Commercial,2020-08-18,,92.98,53.05,421,419,2020,260,LARGE,US,COMMUNICATIONS,LEO,,True
STARLINK-1643,46136,PAYLOAD,Non-Polar Inclined,USA,Commercial,2020-08-18,,95.59,53.05,548,546,2020,260,LARGE,US,COMMUNICATIONS,LEO,,True
STARLINK-1586,46137,PAYLOAD,Non-Polar Inclined,USA,Commercial,2020-08-18,,94.29,53.05,485,483,2020,260,LARGE,US,COMMUNICATIONS,LEO,,True
STARLINK-1590,46138,PAYLOAD,Non-Polar Inclined,USA,Commercial,2020-08-18,2025-04-04,87.7,53.02,165,156,2020,260,LARGE,US,COMMUNICATIONS,LEO,,False
STARLINK-1594,46140,PAYLOAD,Non-Polar Inclined,USA,Commercial,2020-08-18,2025-02-05,87.88,53.02,174,165,2020,260,LARGE,US,COMMUNICATIONS,LEO,,False
STARLINK-1596,46141,PAYLOAD,Non-Polar Inclined,USA,Commercial,2020-08-18,,95.2,53.06,529,527,2020,260,LARGE,US,COMMUNICATIONS,LEO,,True
STARLINK-1597,46142,PAYLOAD,Non-Polar Inclined,USA,Commercial,2020-08-18,,95.59,53.06,548,546,2020,260,LARGE,US,COMMUNICATIONS,LEO,,True
STARLINK-1606,46144,PAYLOAD,Non-Polar Inclined,USA,Commercial,2020-08-18,,95.59,53.05,549,546,2020,260,LARGE,US,COMMUNICATIONS,LEO,,True
STARLINK-1607,46145,PAYLOAD,Non-Polar Inclined,USA,Commercial,2020-08-18,2021-09-30,94.83,53.06,511,509,2020,260,LARGE,US,COMMUNICATIONS,LEO,,False
STARLINK-1608,46146,PAYLOAD,Non-Polar Inclined,USA,Commercial,2020-08-18,,95.59,53.06,547,547,2020,260,LARGE,US,COMMUNICATIONS,LEO,,True
STARLINK-1611,46147,PAYLOAD,Non-Polar Inclined,USA,Commercial,2020-08-18,2025-01-31,86.3,53.01,95,87,2020,260,LARGE,US,COMMUNICATIONS,LEO,,False
STARLINK-1616,46148,PAYLOAD,Non-Polar Inclined,USA,Commercial,2020-08-18,,90.56,53.04,310,294,2020,260,LARGE,US,COMMUNICATIONS,LEO,,True
STARLINK-1620,46149,PAYLOAD,Non-Polar Inclined,USA,Commercial,2020-08-18,2024-11-05,87.81,53,168,164,2020,260,LARGE,US,COMMUNICATIONS,LEO,,False
STARLINK-1629,46150,PAYLOAD,Non-Polar Inclined,USA,Commercial,2020-08-18,,94.73,53.05,506,505,2020,260,LARGE,US,COMMUNICATIONS,LEO,,True
STARLINK-1631,46151,PAYLOAD,Non-Polar Inclined,USA,Commercial,2020-08-18,,91.94,53.05,376,363,2020,260,LARGE,US,COMMUNICATIONS,LEO,,True
STARLINK-1634,46152,PAYLOAD,Non-Polar Inclined,USA,Commercial,2020-08-18,2024-09-04,88.65,53.03,210,205,2020,260,LARGE,US,COMMUNICATIONS,LEO,,False
STARLINK-1636,46153,PAYLOAD,Non-Polar Inclined,USA,Commercial,2020-08-18,,93.59,53.03,456,444,2020,260,LARGE,US,COMMUNICATIONS,LEO,,True
STARLINK-1642,46154,PAYLOAD,Non-Polar Inclined,USA,Commercial,2020-08-18,,95.59,53.05,548,547,2020,260,LARGE,US,COMMUNICATIONS,LEO,,True
STARLINK-1667,46155,PAYLOAD,Non-Polar Inclined,USA,Commercial,2020-08-18,,95.59,53.05,548,546,2020,260,LARGE,US,COMMUNICATIONS,LEO,,True
STARLINK-1545,46156,PAYLOAD,Non-Polar Inclined,USA,Commercial,2020-08-18,,95.59,53.05,549,545,2020,260,LARGE,US,COMMUNICATIONS,LEO,,True
STARLINK-1587,46157,PAYLOAD,Non-Polar Inclined,USA,Commercial,2020-08-18,,95.59,53.05,548,546,2020,260,LARGE,US,COMMUNICATIONS,LEO,,True
STARLINK-1589,46158,PAYLOAD,Non-Polar Inclined,USA,Commercial,2020-08-18,2024-06-24,88.07,53.03,181,178,2020,260,LARGE,US,COMMUNICATIONS,LEO,,False
STARLINK-1595,46159,PAYLOAD,Non-Polar Inclined,USA,Commercial,2020-08-18,,95.59,53.05,548,546,2020,260,LARGE,US,COMMUNICATIONS,LEO,,True
STARLINK-1598,46160,PAYLOAD,Non-Polar Inclined,USA,Commercial,2020-08-18,,95.59,53.05,548,546,2020,260,LARGE,US,COMMUNICATIONS,LEO,,True
STARLINK-1600,46161,PAYLOAD,Non-Polar Inclined,USA,Commercial,2020-08-18,,91.92,53.03,372,365,2020,260,LARGE,US,COMMUNICATIONS,LEO,,True
STARLINK-1603,46162,PAYLOAD,Non-Polar Inclined,USA,Commercial,2020-08-18,2025-02-27,87.37,53.01,152,137,2020,260,LARGE,US,COMMUNICATIONS,LEO,,False
STARLINK-1610,46163,PAYLOAD,Non-Polar Inclined,USA,Commercial,2020-08-18,,90.59,53.04,312,295,2020,260,LARGE,US,COMMUNICATIONS,LEO,,True
STARLINK-1612,46164,PAYLOAD,Non-Polar Inclined,USA,Commercial,2020-08-18,,95.59,53.05,548,546,2020,260,LARGE,US,COMMUNICATIONS,LEO,,True
STARLINK-1613,46165,PAYLOAD,Non-Polar Inclined,USA,Commercial,2020-08-18,2024-05-20,88.22,53.08,192,180,2020,260,LARGE,US,COMMUNICATIONS,LEO,,False
STARLINK-1615,46166,PAYLOAD,Non-Polar Inclined,USA,Commercial,2020-08-18,2024-07-04,88.16,53.03,186,181,2020,260,LARGE,US,COMMUNICATIONS,LEO,,False
STARLINK-1626,46167,PAYLOAD,Non-Polar Inclined,USA,Commercial,2020-08-18,,95.59,53.05,548,546,2020,260,LARGE,US,COMMUNICATIONS,LEO,,True
STARLINK-1627,46168,PAYLOAD,Non-Polar Inclined,USA,Commercial,2020-08-18,,95.59,53.05,548,546,2020,260,LARGE,US,COMMUNICATIONS,LEO,,True
STARLINK-1628,46169,PAYLOAD,Non-Polar Inclined,USA,Commercial,2020-08-18,,92.73,53.05,410,407,2020,260,LARGE,US,COMMUNICATIONS,LEO,,True
STARLINK-1633,46171,PAYLOAD,Non-Polar Inclined,USA,Commercial,2020-08-18,,95.6,53.05,549,546,2020,260,LARGE,US,COMMUNICATIONS,LEO,,True
STARLINK-1635,46172,PAYLOAD,Non-Polar Inclined,USA,Commercial,2020-08-18,,95.59,53.05,548,546,2020,260,LARGE,US,COMMUNICATIONS,LEO,,True
STARLINK-1640,46173,PAYLOAD,Non-Polar Inclined,USA,Commercial,2020-08-18,,95.59,53.06,548,547,2020,260,LARGE,US,COMMUNICATIONS,LEO,,True
STARLINK-1641,46174,PAYLOAD,Non-Polar Inclined,USA,Commercial,2020-08-18,,95.59,53.05,548,546,2020,260,LARGE,US,COMMUNICATIONS,LEO,,True
SKYSAT C17,46179,PAYLOAD,Non-Polar Inclined,USA,Commercial,2020-08-18,2024-02-26,87.28,52.95,144,135,2020,110,MEDIUM,US,EARTH OBSERVATION,LEO,,False
SKYSAT C18,46180,PAYLOAD,Non-Polar Inclined,USA,Commercial,2020-08-18,2023-06-26,87.28,52.96,143,136,2020,110,MEDIUM,US,EARTH OBSERVATION,LEO,,False
MULTIFUNCTION TEST SAT,46233,PAYLOAD,Sun-Synchronous,China,Military,2020-08-23,2025-01-01,90.77,97.28,318,307,2020,78.5,MEDIUM,PRC,TECHNOLOGY DEVELOPMENT,LEO,,False
TIANTUO 5,46234,PAYLOAD,Sun-Synchronous,China,Military,2020-08-23,2025-04-19,87.81,97.23,175,157,2020,,MEDIUM,PRC,TECHNOLOGY DEVELOPMENT,LEO,,False
SKYSAT C19,46235,PAYLOAD,Non-Polar Inclined,USA,Commercial,2020-08-18,2024-01-30,87.6,52.95,156,155,2020,110,MEDIUM,US,EARTH OBSERVATION,LEO,,False
GNOMES-1,46266,PAYLOAD,Sun-Synchronous,USA,Commercial,2020-08-30,,96.16,97.83,577,572,2020,30,MEDIUM,US,EARTH SCIENCE,LEO,,True
TYVAK-0172,46267,PAYLOAD,Sun-Synchronous,USA,Commercial,2020-08-30,,94.13,97.78,477,476,2020,10,MEDIUM,US,TECHNOLOGY DEMONSTRATION,LEO,,True
NUSAT-6 HYPATIA,46272,PAYLOAD,Sun-Synchronous,Argentina,Commercial,2020-09-03,2024-09-14,87.24,97.2,145,131,2020,35,MEDIUM,ARGN,EARTH OBSERVATION,LEO,,False
ESAIL,46273,PAYLOAD,Sun-Synchronous,ESA,Government,2020-09-03,2025-03-03,87.72,97.24,169,155,2020,112,MEDIUM,CA,EARTH OBSERVATION,LEO,,False
ION-MK01,46274,PAYLOAD,Sun-Synchronous,Italy,Commercial,2020-09-03,,92.99,97.25,424,419,2020,150,MEDIUM,IT,TECHNOLOGY DEMONSTRATION,LEO,,True
ATHENA,46275,PAYLOAD,Sun-Synchronous,USA,Commercial,2020-09-03,,93.69,97.25,457,453,2020,138,MEDIUM,US,COMMUNICATIONS,LEO,,True
UPMSAT-2,46276,PAYLOAD,Sun-Synchronous,Spain,Civil,2020-09-03,,92.18,97.25,383,380,2020,60,MEDIUM,SPN,TECHNOLOGY DEVELOPMENT,LEO,,True
NEMO-HD,46277,PAYLOAD,Sun-Synchronous,Slovenia,Civil,2020-09-03,,93.8,97.25,463,459,2020,65,MEDIUM,SVN,EARTH OBSERVATION,LEO,,True
GHGSAT-C1,46278,PAYLOAD,Sun-Synchronous,Canada,Commercial,2020-09-03,,92.97,97.25,422,418,2020,15,MEDIUM,CA,EARTH SCIENCE,LEO,,True
SIMBA,46279,PAYLOAD,Sun-Synchronous,ESA,Government,2020-09-03,2024-08-14,90.89,97.34,322,314,2020,6,SMALL,BEL,EARTH SCIENCE,LEO,,False
TRISAT,46280,PAYLOAD,Sun-Synchronous,Slovenia,Civil,2020-09-03,2024-09-29,87.42,97.28,157,136,2020,4,MEDIUM,SVN,TECHNOLOGY DEVELOPMENT,LEO,,False
DIDO 3,46284,PAYLOAD,Sun-Synchronous,Switzerland,Commercial,2020-09-03,2025-03-25,87.92,97.27,179,164,2020,6,MEDIUM,ISRA,SPACE SCIENCE,LEO,,False
3CAT-5/A (TYVAK-0161),46292,PAYLOAD,Sun-Synchronous,ESA,Government,2020-09-03,,93.95,97.3,470,466,2020,10,MEDIUM,SPN,EARTH OBSERVATION,LEO,,True
3CAT-5/B (TYVAK-0162),46293,PAYLOAD,Sun-Synchronous,ESA,Government,2020-09-03,,93.92,97.3,468,465,2020,10,MEDIUM,SPN,EARTH OBSERVATION,LEO,,True
OSM-1 CICERO,46294,PAYLOAD,Sun-Synchronous,USA,Commercial,2020-09-03,,92.06,97.31,378,373,2020,,MEDIUM,SPN,TECHNOLOGY DEVELOPMENT,LEO,,True
TYVAK-0171,46295,PAYLOAD,Sun-Synchronous,USA,Commercial,2020-09-03,2024-02-10,87.74,97.34,171,154,2020,,MEDIUM,AUS,TECHNOLOGY DEVELOPMENT,LEO,,False
LEMUR 2 ETHANOAKES,46298,PAYLOAD,Sun-Synchronous,USA,Commercial,2020-09-03,2024-03-28,87.87,97.34,179,159,2020,10,SMALL,US,EARTH OBSERVATION,LEO,,False
LEMUR 2 OSCARLATOR,46299,PAYLOAD,Sun-Synchronous,USA,Commercial,2020-09-03,2024-01-27,88.1,97.36,186,175,2020,10,SMALL,US,EARTH OBSERVATION,LEO,,False
TTU100,46312,PAYLOAD,Sun-Synchronous,Estonia,Civil,2020-09-03,2024-08-11,90.6,97.34,309,299,2020,4,SMALL,EST,EARTH OBSERVATION,LEO,,False
LEMUR 2 SCHMIDTFALL,46315,PAYLOAD,Sun-Synchronous,USA,Commercial,2020-09-03,2023-12-08,88.57,97.36,209,198,2020,10,SMALL,US,EARTH OBSERVATION,LEO,,False
LEMUR 2 DJUPROERA,46316,PAYLOAD,Sun-Synchronous,USA,Commercial,2020-09-03,2023-10-17,89.29,97.37,249,230,2020,10,SMALL,US,EARTH OBSERVATION,LEO,,False
LEMUR 2 SQUAREJAWS,46317,PAYLOAD,Sun-Synchronous,USA,Commercial,2020-09-03,2023-11-25,87.48,97.35,156,144,2020,10,SMALL,US,EARTH OBSERVATION,LEO,,False
LEMUR 2 URSA AVION,46318,PAYLOAD,Sun-Synchronous,USA,Commercial,2020-09-03,2023-12-07,87.46,97.35,149,149,2020,10,SMALL,US,EARTH OBSERVATION,LEO,,False
KEPLER-2 (TARS),46319,PAYLOAD,Sun-Synchronous,Canada,Commercial,2020-09-03,2024-12-10,87.41,97.3,153,140,2020,9,MEDIUM,CA,COMMUNICATIONS,LEO,,False
NAPA-1,46320,PAYLOAD,Sun-Synchronous,Thailand,Military,2020-09-03,,93.58,97.3,452,448,2020,10,MEDIUM,THAI,EARTH OBSERVATION,LEO,,True
JILIN-01 GAOFEN 3B,46454,PAYLOAD,Sun-Synchronous,China,Commercial,2020-09-15,,93.43,97.29,446,439,2020,40,MEDIUM,PRC,EARTH OBSERVATION,LEO,,True
JILIN-01 GAOFEN 3C,46455,PAYLOAD,Sun-Synchronous,China,Commercial,2020-09-15,,93.18,97.29,432,428,2020,40,MEDIUM,PRC,EARTH OBSERVATION,LEO,,True
JILIN-01 GAOFEN 3D,46456,PAYLOAD,Sun-Synchronous,China,Commercial,2020-09-15,,93.06,97.29,427,421,2020,40,MEDIUM,PRC,EARTH OBSERVATION,LEO,,True
JILIN-01 GAOFEN 3E,46457,PAYLOAD,Sun-Synchronous,China,Commercial,2020-09-15,,93.83,97.29,476,448,2020,40,MEDIUM,PRC,EARTH OBSERVATION,LEO,,True
JILIN-01 GAOFEN 3F,46458,PAYLOAD,Sun-Synchronous,China,Commercial,2020-09-15,,93.87,97.29,479,448,2020,40,MEDIUM,PRC,EARTH OBSERVATION,LEO,,True
JILIN-01 GAOFEN 3G,46459,PAYLOAD,Sun-Synchronous,China,Commercial,2020-09-15,,93.75,97.3,474,442,2020,40,MEDIUM,PRC,EARTH OBSERVATION,LEO,,True
JILIN-01 GAOFEN 3H,46460,PAYLOAD,Sun-Synchronous,China,Commercial,2020-09-15,,93.76,97.29,469,448,2020,40,MEDIUM,PRC,EARTH OBSERVATION,LEO,,True
JILIN-01 GAOFEN 3I,46461,PAYLOAD,Sun-Synchronous,China,Commercial,2020-09-15,,93.55,97.29,464,433,2020,40,MEDIUM,PRC,EARTH OBSERVATION,LEO,,True
JILIN-01 GAOFEN 3J,46462,PAYLOAD,Sun-Synchronous,China,Commercial,2020-09-15,,93.49,97.29,449,442,2020,40,MEDIUM,PRC,EARTH OBSERVATION,LEO,,True
HAIYANG 2C,46469,PAYLOAD,Non-Polar Inclined,China,Government,2020-09-21,,104.09,66,959,945,2020,1500,LARGE,PRC,EARTH OBSERVATION,LEO,,True
HJ-2A,46478,PAYLOAD,Sun-Synchronous,China,Government,2020-09-27,,97.53,97.91,643,638,2020,,LARGE,PRC,EARTH OBSERVATION,LEO,,True
HJ-2B,46479,PAYLOAD,Sun-Synchronous,China,Government,2020-09-27,,97.53,97.92,641,640,2020,,LARGE,PRC,EARTH OBSERVATION,LEO,,True
YARILO-1,46490,PAYLOAD,Sun-Synchronous,Russia,Civil,2020-09-28,2025-03-11,87.96,97.81,179,169,2020,,SMALL,CIS,SPACE SCIENCE,LEO,,False
YARILO-2,46491,PAYLOAD,Sun-Synchronous,Russia,Civil,2020-09-28,2025-02-12,87.93,97.77,177,168,2020,,SMALL,CIS,SPACE SCIENCE,LEO,,False
LACUNASAT-3,46492,PAYLOAD,Sun-Synchronous,United Kingdom,Commercial,2020-09-28,2025-02-04,88.43,97.78,201,192,2020,5,SMALL,LTU,COMMUNICATIONS,LEO,,False
DEKART,46493,PAYLOAD,Sun-Synchronous,Russia,Civil,2020-09-28,,94.36,97.86,495,480,2020,5,MEDIUM,CIS,SPACE SCIENCE,LEO,,True
NORBI,46494,PAYLOAD,Sun-Synchronous,Russia,Civil,2020-09-28,,94.1,97.85,481,469,2020,9,SMALL,CIS,SPACE SCIENCE,LEO,,True
SALSAT,46495,PAYLOAD,Sun-Synchronous,Germany,Civil,2020-09-28,,94.62,97.86,507,493,2020,12,MEDIUM,GER,SPACE SCIENCE,LEO,,True
ICEYE-X7,46496,PAYLOAD,Sun-Synchronous,Finland,Commercial,2020-09-28,,94.72,97.7,512,498,2020,80,MEDIUM,FIN,EARTH OBSERVATION,LEO,,True
ICEYE-X6,46497,PAYLOAD,Sun-Synchronous,Finland,Commercial,2020-09-28,,95.95,98.05,569,560,2020,80,MEDIUM,FIN,EARTH OBSERVATION,LEO,,True
KEPLER-5 (AMIDALA),46498,PAYLOAD,Sun-Synchronous,Canada,Commercial,2020-09-28,2024-11-22,88.23,97.78,190,184,2020,9,MEDIUM,CA,COMMUNICATIONS,LEO,,False
KEPLER-4 (ANTILLES),46499,PAYLOAD,Sun-Synchronous,Canada,Commercial,2020-09-28,,91.44,97.81,348,343,2020,9,MEDIUM,CA,COMMUNICATIONS,LEO,,True
LEMUR-2-SLICERS,46500,PAYLOAD,Sun-Synchronous,USA,Commercial,2020-09-28,2024-10-09,88.77,97.72,218,209,2020,10,SMALL,US,EARTH OBSERVATION,LEO,,False
LEMUR-2-DAYWZAGOODDAY,46501,PAYLOAD,Sun-Synchronous,USA,Commercial,2020-09-28,2024-12-17,88.26,97.76,189,188,2020,10,SMALL,US,EARTH OBSERVATION,LEO,,False
LEMUR-2-SUSURRUS,46502,PAYLOAD,Sun-Synchronous,USA,Commercial,2020-09-28,2024-10-09,88.21,97.73,191,181,2020,10,SMALL,US,EARTH OBSERVATION,LEO,,False
LEMUR-2-NICHOL,46503,PAYLOAD,Sun-Synchronous,USA,Commercial,2020-09-28,2025-02-08,88.27,97.78,191,187,2020,10,SMALL,US,EARTH OBSERVATION,LEO,,False
NETSAT-4,46504,PAYLOAD,Sun-Synchronous,Germany,Commercial,2020-09-28,,94.19,97.84,485,473,2020,4,SMALL,GER,TECHNOLOGY DEMONSTRATION,LEO,,True
NETSAT-3,46505,PAYLOAD,Sun-Synchronous,Germany,Commercial,2020-09-28,,94.27,97.84,489,477,2020,4,SMALL,GER,TECHNOLOGY DEMONSTRATION,LEO,,True
NETSAT-1,46506,PAYLOAD,Sun-Synchronous,Germany,Commercial,2020-09-28,,94.54,97.85,502,491,2020,4,SMALL,GER,TECHNOLOGY DEMONSTRATION,LEO,,True
NETSAT-2,46507,PAYLOAD,Sun-Synchronous,Germany,Commercial,2020-09-28,,94.21,97.84,486,475,2020,4,SMALL,GER,TECHNOLOGY DEMONSTRATION,LEO,,True
YAOGAN-30 U,46807,PAYLOAD,Non-Polar Inclined,China,Military,2020-10-26,,96.02,34.99,569,567,2020,,LARGE,PRC,EARTH OBSERVATION,LEO,,True
YAOGAN-30 V,46808,PAYLOAD,Non-Polar Inclined,China,Military,2020-10-26,,96.02,34.99,570,566,2020,,LARGE,PRC,EARTH OBSERVATION,LEO,,True
YAOGAN-30 W,46809,PAYLOAD,Non-Polar Inclined,China,Military,2020-10-26,,96.02,34.99,572,563,2020,,LARGE,PRC,EARTH OBSERVATION,LEO,,True
TIANQI-6,46810,PAYLOAD,Non-Polar Inclined,China,Commercial,2020-10-26,,95.81,35,565,550,2020,9,MEDIUM,PRC,TECHNOLOGY DEVELOPMENT,LEO,,True
NUSAT-12 DOROTHY,46827,PAYLOAD,Sun-Synchronous,Argentina,Commercial,2020-11-06,2023-09-28,88.01,97.1,184,168,2020,45,MEDIUM,ARGN,EARTH OBSERVATION,LEO,,False
NUSAT-9 ALICE,46828,PAYLOAD,Sun-Synchronous,Argentina,Commercial,2020-11-06,2023-10-04,87.63,97.09,165,150,2020,45,MEDIUM,ARGN,EARTH OBSERVATION,LEO,,False
NUSAT-11 CORA,46829,PAYLOAD,Sun-Synchronous,Argentina,Commercial,2020-11-06,2023-10-11,87.38,97.1,152,138,2020,45,MEDIUM,ARGN,EARTH OBSERVATION,LEO,,False
NUSAT-15 KATHERINE,46830,PAYLOAD,Sun-Synchronous,Argentina,Commercial,2020-11-06,2023-09-19,87.26,97.12,148,129,2020,45,MEDIUM,ARGN,EARTH OBSERVATION,LEO,,False
NUSAT-14 HEDY,46831,PAYLOAD,Sun-Synchronous,Argentina,Commercial,2020-11-06,2023-09-06,88.02,97.12,184,168,2020,45,MEDIUM,ARGN,EARTH OBSERVATION,LEO,,False
NUSAT-10 CAROLINE,46832,PAYLOAD,Sun-Synchronous,Argentina,Commercial,2020-11-06,2023-10-31,88.52,97.12,208,195,2020,45,MEDIUM,ARGN,EARTH OBSERVATION,LEO,,False
NUSAT-13 EMMY,46833,PAYLOAD,Sun-Synchronous,Argentina,Commercial,2020-11-06,2023-10-21,87.64,97.1,165,150,2020,45,MEDIUM,ARGN,EARTH OBSERVATION,LEO,,False
NUSAT-17 MARY,46835,PAYLOAD,Sun-Synchronous,Argentina,Commercial,2020-11-06,2023-10-13,88.08,97.11,186,173,2020,45,MEDIUM,ARGN,EARTH OBSERVATION,LEO,,False
NUSAT-18 VERA,46836,PAYLOAD,Sun-Synchronous,Argentina,Commercial,2020-11-06,2023-10-21,87.41,97.11,154,138,2020,45,MEDIUM,ARGN,EARTH OBSERVATION,LEO,,False
NUSAT-16 LISE,46840,PAYLOAD,Sun-Synchronous,Argentina,Commercial,2020-11-06,2023-09-22,87.39,97.13,154,137,2020,45,MEDIUM,ARGN,EARTH OBSERVATION,LEO,,False
TIANQI-11,46904,PAYLOAD,Sun-Synchronous,China,Commercial,2020-11-07,2023-11-05,88.43,97.48,203,191,2020,50,MEDIUM,PRC,TECHNOLOGY DEVELOPMENT,LEO,,False
RISAT-2BR2,46905,PAYLOAD,Non-Polar Inclined,India,Military,2020-11-07,,95.9,36.9,572,552,2020,630,LARGE,IND,EARTH OBSERVATION,LEO,,True
KSM1-C,46906,PAYLOAD,Non-Polar Inclined,Luxembourg,Commercial,2020-11-07,,94.86,36.89,515,508,2020,,SMALL,LUXE,EARTH OBSERVATION,LEO,,True
KSM1-D,46907,PAYLOAD,Non-Polar Inclined,Luxembourg,Commercial,2020-11-07,,94.92,36.9,519,511,2020,,MEDIUM,LUXE,EARTH OBSERVATION,LEO,,True
LEMUR 2 OZARAK,46908,PAYLOAD,Non-Polar Inclined,USA,Commercial,2020-11-07,2024-10-14,88.4,36.87,201,189,2020,10,SMALL,US,EARTH OBSERVATION,LEO,,False
LEMUR 2 JINDRA,46909,PAYLOAD,Non-Polar Inclined,USA,Commercial,2020-11-07,2024-09-04,90.06,36.88,286,268,2020,10,SMALL,US,EARTH OBSERVATION,LEO,,False
LEMUR 2 WALLACE,46910,PAYLOAD,Non-Polar Inclined,USA,Commercial,2020-11-07,2024-09-13,87.78,36.89,169,159,2020,10,SMALL,US,EARTH OBSERVATION,LEO,,False
LEMUR 2 JEREMIAH,46911,PAYLOAD,Non-Polar Inclined,USA,Commercial,2020-11-07,2024-11-05,89.35,36.91,256,229,2020,10,SMALL,US,EARTH OBSERVATION,LEO,,False
KSM1-A,46912,PAYLOAD,Non-Polar Inclined,Luxembourg,Commercial,2020-11-07,,94.88,36.9,514,511,2020,,MEDIUM,LUXE,EARTH OBSERVATION,LEO,,True
KSM1-B,46914,PAYLOAD,Non-Polar Inclined,Luxembourg,Commercial,2020-11-07,,94.93,36.9,520,510,2020,,SMALL,LUXE,EARTH OBSERVATION,LEO,,True
TIANTONG-1 2,46916,PAYLOAD,,China,Government,2020-11-12,,1436.08,1.62,35796,35777,2020,,LARGE,PRC,COMMUNICATIONS,GEO,,True
USA 310,46918,PAYLOAD,Non-Polar Inclined,USA,Military,2020-11-13,,382.82,58.59,11097,11076,2020,,,US,EARTH OBSERVATION,MEO,,True
LEMUR 2 DJARA,46926,PAYLOAD,Non-Polar Inclined,USA,Commercial,1998-11-20,2022-01-04,92.24,51.64,385,384,1998,10,MEDIUM,US,EARTH OBSERVATION,LEO,,False
CORVUS BC5,46931,PAYLOAD,Sun-Synchronous,USA,Commercial,2020-11-20,2024-03-28,87.84,97.48,175,160,2020,10,MEDIUM,US,EARTH OBSERVATION,LEO,,False
SPACEBEENZ-5,46941,PAYLOAD,Sun-Synchronous,France,Commercial,2020-11-20,2023-04-05,87.9,97.42,180,161,2020,8,SMALL,NZ,EARTH OBSERVATION,LEO,,False
BRO-3,46943,PAYLOAD,Sun-Synchronous,France,Commercial,2020-11-20,2024-01-23,87.72,97.43,168,155,2020,8,MEDIUM,FR,EARTH OBSERVATION,LEO,,False
COSMOS 2548,47230,PAYLOAD,Polar,Russia,Military,2020-12-03,,115.86,82.5,1506,1482,2020,3,MEDIUM,CIS,TECHNOLOGY DEVELOPMENT,LEO,,True
GECAM-A,47234,PAYLOAD,Non-Polar Inclined,China,Government,2020-12-09,,96.1,28.99,579,564,2020,150,MEDIUM,PRC,SPACE SCIENCE,LEO,,True
GECAM-B,47235,PAYLOAD,Non-Polar Inclined,China,Government,2020-12-09,,96.03,29,576,561,2020,150,MEDIUM,PRC,SPACE SCIENCE,LEO,,True
USA 311,47237,PAYLOAD,,USA,Military,2020-12-11,,1436.07,4.45,35954,35618,2020,5400,,US,EARTH OBSERVATION,GEO,,True
STRIX-ALPHA,47253,PAYLOAD,Sun-Synchronous,Japan,Commercial,2020-12-15,2023-10-31,87.53,97.22,156,149,2020,150,MEDIUM,JPN,EARTH OBSERVATION,LEO,,False
USA 312,47294,PAYLOAD,Non-Polar Inclined,USA,Military,2020-12-19,,92.99,53.01,425,417,2020,,,US,UNKNOWN,LEO,,True
USA 313,47295,PAYLOAD,Non-Polar Inclined,USA,Military,2020-12-19,,92.47,53,399,392,2020,,,US,UNKNOWN,LEO,,True
YUANGUANG,47296,PAYLOAD,Sun-Synchronous,China,Commercial,2020-12-22,2024-06-15,87.29,97.42,150,131,2020,9,MEDIUM,PRC,TECHNOLOGY DEVELOPMENT,LEO,,False
HAISI 1,47297,PAYLOAD,Sun-Synchronous,China,Commercial,2020-12-22,2024-09-05,87.08,97.39,139,121,2020,180,MEDIUM,PRC,EARTH OBSERVATION,LEO,,False
XJY-7,47298,PAYLOAD,Sun-Synchronous,China,Government,2020-12-22,,92.95,97.37,425,414,2020,,LARGE,PRC,TECHNOLOGY DEMONSTRATION,LEO,,True
TIANQI-8,47299,PAYLOAD,Sun-Synchronous,China,Civil,2020-12-22,2024-06-14,88.21,97.42,194,177,2020,20,MEDIUM,PRC,TECHNOLOGY DEVELOPMENT,LEO,,False
ET-SMART-RSS,47300,PAYLOAD,Sun-Synchronous,Ethiopia,Government,2020-12-22,2023-10-21,88.08,97.41,187,172,2020,9,MEDIUM,PRC,EARTH OBSERVATION,LEO,,False
YAOGAN-33,47302,PAYLOAD,Sun-Synchronous,China,Military,2020-12-27,,98.69,98.09,697,694,2020,,LARGE,PRC,EARTH OBSERVATION,LEO,,True
CAPE-3,47309,PAYLOAD,Non-Polar Inclined,USA,Civil,2021-01-17,2024-02-21,88.06,60.64,184,174,2021,1,MEDIUM,US,TECHNOLOGY DEVELOPMENT,LEO,,False
POLARCUBE,47310,PAYLOAD,Non-Polar Inclined,USA,Government/Civil,2021-01-17,2023-06-06,87.77,60.64,171,157,2021,4,SMALL,US,EARTH OBSERVATION,LEO,,False
EXOCUBE 2,47319,PAYLOAD,Non-Polar Inclined,USA,Government/Civil,2021-01-17,2024-04-30,87.43,60.64,152,142,2021,4,SMALL,US,SPACE SCIENCE,LEO,,False
GMS-T,47346,PAYLOAD,Polar,Germany,Commercial,2021-01-20,,109.37,90.1,1201,1194,2021,50,MEDIUM,GER,COMMUNICATIONS,LEO,,True
ASTROCAST-0101,47430,PAYLOAD,Sun-Synchronous,Switzerland,Commercial,2021-01-24,,93.33,97.29,441,434,2021,4,MEDIUM,SWTZ,COMMUNICATIONS,LEO,,True
UVSQ-SAT,47438,PAYLOAD,Sun-Synchronous,France,Civil,2021-01-24,2024-10-30,88.87,97.28,223,214,2021,1,SMALL,FR,TECHNOLOGY DEMONSTRATION,LEO,,False
AII-CHARLIE,47440,PAYLOAD,Sun-Synchronous,Lithuania,Commercial,2021-01-24,2024-08-06,90.03,97.3,281,270,2021,9,SMALL,LTU,COMMUNICATIONS,LEO,,False
KEPLER-12 (BOBA),47446,PAYLOAD,Sun-Synchronous,Canada,Commercial,2021-01-24,2024-10-10,87.64,97.28,164,151,2021,9,MEDIUM,CA,COMMUNICATIONS,LEO,,False
CUBEL,47448,PAYLOAD,Sun-Synchronous,Germany,Government,2021-01-24,,94.1,97.29,480,470,2021,5,SMALL,GER,TECHNOLOGY DEVELOPMENT,LEO,,True
LEMUR 2 NEVA,47450,PAYLOAD,Sun-Synchronous,USA,Commercial,2021-01-24,2024-01-23,87.79,97.35,172,158,2021,10,MEDIUM,US,EARTH OBSERVATION,LEO,,False
LEMUR-2 SAOIRSEDH5GUO,47453,PAYLOAD,Sun-Synchronous,USA,Commercial,2021-01-24,2023-12-20,88.38,97.35,200,189,2021,10,SMALL,US,EARTH OBSERVATION,LEO,,False
KEPLER-13 (LUCKY),47454,PAYLOAD,Sun-Synchronous,Canada,Commercial,2021-01-24,2024-04-28,87.45,97.29,155,142,2021,9,MEDIUM,CA,COMMUNICATIONS,LEO,,False
LEMUR 2 NALLYWACKER,47457,PAYLOAD,Sun-Synchronous,USA,Commercial,2021-01-24,2023-12-15,87.39,97.34,151,139,2021,10,MEDIUM,US,EARTH OBSERVATION,LEO,,False
KEPLER-15 (SUDORMRF),47461,PAYLOAD,Sun-Synchronous,Canada,Commercial,2021-01-24,2024-05-26,87.45,97.29,157,140,2021,9,MEDIUM,CA,COMMUNICATIONS,LEO,,False
KEPLER-8 (AMAROK),47476,PAYLOAD,Sun-Synchronous,Canada,Commercial,2021-01-24,2024-06-16,87.83,97.3,174,160,2021,9,MEDIUM,CA,COMMUNICATIONS,LEO,,False
P2-10,47483,PAYLOAD,Sun-Synchronous,USA,Government/Civil,2021-01-24,2024-01-25,87.64,97.32,164,151,2021,1,SMALL,US,TECHNOLOGY DEMONSTRATION,LEO,,False
ARCE-1C,47484,PAYLOAD,Sun-Synchronous,USA,Civil,2021-01-24,2024-01-09,87.59,97.26,162,148,2021,1,SMALL,US,TECHNOLOGY DEVELOPMENT,LEO,,False
QPS-SAR-2 IZANAMI,47485,PAYLOAD,Sun-Synchronous,Japan,Commercial,2021-01-24,2024-04-11,87.54,97.29,161,144,2021,100,LARGE,JPN,EARTH OBSERVATION,LEO,,False
CELESTIS 17/SHERPA-FX1,47486,PAYLOAD,Sun-Synchronous,Canada,Commercial,2021-01-24,,94.34,97.28,490,483,2021,9,MEDIUM,US,COMMUNICATIONS,LEO,,True
ASTROCAST-0103,47487,PAYLOAD,Sun-Synchronous,Switzerland,Commercial,2021-01-24,,93.23,97.31,436,430,2021,4,MEDIUM,SWTZ,COMMUNICATIONS,LEO,,True
ASTROCAST-0102,47488,PAYLOAD,Sun-Synchronous,Switzerland,Commercial,2021-01-24,2025-02-08,88.74,97.29,216,209,2021,4,MEDIUM,SWTZ,COMMUNICATIONS,LEO,,False
LEMUR 2 MANGO1,47493,PAYLOAD,Sun-Synchronous,USA,Commercial,2021-01-24,2024-05-09,88.37,97.31,205,183,2021,10,SMALL,US,EARTH OBSERVATION,LEO,,False
KEPLER-10 (BABY YODA),47501,PAYLOAD,Sun-Synchronous,Canada,Commercial,2021-01-24,2024-04-27,88.36,97.29,203,184,2021,9,MEDIUM,CA,COMMUNICATIONS,LEO,,False
HAWK-2C,47502,PAYLOAD,Sun-Synchronous,USA,Commercial,2021-01-24,,94.26,97.29,487,479,2021,15,MEDIUM,US,SURVEILLANCE,LEO,,True
KEPLER-11 (DANEEL),47503,PAYLOAD,Sun-Synchronous,Canada,Commercial,2021-01-24,2025-03-29,88.56,97.26,208,199,2021,9,MEDIUM,CA,COMMUNICATIONS,LEO,,False
HAWK-2A,47505,PAYLOAD,Sun-Synchronous,USA,Commercial,2021-01-24,,94.26,97.29,487,479,2021,15,MEDIUM,US,SURVEILLANCE,LEO,,True
ICEYE-X9,47506,PAYLOAD,Sun-Synchronous,Finland,Commercial,2021-01-24,2024-10-06,87.74,97.27,170,155,2021,80,MEDIUM,FIN,EARTH OBSERVATION,LEO,,False
XR-1,47507,PAYLOAD,Sun-Synchronous,Finland,Commercial,2021-01-24,,90.93,97.28,326,314,2021,80,MEDIUM,US,EARTH OBSERVATION,LEO,,True
HAWK-2B,47508,PAYLOAD,Sun-Synchronous,USA,Commercial,2021-01-24,,94.26,97.28,487,478,2021,15,MEDIUM,US,SURVEILLANCE,LEO,,True
GHGSAT-C2,47509,PAYLOAD,Sun-Synchronous,Canada,Commercial,2021-01-24,,94.02,97.27,474,468,2021,15,MEDIUM,CA,EARTH SCIENCE,LEO,,True
ICEYE-X8,47510,PAYLOAD,Sun-Synchronous,Finland,Commercial,2021-01-24,,92.45,97.28,397,392,2021,80,MEDIUM,FIN,EARTH OBSERVATION,LEO,,True
LEMUR 2 RUAIRI-EILIDH,47511,PAYLOAD,Sun-Synchronous,USA,Commercial,2021-01-24,2024-03-28,88.75,97.33,221,204,2021,10,SMALL,US,EARTH OBSERVATION,LEO,,False
ASTROCAST-0105,47517,PAYLOAD,Sun-Synchronous,Switzerland,Commercial,2021-01-24,,93.34,97.28,440,436,2021,4,SMALL,SWTZ,COMMUNICATIONS,LEO,,True
ASTROCAST-0104,47519,PAYLOAD,Sun-Synchronous,Switzerland,Commercial,2021-01-24,,93.33,97.3,441,434,2021,4,MEDIUM,SWTZ,COMMUNICATIONS,LEO,,True
LEMUR 2 JENNIFERSONG,47525,PAYLOAD,Sun-Synchronous,USA,Commercial,2021-01-24,2023-12-30,87.47,97.32,155,143,2021,10,SMALL,US,EARTH OBSERVATION,LEO,,False
KEPLER-14 (STELLA),47526,PAYLOAD,Sun-Synchronous,USA,Government,2021-01-24,2024-12-24,88.58,97.27,209,200,2021,9,MEDIUM,CA,TECHNOLOGY DEVELOPMENT,LEO,,False
LEMUR 2 CHANTAL,47529,PAYLOAD,Sun-Synchronous,USA,Commercial,2021-01-24,2024-06-20,87.73,97.3,173,151,2021,10,MEDIUM,US,EARTH OBSERVATION,LEO,,False
KEPLER-9 (ARTEMIS),47531,PAYLOAD,Sun-Synchronous,Canada,Commercial,2021-01-24,2024-06-14,88.22,97.31,194,179,2021,9,MEDIUM,CA,COMMUNICATIONS,LEO,,False
YAOGAN-31 D,47532,PAYLOAD,Non-Polar Inclined,China,Military,2021-01-29,,107.03,63.4,1193,986,2021,,LARGE,PRC,EARTH OBSERVATION,LEO,,True
YAOGAN-31 E,47533,PAYLOAD,Non-Polar Inclined,China,Military,2021-01-29,,107.03,63.4,1193,985,2021,,LARGE,PRC,EARTH OBSERVATION,LEO,,True
YAOGAN-31 F,47536,PAYLOAD,Non-Polar Inclined,China,Military,2021-01-29,,107.03,63.4,1193,986,2021,,LARGE,PRC,EARTH OBSERVATION,LEO,,True
LEMUR 2 NOOBNOOB,47538,PAYLOAD,Sun-Synchronous,USA,Commercial,2021-01-24,2024-05-01,87.64,97.32,167,148,2021,10,MEDIUM,US,EARTH OBSERVATION,LEO,,False
HIBER-4,47541,PAYLOAD,Sun-Synchronous,Netherlands,Commercial,2021-01-24,2024-09-01,88.81,97.28,224,207,2021,3,MEDIUM,NETH,TECHNOLOGY DEVELOPMENT,LEO,,False
COSMOS 2549,47546,PAYLOAD,Non-Polar Inclined,Russia,Military,2021-02-02,,103.08,67.15,908,901,2021,5000,LARGE,CIS,EARTH OBSERVATION,LEO,,True
TJS-6,47613,PAYLOAD,,China,Government,2021-02-04,,1436.14,0.35,35792,35782,2021,,LARGE,PRC,COMMUNICATIONS,GEO,,True
ARCE-1B,47615,PAYLOAD,Sun-Synchronous,USA,Civil,2021-01-24,2024-01-24,88.4,97.32,202,189,2021,1,SMALL,US,TECHNOLOGY DEVELOPMENT,LEO,,False
ARCE-1A,47616,PAYLOAD,Sun-Synchronous,USA,Civil,2021-01-24,2024-01-19,88.97,97.27,228,219,2021,1,SMALL,US,TECHNOLOGY DEVELOPMENT,LEO,,False
YAOGAN-31 G,47691,PAYLOAD,Non-Polar Inclined,China,Military,2021-02-24,,107.03,63.4,1194,985,2021,,LARGE,PRC,EARTH OBSERVATION,LEO,,True
YAOGAN-31 H,47693,PAYLOAD,Non-Polar Inclined,China,Military,2021-02-24,,107.03,63.4,1194,985,2021,,LARGE,PRC,EARTH OBSERVATION,LEO,,True
YAOGAN-31 J,47695,PAYLOAD,Non-Polar Inclined,China,Military,2021-02-24,,107.03,63.4,1194,985,2021,,LARGE,PRC,EARTH OBSERVATION,LEO,,True
NANOCONNECT-2/SAI-1,47701,PAYLOAD,Sun-Synchronous,Mexico,Civil,2021-02-28,2023-11-25,87.43,97.35,155,139,2021,3,SMALL,MEX,TECHNOLOGY DEVELOPMENT,LEO,,False
SHIYAN 9 (SY-9),47851,PAYLOAD,,China,Government,2021-03-11,,1436.09,17.44,35841,35732,2021,5000,LARGE,PRC,TECHNOLOGY DEVELOPMENT,GEO,,True
YAOGAN-31 K,47854,PAYLOAD,Non-Polar Inclined,China,Military,2021-03-13,,107.03,63.41,1192,986,2021,500,LARGE,PRC,EARTH OBSERVATION,LEO,,True
YAOGAN-31 L,47856,PAYLOAD,Non-Polar Inclined,China,Military,2021-03-13,,107.03,63.41,1192,987,2021,500,LARGE,PRC,EARTH OBSERVATION,LEO,,True
YAOGAN-31 M,47857,PAYLOAD,Non-Polar Inclined,China,Military,2021-03-13,,107.03,63.41,1192,987,2021,500,LARGE,PRC,EARTH OBSERVATION,LEO,,True
CAS500-1,47932,PAYLOAD,Sun-Synchronous,South Korea,Government,2021-03-22,,94.73,97.43,508,502,2021,500,LARGE,SKOR,EARTH OBSERVATION,LEO,,True
DMSAT-1,47940,PAYLOAD,Sun-Synchronous,United Arab Emirates,Government,2021-03-22,2025-04-15,87.37,97.41,148,140,2021,15,MEDIUM,UAE,EARTH OBSERVATION,LEO,,False
HIBER-3,47942,PAYLOAD,Sun-Synchronous,Netherlands,Commercial,2021-03-22,2025-02-04,88.29,97.4,194,185,2021,4,MEDIUM,NETH,TECHNOLOGY DEVELOPMENT,LEO,,False
ELSA-D,47944,PAYLOAD,Sun-Synchronous,Singapore,Commercial,2021-03-22,,92.03,97.43,381,367,2021,175,MEDIUM,JPN,TECHNOLOGY DEVELOPMENT,LEO,,True
LACUNASAT-2B,47948,PAYLOAD,Sun-Synchronous,United Kingdom/Netherlands,Commercial,2021-03-22,2024-04-27,87.37,97.46,154,135,2021,4,SMALL,UK,COMMUNICATIONS,LEO,,False
KEPLER-7 (C3PO),47949,PAYLOAD,Sun-Synchronous,Canada,Commercial,2021-03-22,2024-09-27,87.49,97.42,157,143,2021,9,MEDIUM,CA,COMMUNICATIONS,LEO,,False
KEPLER-6 (ROCINANTE),47955,PAYLOAD,Sun-Synchronous,Canada,Commercial,2021-03-22,2024-11-06,88.49,97.41,206,193,2021,9,MEDIUM,CA,COMMUNICATIONS,LEO,,False
CHALLENGEONE,47956,PAYLOAD,Sun-Synchronous,Tunisia,Commercial,2021-03-22,,89.87,97.41,275,261,2021,3,SMALL,TUN,TECHNOLOGY DEVELOPMENT,LEO,,True
BEESAT-6,47957,PAYLOAD,Sun-Synchronous,Germany,Civil,2021-03-22,2024-07-14,88.45,97.4,205,191,2021,1,SMALL,GER,TECHNOLOGY DEMONSTRATION,LEO,,False
3B5GSAT,47961,PAYLOAD,Sun-Synchronous,Spain,Commercial,2021-03-22,2024-07-25,87.41,97.42,152,140,2021,4,SMALL,UK,COMMUNICATIONS,LEO,,False
VEERY-RL1,47965,PAYLOAD,Non-Polar Inclined,USA,Civil,2021-03-22,2024-03-30,89.39,44.94,256,233,2021,1,SMALL,US,EARTH OBSERVATION,LEO,,False
CENTAURI-3 (TYVAK-0210),47966,PAYLOAD,Non-Polar Inclined,USA,Commercial,2021-03-22,2024-06-21,88.83,45,219,214,2021,9,SMALL,AUS,TECHNOLOGY DEMONSTRATION,LEO,,False
M2-A,47967,PAYLOAD,Non-Polar Inclined,Australia,Civil/Military,2021-03-22,2025-04-04,88.53,44.97,205,199,2021,9,MEDIUM,AUS,TECHNOLOGY DEVELOPMENT,LEO,,False
MYRIOTA 7 (TYVAK-0152),47968,PAYLOAD,Non-Polar Inclined,USA,Commercial,2021-03-22,2024-12-07,89.17,44.97,243,225,2021,9,SMALL,AUS,TECHNOLOGY DEMONSTRATION,LEO,,False
GUNSMOKE-J 3,47969,PAYLOAD,Non-Polar Inclined,USA,Military,2021-03-22,,89.09,44.98,239,220,2021,5,SMALL,US,EARTH OBSERVATION,LEO,,True
GLOBAL-9,47971,PAYLOAD,Non-Polar Inclined,USA,Commercial,2021-03-22,,93.44,44.98,446,440,2021,56,MEDIUM,US,EARTH OBSERVATION,LEO,,True
PHOTON-02,47972,PAYLOAD,Non-Polar Inclined,New Zealand,Commercial,2021-03-22,2023-03-14,86.95,45.04,138,108,2021,20,MEDIUM,US,TECHNOLOGY DEVELOPMENT,LEO,,False
BEESAT-5,48083,PAYLOAD,Sun-Synchronous,Germany,Civil,2021-03-22,2024-06-16,88.35,97.38,200,187,2021,1,SMALL,GER,TECHNOLOGY DEMONSTRATION,LEO,,False
BEESAT-7,48084,PAYLOAD,Sun-Synchronous,Germany,Civil,2021-03-22,2024-08-06,90.45,97.43,303,290,2021,1,SMALL,GER,TECHNOLOGY DEMONSTRATION,LEO,,False
BEESAT-8,48085,PAYLOAD,Sun-Synchronous,Germany,Civil,2021-03-22,2025-01-28,88.59,97.48,209,201,2021,1,SMALL,GER,TECHNOLOGY DEMONSTRATION,LEO,,False
SHIYAN 6 03 (SY-6 03),48157,PAYLOAD,Sun-Synchronous,China,Government,2021-04-08,,104.53,99.54,1007,938,2021,1500,LARGE,PRC,TECHNOLOGY DEVELOPMENT,LEO,,True
LEMUR 2 AMANDA-SVANTE,48269,PAYLOAD,Sun-Synchronous,USA,Commercial,2021-04-29,,95.15,97.62,527,524,2021,10,SMALL,US,EARTH OBSERVATION,LEO,,True
AII-BRAVO,48270,PAYLOAD,Sun-Synchronous,Lithuania,Commercial,2021-04-29,,96.08,97.61,573,568,2021,9,SMALL,LTU,COMMUNICATIONS,LEO,,True
TYVAK-182A,48271,PAYLOAD,Sun-Synchronous,USA,Commercial,2021-04-29,,95.95,97.61,567,562,2021,10,MEDIUM,IT,TECHNOLOGY DEMONSTRATION,LEO,,True
NORSAT 3,48272,PAYLOAD,Sun-Synchronous,Norway,Government,2021-04-29,,95.97,97.61,567,564,2021,15,MEDIUM,NOR,EARTH OBSERVATION,LEO,,True
LEMUR 2 SPECIAL K,48273,PAYLOAD,Sun-Synchronous,USA,Commercial,2021-04-29,,94.8,97.61,510,509,2021,10,SMALL,US,EARTH OBSERVATION,LEO,,True
YAOGAN-34,48340,PAYLOAD,Non-Polar Inclined,China,Military,2021-04-30,,107.03,63.4,1153,1025,2021,500,LARGE,PRC,EARTH OBSERVATION,LEO,,True
YAOGAN-30 X,48423,PAYLOAD,Non-Polar Inclined,China,Military,2021-05-06,,96.02,35,571,565,2021,,LARGE,PRC,EARTH OBSERVATION,LEO,,True
YAOGAN-30 Y,48424,PAYLOAD,Non-Polar Inclined,China,Military,2021-05-06,,96.02,35,571,565,2021,,LARGE,PRC,EARTH OBSERVATION,LEO,,True
YAOGAN-30 Z,48425,PAYLOAD,Non-Polar Inclined,China,Military,2021-05-06,,96.02,35,569,566,2021,,LARGE,PRC,EARTH OBSERVATION,LEO,,True
TIANQI-12,48426,PAYLOAD,Non-Polar Inclined,China,Commercial,2021-05-06,,95.61,35,551,545,2021,50,MEDIUM,PRC,TECHNOLOGY DEVELOPMENT,LEO,,True
CAPELLA-6 (WHITNEY),48605,PAYLOAD,Non-Polar Inclined,USA,Commercial,2021-05-15,2024-03-29,88.18,52.99,186,183,2021,100,LARGE,US,EARTH OBSERVATION,LEO,,False
TYVAK-0130,48606,PAYLOAD,Non-Polar Inclined,USA,Commercial,2021-05-15,,94.73,53.03,512,499,2021,9,MEDIUM,US,TECHNOLOGY DEVELOPMENT,LEO,,True
FENGYUN 4B,48808,PAYLOAD,,China,Government,2021-06-02,,1436.11,0.15,35793,35781,2021,5300,LARGE,PRC,EARTH OBSERVATION,GEO,,True
ODYSSEY,48844,PAYLOAD,Sun-Synchronous,USA,Military,2021-06-13,2022-12-18,87.24,97.47,149,127,2021,,MEDIUM,US,SPACE OBSERVATION,LEO,,False
USA 316,48846,PAYLOAD,Non-Polar Inclined,USA,Military,2021-06-15,,95.8,54.99,564,550,2021,,,US,TECHNOLOGY DEVELOPMENT,LEO,,True
USA 317,48847,PAYLOAD,Non-Polar Inclined,USA,Military,2021-06-15,,94.61,54.97,519,481,2021,,,US,TECHNOLOGY DEVELOPMENT,LEO,,True
USA 318,48848,PAYLOAD,Non-Polar Inclined,USA,Military,2021-06-15,,95.79,54.99,562,552,2021,,,US,TECHNOLOGY DEVELOPMENT,LEO,,True
RAMSAT,48850,PAYLOAD,Non-Polar Inclined,USA,Civil,1998-11-20,2022-10-12,92.9,51.64,419,414,1998,3,SMALL,US,EARTH OBSERVATION,LEO,,False
YAOGAN-30 AA,48860,PAYLOAD,Non-Polar Inclined,China,Military,2021-06-18,,96.02,34.99,571,565,2021,,LARGE,PRC,EARTH OBSERVATION,LEO,,True
YAOGAN-30 AB,48861,PAYLOAD,Non-Polar Inclined,China,Military,2021-06-18,,96.02,34.99,571,565,2021,,LARGE,PRC,EARTH OBSERVATION,LEO,,True
YAOGAN-30 AC,48863,PAYLOAD,Non-Polar Inclined,China,Military,2021-06-18,,96.02,34.99,570,566,2021,,LARGE,PRC,EARTH OBSERVATION,LEO,,True
TIANQI-14,48864,PAYLOAD,Non-Polar Inclined,China,Commercial,2021-06-18,,95.54,35,549,541,2021,50,MEDIUM,PRC,TECHNOLOGY DEVELOPMENT,LEO,,True
CNCE3,48874,PAYLOAD,,USA,Military,2021-06-30,2023-10-31,88.78,60.7,218,210,2021,5,SMALL,US,COMMUNICATIONS,LEO,,False
CNCE1,48875,PAYLOAD,,USA,Military,2021-06-30,2023-10-31,89.36,60.7,246,240,2021,5,SMALL,US,COMMUNICATIONS,LEO,,False
BRIK-II,48876,PAYLOAD,Non-Polar Inclined,Netherlands,Government,2021-06-30,,92.34,60.66,393,386,2021,10,MEDIUM,NETH,EARTH OBSERVATION,LEO,,True
HALO-NET FF,48877,PAYLOAD,Non-Polar Inclined,USA,Military,2021-06-30,2023-11-25,88.33,60.67,196,187,2021,4,MEDIUM,US,COMMUNICATIONS,LEO,,False
GUNSMOKE-J 4,48878,PAYLOAD,Non-Polar Inclined,USA,Military,2021-06-30,2024-04-09,87.41,60.65,151,141,2021,4,MEDIUM,US,EARTH OBSERVATION,LEO,,False
LEMUR 2 JACKSON,48885,PAYLOAD,Sun-Synchronous,USA,Commercial,2021-06-30,2024-02-10,88.06,97.52,186,171,2021,10,SMALL,US,EARTH OBSERVATION,LEO,,False
TYVAK-0173,48892,PAYLOAD,Sun-Synchronous,USA,Commercial,2021-06-30,,97.33,95.98,638,624,2021,12,MEDIUM,AUS,TECHNOLOGY DEMONSTRATION,LEO,,True
CENTAURI-4 (TYVAK-0211),48898,PAYLOAD,Sun-Synchronous,USA,Commercial,2021-06-30,2024-05-29,87.64,97.59,166,149,2021,6,MEDIUM,AUS,TECHNOLOGY DEMONSTRATION,LEO,,False
TUBIN,48900,PAYLOAD,Sun-Synchronous,Germany,Civil,2021-06-30,,92.56,97.67,402,398,2021,20,MEDIUM,GER,TECHNOLOGY DEMONSTRATION,LEO,,True
TROPICS PATHFINDER,48901,PAYLOAD,Sun-Synchronous,USA,Government,2021-06-30,2024-07-26,87.57,97.59,164,145,2021,4,MEDIUM,US,EARTH OBSERVATION,LEO,,False
LINCS1,48902,PAYLOAD,Sun-Synchronous,USA,Commercial,2021-06-30,2025-03-13,87.81,97.64,173,159,2021,16,MEDIUM,US,COMMUNICATIONS,LEO,,False
LINCS2,48903,PAYLOAD,Sun-Synchronous,USA,Commercial,2021-06-30,,89.75,97.65,266,258,2021,16,MEDIUM,US,COMMUNICATIONS,LEO,,True
NUSAT-19 (ROSALIND),48905,PAYLOAD,Sun-Synchronous,Argentina,Commercial,2021-06-30,2024-10-30,88.4,97.57,200,190,2021,37,MEDIUM,ARGN,EARTH OBSERVATION,LEO,,False
UMBRA-2001,48906,PAYLOAD,Sun-Synchronous,USA,Commercial,2021-06-30,2024-04-30,87.79,97.57,175,155,2021,65,LARGE,US,EARTH OBSERVATION,LEO,,False
MANDRAKE 2 ABLE,48907,PAYLOAD,Sun-Synchronous,USA,Military,2021-06-30,,93.62,97.68,456,447,2021,23,MEDIUM,US,TECHNOLOGY DEVELOPMENT,LEO,,True
PACE-1,48909,PAYLOAD,Sun-Synchronous,USA,Government,2021-06-30,,93.26,97.67,438,430,2021,10,SMALL,US,TECHNOLOGY DEMONSTRATION,LEO,,True
GNOMES-2,48910,PAYLOAD,Sun-Synchronous,USA,Commercial,2021-06-30,2024-05-10,87.32,97.59,149,134,2021,30,MEDIUM,US,EARTH SCIENCE,LEO,,False
YAM-2,48911,PAYLOAD,Sun-Synchronous,USA,Commercial,2021-06-30,,91.85,97.67,366,364,2021,80,MEDIUM,US,SATELLITE POSITIONING,LEO,,True
ICEYE-X12,48914,PAYLOAD,Sun-Synchronous,Finland,Commercial,2021-06-30,2025-01-22,87.98,97.61,181,168,2021,80,MEDIUM,FIN,EARTH OBSERVATION,LEO,,False
YAM-3,48915,PAYLOAD,Sun-Synchronous,USA,Commercial,2021-06-30,,93.7,97.68,461,450,2021,80,MEDIUM,US,COMMUNICATIONS,LEO,,True
ICEYE-X13,48916,PAYLOAD,Sun-Synchronous,Finland,Commercial,2021-06-30,,92.58,97.65,404,399,2021,80,MEDIUM,FIN,EARTH OBSERVATION,LEO,,True
ICEYE-X15,48917,PAYLOAD,Sun-Synchronous,Finland,Commercial,2021-06-30,,91.41,97.64,346,341,2021,80,MEDIUM,FIN,EARTH OBSERVATION,LEO,,True
ICEYE-X11,48918,PAYLOAD,Sun-Synchronous,Finland,Commercial,2021-06-30,,93.28,97.65,443,428,2021,80,MEDIUM,FIN,EARTH OBSERVATION,LEO,,True
NUSAT-22 (SOFYA),48919,PAYLOAD,Sun-Synchronous,Argentina,Commercial,2021-06-30,2023-12-15,87.54,97.38,159,146,2021,37,MEDIUM,ARGN,EARTH OBSERVATION,LEO,,False
NUSAT-21 (ELISA),48920,PAYLOAD,Sun-Synchronous,Argentina,Commercial,2021-06-30,2023-10-26,87.5,97.38,158,144,2021,37,MEDIUM,ARGN,EARTH OBSERVATION,LEO,,False
NUSAT-20 (GRACE),48921,PAYLOAD,Sun-Synchronous,Argentina,Commercial,2021-06-30,2023-11-11,87.61,97.38,163,149,2021,37,MEDIUM,ARGN,EARTH OBSERVATION,LEO,,False
D2/ATLACOM-1,48922,PAYLOAD,Sun-Synchronous,Mexico,Government,2021-06-30,2024-09-01,89.05,97.61,234,222,2021,9,MEDIUM,LTU,EARTH OBSERVATION,LEO,,False
LEMUR 2 ANNABANANA,48923,PAYLOAD,Sun-Synchronous,USA,Commercial,2021-06-30,2024-07-12,87.46,97.53,159,138,2021,10,SMALL,US,EARTH OBSERVATION,LEO,,False
FARADAY_PHOENIX,48924,PAYLOAD,Sun-Synchronous,United Kingdom,Commercial,2021-06-30,,93.39,97.68,447,434,2021,10,SMALL,UK,PLATFORM,LEO,,True
LEMUR 2 JOHN-TREIRES,48925,PAYLOAD,Sun-Synchronous,USA,Commercial,2021-06-30,2023-12-05,88.36,97.57,199,188,2021,10,SMALL,US,EARTH OBSERVATION,LEO,,False
KSF1-B,48926,PAYLOAD,Sun-Synchronous,Luxembourg,Commercial,2021-06-30,2024-02-14,88.2,97.57,192,179,2021,10,MEDIUM,LUXE,EARTH OBSERVATION,LEO,,False
LEMUR 2 AC-CUBED,48927,PAYLOAD,Sun-Synchronous,USA,Commercial,2021-06-30,2024-02-21,88.12,97.59,188,175,2021,10,SMALL,US,EARTH OBSERVATION,LEO,,False
PAINANI-2,48928,PAYLOAD,Sun-Synchronous,Mexico,Military,2021-06-30,2024-11-05,88.12,97.61,186,178,2021,4,SMALL,MEX,EARTH OBSERVATION,LEO,,False
LEMUR 2 MERIMA,48929,PAYLOAD,Sun-Synchronous,USA,Commercial,2021-06-30,2024-01-19,87.38,97.51,147,143,2021,10,SMALL,US,EARTH OBSERVATION,LEO,,False
KSF1-A,48930,PAYLOAD,Sun-Synchronous,Luxembourg,Commercial,2021-06-30,2024-02-21,87.63,97.57,165,150,2021,10,MEDIUM,LUXE,EARTH OBSERVATION,LEO,,False
HAWK-3B,48931,PAYLOAD,Sun-Synchronous,USA,Commercial,2021-06-30,,93.29,97.66,442,429,2021,15,MEDIUM,US,SURVEILLANCE,LEO,,True
SHANNON,48938,PAYLOAD,Sun-Synchronous,USA,Commercial,2021-06-30,2025-01-31,87.85,97.63,174,162,2021,30,MEDIUM,US,COMMUNICATIONS,LEO,,False
KSF1-C,48942,PAYLOAD,Sun-Synchronous,Luxembourg,Commercial,2021-06-30,2024-02-21,87.57,97.58,162,146,2021,10,MEDIUM,LUXE,EARTH OBSERVATION,LEO,,False
QMR-KWT,48943,PAYLOAD,Sun-Synchronous,Kuwait,Civil,2021-06-30,2024-09-07,87.35,97.61,153,133,2021,1,SMALL,KWT,COMMUNICATIONS,LEO,,False
HAWK-3C,48948,PAYLOAD,Sun-Synchronous,USA,Commercial,2021-06-30,,93.28,97.68,442,429,2021,15,MEDIUM,US,SURVEILLANCE,LEO,,True
KSF1-D,48950,PAYLOAD,Sun-Synchronous,Luxembourg,Commercial,2021-06-30,2023-12-05,88.77,97.58,220,207,2021,10,MEDIUM,LUXE,EARTH OBSERVATION,LEO,,False
DEMO8(TENZING),48951,PAYLOAD,Sun-Synchronous,USA,Commercial,2021-06-30,,93.57,97.69,456,442,2021,35,MEDIUM,US,TECHNOLOGY DEVELOPMENT,LEO,,True
ASTROCAST-0204,48952,PAYLOAD,Sun-Synchronous,Switzerland,Commercial,2021-06-30,2025-02-25,87.76,97.63,172,155,2021,4,SMALL,SWTZ,COMMUNICATIONS,LEO,,False
ARTHUR-1,48953,PAYLOAD,Sun-Synchronous,Belgium,Commercial,2021-06-30,,92.54,97.67,402,396,2021,20,MEDIUM,BEL,EARTH OBSERVATION,LEO,,True
ASTROCAST-0201,48954,PAYLOAD,Sun-Synchronous,Switzerland,Commercial,2021-06-30,,92.82,97.65,417,408,2021,4,MEDIUM,SWTZ,COMMUNICATIONS,LEO,,True
ASTROCAST-0203,48955,PAYLOAD,Sun-Synchronous,Switzerland,Commercial,2021-06-30,,92.81,97.66,416,408,2021,4,MEDIUM,SWTZ,COMMUNICATIONS,LEO,,True
HAWK-3A,48957,PAYLOAD,Sun-Synchronous,USA,Commercial,2021-06-30,,93.29,97.67,442,429,2021,15,MEDIUM,US,SURVEILLANCE,LEO,,True
LEMUR 2 CARLSANTAMARI,48959,PAYLOAD,Sun-Synchronous,USA,Commercial,2021-06-30,2023-08-14,87.92,97.57,181,161,2021,10,SMALL,US,EARTH OBSERVATION,LEO,,False
ASTROCAST-0205,48960,PAYLOAD,Sun-Synchronous,Switzerland,Commercial,2021-06-30,,92.83,97.65,418,408,2021,4,MEDIUM,SWTZ,COMMUNICATIONS,LEO,,True
ASTROCAST-0202,48961,PAYLOAD,Sun-Synchronous,Switzerland,Commercial,2021-06-30,,90.82,97.63,320,309,2021,4,MEDIUM,SWTZ,COMMUNICATIONS,LEO,,True
GHALIB,48962,PAYLOAD,Sun-Synchronous,United Arab Emirates,Government,2021-06-30,2024-04-17,87.66,97.58,168,149,2021,3,SMALL,UAE,EARTH OBSERVATION,LEO,,False
NAPA-2,48963,PAYLOAD,Sun-Synchronous,Thailand,Military,2021-06-30,,93.26,97.67,439,429,2021,10,MEDIUM,THAI,EARTH OBSERVATION,LEO,,True
SPARTAN,48964,PAYLOAD,Sun-Synchronous,Bulgaria,Commercial,2021-06-30,,93.22,97.67,435,429,2021,10,MEDIUM,BGR,TECHNOLOGY DEVELOPMENT,LEO,,True
W-CUBE,48965,PAYLOAD,Sun-Synchronous,ESA,Government,2021-06-30,,92.16,97.67,382,378,2021,5,SMALL,FIN,TECHNOLOGY DEVELOPMENT,LEO,,True
NEPT-1,48966,PAYLOAD,Sun-Synchronous,Spain,Government,2021-06-30,2024-08-15,90.66,97.62,313,301,2021,4,SMALL,SPN,EARTH OBSERVATION,LEO,,False
FENGYUN 3E,49008,PAYLOAD,Sun-Synchronous,China,Government,2021-07-04,,101.42,98.74,827,825,2021,2450,LARGE,PRC,EARTH OBSERVATION,LEO,,True
TIANLIAN 1-O5,49011,PAYLOAD,,China,Government,2021-07-06,,1436.09,0.51,35795,35778,2021,2200,,PRC,COMMUNICATIONS,GEO,,True
ORCA-7,49013,PAYLOAD,Non-Polar Inclined,USA,Military,2021-02-20,2023-01-31,87.68,51.6,163,157,2021,9,MEDIUM,US,TECHNOLOGY DEVELOPMENT,LEO,,False
GUNSMOKE-J 2,49014,PAYLOAD,Non-Polar Inclined,USA,Military,2021-02-20,2023-12-28,88.16,51.58,189,178,2021,5,MEDIUM,US,EARTH OBSERVATION,LEO,,False
ORCA-6,49015,PAYLOAD,Non-Polar Inclined,USA,Military,2021-02-20,2023-01-31,88.99,51.6,230,219,2021,9,MEDIUM,US,TECHNOLOGY DEVELOPMENT,LEO,,False
DHABISAT,49016,PAYLOAD,Non-Polar Inclined,United Arab Emirates,Civil,2021-02-20,2024-01-17,87.82,51.56,169,164,2021,4,SMALL,UAE,TECHNOLOGY DEVELOPMENT,LEO,,False
NINGXIA-1 6,49018,PAYLOAD,Non-Polar Inclined,China,Commercial,2021-07-09,,102.24,45,870,859,2021,100,MEDIUM,PRC,EARTH OBSERVATION,LEO,,True
NINGXIA-1 7,49019,PAYLOAD,Non-Polar Inclined,China,Commercial,2021-07-09,,102.24,45,870,859,2021,100,MEDIUM,PRC,EARTH OBSERVATION,LEO,,True
NINGXIA-1 8,49020,PAYLOAD,Non-Polar Inclined,China,Commercial,2021-07-09,,102.24,45,870,859,2021,100,MEDIUM,PRC,EARTH OBSERVATION,LEO,,True
NINGXIA-1 9,49021,PAYLOAD,Non-Polar Inclined,China,Commercial,2021-07-09,,102.24,45,871,859,2021,100,MEDIUM,PRC,EARTH OBSERVATION,LEO,,True
NINGXIA-1 10,49022,PAYLOAD,Non-Polar Inclined,China,Commercial,2021-07-09,,102.24,45,870,859,2021,100,MEDIUM,PRC,EARTH OBSERVATION,LEO,,True
YAOGAN-30 AD,49026,PAYLOAD,Non-Polar Inclined,China,Military,2021-07-19,,96.02,34.99,571,565,2021,500,LARGE,PRC,EARTH OBSERVATION,LEO,,True
TIANQI-15,49027,PAYLOAD,Non-Polar Inclined,China,Commercial,2021-07-19,,95.67,35,556,546,2021,50,MEDIUM,PRC,TECHNOLOGY DEVELOPMENT,LEO,,True
YAOGAN-30 AE,49028,PAYLOAD,Non-Polar Inclined,China,Military,2021-07-19,,96.02,34.99,569,567,2021,500,LARGE,PRC,EARTH OBSERVATION,LEO,,True
YAOGAN-30 AF,49029,PAYLOAD,Non-Polar Inclined,China,Military,2021-07-19,,96.02,35,571,565,2021,500,LARGE,PRC,EARTH OBSERVATION,LEO,,True
TIANHUI 1-04,49049,PAYLOAD,Sun-Synchronous,China,Government,2021-07-29,,94.52,97.32,498,493,2021,2500,LARGE,PRC,EARTH OBSERVATION,LEO,,True
MONOLITH,49052,PAYLOAD,Non-Polar Inclined,USA,Military,2021-07-29,,95.79,37.02,560,554,2021,20,MEDIUM,US,TECHNOLOGY DEVELOPMENT,LEO,,True
KL-BETA A,49059,PAYLOAD,Polar,Germany,Commercial,2021-08-04,,103.28,88.98,914,913,2021,100,LARGE,GER,TECHNOLOGY DEVELOPMENT,LEO,,True
KL-BETA B,49060,PAYLOAD,Polar,Germany,Commercial,2021-08-04,,103.25,88.98,916,909,2021,100,LARGE,GER,TECHNOLOGY DEVELOPMENT,LEO,,True
BRO-4,49066,PAYLOAD,Sun-Synchronous,France,Commercial,2021-08-17,2025-02-14,88.06,97.41,184,173,2021,8,MEDIUM,FR,EARTH OBSERVATION,LEO,,False
RADCUBE,49067,PAYLOAD,Sun-Synchronous,Hungary,Commercial,2021-08-17,2024-08-20,91.39,97.43,344,341,2021,4,MEDIUM,HUN,TECHNOLOGY DEMONSTRATION,LEO,,False
SUNSTORM,49068,PAYLOAD,Sun-Synchronous,ESA,Government,2021-08-17,2024-09-05,88.65,97.42,219,197,2021,4,SMALL,FIN,SPACE SCIENCE,LEO,,False
LEDSAT,49069,PAYLOAD,Sun-Synchronous,Italy,Civil,2021-08-17,,92.66,97.39,413,397,2021,10,SMALL,IT,TECHNOLOGY DEVELOPMENT,LEO,,True
TIANHUI 2-02A,49071,PAYLOAD,Sun-Synchronous,China,Government,2021-08-18,,94.94,97.48,517,514,2021,1000,LARGE,PRC,EARTH OBSERVATION,LEO,,True
TIANHUI 2-02B,49072,PAYLOAD,Sun-Synchronous,China,Government,2021-08-18,,94.94,97.48,517,514,2021,1000,LARGE,PRC,EARTH OBSERVATION,LEO,,True
RSW-01,49112,PAYLOAD,Polar,China,Commercial,2021-08-24,,107.24,86.4,1111,1087,2021,300,LARGE,PRC,COMMUNICATIONS,LEO,,True
RSW-02,49114,PAYLOAD,Polar,China,Commercial,2021-08-24,,107.23,86.4,1113,1084,2021,300,LARGE,PRC,COMMUNICATIONS,LEO,,True
TJS-7,49115,PAYLOAD,,China,Government,2021-08-24,,1436.09,0.27,35788,35785,2021,,LARGE,PRC,COMMUNICATIONS,GEO,,True
CHINASAT 9B,49125,PAYLOAD,,China,Government,2021-09-09,,1436.13,0.05,35792,35782,2021,5500,LARGE,PRC,COMMUNICATIONS,GEO,,True
JILIN-01 GAOFEN 2D,49256,PAYLOAD,Sun-Synchronous,China,Commercial,2021-09-27,,95.64,97.6,576,523,2021,230,LARGE,PRC,EARTH OBSERVATION,LEO,,True
CS1,49261,PAYLOAD,Sun-Synchronous,USA,Military,2021-09-27,,94.59,97.43,511,487,2021,10,MEDIUM,US,TECHNOLOGY DEVELOPMENT,LEO,,True
CS2,49262,PAYLOAD,Sun-Synchronous,USA,Military,2021-09-27,,94.55,97.44,507,486,2021,10,MEDIUM,US,TECHNOLOGY DEVELOPMENT,LEO,,True
CUTE-LASP,49263,PAYLOAD,Sun-Synchronous,USA,Government,2021-09-27,,93.2,97.45,438,425,2021,10,MEDIUM,US,SPACE SCIENCE,LEO,,True
CUPID,49264,PAYLOAD,Sun-Synchronous,USA,Government,2021-09-27,,94.83,97.44,521,499,2021,10,MEDIUM,US,EARTH SCIENCE,LEO,,True
SJ-21,49330,PAYLOAD,,China,Government,2021-10-24,,1436.66,10.39,36128,35467,2021,5000,LARGE,PRC,TECHNOLOGY DEVELOPMENT,GEO,,True
JILIN-01 GAOFEN 2F,49338,PAYLOAD,Sun-Synchronous,China,Commercial,2021-10-27,,95.68,97.63,564,539,2021,230,LARGE,PRC,EARTH OBSERVATION,LEO,,True
YAOGAN-32 2A,49383,PAYLOAD,Sun-Synchronous,China,Military,2021-11-03,,98.41,98.23,684,682,2021,,LARGE,PRC,EARTH OBSERVATION,LEO,,True
YAOGAN-32 2B,49384,PAYLOAD,Sun-Synchronous,China,Military,2021-11-03,,98.41,98.24,684,682,2021,,LARGE,PRC,EARTH OBSERVATION,LEO,,True
SDGSAT 1,49387,PAYLOAD,Sun-Synchronous,China,Government,2021-11-05,,94.77,97.32,512,503,2021,500,LARGE,PRC,EARTH OBSERVATION,LEO,,True
YAOGAN-35 A,49390,PAYLOAD,Non-Polar Inclined,China,Military,2021-11-06,,94.76,34.99,510,503,2021,300,LARGE,PRC,EARTH OBSERVATION,LEO,,True
YAOGAN-35 B,49391,PAYLOAD,Non-Polar Inclined,China,Military,2021-11-06,,92.02,34.99,377,371,2021,300,LARGE,PRC,EARTH OBSERVATION,LEO,,True
ASTERISC,49395,PAYLOAD,Sun-Synchronous,Japan,Government,2021-11-09,2025-01-25,87.45,97.35,157,140,2021,110,SMALL,JPN,TECHNOLOGY DEMONSTRATION,LEO,,False
TEIKYOSAT-4 (OORURI),49396,PAYLOAD,Sun-Synchronous,Japan,Civil,2021-11-09,,95.53,97.42,552,537,2021,52,MEDIUM,JPN,TECHNOLOGY DEVELOPMENT,LEO,,True
RAISE 2,49397,PAYLOAD,Sun-Synchronous,Japan,Civil,2021-11-09,,95.03,97.38,526,514,2021,4,MEDIUM,JPN,TECHNOLOGY DEVELOPMENT,LEO,,True
Z-SAT,49399,PAYLOAD,Sun-Synchronous,Japan,Commercial,2021-11-09,,95.12,97.39,536,513,2021,46,MEDIUM,JPN,TECHNOLOGY DEVELOPMENT,LEO,,True
HIBARI,49400,PAYLOAD,Sun-Synchronous,Japan,Civil,2021-11-09,,94.62,97.38,509,491,2021,55,MEDIUM,JPN,TECHNOLOGY DEMONSTRATION,LEO,,True
KOSEN-1,49402,PAYLOAD,Sun-Synchronous,Japan,Civil,2021-11-09,,94.77,97.38,518,497,2021,3,SMALL,JPN,TECHNOLOGY DEVELOPMENT,LEO,,True
CERES 1,49464,PAYLOAD,Polar,France,Military,2021-11-16,,,,,,2021,400,,FR,EARTH OBSERVATION,LEO,,True
CERES 2,49465,PAYLOAD,Polar,France,Military,2021-11-16,,,,,,2021,400,,FR,EARTH OBSERVATION,LEO,,True
CERES 3,49466,PAYLOAD,Polar,France,Military,2021-11-16,,,,,,2021,400,,FR,EARTH OBSERVATION,LEO,,True
GLOBAL-14,49469,PAYLOAD,Non-Polar Inclined,USA,Commercial,2021-11-18,,93.86,42.01,469,457,2021,55,MEDIUM,US,EARTH OBSERVATION,LEO,,True
GLOBAL-15,49470,PAYLOAD,Non-Polar Inclined,USA,Commercial,2021-11-18,2024-09-20,88.13,41.97,190,174,2021,55,MEDIUM,US,EARTH OBSERVATION,LEO,,False
SHIYAN 11 (SY-11),49501,PAYLOAD,,China,Government,2021-11-24,,91.56,97.37,355,347,2021,200,MEDIUM,PRC,TECHNOLOGY DEVELOPMENT,LEO,,True
COSMOS 2552,49503,PAYLOAD,Molniya,Russia,Military,2021-11-25,,717.73,62.95,37785,2568,2021,2000,LARGE,CIS,EARTH OBSERVATION,ELLIPTICAL,,True
JINZIJING 1 03,49813,PAYLOAD,Sun-Synchronous,China,Civil,2021-12-07,2024-02-14,87.32,97.28,150,133,2021,20,MEDIUM,PRC,TECHNOLOGY DEVELOPMENT,LEO,,False
LIZE 1,49815,PAYLOAD,Sun-Synchronous,China,Commercial,2021-12-07,2023-08-01,87.45,97.33,162,134,2021,10,MEDIUM,PRC,EARTH OBSERVATION,LEO,,False
JINZIJING 5 (GB 5),49816,PAYLOAD,Sun-Synchronous,China,Commercial,2021-12-07,2023-05-15,87.4,97.33,156,135,2021,10,SMALL,PRC,EARTH OBSERVATION,LEO,,False
LDPE-1,49818,PAYLOAD,,USA,Military,2021-12-07,,1450.92,2.64,36090,36062,2021,500,LARGE,US,TECHNOLOGY DEVELOPMENT,GEO,,True
GLOBAL-17,49949,PAYLOAD,Non-Polar Inclined,USA,Commercial,2021-12-09,,93.81,42,464,458,2021,55,MEDIUM,US,EARTH OBSERVATION,LEO,,True
GLOBAL-16,49950,PAYLOAD,Non-Polar Inclined,USA,Commercial,2021-12-09,,93.8,42,463,458,2021,55,MEDIUM,US,EARTH OBSERVATION,LEO,,True
IXPE,49954,PAYLOAD,,USA,Government,2021-12-09,,95.69,0.23,557,546,2021,330,LARGE,US,SPACE SCIENCE,LEO,,True
SHIJIAN 6 05A (SJ-6 05A),49961,PAYLOAD,Sun-Synchronous,China,Government,2021-12-10,,96.18,97.36,577,574,2021,,LARGE,PRC,EARTH OBSERVATION,LEO,,True
SHIJIAN 6 05B (SJ-6 05B),49962,PAYLOAD,Sun-Synchronous,China,Government,2021-12-10,,95.39,97.34,539,535,2021,,LARGE,PRC,EARTH OBSERVATION,LEO,,True
TIANLIAN 2-02,50005,PAYLOAD,,China,Government ,2021-12-13,,1436.1,0.08,35797,35776,2021,5000,LARGE,PRC,COMMUNICATIONS,GEO,,True
SHIYAN 12 01 (SY-12 01),50321,PAYLOAD,,China,Government,2021-12-23,,1437.9,2.59,35830,35814,2021,3000,LARGE,PRC,TECHNOLOGY DEVELOPMENT,GEO,,True
SHIYAN 12 02 (SY-12 02),50322,PAYLOAD,,China,Government,2021-12-23,,1433.8,2.59,35755,35728,2021,3000,LARGE,PRC,TECHNOLOGY DEVELOPMENT,GEO,,True
UMBRA-02,50986,PAYLOAD,Sun-Synchronous,USA,Commercial,2022-01-13,2024-11-08,87.84,97.34,175,160,2022,65,LARGE,US,EARTH OBSERVATION,LEO,,False
MDASAT-1A,50995,PAYLOAD,Sun-Synchronous,South Africa,Government,2022-01-13,,90.39,97.33,297,290,2022,1,SMALL,SAFR,EARTH OBSERVATION,LEO,,True
TEVEL 5,50998,PAYLOAD,Sun-Synchronous,Israel,Commercial,2022-01-13,2024-07-18,88.09,97.36,190,169,2022,1,SMALL,ISRA,COMMUNICATIONS,LEO,,False
TEVEL 6,50999,PAYLOAD,Sun-Synchronous,USA,Commercial,2022-01-13,2024-07-19,87.58,97.34,164,145,2022,1,SMALL,ISRA,EARTH OBSERVATION,LEO,,False
KEPLER-18 (BLIP-A),51002,PAYLOAD,Sun-Synchronous,Canada,Commercial,2022-01-13,2024-08-26,91.49,97.37,353,343,2022,9,MEDIUM,CA,COMMUNICATIONS,LEO,,False
ICEYE-X16,51008,PAYLOAD,Sun-Synchronous,Finland,Commercial,2022-01-13,2024-09-16,87.52,97.35,159,144,2022,80,MEDIUM,FIN,EARTH OBSERVATION,LEO,,False
TEVEL 1,51013,PAYLOAD,Sun-Synchronous,United Kingdom,Commercial,2022-01-13,2024-08-04,89.86,97.36,276,259,2022,0.5,SMALL,ISRA,TECHNOLOGY DEVELOPMENT,LEO,,False
SATLLA-2B,51014,PAYLOAD,Sun-Synchronous,Israel,Civil,2022-01-13,2023-11-01,88.13,97.4,189,175,2022,0.5,SMALL,ISRA,TECHNOLOGY DEVELOPMENT,LEO,,False
LEMUR 2 RAMONAMAE,51021,PAYLOAD,Sun-Synchronous,USA,Commercial,2022-01-13,2024-05-29,87.68,97.37,169,149,2022,10,SMALL,US,EARTH OBSERVATION,LEO,,False
LEMUR 2 KING-JULIEN,51022,PAYLOAD,Sun-Synchronous,USA,Commercial,2022-01-13,2024-01-19,87.96,97.39,180,167,2022,10,SMALL,US,EARTH OBSERVATION,LEO,,False
SICH-2-1,51030,PAYLOAD,Sun-Synchronous,Ukraine,Government,2022-01-13,,92.38,97.34,393,390,2022,170,LARGE,UKR,EARTH OBSERVATION,LEO,,True
SANOSAT-1,51031,PAYLOAD,Sun-Synchronous,Nepal,Civil,2022-01-13,2024-02-07,87.85,97.38,175,161,2022,0.5,SMALL,SPN,COMMUNICATIONS,LEO,,False
UNICORN-2D,51032,PAYLOAD,Sun-Synchronous,United Kingdom,Commercial,2022-01-13,2023-04-13,88.76,97.4,221,205,2022,0.5,SMALL,GER,TECHNOLOGY DEVELOPMENT,LEO,,False
LEMUR 2 ROHOVITHSA,51036,PAYLOAD,Sun-Synchronous,USA,Commercial,2022-01-13,2024-08-03,89.66,97.37,266,249,2022,10,MEDIUM,US,EARTH OBSERVATION,LEO,,False
MDASAT-1C,51038,PAYLOAD,Sun-Synchronous,South Africa,Government,2022-01-13,,90.06,97.34,282,273,2022,1,SMALL,SAFR,EARTH OBSERVATION,LEO,,True
MDASAT-1B,51050,PAYLOAD,Sun-Synchronous,South Africa,Government,2022-01-13,2025-02-28,87.53,97.32,160,144,2022,1,SMALL,SAFR,EARTH OBSERVATION,LEO,,False
KEPLER-19,51051,PAYLOAD,Sun-Synchronous,Canada,Commercial,2022-01-13,2025-04-02,87.48,97.3,159,140,2022,9,MEDIUM,CA,COMMUNICATIONS,LEO,,False
LEMUR 2 MIRIWARI,51054,PAYLOAD,Sun-Synchronous,USA,Commercial,2022-01-13,2024-06-29,87.38,97.36,154,136,2022,10,SMALL,US,EARTH OBSERVATION,LEO,,False
KEPLER-16 (ASTRAEUS),51057,PAYLOAD,Sun-Synchronous,Canada,Commercial,2022-01-13,,92.17,97.34,383,379,2022,9,MEDIUM,CA,COMMUNICATIONS,LEO,,True
LEMUR 2 DJIRANG,51058,PAYLOAD,Sun-Synchronous,USA,Commercial,2022-01-13,2024-06-29,87.67,97.35,170,148,2022,10,MEDIUM,US,EARTH OBSERVATION,LEO,,False
KEPLER-17 (KARINA),51059,PAYLOAD,Sun-Synchronous,Canada,Commercial,2022-01-13,2024-09-15,87.56,97.35,160,147,2022,9,MEDIUM,CA,COMMUNICATIONS,LEO,,False
TEVEL 7,51062,PAYLOAD,Sun-Synchronous,Israel,Commercial,2022-01-13,2024-08-03,89.7,97.36,268,252,2022,1,SMALL,ISRA,COMMUNICATIONS,LEO,,False
TEVEL 4,51063,PAYLOAD,Sun-Synchronous,Israel,Commercial,2022-01-13,2024-08-05,89.98,97.37,281,266,2022,1,SMALL,ISRA,COMMUNICATIONS,LEO,,False
TEVEL 2,51069,PAYLOAD,Sun-Synchronous,United Kingdom,Commercial,2022-01-13,2024-08-03,89.79,97.36,272,256,2022,0.5,SMALL,ISRA,TECHNOLOGY DEVELOPMENT,LEO,,False
ICEYE-X14,51070,PAYLOAD,Sun-Synchronous,Finland,Commercial,2022-01-13,,93.53,97.35,451,443,2022,80,MEDIUM,US,EARTH OBSERVATION,LEO,,True
CAPELLA-8 (WHITNEY),51071,PAYLOAD,Sun-Synchronous,USA,Commercial,2022-01-13,2023-09-06,87.86,97.4,179,159,2022,112,LARGE,US,EARTH OBSERVATION,LEO,,False
CAPELLA-7 (WHITNEY),51072,PAYLOAD,Sun-Synchronous,USA,Commercial,2022-01-13,2023-08-26,87.54,97.39,163,143,2022,112,LARGE,US,EARTH OBSERVATION,LEO,,False
USA 320,51075,PAYLOAD,Sun-Synchronous,USA,Military,2022-01-13,2024-11-28,88.29,97.37,194,186,2022,,LARGE,US,TECHNOLOGY DEVELOPMENT,LEO,,False
USA 321,51077,PAYLOAD,Sun-Synchronous,USA,Military,2022-01-13,2023-04-01,87.59,97.44,163,148,2022,,LARGE,US,TECHNOLOGY DEVELOPMENT,LEO,,False
DODONA,51084,PAYLOAD,Sun-Synchronous,USA,Civil/Commercial,2022-01-13,2024-05-23,87.39,97.37,155,136,2022,5,MEDIUM,US,TECHNOLOGY DEVELOPMENT,LEO,,False
TECHEDSAT 13,51095,PAYLOAD,Non-Polar Inclined,USA,Government,2022-01-13,2024-07-13,88.27,44.96,191,186,2022,4,SMALL,US,TECHNOLOGY DEVELOPMENT,LEO,,False
GEARRS-3,51097,PAYLOAD,Non-Polar Inclined,USA,Military/Commercial,2022-01-13,2024-08-07,89.83,44.93,277,256,2022,4,SMALL,US,COMMUNICATIONS,LEO,,False
SHIYAN 13 (SY-13),51102,PAYLOAD,,China,Government,2022-01-17,,101.58,98.49,1277,390,2022,500,LARGE,PRC,TECHNOLOGY DEVELOPMENT,LEO,,True
USA 324,51280,PAYLOAD,,USA,Military,2022-01-21,,1435.5,0.3,35785,35765,2022,500,,US,SPACE OBSERVATION,GEO,,True
USA 325,51281,PAYLOAD,,USA,Military,2022-01-21,,1434.29,0.36,35757,35746,2022,500,,US,SPACE OBSERVATION,GEO,,True
LT-1 O1A,51284,PAYLOAD,Sun-Synchronous,China,Government,2022-01-25,,96.75,97.81,604,602,2022,3200,LARGE,PRC,EARTH OBSERVATION,LEO,,True
USA 326,51445,PAYLOAD,Sun-Synchronous,USA,Military,2022-02-02,,94.71,97.4,507,502,2022,20000,,US,EARTH OBSERVATION,LEO,,True
COSMOS 2553,51511,PAYLOAD,Non-Polar Inclined,Russia,Military,2022-02-05,,127.11,67.09,2000,1993,2022,2000,LARGE,CIS,EARTH OBSERVATION,MEO,,True
INSPIRESAT-1,51657,PAYLOAD,Sun-Synchronous,USA/India/Singapore/Taiwan,Civil/Government,2022-02-14,,93.36,97.5,445,433,2022,8,SMALL,IND,EARTH SCIENCE,LEO,,True
INS-2TD,51658,PAYLOAD,Sun-Synchronous,India,Government,2022-02-14,2024-11-13,87.34,97.47,149,137,2022,17.5,MEDIUM,IND,EARTH OBSERVATION,LEO,,False
LT-1 O1B,51822,PAYLOAD,Sun-Synchronous,China,Government,2022-02-26,,96.75,97.81,604,602,2022,3200,LARGE,PRC,EARTH OBSERVATION,LEO,,True
STRIX-BETA,51847,PAYLOAD,Sun-Synchronous,Japan,Commercial,2022-02-28,,93.88,97.61,469,460,2022,150,MEDIUM,JPN,EARTH OBSERVATION,LEO,,True
NOUR 02,51954,PAYLOAD,Non-Polar Inclined,Iran,Military,2022-03-08,2024-05-17,87.88,58.24,173,166,2022,15,MEDIUM,IRAN,EARTH OBSERVATION,LEO,,False
ORESAT0,52017,PAYLOAD,Sun-Synchronous,USA,Civil,2022-03-15,2024-09-29,87.46,97.45,157,140,2022,1,SMALL,US,TECHNOLOGY DEVELOPMENT,LEO,,False
YAOGAN-34 02,52084,PAYLOAD,Non-Polar Inclined,China,Military,2022-03-17,,107.03,63.4,1139,1040,2022,500,LARGE,PRC,EARTH OBSERVATION,LEO,,True
TK-2,52150,PAYLOAD,Sun-Synchronous,China,Government,2022-03-29,,95.96,97.85,576,554,2022,90,MEDIUM,PRC,TECHNOLOGY DEVELOPMENT,LEO,,True
PUJIANG 2 (PJ-2),52151,PAYLOAD,Sun-Synchronous,China,Government,2022-03-29,,96.41,97.85,596,578,2022,2000,LARGE,PRC,EARTH OBSERVATION,LEO,,True
OMNI-L1,52157,PAYLOAD,Sun-Synchronous,USA,Commercial,2022-04-01,,97.27,97.87,632,624,2022,20,MEDIUM,US,COMMUNICATIONS,LEO,,True
GNOMES-3,52158,PAYLOAD,Sun-Synchronous,USA,Commercial,2022-04-01,,97.12,97.86,628,614,2022,30,MEDIUM,US,EARTH SCIENCE,LEO,,True
ENMAP,52159,PAYLOAD,Sun-Synchronous,Germany,Government,2022-04-01,,97.63,97.98,646,644,2022,980,LARGE,GER,EARTH OBSERVATION,LEO,,True
ALFACRUX,52160,PAYLOAD,Sun-Synchronous,Brazil,Civil,2022-04-01,2024-04-05,87.34,97.3,150,135,2022,1,SMALL,BRAZ,TECHNOLOGY DEVELOPMENT,LEO,,False
ARCSAT-1,52161,PAYLOAD,Sun-Synchronous,Norway,Military,2022-04-01,,93.35,97.29,441,435,2022,10,SMALL,NOR,TECHNOLOGY DEMONSTRATION,LEO,,True
LYNK TOWER 1,52162,PAYLOAD,Sun-Synchronous,USA,Commercial,2022-04-01,,92.68,97.29,408,403,2022,80,MEDIUM,US,COMMUNICATIONS,LEO,,True
HAWK-4B,52165,PAYLOAD,Sun-Synchronous,USA,Commercial,2022-04-01,,91.64,97.29,358,352,2022,15,MEDIUM,US,SURVEILLANCE,LEO,,True
HAWK-4A,52167,PAYLOAD,Sun-Synchronous,USA,Commercial,2022-04-01,,91.64,97.29,358,352,2022,15,MEDIUM,US,SURVEILLANCE,LEO,,True
NUSAT-23 (ANNIE MAUNDER),52168,PAYLOAD,Sun-Synchronous,Argentina,Commercial,2022-04-01,2024-11-01,87.26,97.29,146,131,2022,42,MEDIUM,ARGN,EARTH OBSERVATION,LEO,,False
HAWK-4C,52170,PAYLOAD,Sun-Synchronous,USA,Commercial,2022-04-01,,91.64,97.29,359,351,2022,15,MEDIUM,US,SURVEILLANCE,LEO,,True
NUSAT-25 (MARIA TELKES),52171,PAYLOAD,Sun-Synchronous,Argentina,Commercial,2022-04-01,,93.07,97.26,427,422,2022,42,MEDIUM,ARGN,EARTH OBSERVATION,LEO,,True
NUSAT-27 (SALLY RIDE),52172,PAYLOAD,Sun-Synchronous,Argentina,Commercial,2022-04-01,2024-08-01,88.9,97.26,228,212,2022,42,MEDIUM,ARGN,EARTH OBSERVATION,LEO,,False
BRO-7,52174,PAYLOAD,Sun-Synchronous,France,Commercial,2022-04-01,,91.5,97.3,353,344,2022,10,MEDIUM,FR,EARTH OBSERVATION,LEO,,True
BDSAT,52175,PAYLOAD,Sun-Synchronous,Czech Republic,Government,2022-04-01,2024-04-18,87.36,97.29,152,135,2022,1,SMALL,CZE,TECHNOLOGY DEMONSTRATION,LEO,,False
NUSAT-24 (KALPANA CHAWIA,52178,PAYLOAD,Sun-Synchronous,Argentina,Commercial,2022-04-01,2025-01-11,87.52,97.23,158,145,2022,42,MEDIUM,ARGN,EARTH OBSERVATION,LEO,,False
NUSAT-26 (M SOMERVILLE),52184,PAYLOAD,Sun-Synchronous,Argentina,Commercial,2022-04-01,,94.06,97.27,478,468,2022,42,MEDIUM,ARGN,EARTH OBSERVATION,LEO,,True
PLANTSAT,52188,PAYLOAD,Sun-Synchronous,Chile,Civil/Government,2022-04-01,2024-03-04,87.46,97.3,158,139,2022,4,SMALL,CHLE,TECHNOLOGY DEVELOPMENT,LEO,,False
KSF2-C,52189,PAYLOAD,Sun-Synchronous,Luxembourg,Commercial,2022-04-01,2024-08-16,90.72,97.33,313,307,2022,10,MEDIUM,LUXE,EARTH OBSERVATION,LEO,,False
KSF2-D,52190,PAYLOAD,Sun-Synchronous,Luxembourg,Commercial,2022-04-01,2023-12-07,87.48,97.31,156,143,2022,10,MEDIUM,LUXE,EARTH OBSERVATION,LEO,,False
SUCHAI-3,52191,PAYLOAD,Sun-Synchronous,Chile,Civil,2022-04-01,2024-05-25,87.41,97.3,157,135,2022,4,SMALL,CHLE,EARTH SCIENCE,LEO,,False
SUCHAI-2,52192,PAYLOAD,Sun-Synchronous,Chile,Civil,2022-04-01,2024-10-06,87.32,97.26,149,135,2022,4,SMALL,CHLE,EARTH SCIENCE,LEO,,False
KSF2-B,52193,PAYLOAD,Sun-Synchronous,Luxembourg,Commercial,2022-04-01,2024-02-14,87.95,97.31,181,165,2022,10,MEDIUM,LUXE,EARTH OBSERVATION,LEO,,False
KSF2-A,52194,PAYLOAD,Sun-Synchronous,Luxembourg,Commercial,2022-04-01,2024-08-13,90.78,97.33,315,310,2022,10,MEDIUM,LUXE,EARTH OBSERVATION,LEO,,False
GLOBAL-18,52196,PAYLOAD,Non-Polar Inclined,USA,Commercial,2022-04-02,,93.56,52.98,453,444,2022,55,MEDIUM,US,EARTH OBSERVATION,LEO,,True
GLOBAL-20,52197,PAYLOAD,Non-Polar Inclined,USA,Commercial,2022-04-02,2025-04-04,87.35,52.96,146,141,2022,55,MEDIUM,US,EARTH OBSERVATION,LEO,,False
COSMOS 2554,52202,PAYLOAD,Non-Polar Inclined,Russia,Military,2022-04-07,,103.1,67.15,909,902,2022,5000,LARGE,CIS,EARTH OBSERVATION,LEO,,True
DAQI 1,52257,PAYLOAD,Sun-Synchronous,China,Government,2022-04-15,,98.79,98.24,704,697,2022,2600,LARGE,PRC,EARTH SCIENCE,LEO,,True
USA 327,52259,PAYLOAD,Non-Polar Inclined,USA,Military,2022-04-17,,107.39,63.43,1140,1072,2022,1000,,US,EARTH OBSERVATION,LEO,,True
SUPERVIEW NEO-1 01,52320,PAYLOAD,,China,Commercial,2022-04-29,,95.04,97.38,522,519,2022,540,LARGE,PRC,EARTH OBSERVATION,LEO,,True
SUPERVIEW NEO-1 02,52322,PAYLOAD,,China,Commercial,2022-04-29,,95.03,97.38,521,519,2022,540,LARGE,PRC,EARTH OBSERVATION,LEO,,True
JILIN-01 GAOFEN 4A,52388,PAYLOAD,Sun-Synchronous,China,Commercial,2022-04-30,,93.2,97.48,436,426,2022,43,MEDIUM,PRC,EARTH OBSERVATION,LEO,,True
JILIN-01 GAOFEN 3D 4,52389,PAYLOAD,Sun-Synchronous,China,Commercial,2022-04-30,,93.68,97.49,458,450,2022,43,MEDIUM,PRC,EARTH OBSERVATION,LEO,,True
JILIN-01 GAOFEN 3D 5,52390,PAYLOAD,Sun-Synchronous,China,Commercial,2022-04-30,,93.63,97.48,453,451,2022,43,MEDIUM,PRC,EARTH OBSERVATION,LEO,,True
JILIN-01 GAOFEN 3D 6,52391,PAYLOAD,Sun-Synchronous,China,Commercial,2022-04-30,,93.64,97.5,454,451,2022,43,MEDIUM,PRC,EARTH OBSERVATION,LEO,,True
JILIN-01 GAOFEN 3D 7,52392,PAYLOAD,Sun-Synchronous,China,Commercial,2022-04-30,,93.3,97.49,437,435,2022,43,MEDIUM,PRC,EARTH OBSERVATION,LEO,,True
BRO-6,52422,PAYLOAD,Sun-Synchronous,France,Commercial,2022-05-02,,93.83,97.36,467,457,2022,8,MEDIUM,FR,EARTH OBSERVATION,LEO,,True
JILIN-01 KUANFU 01C,52443,PAYLOAD,Sun-Synchronous,China,Commercial,2022-05-05,,95.29,97.56,541,524,2022,95,LARGE,PRC,EARTH OBSERVATION,LEO,,True
JILIN-01 GAOFEN 3D 27,52444,PAYLOAD,Sun-Synchronous,China,Commercial,2022-05-05,,93.89,97.57,472,457,2022,43,MEDIUM,PRC,EARTH OBSERVATION,LEO,,True
JILIN-01 GAOFEN 3D 28,52445,PAYLOAD,Sun-Synchronous,China,Commercial,2022-05-05,,93.86,97.57,470,457,2022,43,MEDIUM,PRC,EARTH OBSERVATION,LEO,,True
JILIN-01 GAOFEN 3D 29,52446,PAYLOAD,Sun-Synchronous,China,Commercial,2022-05-05,,93.88,97.57,468,460,2022,43,MEDIUM,PRC,EARTH OBSERVATION,LEO,,True
JILIN-01 GAOFEN 3D 30,52447,PAYLOAD,Sun-Synchronous,China,Commercial,2022-05-05,,93.79,97.57,468,451,2022,43,MEDIUM,PRC,EARTH OBSERVATION,LEO,,True
JILIN-01 GAOFEN 3D 31,52448,PAYLOAD,Sun-Synchronous,China,Commercial,2022-05-05,,93.84,97.57,466,458,2022,43,MEDIUM,PRC,EARTH OBSERVATION,LEO,,True
JILIN-01 GAOFEN 3D 32,52449,PAYLOAD,Sun-Synchronous,China,Commercial,2022-05-05,,92.52,97.57,402,394,2022,43,MEDIUM,PRC,EARTH OBSERVATION,LEO,,True
JILIN-01 GAOFEN 3D 33,52450,PAYLOAD,Sun-Synchronous,China,Commercial,2022-05-05,,92.94,97.57,424,414,2022,43,MEDIUM,PRC,EARTH OBSERVATION,LEO,,True
LEMUR 2 TENNYSONLILY,52732,PAYLOAD,Sun-Synchronous,USA,Commercial,2022-05-25,2024-03-14,87.45,97.54,156,140,2022,10,SMALL,US,EARTH OBSERVATION,LEO,,False
LEMUR 2 VANDENDRIES,52733,PAYLOAD,Sun-Synchronous,USA,Commercial,2022-05-25,2024-05-21,87.55,97.54,165,141,2022,10,SMALL,US,EARTH OBSERVATION,LEO,,False
OP15 FLT2 (TYVAK-0821),52735,PAYLOAD,Sun-Synchronous,USA,Commercial,2022-05-25,2024-09-09,88.55,97.55,212,194,2022,10,MEDIUM,US,EARTH OBSERVATION,LEO,,False
LEMUR 2 KAREN_B,52736,PAYLOAD,Sun-Synchronous,USA,Commercial,2022-05-25,2024-02-02,87.6,97.53,164,147,2022,10,SMALL,US,EARTH OBSERVATION,LEO,,False
OP15 FLT1 (TYVAK-0820),52741,PAYLOAD,Sun-Synchronous,USA,Commercial,2022-05-25,2024-09-18,87.4,97.55,154,137,2022,,MEDIUM,US,EARTH OBSERVATION,LEO,,False
NUSAT-28 (ALICE LEE),52747,PAYLOAD,Sun-Synchronous,Argentina,Commercial,2022-05-25,,93.41,97.48,445,437,2022,42,MEDIUM,ARGN,EARTH OBSERVATION,LEO,,True
NUSAT-30 (MARGHERITA),52748,PAYLOAD,Sun-Synchronous,Argentina,Commercial,2022-05-25,2024-12-06,87.75,97.38,170,157,2022,42,MEDIUM,ARGN,EARTH OBSERVATION,LEO,,False
ICEYE-X18,52749,PAYLOAD,Sun-Synchronous,Finland,Commercial,2022-05-25,2025-03-14,87.53,97.55,160,144,2022,80,MEDIUM,BRAZ,EARTH OBSERVATION,LEO,,False
NUSAT-31 (RUBY PAYNE-S),52752,PAYLOAD,Sun-Synchronous,Argentina,Commercial,2022-05-25,,93.2,97.62,435,428,2022,42,MEDIUM,ARGN,EARTH OBSERVATION,LEO,,True
ICEYE-X24,52755,PAYLOAD,Sun-Synchronous,Finland,Commercial,2022-05-25,2024-12-17,87.36,97.54,150,138,2022,80,MEDIUM,US,EARTH OBSERVATION,LEO,,False
ICEYE-X19,52758,PAYLOAD,Sun-Synchronous,Finland,Commercial,2022-05-25,2025-03-08,87.64,97.53,166,150,2022,80,MEDIUM,BRAZ,EARTH OBSERVATION,LEO,,False
ICEYE-X20,52759,PAYLOAD,Sun-Synchronous,Finland,Commercial,2022-05-25,,91.89,97.59,370,365,2022,80,MEDIUM,FIN,EARTH OBSERVATION,LEO,,True
ICEYE-X17,52762,PAYLOAD,Sun-Synchronous,Finland,Commercial,2022-05-25,,92.3,97.58,392,383,2022,80,MEDIUM,US,EARTH OBSERVATION,LEO,,True
NUSAT-29 (EDITH CLARKE),52764,PAYLOAD,Sun-Synchronous,Argentina,Commercial,2022-05-25,,92.98,97.48,423,418,2022,42,MEDIUM,ARGN,EARTH OBSERVATION,LEO,,True
LEMUR 2 MIMI1307,52769,PAYLOAD,Sun-Synchronous,USA,Commercial,2022-05-25,2024-05-03,88.35,97.55,202,183,2022,10,SMALL,US,EARTH OBSERVATION,LEO,,False
USA 328,52889,PAYLOAD,Non-Polar Inclined,USA,Military,2022-06-19,,95.15,53.01,527,524,2022,,,US,UNKNOWN,LEO,,True
USA 329,52890,PAYLOAD,Non-Polar Inclined,USA,Military,2022-06-19,,95.15,53.01,527,525,2022,,,US,UNKNOWN,LEO,,True
USA 330,52891,PAYLOAD,Non-Polar Inclined,USA,Military,2022-06-19,,94,53.01,472,468,2022,,,US,UNKNOWN,LEO,,True
USA 331,52892,PAYLOAD,Non-Polar Inclined,USA,Military,2022-06-19,,95.15,53.01,527,525,2022,,,US,UNKNOWN,LEO,,True
PVSAT,52894,PAYLOAD,Sun-Synchronous,South Korea,Government,2022-06-21,,98.69,98.17,702,690,2022,163,MEDIUM,SKOR,TECHNOLOGY DEMONSTRATION,LEO,,True
STEP CUBE LAB-II,52897,PAYLOAD,Sun-Synchronous,South Korea,Civil,2022-06-21,,98.48,98.16,691,681,2022,10,MEDIUM,SKOR,EARTH OBSERVATION,LEO,,True
RANDEV,52898,PAYLOAD,Sun-Synchronous,South Korea,Civil,2022-06-21,,98.46,98.16,690,680,2022,4,SMALL,SKOR,EARTH OBSERVATION,LEO,,True
SNUGLITE-II,52899,PAYLOAD,Sun-Synchronous,South Korea,Civil,2022-06-21,,98.42,98.16,688,679,2022,4,SMALL,SKOR,TECHNOLOGY DEMONSTRATION,LEO,,True
TIANXING-1,52901,PAYLOAD,Polar,China,Commercial,2022-06-22,2023-03-29,87.11,96.69,137,126,2022,200,MEDIUM,PRC,SPACE SCIENCE,LEO,,False
MEASAT 3D,52904,PAYLOAD,,Malaysia,Commercial,2022-06-22,,1436.09,0.04,35796,35777,2022,5648,LARGE,MALA,COMMUNICATIONS,GEO,,True
YAOGAN-35 02A,52907,PAYLOAD,Non-Polar Inclined,China,Military,2022-06-23,,94.87,34.99,518,506,2022,300,LARGE,PRC,EARTH OBSERVATION,LEO,,True
YAOGAN-35 02B,52908,PAYLOAD,Non-Polar Inclined,China,Military,2022-06-23,,94.28,35,487,481,2022,300,LARGE,PRC,EARTH OBSERVATION,LEO,,True
YAOGAN-35 02C,52909,PAYLOAD,Non-Polar Inclined,China,Military,2022-06-23,2024-04-19,87.61,34.98,160,153,2022,300,LARGE,PRC,EARTH OBSERVATION,LEO,,False
DS-EO,52935,PAYLOAD,Polar,Singapore,Military,2022-06-30,,95.39,9.99,541,534,2022,365,LARGE,SING,EARTH OBSERVATION,LEO,,True
NEUSAR,52937,PAYLOAD,,Sinapore,Commercial,2022-06-30,,92.64,9.98,408,401,2022,155,LARGE,SING,EARTH OBSERVATION,LEO,,True
TIANLIAN-2 03,53100,PAYLOAD,,China,Government,2022-07-12,,1436.06,0.43,35796,35776,2022,5000,LARGE,PRC,COMMUNICATIONS,GEO,,True
USA 334,53102,PAYLOAD,Non-Polar Inclined,USA,Military,2022-07-13,,94.59,40.01,508,490,2022,55,,US,EARTH OBSERVATION,LEO,,True
SUPERVIEW NEO-2 O1,53128,PAYLOAD,Sun-Synchronous,China,Commercial,2022-07-15,,94.46,97.39,494,491,2022,600,LARGE,PRC,EARTH OBSERVATION,LEO,,True
YAOGAN-35 03A,53316,PAYLOAD,Non-Polar Inclined,China,Military,2022-07-29,,93.71,35.01,462,450,2022,300,LARGE,PRC,EARTH OBSERVATION,LEO,,True
YAOGAN-35 03B,53318,PAYLOAD,Non-Polar Inclined,China,Military,2022-07-29,,94.83,34.99,515,505,2022,300,LARGE,PRC,EARTH OBSERVATION,LEO,,True
USA 335,53352,PAYLOAD,Polar,USA,Military,2022-08-04,,94.58,70,502,495,2022,100,,US,TECHNOLOGY DEVELOPMENT,LEO,,True
SBIRS GEO 6 (USA 336),53355,PAYLOAD,,USA,Military,2022-08-04,,1436.1,4.03,35795,35778,2022,4850,LARGE,US,EARTH OBSERVATION,GEO,,True
KHAYYAM,53370,PAYLOAD,Sun-Synchronous,Iran,Military,2022-08-09,,94.43,97.37,493,489,2022,650,LARGE,IRAN,EARTH OBSERVATION,LEO,,True
CHUANG XIN 16A (CX-16A),53586,PAYLOAD,Non-Polar Inclined,China,Government,2022-08-23,,95.76,29,558,552,2022,100,LARGE,PRC,TECHNOLOGY DEVELOPMENT,LEO,,True
YAOGAN-33 02,53698,PAYLOAD,Sun-Synchronous,China,Military,2022-09-02,,98.7,98.19,700,693,2022,1040,LARGE,PRC,EARTH OBSERVATION,LEO,,True
CENTISPACE-1 S3,53757,PAYLOAD,Non-Polar Inclined,China,Commercial,2022-09-06,,98.59,53.53,697,686,2022,97,MEDIUM,PRC,COMMUNICATIONS,LEO,,True
CENTISPACE-1 S4,53758,PAYLOAD,Non-Polar Inclined,China,Commercial,2022-09-06,,98.56,53.53,695,685,2022,97,MEDIUM,PRC,COMMUNICATIONS,LEO,,True
YAOGAN-35 05A,53760,PAYLOAD,Non-Polar Inclined,China,Military,2022-09-06,,94.56,35,501,493,2022,300,LARGE,PRC,EARTH OBSERVATION,LEO,,True
YAOGAN-35 05B,53761,PAYLOAD,Non-Polar Inclined,China,Military,2022-09-06,,94.45,34.99,497,487,2022,300,LARGE,PRC,EARTH OBSERVATION,LEO,,True
YAOGAN-35 05C,53763,PAYLOAD,Non-Polar Inclined,China,Military,2022-09-06,,94.9,34.99,518,509,2022,300,LARGE,PRC,EARTH OBSERVATION,LEO,,True
STRIX-1,53815,PAYLOAD,Sun-Synchronous,Japan,Commercial,2022-09-15,,94.58,97.51,501,496,2022,150,MEDIUM,JPN,EARTH OBSERVATION,LEO,,True
CHUANG XIN 16B (CX-16B),53876,PAYLOAD,Non-Polar Inclined,China,Government,2022-08-23,,94.8,28.99,510,508,2022,100,MEDIUM,PRC,TECHNOLOGY DEVELOPMENT,LEO,,True
YUNHAI 1-03,53877,PAYLOAD,Sun-Synchronous,China,Government,2022-09-20,,100.47,98.54,781,780,2022,800,LARGE,PRC,EARTH OBSERVATION,LEO,,True
YAOGAN-36 01A,53943,PAYLOAD,Non-Polar Inclined,China,Military,2022-09-26,,94.92,34.99,521,509,2022,300,LARGE,PRC,EARTH OBSERVATION,LEO,,True
YAOGAN-36 01B,53946,PAYLOAD,Non-Polar Inclined,China,Military,2022-09-26,2024-06-28,88.16,34.97,189,178,2022,300,LARGE,PRC,EARTH OBSERVATION,LEO,,False
YAOGAN-36 01C,53947,PAYLOAD,Non-Polar Inclined,China,Military,2022-09-26,,94.44,35,496,487,2022,300,LARGE,PRC,EARTH OBSERVATION,LEO,,True
CENTISPACE-1 S5,54020,PAYLOAD,Non-Polar Inclined,China,Government,2022-10-07,,98.51,55,696,679,2022,97,MEDIUM,PRC,TECHNOLOGY DEVELOPMENT,LEO,,True
CENTISPACE-1 S6,54021,PAYLOAD,Non-Polar Inclined,China,Government,2022-10-07,,98.54,55,698,679,2022,97,MEDIUM,PRC,TECHNOLOGY DEVELOPMENT,LEO,,True
ASO-S,54029,PAYLOAD,Sun-Synchronous,China,Government,2022-10-08,,99.19,98.27,729,710,2022,888,LARGE,PRC,SPACE SCIENCE,LEO,,True
ANGOSAT 2,54033,PAYLOAD,,Angola,Government,2022-10-12,,1436.1,0.02,35794,35780,2022,2150,LARGE,AGO,COMMUNICATIONS,LEO,,True
HJ-2E,54035,PAYLOAD,Sun-Synchronous,China,Government,2022-10-12,,94.68,97.38,509,497,2022,1000,LARGE,PRC,EARTH OBSERVATION,LEO,,True
YAOGAN-36 02A,54042,PAYLOAD,Non-Polar Inclined,China,Military,2022-10-14,,94.56,35,517,478,2022,300,LARGE,PRC,EARTH OBSERVATION,LEO,,True
YAOGAN-36 02B,54043,PAYLOAD,Non-Polar Inclined,China,Military,2022-10-14,,94.61,34.99,503,497,2022,300,LARGE,PRC,EARTH OBSERVATION,LEO,,True
YAOGAN-36 02C,54045,PAYLOAD,Non-Polar Inclined,China,Military,2022-10-14,,94.31,35,495,475,2022,300,LARGE,PRC,EARTH OBSERVATION,LEO,,True
COSMOS 2561,54109,PAYLOAD,,Russia,Military,2022-10-21,,93.49,96.97,454,436,2022,500,LARGE,CIS,SURVEILLANCE,LEO,,True
COSMOS 2562,54110,PAYLOAD,,Russia,Military,2022-10-21,2023-11-08,87.4,97.14,152,140,2022,500,MEDIUM,CIS,SURVEILLANCE,LEO,,False
MENUT,55010,PAYLOAD,Sun-Synchronous,Spain,Commercial,2023-01-03,,94.18,97.38,484,473,2023,10,MEDIUM,SPN,EARTH OBSERVATION,LEO,,True
BRO-8,55011,PAYLOAD,Sun-Synchronous,France,Commercial,2023-01-03,,94.24,97.38,488,475,2023,10,MEDIUM,FR,EARTH OBSERVATION,LEO,,True
CONNECTA T1.2,55012,PAYLOAD,Sun-Synchronous,Turkey,Commercial,2023-01-03,,93.91,97.38,472,459,2023,10,SMALL,TURK,COMMUNICATIONS,LEO,,True
LEMUR 2 PHILARI,55013,PAYLOAD,Sun-Synchronous,Luxembourg,Commercial,2023-01-03,2024-08-13,90.94,97.41,326,316,2023,10,SMALL,US,EARTH OBSERVATION,LEO,,False
LEMUR 2 DISCLAIMER,55014,PAYLOAD,Sun-Synchronous,Luxembourg,Commercial,2023-01-03,2024-07-28,87.6,97.39,166,146,2023,10,MEDIUM,US,EARTH OBSERVATION,LEO,,False
BIRKELAND,55015,PAYLOAD,Sun-Synchronous,Norway,Military,2023-01-03,,94.03,97.39,478,466,2023,10,MEDIUM,NOR,EARTH OBSERVATION,LEO,,True
LEMUR 2 STEVEALBERS,55017,PAYLOAD,Sun-Synchronous,Luxembourg,Commercial,2023-01-03,2024-09-20,87.76,97.37,172,155,2023,10,SMALL,US,EARTH OBSERVATION,LEO,,False
KSF3-C,55018,PAYLOAD,Sun-Synchronous,Luxembourg,Commercial,2023-01-03,2025-02-03,88.29,97.35,195,184,2023,10,MEDIUM,LUXE,EARTH OBSERVATION,LEO,,False
KSF3-B,55019,PAYLOAD,Sun-Synchronous,Luxembourg,Commercial,2023-01-03,,93.06,97.37,431,418,2023,10,MEDIUM,LUXE,EARTH OBSERVATION,LEO,,True
LYNK TOWER 4,55034,PAYLOAD,Sun-Synchronous,USA,Commercial,2023-01-03,,94.39,97.38,496,482,2023,80,MEDIUM,US,COMMUNICATIONS,LEO,,True
UMBRA-05,55036,PAYLOAD,Sun-Synchronous,USA,Commercial,2023-01-03,,93.84,97.38,465,460,2023,65,LARGE,US,EARTH OBSERVATION,LEO,,True
LEMUR 2 EMMACULATE,55037,PAYLOAD,Sun-Synchronous,Luxembourg,Commercial,2023-01-03,2024-05-23,87.51,97.4,159,143,2023,10,MEDIUM,US,EARTH OBSERVATION,LEO,,False
LEMUR 2 MMOLO,55038,PAYLOAD,Sun-Synchronous,Luxembourg,Commercial,2023-01-03,2024-10-20,88.43,97.39,203,191,2023,10,SMALL,US,EARTH OBSERVATION,LEO,,False
SKYKRAFT-1,55041,PAYLOAD,Sun-Synchronous,Australia,Commercial,2023-01-03,,93.63,97.38,459,446,2023,100,MEDIUM,AUS,TECHNOLOGY DEMONSTRATION,LEO,,True
STERNULA-1,55044,PAYLOAD,Sun-Synchronous,Denmark,Commercial,2023-01-03,2025-01-09,87.5,97.37,157,144,2023,10,MEDIUM,DEN,EARTH OBSERVATION,LEO,,False
LYNK TOWER 3,55046,PAYLOAD,Sun-Synchronous,USA,Commercial,2023-01-03,,94.35,97.38,494,480,2023,80,MEDIUM,US,COMMUNICATIONS,LEO,,True
ICEYE-X21,55049,PAYLOAD,Sun-Synchronous,Finland,Commercial,2023-01-03,,93.54,97.38,461,435,2023,80,MEDIUM,FIN,EARTH OBSERVATION,LEO,,True
UMBRA-04,55050,PAYLOAD,Sun-Synchronous,USA,Commercial,2023-01-03,2024-09-03,90.75,97.41,319,304,2023,65,LARGE,US,EARTH OBSERVATION,LEO,,False
SKYKRAFT-1D,55052,PAYLOAD,Sun-Synchronous,Australia,Commercial,2023-01-03,,90.93,97.36,323,317,2023,50,MEDIUM,AUS,TECHNOLOGY DEMONSTRATION,LEO,,True
EOSSAT-1,55053,PAYLOAD,Sun-Synchronous,USA,Commercial,2023-01-03,,94.32,97.38,494,478,2023,178,MEDIUM,SAFR,EARTH OBSERVATION,LEO,,True
SKYKRAFT-1A,55054,PAYLOAD,Sun-Synchronous,Australia,Commercial,2023-01-03,,94.48,97.38,501,486,2023,50,MEDIUM,AUS,TECHNOLOGY DEMONSTRATION,LEO,,True
VIGORIDE 5,55056,PAYLOAD,Sun-Synchronous,USA,Commercial,2023-01-03,,93.87,97.38,471,457,2023,363,LARGE,US,TECHNOLOGY DEVELOPMENT,LEO,,True
SKYKRAFT-1B,55058,PAYLOAD,Sun-Synchronous,Australia,Commercial,2023-01-03,,92.9,97.37,422,411,2023,50,MEDIUM,AUS,TECHNOLOGY DEMONSTRATION,LEO,,True
SKYKRAFT-1C,55061,PAYLOAD,Sun-Synchronous,Australia,Commercial,2023-01-03,,94.64,97.38,509,493,2023,50,MEDIUM,AUS,TECHNOLOGY DEMONSTRATION,LEO,,True
ICEYE-X27,55062,PAYLOAD,Sun-Synchronous,Finland,Commercial,2023-01-03,,92.99,97.38,425,418,2023,80,MEDIUM,US,EARTH OBSERVATION,LEO,,True
NSL-2,55067,PAYLOAD,Sun-Synchronous,Israel,Commercial,2023-01-03,2024-07-11,88.5,97.39,210,190,2023,10,MEDIUM,ISRA,TECHNOLOGY DEVELOPMENT,LEO,,False
SPHERE-1 EYE,55072,PAYLOAD,Sun-Synchronous,Japan,Commercial,2023-01-03,2025-03-04,87.64,97.35,165,150,2023,10,MEDIUM,JPN,SPACE SCIENCE,LEO,,False
TAUSAT-2,55073,PAYLOAD,Sun-Synchronous,Israel,Civil,2023-01-03,2025-03-25,87.94,97.34,180,165,2023,4,SMALL,ISRA,SPACE SCIENCE,LEO,,False
YAM-5,55076,PAYLOAD,Sun-Synchronous,USA,Commercial,2023-01-03,,94.2,97.38,488,472,2023,87,MEDIUM,US,TECHNOLOGY DEMONSTRATION,LEO,,True
GAMA-ALPHA,55084,PAYLOAD,Sun-Synchronous,France,Commercial,2023-01-03,,93.08,97.38,432,418,2023,10,SMALL,LTU,TECHNOLOGY DEVELOPMENT,LEO,,True
KSF3-D,55085,PAYLOAD,Sun-Synchronous,Luxembourg,Commercial,2023-01-03,,92.87,97.37,420,410,2023,10,MEDIUM,LUXE,EARTH OBSERVATION,LEO,,True
KSF3-A,55086,PAYLOAD,Sun-Synchronous,Luxembourg,Commercial,2023-01-03,,93.09,97.38,433,419,2023,10,MEDIUM,LUXE,EARTH OBSERVATION,LEO,,True
LEMUR 2 FUENTETAJA-01,55088,PAYLOAD,Sun-Synchronous,Luxembourg,Commercial,2023-01-03,2024-08-04,90.14,97.42,289,274,2023,10,SMALL,US,EARTH OBSERVATION,LEO,,False
HUYGENS,55093,PAYLOAD,Sun-Synchronous,Norway,Military,2023-01-03,,94.03,97.38,481,463,2023,10,MEDIUM,NOR,EARTH OBSERVATION,LEO,,True
BDSAT-2,55098,PAYLOAD,Sun-Synchronous,Czech Republic,Civil,2023-01-03,2025-02-21,88.48,97.36,205,194,2023,2,SMALL,CZE,COMMUNICATIONS,LEO,,False
KUWAITSAT-1,55103,PAYLOAD,Sun-Synchronous,Kuwait,Civil,2023-01-03,,93.92,97.38,475,458,2023,3,SMALL,KWT,TECHNOLOGY DEVELOPMENT,LEO,,True
AAC-AIS-SAT-1,55107,PAYLOAD,Sun-Synchronous,United Kingdom,Commercial,2023-01-03,,96.85,97.96,615,601,2023,4,MEDIUM,UK,EARTH OBSERVATION,LEO,,True
USA 340,55138,PAYLOAD,,USA,Military,2022-11-01,,1441.49,4.42,36488,35296,2022,100,LARGE,US,TECHNOLOGY DEVELOPMENT,GEO,,True
SHIYAN 22A (SY-22A),55242,PAYLOAD,Non-Polar Inclined,China,Government,2023-01-13,2024-06-28,88.71,43.18,222,199,2023,100,MEDIUM,PRC,TECHNOLOGY DEVELOPMENT,LEO,,False
SHIYAN 22B (SY-22B),55243,PAYLOAD,Non-Polar Inclined,China,Government,2023-01-13,,92.33,43.18,405,373,2023,100,MEDIUM,PRC,TECHNOLOGY DEVELOPMENT,LEO,,True
YAOGAN-37,55244,PAYLOAD,Non-Polar Inclined,China,Military,2023-01-13,,95.06,43.2,528,515,2023,1000,LARGE,PRC,EARTH OBSERVATION,LEO,,True
USA 342,55263,PAYLOAD,,USA,Military,2023-01-15,,1436.15,0.02,35790,35785,2023,3200,,US,COMMUNICATIONS,GEO,,True
LDPE-3A,55264,PAYLOAD,,USA,Military,2023-01-15,,1450.81,1.14,36077,36072,2023,500,LARGE,US,TECHNOLOGY DEVELOPMENT,GEO,,True
HAWK-6B,55324,PAYLOAD,Non-Polar Inclined,USA,Commercial,2023-01-24,,94.89,40.51,514,512,2023,31,MEDIUM,US,SURVEILLANCE,LEO,,True
HAWK-6C,55326,PAYLOAD,Non-Polar Inclined,USA,Commercial,2023-01-24,,94.89,40.48,514,512,2023,31,MEDIUM,US,SURVEILLANCE,LEO,,True
HAWK-6A,55327,PAYLOAD,Non-Polar Inclined,USA,Commercial,2023-01-24,,94.89,40.5,514,512,2023,31,MEDIUM,US,SURVEILLANCE,LEO,,True
AMAZONAS NEXUS,55508,PAYLOAD,,Spain,Commercial,2023-02-07,,1436.14,0.02,35809,35766,2023,4000,LARGE,BRAZ,COMMUNICATIONS,GEO,,True
EOS-7,55562,PAYLOAD,Non-Polar Inclined,India,Government,2023-02-10,2025-01-01,88.24,37.17,189,186,2023,156,MEDIUM,IND,TECHNOLOGY DEMONSTRATION,LEO,,False
HORUS 1,55690,PAYLOAD,Sun-Synchronous,Egypt,Government,2023-02-24,,94.52,97.39,498,493,2023,330,LARGE,EGYP,EARTH OBSERVATION,LEO,,True
STARLINK-30050,55695,PAYLOAD,Non-Polar Inclined,USA,Commercial,2023-02-27,2024-07-27,87.93,42.99,178,166,2023,800,LARGE,US,COMMUNICATIONS,LEO,,False
STARLINK-30038,55696,PAYLOAD,Non-Polar Inclined,USA,Commercial,2023-02-27,2023-05-12,88.83,42.98,224,209,2023,800,LARGE,US,COMMUNICATIONS,LEO,,False
STARLINK-30040,55697,PAYLOAD,Non-Polar Inclined,USA,Commercial,2023-02-27,2024-08-23,91.5,43,349,347,2023,800,LARGE,US,COMMUNICATIONS,LEO,,False
STARLINK-30061,55698,PAYLOAD,Non-Polar Inclined,USA,Commercial,2023-02-27,2023-06-30,88.33,42.98,198,186,2023,800,LARGE,US,COMMUNICATIONS,LEO,,False
STARLINK-30055,55699,PAYLOAD,Non-Polar Inclined,USA,Commercial,2023-02-27,2024-07-27,88.52,42.99,210,192,2023,800,LARGE,US,COMMUNICATIONS,LEO,,False
STARLINK-30064,55700,PAYLOAD,Non-Polar Inclined,USA,Commercial,2023-02-27,2024-08-16,91.5,43,350,347,2023,800,LARGE,US,COMMUNICATIONS,LEO,,False
STARLINK-30065,55701,PAYLOAD,Non-Polar Inclined,USA,Commercial,2023-02-27,2024-07-25,88.82,42.99,225,207,2023,800,LARGE,US,COMMUNICATIONS,LEO,,False
STARLINK-30042,55702,PAYLOAD,Non-Polar Inclined,USA,Commercial,2023-02-27,2023-09-13,88.23,42.98,192,181,2023,800,LARGE,US,COMMUNICATIONS,LEO,,False
STARLINK-30044,55703,PAYLOAD,Non-Polar Inclined,USA,Commercial,2023-02-27,2023-06-14,87.92,42.99,180,163,2023,800,LARGE,US,COMMUNICATIONS,LEO,,False
STARLINK-30051,55704,PAYLOAD,Non-Polar Inclined,USA,Commercial,2023-02-27,2024-06-17,87.84,42.99,176,159,2023,800,LARGE,US,COMMUNICATIONS,LEO,,False
STARLINK-30057,55705,PAYLOAD,Non-Polar Inclined,USA,Commercial,2023-02-27,2024-07-25,89.3,42.99,242,238,2023,800,LARGE,US,COMMUNICATIONS,LEO,,False
STARLINK-30060,55707,PAYLOAD,Non-Polar Inclined,USA,Commercial,2023-02-27,2024-07-24,88.5,43,208,193,2023,800,LARGE,US,COMMUNICATIONS,LEO,,False
STARLINK-30058,55708,PAYLOAD,Non-Polar Inclined,USA,Commercial,2023-02-27,2023-08-07,87.44,42.98,153,142,2023,800,LARGE,US,COMMUNICATIONS,LEO,,False
STARLINK-30047,55709,PAYLOAD,Non-Polar Inclined,USA,Commercial,2023-02-27,2024-08-30,89.27,43,245,232,2023,800,LARGE,US,COMMUNICATIONS,LEO,,False
STARLINK-30046,55710,PAYLOAD,Non-Polar Inclined,USA,Commercial,2023-02-27,2024-08-08,91.34,43,343,337,2023,800,LARGE,US,COMMUNICATIONS,LEO,,False
STARLINK-30048,55711,PAYLOAD,Non-Polar Inclined,USA,Commercial,2023-02-27,2023-06-04,87.7,42.98,168,154,2023,800,LARGE,US,COMMUNICATIONS,LEO,,False
STARLINK-30037,55712,PAYLOAD,Non-Polar Inclined,USA,Commercial,2023-02-27,2024-07-25,88.19,42.98,205,165,2023,800,LARGE,US,COMMUNICATIONS,LEO,,False
STARLINK-30063,55713,PAYLOAD,Non-Polar Inclined,USA,Commercial,2023-02-27,2024-07-25,89.03,42.99,235,219,2023,800,LARGE,US,COMMUNICATIONS,LEO,,False
STARLINK-30059,55714,PAYLOAD,Non-Polar Inclined,USA,Commercial,2023-02-27,2023-09-23,88.8,42.95,221,210,2023,800,LARGE,US,COMMUNICATIONS,LEO,,False
TIANHUI 6A,55836,PAYLOAD,Sun-Synchronous near polar,China,Government,2023-03-09,,102.76,99,890,888,2023,1000,LARGE,PRC,EARTH OBSERVATION,LEO,,True
TIANHUI 6B,55839,PAYLOAD,Sun-Synchronous near polar,China,Government,2023-03-09,,102.76,99,891,887,2023,1000,LARGE,PRC,EARTH OBSERVATION,LEO,,True
LUCH (OLYMP) 2,55841,PAYLOAD,,Russia,Government,2023-03-12,,1436.1,0.04,35791,35782,2023,1930,LARGE,CIS,COMMUNICATIONS,GEO,,True
HORUS 2,55844,PAYLOAD,Sun-Synchronous,Egypt,Government,2023-03-13,,94.52,97.39,499,491,2023,330,LARGE,EGYP,EARTH OBSERVATION,LEO,,True
SHIYAN 19 (SY-19),55861,PAYLOAD,Sun-Synchronous,China,Government,2023-03-15,,93.42,97.44,449,435,2023,100,MEDIUM,PRC,TECHNOLOGY DEVELOPMENT,LEO,,True
CAPELLA-10 (WHITNEY),55909,PAYLOAD,Non-Polar Inclined,USA,Commercial,2023-03-16,,91.62,43.98,369,339,2023,112,LARGE,US,EARTH OBSERVATION,LEO,,True
CAPELLA-9 (WHITNEY),55910,PAYLOAD,Non-Polar Inclined,USA,Commercial,2023-03-16,2025-03-29,88.36,43.96,203,184,2023,112,LARGE,US,EARTH OBSERVATION,LEO,,False
GAOFEN 13 02,55912,PAYLOAD,,China,Government,2023-03-17,,1436.13,1.41,35803,35771,2023,4600,LARGE,PRC,EARTH OBSERVATION,GEO,,True
GLOBAL-19,55982,PAYLOAD,Non-Polar Inclined,USA,Commercial,2023-03-24,,93.57,42,455,443,2023,55,MEDIUM,US,EARTH OBSERVATION,LEO,,True
GLOBAL-5,55983,PAYLOAD,Non-Polar Inclined,USA,Commercial,2023-03-24,,93.57,42,455,444,2023,,MEDIUM,US,EARTH OBSERVATION,LEO,,True
OFEQ 13,56083,PAYLOAD,Retrograde,Israel,Military,2023-03-28,,,,,,2023,300,,ISRA,EARTH OBSERVATION,LEO,,True
COSMOS 2568,56091,PAYLOAD,Sun-Synchronous,Russia,Military,2023-03-29,2025-01-03,87.19,96.33,141,130,2023,,LARGE,CIS,EARTH/SPACE OBSERVATION,LEO,,False
CHECKMATE 8,56162,PAYLOAD,Polar,USA,Military,2023-04-02,,103.98,81,952,942,2023,150,LARGE,US,TECHNOLOGY DEMONSTRATION,LEO,,True
CHECKMATE 5,56163,PAYLOAD,Polar,USA,Military,2023-04-02,,103.98,81,952,942,2023,150,LARGE,US,TECHNOLOGY DEMONSTRATION,LEO,,True
CHECKMATE 4,56164,PAYLOAD,Polar,USA,Military,2023-04-02,,103.99,81,952,942,2023,150,LARGE,US,TECHNOLOGY DEMONSTRATION,LEO,,True
CHECKMATE 6,56165,PAYLOAD,Polar,USA,Military,2023-04-02,,103.98,81,952,942,2023,150,LARGE,US,TECHNOLOGY DEMONSTRATION,LEO,,True
CHECKMATE 7,56166,PAYLOAD,Polar,USA,Military,2023-04-02,,103.98,81,951,942,2023,150,LARGE,US,TECHNOLOGY DEMONSTRATION,LEO,,True
CHECKMATE 2,56167,PAYLOAD,Polar,USA,Military,2023-04-02,,103.97,81,951,941,2023,150,LARGE,US,TECHNOLOGY DEMONSTRATION,LEO,,True
CHECKMATE 1,56168,PAYLOAD,Polar,USA,Military,2023-04-02,,103.98,81,955,938,2023,150,LARGE,US,TECHNOLOGY DEMONSTRATION,LEO,,True
CHECKMATE 3,56169,PAYLOAD,Polar,USA,Military,2023-04-02,,103.96,81,951,941,2023,150,LARGE,US,TECHNOLOGY DEMONSTRATION,LEO,,True
BB 2,56170,PAYLOAD,Polar,USA,Military,2023-04-02,,104.4,81,973,959,2023,300,LARGE,US,TECHNOLOGY DEMONSTRATION,LEO,,True
BB 1,56171,PAYLOAD,Polar,USA,Military,2023-04-02,,104.4,81,977,955,2023,300,LARGE,US,TECHNOLOGY DEMONSTRATION,LEO,,True
ORBASTRO-AF 1,56179,PAYLOAD,Sun-Synchronous,United Kingdom,Commercial,2023-04-15,,92.72,97.33,412,403,2023,10,MEDIUM,UK,TECHNOLOGY DEVELOPMENT,LEO,,True
DEWASAT-2,56180,PAYLOAD,Sun-Synchronous,United Arab Emirates,Government,2023-04-15,2025-03-18,88.32,97.33,196,187,2023,10,MEDIUM,UAE,EARTH OBSERVATION,LEO,,False
KILICSAT,56181,PAYLOAD,Sun-Synchronous,Turkey,Commercial/Civil,2023-04-15,2025-01-31,87.49,97.31,154,146,2023,4,SMALL,TURK,COMMUNICATIONS,LEO,,False
LEMUR 2 ONREFLECTION,56182,PAYLOAD,Sun-Synchronous,USA,Commercial,2023-04-15,2024-10-07,88.01,97.31,181,171,2023,10,MEDIUM,US,EARTH OBSERVATION,LEO,,False
SATELIOT_0,56183,PAYLOAD,Sun-Synchronous,USA,Commercial,2023-04-15,,91.6,97.32,358,348,2023,4,MEDIUM,BGR,COMMUNICATIONS,LEO,,True
SSS-2B,56184,PAYLOAD,Sun-Synchronous,Multinational,Civil,2023-04-15,2024-12-26,87.37,97.31,148,141,2023,4,SMALL,TURK,TECHNOLOGY DEVELOPMENT,LEO,,False
BRO-9,56185,PAYLOAD,Sun-Synchronous,France,Commercial,2023-04-15,,93.15,97.33,433,424,2023,10,MEDIUM,FR,EARTH OBSERVATION,LEO,,True
GHGSAT-C8,56186,PAYLOAD,Sun-Synchronous,Canada,Commercial,2023-04-15,,93.48,97.33,450,439,2023,15,MEDIUM,CA,EARTH SCIENCE,LEO,,True
LEMUR 2 SPACEGUS,56187,PAYLOAD,Sun-Synchronous,Austria,Civil,2023-04-15,2024-08-17,91.28,97.34,342,333,2023,11.5,MEDIUM,US,EARTH SCIENCE,LEO,,False
CIRBE,56188,PAYLOAD,Sun-Synchronous,USA,Civil,2023-04-15,2024-10-04,88.25,97.32,193,183,2023,5,SMALL,US,SPACE SCIENCE,LEO,,False
IT'S ABOUT TIME,56189,PAYLOAD,Sun-Synchronous,USA,Commercial,2023-04-15,,91.71,97.33,363,353,2023,4,SMALL,US,TECHNOLOGY DEVELOPMENT,LEO,,True
NUSAT-36 (ANNIE CANNON),56190,PAYLOAD,Sun-Synchronous,Argentina,Commercial,2023-04-15,2025-04-15,87.77,97.29,169,159,2023,42,MEDIUM,ARGN,EARTH OBSERVATION,LEO,,False
HAWK-7A,56191,PAYLOAD,Sun-Synchronous,USA,Commercial,2023-04-15,,94.32,97.33,492,479,2023,31,MEDIUM,US,SURVEILLANCE,LEO,,True
HAWK-7B,56193,PAYLOAD,Sun-Synchronous,USA,Commercial,2023-04-15,,94.32,97.32,492,479,2023,31,MEDIUM,US,SURVEILLANCE,LEO,,True
NORSAT-TD,56194,PAYLOAD,Sun-Synchronous,Norway,Government,2023-04-15,,90.47,97.32,303,292,2023,35,MEDIUM,NOR,EARTH OBSERVATION,LEO,,True
GHOST-1,56195,PAYLOAD,Sun-Synchronous,USA,Commercial,2023-04-15,,93,97.33,427,416,2023,85,MEDIUM,US,EARTH OBSERVATION,LEO,,True
VIGORIDE 6,56196,PAYLOAD,Sun-Synchronous,USA,Commercial,2023-04-15,2024-11-23,87.27,97.29,144,134,2023,363,LARGE,US,TECHNOLOGY DEVELOPMENT,LEO,,False
GHOST-2,56197,PAYLOAD,Sun-Synchronous,USA,Commercial,2023-04-15,,92.5,97.33,403,391,2023,85,MEDIUM,US,EARTH OBSERVATION,LEO,,True
UMBRA-06,56198,PAYLOAD,Sun-Synchronous,USA,Commercial,2023-04-15,2024-11-18,87.92,97.3,175,169,2023,65,LARGE,US,EARTH OBSERVATION,LEO,,False
TOMORROW-R1,56199,PAYLOAD,Sun-Synchronous,USA,Commercial,2023-04-15,2025-04-19,88.02,97.31,180,173,2023,,MEDIUM,US,TECHNOLOGY DEVELOPMENT,LEO,,False
NUSAT-39 (TIKVAH ALPER),56201,PAYLOAD,Sun-Synchronous,Argentina,Commercial,2023-04-15,,93.21,97.33,438,426,2023,42,MEDIUM,ARGN,EARTH OBSERVATION,LEO,,True
NUSAT-38 (MARIA AGNESI),56202,PAYLOAD,Sun-Synchronous,Argentina,Commercial,2023-04-15,,93.29,97.33,447,424,2023,42,MEDIUM,ARGN,EARTH OBSERVATION,LEO,,True
NUSAT-37 (JOAN CLARKE),56203,PAYLOAD,Sun-Synchronous,Argentina,Commercial,2023-04-15,,93.26,97.3,440,428,2023,42,MEDIUM,ARGN,EARTH OBSERVATION,LEO,,True
GHGSAT-C6,56204,PAYLOAD,Sun-Synchronous,Canada,Commercial,2023-04-15,,93.48,97.34,453,437,2023,15,MEDIUM,CA,EARTH SCIENCE,LEO,,True
FACSAT-2,56205,PAYLOAD,Sun-Synchronous,Colombia,Military,2023-04-15,,92.15,97.33,386,374,2023,10,MEDIUM,COL,EARTH OBSERVATION,LEO,,True
LEMUR 2 ROMEO-N-LEO,56206,PAYLOAD,Sun-Synchronous,USA,Commercial,2023-04-15,2024-04-29,87.64,97.33,161,154,2023,10,SMALL,US,EARTH OBSERVATION,LEO,,False
PLEIADES YEARLING,56207,PAYLOAD,Sun-Synchronous,Kenya,Government,2023-04-15,2024-08-12,90.59,97.35,308,299,2023,4,SMALL,US,EARTH OBSERVATION,LEO,,False
TAIFA-1,56208,PAYLOAD,Sun-Synchronous,France,Commercial,2023-04-15,,88.76,97.31,218,209,2023,1,SMALL,KEN,TECHNOLOGY DEVELOPMENT,LEO,,True
GHGSAT-C7,56209,PAYLOAD,Sun-Synchronous,Canada,Commercial,2023-04-15,,93.51,97.33,454,438,2023,15,MEDIUM,CA,EARTH SCIENCE,LEO,,True
CONNECTA T2.1,56210,PAYLOAD,Sun-Synchronous,Turkey,Commercial,2023-04-15,,92.22,97.33,389,377,2023,10,MEDIUM,TURK,EARTH OBSERVATION,LEO,,True
INSPIRE-SAT 7,56211,PAYLOAD,Sun-Synchronous,France,Government,2023-04-15,2024-09-18,89.33,97.33,248,235,2023,3,SMALL,FR,EARTH/SPACE OBSERVATION,LEO,,False
ROSEYCUBESAT-1,56212,PAYLOAD,Sun-Synchronous,Monaco,Civil,2023-04-15,2024-09-01,88.45,97.34,204,192,2023,1,SMALL,MCO,TECHNOLOGY DEVELOPMENT,LEO,,False
SAPLING GIGANTEUM,56213,PAYLOAD,Sun-Synchronous,USA,Civil,2023-04-15,2024-09-18,87.38,97.32,152,138,2023,1,SMALL,US,EARTH OBSERVATION,LEO,,False
LS3C,56214,PAYLOAD,Sun-Synchronous,Lithuania,Commercial,2023-04-15,2024-10-30,87.57,97.31,159,150,2023,4,SMALL,LTU,COMMUNICATIONS,LEO,,False
VCUB1,56215,PAYLOAD,Sun-Synchronous,Brazil,Commercial,2023-04-15,2025-02-01,87.52,97.31,160,144,2023,10,MEDIUM,BRAZ,TECHNOLOGY DEMONSTRATION,LEO,,False
ELO-3,56216,PAYLOAD,Sun-Synchronous,France,Commercial,2023-04-15,2024-08-12,90.82,97.34,319,310,2023,10,MEDIUM,UK,TECHNOLOGY DEMONSTRATION,LEO,,False
KEPLER-20,56217,PAYLOAD,Sun-Synchronous,Canada,Commercial,2023-04-15,,92.49,97.33,404,389,2023,15,MEDIUM,CA,COMMUNICATIONS,LEO,,True
KEPLER-21,56218,PAYLOAD,Sun-Synchronous,Canada,Commercial,2023-04-15,,93.1,97.33,432,421,2023,15,SMALL,CA,COMMUNICATIONS,LEO,,True
LLITED B,56219,PAYLOAD,Sun-Synchronous,USA,Commercial,2023-04-15,2024-08-22,91.32,97.35,343,337,2023,2,SMALL,US,EARTH SCIENCE,LEO,,False
LLITED A,56220,PAYLOAD,Sun-Synchronous,USA,Commercial,2023-04-15,2024-08-26,91.47,97.34,350,343,2023,2,SMALL,US,EARTH SCIENCE,LEO,,False
IRIS-C,56221,PAYLOAD,Sun-Synchronous,Taiwan,Government,2023-04-15,2024-10-18,88.01,97.31,180,172,2023,3,SMALL,TWN,SPACE SCIENCE,LEO,,False
DISCO-1,56222,PAYLOAD,Sun-Synchronous,Denmark,Civil,2023-04-15,2025-01-28,88.2,97.32,188,183,2023,1,SMALL,DEN,SPACE SCIENCE,LEO,,False
VIREO,56223,PAYLOAD,Sun-Synchronous,Hungary,Commercial,2023-04-15,2024-08-08,90.33,97.35,299,283,2023,95,MEDIUM,HUN,TECHNOLOGY DEMONSTRATION,LEO,,False
STARLINK-30096,56286,PAYLOAD,Non-Polar Inclined,USA,Commercial,2023-04-19,2023-05-10,87.94,42.99,177,167,2023,750,LARGE,US,COMMUNICATIONS,LEO,,False
STARLINK-30107,56287,PAYLOAD,Non-Polar Inclined,USA,Commercial,2023-04-19,,95.84,43,560,558,2023,750,LARGE,US,COMMUNICATIONS,LEO,,True
STARLINK-30106,56288,PAYLOAD,Non-Polar Inclined,USA,Commercial,2023-04-19,,95.84,43,560,558,2023,750,LARGE,US,COMMUNICATIONS,LEO,,True
STARLINK-30095,56289,PAYLOAD,Non-Polar Inclined,USA,Commercial,2023-04-19,,95.84,43,560,558,2023,750,LARGE,US,COMMUNICATIONS,LEO,,True
STARLINK-30103,56290,PAYLOAD,Non-Polar Inclined,USA,Commercial,2023-04-19,,95.84,43,563,555,2023,750,LARGE,US,COMMUNICATIONS,LEO,,True
STARLINK-30113,56291,PAYLOAD,Non-Polar Inclined,USA,Commercial,2023-04-19,,95.84,43,559,559,2023,750,LARGE,US,COMMUNICATIONS,LEO,,True
STARLINK-30098,56292,PAYLOAD,Non-Polar Inclined,USA,Commercial,2023-04-19,,95.84,43,561,558,2023,750,LARGE,US,COMMUNICATIONS,LEO,,True
STARLINK-30090,56293,PAYLOAD,Non-Polar Inclined,USA,Commercial,2023-04-19,,95.84,43,560,558,2023,750,LARGE,US,COMMUNICATIONS,LEO,,True
STARLINK-30049,56294,PAYLOAD,Non-Polar Inclined,USA,Commercial,2023-04-19,,95.84,43,560,558,2023,750,LARGE,US,COMMUNICATIONS,LEO,,True
STARLINK-30083,56295,PAYLOAD,Non-Polar Inclined,USA,Commercial,2023-04-19,,95.84,43,561,557,2023,750,LARGE,US,COMMUNICATIONS,LEO,,True
STARLINK-30089,56296,PAYLOAD,Non-Polar Inclined,USA,Commercial,2023-04-19,,95.84,43,560,558,2023,750,LARGE,US,COMMUNICATIONS,LEO,,True
STARLINK-30086,56297,PAYLOAD,Non-Polar Inclined,USA,Commercial,2023-04-19,,95.84,43,561,557,2023,750,LARGE,US,COMMUNICATIONS,LEO,,True
STARLINK-30109,56298,PAYLOAD,Non-Polar Inclined,USA,Commercial,2023-04-19,,95.84,43.01,560,558,2023,750,LARGE,US,COMMUNICATIONS,LEO,,True
STARLINK-30108,56299,PAYLOAD,Non-Polar Inclined,USA,Commercial,2023-04-19,,95.84,43,559,559,2023,750,LARGE,US,COMMUNICATIONS,LEO,,True
STARLINK-30104,56300,PAYLOAD,Non-Polar Inclined,USA,Commercial,2023-04-19,,95.84,43.01,561,557,2023,750,LARGE,US,COMMUNICATIONS,LEO,,True
STARLINK-30101,56301,PAYLOAD,Non-Polar Inclined,USA,Commercial,2023-04-19,,95.84,43,560,558,2023,750,LARGE,US,COMMUNICATIONS,LEO,,True
STARLINK-30111,56302,PAYLOAD,Non-Polar Inclined,USA,Commercial,2023-04-19,,95.84,43,560,558,2023,750,LARGE,US,COMMUNICATIONS,LEO,,True
STARLINK-30097,56303,PAYLOAD,Non-Polar Inclined,USA,Commercial,2023-04-19,2024-07-23,87.87,42.97,178,160,2023,750,LARGE,US,COMMUNICATIONS,LEO,,False
STARLINK-30099,56304,PAYLOAD,Non-Polar Inclined,USA,Commercial,2023-04-19,,95.84,43,560,558,2023,750,LARGE,US,COMMUNICATIONS,LEO,,True
STARLINK-30094,56305,PAYLOAD,Non-Polar Inclined,USA,Commercial,2023-04-19,,95.84,43.01,562,556,2023,750,LARGE,US,COMMUNICATIONS,LEO,,True
STARLINK-30112,56306,PAYLOAD,Non-Polar Inclined,USA,Commercial,2023-04-19,,95.84,43,560,558,2023,750,LARGE,US,COMMUNICATIONS,LEO,,True
STARLINK-6038,56317,PAYLOAD,Sun-Synchronous,USA,Commercial,2023-04-27,,95.92,97.65,565,561,2023,300,LARGE,US,COMMUNICATIONS,LEO,,True
STARLINK-5954,56318,PAYLOAD,Sun-Synchronous,USA,Commercial,2023-04-27,,95.92,97.66,566,560,2023,300,LARGE,US,COMMUNICATIONS,LEO,,True
STARLINK-6039,56319,PAYLOAD,Sun-Synchronous,USA,Commercial,2023-04-27,,95.92,97.66,565,561,2023,300,LARGE,US,COMMUNICATIONS,LEO,,True
STARLINK-5988,56320,PAYLOAD,Sun-Synchronous,USA,Commercial,2023-04-27,,95.92,97.66,565,561,2023,300,LARGE,US,COMMUNICATIONS,LEO,,True
STARLINK-5876,56321,PAYLOAD,Sun-Synchronous,USA,Commercial,2023-04-27,,95.92,97.66,566,560,2023,300,LARGE,US,COMMUNICATIONS,LEO,,True
STARLINK-6033,56322,PAYLOAD,Sun-Synchronous,USA,Commercial,2023-04-27,,95.92,97.66,565,561,2023,300,LARGE,US,COMMUNICATIONS,LEO,,True
STARLINK-6035,56323,PAYLOAD,Sun-Synchronous,USA,Commercial,2023-04-27,,95.92,97.66,565,561,2023,300,LARGE,US,COMMUNICATIONS,LEO,,True
STARLINK-6034,56324,PAYLOAD,Sun-Synchronous,USA,Commercial,2023-04-27,,95.92,97.65,565,561,2023,300,LARGE,US,COMMUNICATIONS,LEO,,True
STARLINK-5981,56325,PAYLOAD,Sun-Synchronous,USA,Commercial,2023-04-27,,95.92,97.65,565,561,2023,300,LARGE,US,COMMUNICATIONS,LEO,,True
STARLINK-5980,56326,PAYLOAD,Sun-Synchronous,USA,Commercial,2023-04-27,,95.92,97.65,565,561,2023,300,LARGE,US,COMMUNICATIONS,LEO,,True
STARLINK-5997,56327,PAYLOAD,Sun-Synchronous,USA,Commercial,2023-04-27,,95.92,97.65,565,561,2023,300,LARGE,US,COMMUNICATIONS,LEO,,True
STARLINK-5992,56328,PAYLOAD,Sun-Synchronous,USA,Commercial,2023-04-27,,95.92,97.66,565,561,2023,300,LARGE,US,COMMUNICATIONS,LEO,,True
STARLINK-5984,56329,PAYLOAD,Sun-Synchronous,USA,Commercial,2023-04-27,,95.92,97.65,565,561,2023,300,LARGE,US,COMMUNICATIONS,LEO,,True
STARLINK-5967,56330,PAYLOAD,Sun-Synchronous,USA,Commercial,2023-04-27,,89.45,97.64,249,245,2023,300,LARGE,US,COMMUNICATIONS,LEO,,True
STARLINK-5991,56331,PAYLOAD,Sun-Synchronous,USA,Commercial,2023-04-27,,95.92,97.65,564,562,2023,300,LARGE,US,COMMUNICATIONS,LEO,,True
STARLINK-5093,56332,PAYLOAD,Sun-Synchronous,USA,Commercial,2023-04-27,,95.92,97.65,565,561,2023,300,LARGE,US,COMMUNICATIONS,LEO,,True
STARLINK-5553,56333,PAYLOAD,Sun-Synchronous,USA,Commercial,2023-04-27,,95.92,97.65,564,562,2023,300,LARGE,US,COMMUNICATIONS,LEO,,True
STARLINK-5548,56334,PAYLOAD,Sun-Synchronous,USA,Commercial,2023-04-27,,95.93,97.65,565,561,2023,300,LARGE,US,COMMUNICATIONS,LEO,,True
STARLINK-5559,56335,PAYLOAD,Sun-Synchronous,USA,Commercial,2023-04-27,,95.95,97.65,566,563,2023,300,LARGE,US,COMMUNICATIONS,LEO,,True
STARLINK-5562,56336,PAYLOAD,Sun-Synchronous,USA,Commercial,2023-04-27,,95.92,97.65,565,561,2023,300,LARGE,US,COMMUNICATIONS,LEO,,True
STARLINK-5561,56337,PAYLOAD,Sun-Synchronous,USA,Commercial,2023-04-27,,95.92,97.65,564,562,2023,300,LARGE,US,COMMUNICATIONS,LEO,,True
STARLINK-5554,56338,PAYLOAD,Sun-Synchronous,USA,Commercial,2023-04-27,,95.92,97.65,564,562,2023,300,LARGE,US,COMMUNICATIONS,LEO,,True
STARLINK-5552,56339,PAYLOAD,Sun-Synchronous,USA,Commercial,2023-04-27,,95.92,97.65,564,562,2023,300,LARGE,US,COMMUNICATIONS,LEO,,True
STARLINK-5540,56340,PAYLOAD,Sun-Synchronous,USA,Commercial,2023-04-27,,95.92,97.65,564,562,2023,300,LARGE,US,COMMUNICATIONS,LEO,,True
STARLINK-5543,56341,PAYLOAD,Sun-Synchronous,USA,Commercial,2023-04-27,,95.92,97.66,566,559,2023,300,LARGE,US,COMMUNICATIONS,LEO,,True
STARLINK-5955,56342,PAYLOAD,Sun-Synchronous,USA,Commercial,2023-04-27,,95.92,97.65,564,562,2023,300,LARGE,US,COMMUNICATIONS,LEO,,True
STARLINK-5976,56343,PAYLOAD,Sun-Synchronous,USA,Commercial,2023-04-27,,95.92,97.65,566,560,2023,300,LARGE,US,COMMUNICATIONS,LEO,,True
STARLINK-5974,56344,PAYLOAD,Sun-Synchronous,USA,Commercial,2023-04-27,,95.92,97.65,565,561,2023,300,LARGE,US,COMMUNICATIONS,LEO,,True
STARLINK-5979,56345,PAYLOAD,Sun-Synchronous,USA,Commercial,2023-04-27,,95.92,97.66,565,562,2023,300,LARGE,US,COMMUNICATIONS,LEO,,True
STARLINK-5837,56346,PAYLOAD,Sun-Synchronous,USA,Commercial,2023-04-27,,95.92,97.65,564,562,2023,300,LARGE,US,COMMUNICATIONS,LEO,,True
STARLINK-5829,56347,PAYLOAD,Sun-Synchronous,USA,Commercial,2023-04-27,,95.95,97.66,566,562,2023,300,LARGE,US,COMMUNICATIONS,LEO,,True
STARLINK-5888,56348,PAYLOAD,Sun-Synchronous,USA,Commercial,2023-04-27,,96.09,97.66,578,564,2023,300,LARGE,US,COMMUNICATIONS,LEO,,True
STARLINK-5887,56349,PAYLOAD,Sun-Synchronous,USA,Commercial,2023-04-27,,95.92,97.66,564,562,2023,300,LARGE,US,COMMUNICATIONS,LEO,,True
STARLINK-5886,56350,PAYLOAD,Sun-Synchronous,USA,Commercial,2023-04-27,,95.92,97.66,564,562,2023,300,LARGE,US,COMMUNICATIONS,LEO,,True
STARLINK-5891,56351,PAYLOAD,Sun-Synchronous,USA,Commercial,2023-04-27,,95.92,97.66,564,562,2023,300,LARGE,US,COMMUNICATIONS,LEO,,True
STARLINK-5885,56352,PAYLOAD,Sun-Synchronous,USA,Commercial,2023-04-27,,95.92,97.66,566,561,2023,300,LARGE,US,COMMUNICATIONS,LEO,,True
STARLINK-5874,56353,PAYLOAD,Sun-Synchronous,USA,Commercial,2023-04-27,,95.92,97.66,565,561,2023,300,LARGE,US,COMMUNICATIONS,LEO,,True
STARLINK-5877,56354,PAYLOAD,Sun-Synchronous,USA,Commercial,2023-04-27,,95.92,97.66,564,562,2023,300,LARGE,US,COMMUNICATIONS,LEO,,True
STARLINK-5533,56355,PAYLOAD,Sun-Synchronous,USA,Commercial,2023-04-27,,95.92,97.66,566,560,2023,300,LARGE,US,COMMUNICATIONS,LEO,,True
STARLINK-5535,56356,PAYLOAD,Sun-Synchronous,USA,Commercial,2023-04-27,,95.92,97.66,564,562,2023,300,LARGE,US,COMMUNICATIONS,LEO,,True
STARLINK-5538,56357,PAYLOAD,Sun-Synchronous,USA,Commercial,2023-04-27,,95.89,97.66,562,561,2023,300,LARGE,US,COMMUNICATIONS,LEO,,True
STARLINK-5482,56358,PAYLOAD,Sun-Synchronous,USA,Commercial,2023-04-27,,95.92,97.66,565,562,2023,300,LARGE,US,COMMUNICATIONS,LEO,,True
STARLINK-5551,56359,PAYLOAD,Sun-Synchronous,USA,Commercial,2023-04-27,,95.92,97.66,565,561,2023,300,LARGE,US,COMMUNICATIONS,LEO,,True
STARLINK-5549,56360,PAYLOAD,Sun-Synchronous,USA,Commercial,2023-04-27,,95.92,97.65,564,562,2023,300,LARGE,US,COMMUNICATIONS,LEO,,True
STARLINK-5550,56361,PAYLOAD,Sun-Synchronous,USA,Commercial,2023-04-27,,95.92,97.66,565,561,2023,300,LARGE,US,COMMUNICATIONS,LEO,,True
STARLINK-5972,56362,PAYLOAD,Sun-Synchronous,USA,Commercial,2023-04-27,,95.92,97.66,564,562,2023,300,LARGE,US,COMMUNICATIONS,LEO,,True
