INFO_SATNAME,INFO_NORAD_NUMBER,INFO_OBJECT_TYPE,INFO_TYPE_OF_ORBIT,INFO_COUNTRY_OF_OPERATOR_OWNER,INFO_USERS,INFO_LAUNCH_DATE,INFO_REENTRY_DATE,PERIOD,INCLINATION,APOGEE,PERIGEE,LAUNCH_YEAR,LAUNCH_MASS_KG,RCS_SIZE,COUNTRY,PURPOSE,CLASS_OF_ORBIT,EXPECTED_LIFETIME_YRS,INFO_NO_REENTRY_RECORDED
TDRS 5,21639,PAYLOAD,,USA,Government/Commercial,1991-08-02,,1440.65,14.12,35890,35861,1991,3180,LARGE,US,COMMUNICATIONS,GEO,10,True
INMARSAT 3-F3,24674,PAYLOAD,,United Kingdom,Commercial,1996-12-18,,1440.12,9.4,35883,35848,1996,2074,LARGE,IM,COMMUNICATIONS,GEO,13,True
USA 134,25019,PAYLOAD,,USA,Military,1997-10-25,,1436.06,12.28,35803,35769,1997,1156,LARGE,US,COMMUNICATIONS,GEO,10,True
ASTRA 1G,25071,PAYLOAD,,Luxembourg,Commercial,1997-12-02,,1454.03,8.53,36159,36115,1997,3379,LARGE,SES,COMMUNICATIONS,GEO,15,True
ORBCOMM FM 8,25112,PAYLOAD,Non-Polar Inclined,USA,Commercial,1997-12-23,,99.61,45.01,744,736,1997,45,MEDIUM,ORB,COMMUNICATIONS,LEO,5,True
ORBCOMM FM 7,25119,PAYLOAD,Non-Polar Inclined,USA,Commercial,1997-12-23,,99.6,45.01,741,737,1997,45,MEDIUM,ORB,COMMUNICATIONS,LEO,5,True
NOAA 15,25338,PAYLOAD,Sun-Synchronous,USA,Government,1998-05-13,,100.91,98.54,810,794,1998,2223,LARGE,US,EARTH OBSERVATION,LEO,3,True
ORBCOMM FM 14,25419,PAYLOAD,Non-Polar Inclined,USA,Commercial,1998-08-02,,100.09,44.99,766,760,1998,45,MEDIUM,ORB,COMMUNICATIONS,LEO,5,True
SCD 2,25504,PAYLOAD,Non-Polar Inclined,Brazil,Government,1998-10-23,,99.64,24.99,753,729,1998,110,MEDIUM,BRAZ,EARTH OBSERVATION,LEO,3,True
UFO 10 (USA 146),25967,PAYLOAD,,USA,Military,1999-11-23,,1436.11,9.7,35798,35776,1999,3200,LARGE,US,COMMUNICATIONS,GEO,4,True
ORBCOMM FM 30,25980,PAYLOAD,Non-Polar Inclined,USA,Commercial,1999-12-04,,100.2,45.03,773,763,1999,45,MEDIUM,ORB,COMMUNICATIONS,LEO,5,True
XMM,25989,PAYLOAD,Deep Highly Eccentric,ESA,Government,1999-12-10,,2872.48,66.5,93262,27855,1999,3764,LARGE,ESA,SPACE SCIENCE,ELLIPTICAL,10,True
SIRIUS 1,26390,PAYLOAD,Molniya,USA,Commercial,2000-06-30,,912.1,59.37,24786,24767,2000,3727,LARGE,US,COMMUNICATIONS,ELLIPTICAL,15,True
CLUSTER II-FM5,26463,PAYLOAD,Deep Highly Eccentric,ESA,Government,2000-08-09,,3356.43,153.2,135047,713,2000,1200,LARGE,ESA,SPACE SCIENCE,ELLIPTICAL,4,True
NAVSTAR 49 (USA 154),26605,PAYLOAD,Non-Polar Inclined,USA,Military/Commercial,2000-11-10,,717.99,55.4,20621,19744,2000,2217,LARGE,US,NAVIGATION/GLOBAL POSITIONING,MEO,10,True
USA 159,26880,PAYLOAD,,USA,Military,2001-08-06,,1436.05,12.39,35789,35782,2001,2380,LARGE,US,EARTH OBSERVATION,GEO,9,True
GALAXY 3C,27445,PAYLOAD,,USA,Commercial,2002-06-15,,1436.11,2.64,35799,35774,2002,4860,LARGE,US,COMMUNICATIONS,GEO,15,True
EUTE 5 WEST A (STELLAT5),27460,PAYLOAD,,Multinational,Commercial,2002-07-05,,1464.06,4.99,36382,36283,2002,4050,LARGE,EUTE,COMMUNICATIONS,GEO,15,True
COSMOS 2391,27465,PAYLOAD,Polar,Russia,Military,2002-07-08,,115.67,82.48,1507,1464,2002,225,MEDIUM,CIS,COMMUNICATIONS,LEO,3,True
METEOSAT 8 (MSG 1),27509,PAYLOAD,,Multinational,Government/Civil,2002-08-28,,1470.86,10.42,36528,36401,2002,2000,LARGE,EUME,EARTH OBSERVATION,GEO,12,True
CORIOLIS,27640,PAYLOAD,Sun-Synchronous,USA,Military,2003-01-06,,101.42,98.71,836,816,2003,817,LARGE,US,EARTH OBSERVATION,LEO,3,True
USA 167,27691,PAYLOAD,,USA,Military,2003-03-11,,1436.12,10.12,35802,35772,2003,1156,LARGE,US,COMMUNICATIONS,GEO,10,True
OPTUS C1,27831,PAYLOAD,,Australia,Military/Commercial,2003-06-11,,1436.09,5.83,35812,35761,2003,4800,LARGE,AUS,COMMUNICATIONS,GEO,15,True
USA 170,27875,PAYLOAD,,USA,Military,2003-08-29,,1436.15,9.6,35797,35779,2003,1156,LARGE,US,COMMUNICATIONS,GEO,10,True
USA 176,28158,PAYLOAD,,USA,Military,2004-02-14,,1436.1,11.49,35790,35783,2004,2380,,US,EARTH OBSERVATION,GEO,9,True
AMC-15,28446,PAYLOAD,,USA,Commercial,2004-10-14,,1436.1,0.05,35796,35777,2004,4200,LARGE,SES,COMMUNICATIONS,GEO,15,True
XM-3,28626,PAYLOAD,,USA,Commercial,2005-03-01,,1436.03,0.02,35792,35779,2005,4703,LARGE,US,COMMUNICATIONS,GEO,15,True
SJ-7,28737,PAYLOAD,Sun-Synchronous,China,Government,2005-07-05,,95.12,97.76,538,511,2005,,LARGE,PRC,SPACE SCIENCE,LEO,3,True
GALAXY 14,28790,PAYLOAD,,USA,Commercial,2005-08-13,,1455.76,3.94,36192,36149,2005,2086,LARGE,US,COMMUNICATIONS,GEO,15,True
GALAXY 15,28884,PAYLOAD,,USA,Commercial,2005-10-13,,1455.4,2.44,36217,36110,2005,2033,LARGE,ITSO,COMMUNICATIONS,GEO,15,True
SYRACUSE 3A,28885,PAYLOAD,,France,Military,2005-10-13,,1436.05,3.57,35799,35772,2005,3725,LARGE,FR,COMMUNICATIONS,GEO,12,True
ECHOSTAR 10,28935,PAYLOAD,,USA,Commercial,2006-02-15,,1436.1,0.06,35794,35779,2006,4333,LARGE,US,COMMUNICATIONS,GEO,15,True
FORMOSAT 3D,29050,PAYLOAD,Polar,Taiwan,Government/Civil,2006-04-15,,98.27,72.01,708,644,2006,70,MEDIUM,TWN,EARTH OBSERVATION,LEO,2,True
CLOUDSAT,29107,PAYLOAD,Sun-Synchronous,USA,Government/Civil,2006-04-28,,96.97,98.42,616,611,2006,848,LARGE,US,EARTH OBSERVATION,LEO,2,True
EUTE 113 WEST A(SATMEX 6,29162,PAYLOAD,,Multinational,Commercial,2006-05-27,,1455.44,1.28,36181,36148,2006,5456,LARGE,EUTE,COMMUNICATIONS,GEO,15,True
GENESIS 1,29252,PAYLOAD,Non-Polar Inclined,USA,Commercial,2006-07-12,,91.22,64.5,355,313,2006,1360,LARGE,US,TECHNOLOGY DEVELOPMENT,LEO,5,True
EUTE HOT BIRD 13B (HB 8),29270,PAYLOAD,,Multinational,Commercial,2006-08-04,,1436.1,0.57,35804,35769,2006,4900,LARGE,EUTE,COMMUNICATIONS,GEO,15,True
NAVSTAR 58 (USA 190),29486,PAYLOAD,Non-Polar Inclined,USA,Military/Commercial,2006-09-25,,717.97,54.68,20458,19906,2006,2060,LARGE,US,NAVIGATION/GLOBAL POSITIONING,MEO,10,True
DIRECTV 9S,29494,PAYLOAD,,USA,Commercial,2006-10-13,,1436.1,1.33,35800,35774,2006,5500,LARGE,US,COMMUNICATIONS,GEO,15,True
OPTUS D1,29495,PAYLOAD,,Australia,Commercial,2006-10-13,,1436.13,1.95,35804,35771,2006,2300,LARGE,AUS,COMMUNICATIONS,GEO,15,True
ARABSAT 4B,29526,PAYLOAD,,Multinational,Government,2006-11-08,,1436.06,0.92,35812,35759,2006,3304,LARGE,AB,COMMUNICATIONS,GEO,15,True
COSMOS 2425 (GLONASS),29670,PAYLOAD,Non-Polar Inclined,Russia,Military/Commercial,2006-12-25,,675.69,64.69,19185,19072,2006,1480,LARGE,CIS,NAVIGATION/GLOBAL POSITIONING,MEO,7,True
AIM,31304,PAYLOAD,Sun-Synchronous,USA,Government,2007-04-25,2024-08-19,90.78,97.88,318,308,2007,215,LARGE,US,EARTH OBSERVATION,LEO,2,False
GENESIS 2,31789,PAYLOAD,Non-Polar Inclined,USA,Commercial,2007-06-28,,91.76,64.48,374,347,2007,1360,LARGE,US,TECHNOLOGY DEVELOPMENT,LEO,5,True
DIRECTV 10,31862,PAYLOAD,,USA,Commercial,2007-07-07,,1436.11,0,35787,35786,2007,5900,LARGE,US,COMMUNICATIONS,GEO,15,True
COSMOS 2432 (GLONASS),32276,PAYLOAD,Non-Polar Inclined,Russia,Military/Commercial,2007-10-26,,675.73,65.82,19155,19105,2007,1480,LARGE,CIS,NAVIGATION/GLOBAL POSITIONING,MEO,7,True
SKYNET 5B,32294,PAYLOAD,,United Kingdom,Military,2007-11-14,,1436.07,4.18,35802,35770,2007,4635,LARGE,UK,COMMUNICATIONS,GEO,15,True
COSMOS 2434 (GLONASS),32393,PAYLOAD,Non-Polar Inclined,Russia,Military/Commercial,2007-12-25,,675.73,64.31,19135,19125,2007,1480,LARGE,CIS,NAVIGATION/GLOBAL POSITIONING,MEO,7,True
COSMOS 2436 (GLONASS),32395,PAYLOAD,Non-Polar Inclined,Russia,Military/Commercial,2007-12-25,,675.74,64.32,19173,19087,2007,1480,LARGE,CIS,NAVIGATION/GLOBAL POSITIONING,MEO,7,True
VINASAT 1,32767,PAYLOAD,,Vietnam,Government,2008-04-18,,1436.13,0.01,35795,35779,2008,2600,LARGE,VTNM,COMMUNICATIONS,GEO,15,True
GALAXY 18,32951,PAYLOAD,,USA,Commercial,2008-05-21,,1436.11,0.01,35799,35774,2008,4642,LARGE,US,COMMUNICATIONS,GEO,15,True
COSMOS 2438,32955,PAYLOAD,Polar,Russia,Military,2008-05-23,,115.82,82.5,1510,1475,2008,280,MEDIUM,CIS,COMMUNICATIONS,LEO,5,True
BADR 6,33154,PAYLOAD,,Multinational,Government,2008-07-07,,1458.33,1.77,36269,36172,2008,3400,LARGE,AB,COMMUNICATIONS,GEO,15,True
ECHOSTAR 11,33207,PAYLOAD,,USA,Commercial,2008-07-16,,1436.1,0.04,35798,35775,2008,5500,LARGE,US,COMMUNICATIONS,GEO,15,True
AMC-21,33275,PAYLOAD,,USA,Commercial,2008-08-14,,1436.1,1.86,35799,35774,2008,2500,LARGE,SES,COMMUNICATIONS,GEO,15,True
GEOEYE 1,33331,PAYLOAD,Sun-Synchronous,USA,Government/Commercial,2008-09-06,,98.32,98.11,680,676,2008,1955,LARGE,US,EARTH OBSERVATION,LEO,7,True
THEOS,33396,PAYLOAD,Sun-Synchronous,Thailand,Government,2008-10-01,,101.4,98.61,826,824,2008,750,LARGE,THAI,EARTH OBSERVATION,LEO,5,True
SHIJIAN 6 03A (SJ-6 03A),33408,PAYLOAD,Sun-Synchronous,China,Government,2008-10-25,,95.28,97.88,541,523,2008,,LARGE,PRC,SPACE SCIENCE,LEO,3,True
ASTRA 1M,33436,PAYLOAD,,Luxembourg,Commercial,2008-11-05,,1436.08,0.07,35798,35774,2008,5345,LARGE,SES,COMMUNICATIONS,GEO,15,True
EXPRESS AM-44,33595,PAYLOAD,,Russia,Commercial,2009-02-11,,1436.1,2.38,35804,35769,2009,2532,LARGE,CIS,COMMUNICATIONS,GEO,12,True
EUTE 10A (EUTE W2A),34710,PAYLOAD,,Multinational,Commercial,2009-04-03,,1467.65,1.93,36432,36373,2009,5900,LARGE,EUTE,COMMUNICATIONS,GEO,15,True
SICRAL 1B,34810,PAYLOAD,,Italy,Military/Commercial,2009-04-20,,,,,,2009,3038,,IT,COMMUNICATIONS,GEO,12,True
SES 7 (PROTOSTAR 2),34941,PAYLOAD,,Luxembourg,Commercial,2009-05-16,,1436.13,0.09,35794,35781,2009,4007,LARGE,SES,COMMUNICATIONS,GEO,15,True
COSMOS 2451,35498,PAYLOAD,Polar,Russia,Military,2009-07-06,,116.05,82.49,1509,1497,2009,280,MEDIUM,CIS,COMMUNICATIONS,LEO,5,True
ASIASAT 5,35696,PAYLOAD,,China,Commercial,2009-08-11,,1436.12,0.02,35794,35780,2009,3760,LARGE,AC,COMMUNICATIONS,GEO,15,True
ITUPSAT 1,35935,PAYLOAD,Sun-Synchronous,Turkey,Civil,2009-09-23,,98.67,98.44,701,689,2009,1,SMALL,TURK,TECHNOLOGY DEVELOPMENT,LEO,1,True
SMOS,36036,PAYLOAD,Sun-Synchronous,ESA,Government,2009-11-02,,100.02,98.44,760,758,2009,658,LARGE,ESA,EARTH OBSERVATION,LEO,3,True
EUTE 36B (EUTE W7),36101,PAYLOAD,,Multinational,Commercial,2009-11-24,,1436.08,0.09,35813,35759,2009,5600,LARGE,EUTE,COMMUNICATIONS,GEO,15,True
COSMOS 2457 (GLONASS),36112,PAYLOAD,Non-Polar Inclined,Russia,Military/Commercial,2009-12-14,,675.74,64.75,19135,19125,2009,1415,LARGE,CIS,NAVIGATION/GLOBAL POSITIONING,MEO,7,True
HELIOS 2B,36124,PAYLOAD,Sun-Synchronous,France/Italy/Belgium/Spain/Greece,Military,2009-12-17,2023-12-14,87.28,98.16,149,130,2009,4200,LARGE,FR,EARTH OBSERVATION,LEO,5,False
SDO,36395,PAYLOAD,,USA,Government,2010-02-11,,1436.08,33.77,35789,35784,2010,3100,LARGE,US,SPACE SCIENCE,GEO,5,True
COSMOS 2461 (GLONASS),36401,PAYLOAD,Non-Polar Inclined,Russia,Military/Commercial,2010-03-01,,675.72,65.67,19183,19076,2010,1415,LARGE,CIS,NAVIGATION/GLOBAL POSITIONING,MEO,7,True
CRYOSAT 2,36508,PAYLOAD,Polar,ESA,Government,2010-04-08,,99.18,92.01,721,718,2010,720,LARGE,ESA,EARTH OBSERVATION,LEO,3,True
BADR-5 (ARABSAT 5B),36592,PAYLOAD,,Multinational,Government,2010-06-03,,1436.12,0.05,35800,35774,2010,5420,LARGE,AB,COMMUNICATIONS,GEO,15,True
TANDEM X,36605,PAYLOAD,Sun-Synchronous,Germany,Government,2010-06-21,,94.79,97.45,510,507,2010,1350,LARGE,GER,EARTH OBSERVATION,LEO,5,True
BEIDOU 5,36828,PAYLOAD,,China,Military/Government,2010-07-31,,1435.78,54.27,35987,35574,2010,4200,LARGE,PRC,NAVIGATION/GLOBAL POSITIONING,GEO,8,True
NILESAT 201,36830,PAYLOAD,,Egypt,Government,2010-08-04,,1436.08,0.04,35802,35771,2010,3200,LARGE,EGYP,COMMUNICATIONS,GEO,15,True
COSMOS 2468,37154,PAYLOAD,Polar,Russia,Military,2010-09-08,,115.78,82.46,1502,1479,2010,225,LARGE,CIS,COMMUNICATIONS,LEO,3,True
GLOBALSTAR M079,37188,PAYLOAD,Non-Polar Inclined,USA,Commercial,2010-10-19,,114.08,52,1414,1413,2010,700,LARGE,GLOB,COMMUNICATIONS,LEO,15,True
GLOBALSTAR M074,37189,PAYLOAD,Non-Polar Inclined,USA,Commercial,2010-10-19,,114.08,52,1414,1413,2010,700,LARGE,GLOB,COMMUNICATIONS,LEO,15,True
GLOBALSTAR M073,37193,PAYLOAD,Non-Polar Inclined,USA,Commercial,2010-10-19,,114.08,52.01,1414,1413,2010,700,LARGE,GLOB,COMMUNICATIONS,LEO,15,True
INTELSAT 17,37238,PAYLOAD,,USA,Commercial,2010-11-26,,1436.08,0.02,35797,35775,2010,5540,LARGE,ITSO,COMMUNICATIONS,GEO,16,True
KOREASAT 6,37265,PAYLOAD,,South Korea,Commercial,2010-12-29,,1436.1,0.04,35794,35780,2010,2850,LARGE,SKOR,COMMUNICATIONS,GEO,15,True
USA 224,37348,PAYLOAD,Elliptical,USA,Military,2011-01-20,,96.7,97.94,948,258,2011,18000,,US,EARTH OBSERVATION,LEO,5,True
YAHSAT 1A,37393,PAYLOAD,,United Arab Emirates,Military/Commercial,2011-04-22,,1436.13,0.02,35800,35775,2011,5953,LARGE,UAE,COMMUNICATIONS,GEO,15,True
SBIRS GEO 1 (USA 230),37481,PAYLOAD,,USA,Military,2011-05-07,,1436.09,3.63,35797,35776,2011,4500,LARGE,US,EARTH OBSERVATION,GEO,12,True
GSAT 8,37605,PAYLOAD,,India,Government,2011-05-20,,1436.07,1.04,35806,35766,2011,3093,LARGE,IND,COMMUNICATIONS/NAVIGATION,GEO,12,True
STS 135,37736,PAYLOAD,Non-Polar Inclined,USA,Commercial,2011-07-08,2011-07-21,92.11,51.64,385,371,2011,260,LARGE,US,COMMUNICATIONS,LEO,4,False
GLOBALSTAR M091,37741,PAYLOAD,Non-Polar Inclined,USA,Commercial,2011-07-13,,114.08,52,1414,1413,2011,700,LARGE,GLOB,COMMUNICATIONS,LEO,15,True
GLOBALSTAR M089,37744,PAYLOAD,Non-Polar Inclined,USA,Commercial,2011-07-13,,114.08,52,1414,1413,2011,700,LARGE,GLOB,COMMUNICATIONS,LEO,15,True
SES 3,37748,PAYLOAD,,Luxembourg,Commercial,2011-07-15,,1436.1,0.24,35798,35775,2011,3112,LARGE,US,COMMUNICATIONS,GEO,15,True
KAZSAT 2,37749,PAYLOAD,,Kazakhstan,Commercial,2011-07-15,,1436.1,0.04,35793,35780,2011,1300,LARGE,KAZ,COMMUNICATIONS,GEO,12,True
ASTRA 1N,37775,PAYLOAD,,Luxembourg,Commercial,2011-08-06,,1436.08,0.09,35812,35761,2011,5350,LARGE,SES,COMMUNICATIONS,GEO,15,True
BSAT-3C,37776,PAYLOAD,,Japan,Commercial,2011-08-06,,1436.14,0.03,35788,35787,2011,2910,LARGE,JPN,COMMUNICATIONS,GEO,15,True
NIGERIASAT 2,37789,PAYLOAD,Sun-Synchronous,Nigeria,Government,2011-08-17,,97.96,97.83,683,639,2011,300,MEDIUM,NIG,EARTH OBSERVATION,LEO,7,True
MEGHA-TROPIQUES,37838,PAYLOAD,Non-Polar Inclined,India/France,Government,2011-10-12,2023-03-07,90.86,19.96,381,253,2011,1000,LARGE,IND,EARTH OBSERVATION,LEO,5,False
SRMSAT,37841,PAYLOAD,Non-Polar Inclined,India,Civil,2011-10-12,,102.03,19.97,863,846,2011,10.9,MEDIUM,IND,TECHNOLOGY DEVELOPMENT,LEO,1,True
GLOBALSTAR M084,38040,PAYLOAD,Non-Polar Inclined,USA,Commercial,2011-12-28,,114.08,52,1414,1413,2011,700,LARGE,GLOB,COMMUNICATIONS,LEO,15,True
GLOBALSTAR M080,38041,PAYLOAD,Non-Polar Inclined,USA,Commercial,2011-12-28,,114.05,52.01,1413,1411,2011,700,LARGE,GLOB,COMMUNICATIONS,LEO,15,True
GLOBALSTAR M090,38044,PAYLOAD,Non-Polar Inclined,USA,Commercial,2011-12-28,,114.08,51.99,1414,1413,2011,700,LARGE,GLOB,COMMUNICATIONS,LEO,15,True
SES 4,38087,PAYLOAD,,Luxembourg,Commercial,2012-02-14,,1436.12,0.02,35798,35776,2012,,LARGE,SES,COMMUNICATIONS,GEO,15,True
APSTAR 7,38107,PAYLOAD,,China,Commercial,2012-03-31,,1436.1,0.01,35798,35775,2012,5054,MEDIUM,PRC,COMMUNICATIONS,GEO,15,True
BEIDOU 12,38250,PAYLOAD,Non-Polar Inclined,China,Military/Government,2012-04-29,,773.22,56.11,21585,21470,2012,2200,LARGE,PRC,NAVIGATION/GLOBAL POSITIONING,MEO,8,True
BEIDOU 13,38251,PAYLOAD,Non-Polar Inclined,China,Military/Government,2012-04-29,,773.23,56.01,21560,21496,2012,2200,LARGE,PRC,NAVIGATION/GLOBAL POSITIONING,MEO,8,True
VINASAT 2,38332,PAYLOAD,,Vietnam,Government,2012-05-15,,1436.11,0.01,35797,35776,2012,2970,LARGE,VTNM,COMMUNICATIONS,GEO,15,True
KOMPSAT 3,38338,PAYLOAD,Sun-Synchronous,South Korea,Government/Commercial,2012-05-17,,98.47,98.3,690,681,2012,980,LARGE,SKOR,EARTH OBSERVATION,LEO,4,True
INTELSAT 19,38356,PAYLOAD,,USA,Commercial,2012-06-01,,1436.09,0.02,35800,35773,2012,5600,LARGE,ITSO,COMMUNICATIONS,GEO,15,True
KANOPUS-V 1,38707,PAYLOAD,Sun-Synchronous,Russia,Government,2012-07-22,2024-11-19,87.85,97.48,172,164,2012,400,LARGE,CIS,EARTH OBSERVATION,LEO,5,False
GALILEO-FM4,38858,PAYLOAD,Non-Polar Inclined,ESA,Commercial,2012-10-12,,874.89,55.53,23926,23921,2012,700,LARGE,ESA,NAVIGATION/GLOBAL POSITIONING,MEO,12,True
EUTE 21B,38992,PAYLOAD,,Multinational,Commercial,2012-11-10,,1436.11,0.07,35799,35775,2012,5102,LARGE,EUTE,COMMUNICATIONS,GEO,15,True
SKYNET 5D,39034,PAYLOAD,,United Kingdom,Military,2012-12-19,,1436.12,0.07,35802,35772,2012,4638,LARGE,UK,COMMUNICATIONS,GEO,15,True
COSMOS 2482,39057,PAYLOAD,Polar,Russia,Military,2013-01-15,,115.85,82.49,1515,1473,2013,250,LARGE,CIS,COMMUNICATIONS,LEO,5,True
IGS 8A,39061,PAYLOAD,Sun-Synchronous,Japan,Government,2013-01-27,,,,,,2013,1600,,JPN,EARTH OBSERVATION,LEO,5,True
GLOBALSTAR M096,39075,PAYLOAD,Non-Polar Inclined,USA,Commercial,2013-02-06,,114.08,52.01,1414,1413,2013,700,LARGE,GLOB,COMMUNICATIONS,LEO,15,True
EUTE 117 WEST A(SATMEX 8,39122,PAYLOAD,,Multinational,Commercial,2013-03-26,,1436.12,0.01,35798,35776,2013,5474,LARGE,EUTE,COMMUNICATIONS,GEO,15,True
WGS 5 (USA 243),39168,PAYLOAD,,USA,Military,2013-05-25,,1436.11,0.02,35788,35785,2013,5990,LARGE,US,COMMUNICATIONS,GEO,14,True
SES 6,39172,PAYLOAD,,Luxembourg,Commercial,2013-06-03,,1436.12,0.04,35797,35777,2013,6140,LARGE,SES,COMMUNICATIONS,GEO,15,True
RESURS P1,39186,PAYLOAD,Sun-Synchronous,Russia,Government/Commercial,2013-06-25,2024-11-18,87.15,96.96,138,128,2013,5900,LARGE,CIS,EARTH OBSERVATION,LEO,3,False
IRIS,39197,PAYLOAD,Sun-Synchronous,USA,Government,2013-06-28,,97.01,97.96,632,599,2013,236,LARGE,US,SPACE SCIENCE,LEO,2,True
COSMOS 2488,39483,PAYLOAD,Polar,Russia,Military,2013-12-25,,115.86,82.48,1509,1480,2013,280,LARGE,CIS,COMMUNICATIONS,LEO,5,True
AMAZONAS 4A,39616,PAYLOAD,,Spain,Commercial,2014-03-22,,1436.1,0.05,35797,35776,2014,2938,LARGE,BRAZ,COMMUNICATIONS,GEO,15,True
OFEQ 10,39650,PAYLOAD,Non-Polar Inclined,Israel,Military,2014-04-09,2024-07-14,,,,,2014,300,,ISRA,EARTH OBSERVATION,LEO,5,False
KAZSAT 3,39728,PAYLOAD,,Kazakhstan,Commercial,2014-04-28,,1436.08,0.02,35787,35786,2014,,,KAZ,COMMUNICATIONS,GEO,15,True
COSMOS 2496,39761,PAYLOAD,Polar,Russia,Military,2014-05-23,,115.86,82.45,1509,1480,2014,280,LARGE,CIS,COMMUNICATIONS,LEO,5,True
EUTE 3B,39773,PAYLOAD,,Multinational,Commercial,2014-05-26,,1436.1,0.07,35799,35775,2014,5967,LARGE,EUTE,COMMUNICATIONS,GEO,15,True
AEROCUBE 6B,40046,PAYLOAD,Sun-Synchronous,USA,Commercial,2014-06-19,,96.47,97.69,618,561,2014,5,SMALL,US,TECHNOLOGY DEVELOPMENT,LEO,3,True
OCO 2,40059,PAYLOAD,Sun-Synchronous,USA,Government,2014-07-02,,98.83,98.2,704,702,2014,454,LARGE,US,EARTH OBSERVATION,LEO,2,True
AISSAT 2,40075,PAYLOAD,Sun-Synchronous,Norway,Government,2014-07-08,,96.59,98.35,599,592,2014,6,MEDIUM,NOR,COMMUNICATIONS,LEO,3,True
ORBCOMM FM 107,40087,PAYLOAD,Non-Polar Inclined,USA,Commercial,2014-07-14,,98.76,47.01,700,699,2014,172,MEDIUM,ORB,COMMUNICATIONS,LEO,5,True
WORLDVIEW 3,40115,PAYLOAD,Sun-Synchronous,USA,Commercial,2014-08-13,,96.96,97.86,616,611,2014,2800,LARGE,US,EARTH OBSERVATION,LEO,12,True
GAOFEN 2,40118,PAYLOAD,Sun-Synchronous,China,Government,2014-08-19,,97.26,98.06,632,623,2014,1000,LARGE,PRC,EARTH OBSERVATION,LEO,8,True
OPTUS 10,40146,PAYLOAD,,Australia,Commercial,2014-09-11,,1436.12,0.07,35799,35775,2014,3270,LARGE,AUS,COMMUNICATIONS,GEO,15,True
IRNSS 1C,40269,PAYLOAD,,India,Government,2014-10-15,,1436.07,5.45,35874,35698,2014,1425,,IND,NAVIGATION/REGIONAL POSITIONING,GEO,12,True
MERIDIAN 7,40296,PAYLOAD,Molniya,Russia,Military,2014-10-30,,717.84,63.49,38379,1978,2014,2500,LARGE,CIS,COMMUNICATIONS,ELLIPTICAL,7,True
COSMOS 2501 (GLONASS),40315,PAYLOAD,Non-Polar Inclined,Russia,Military/Commercial,2014-11-30,,675.73,63.61,19183,19077,2014,935,LARGE,CIS,NAVIGATION/GLOBAL POSITIONING,MEO,10,True
GSAT 16,40332,PAYLOAD,,India,Government,2014-12-06,,1436.1,0.11,35814,35759,2014,3181,LARGE,IND,COMMUNICATIONS,GEO,15,True
DIRECTV 14,40333,PAYLOAD,,USA,Commercial,2014-12-06,,1436.09,0.02,35787,35786,2014,5900,LARGE,US,COMMUNICATIONS,GEO,15,True
COSMOS 2503,40420,PAYLOAD,Sun-Synchronous,Russia,Military,2015-02-27,,95.69,97.89,563,541,2015,4000,LARGE,CIS,EARTH OBSERVATION,LEO,5,True
KOMPSAT 3A,40536,PAYLOAD,Sun-Synchronous,South Korea,Government/Commercial,2015-03-25,,93.8,97.65,461,460,2015,980,LARGE,SKOR,EARTH OBSERVATION,LEO,4,True
GALILEO 8 (264),40545,PAYLOAD,Non-Polar Inclined,ESA,Commercial,2015-03-27,,844.7,56.9,23229,23215,2015,723,LARGE,ESA,NAVIGATION/GLOBAL POSITIONING,MEO,12,True
IRNSS 1D,40547,PAYLOAD,,India,Government,2015-03-28,,1436.12,26.88,35877,35697,2015,1425,LARGE,IND,NAVIGATION/REGIONAL POSITIONING,GEO,12,True
SENTINEL 2A,40697,PAYLOAD,Sun-Synchronous,ESA,Government,2015-06-23,,100.64,98.57,790,788,2015,1130,LARGE,ESA,EARTH OBSERVATION,LEO,7,True
DMC 3-FM1,40715,PAYLOAD,Sun-Synchronous,United Kingdom,Commercial,2015-07-10,,96.97,97.71,618,610,2015,447,LARGE,UK,EARTH OBSERVATION,LEO,10,True
WGS 7 (USA 263),40746,PAYLOAD,,USA,Military,2015-07-24,,1436.11,0.01,35794,35780,2015,5990,LARGE,US,COMMUNICATIONS,GEO,14,True
COSMOS 2509,40922,PAYLOAD,Polar,Russia,Military,2015-09-23,,115.86,82.49,1505,1484,2015,280,LARGE,CIS,COMMUNICATIONS,LEO,5,True
ARSAT 2,40941,PAYLOAD,,Argentina,Commercial,2015-09-30,,1436.11,0.01,35794,35780,2015,2977,LARGE,ARGN,COMMUNICATIONS,GEO,15,True
NAVSTAR 75 (USA 265),41019,PAYLOAD,Non-Polar Inclined,USA,Military/Commercial,2015-10-31,,717.97,56.66,20455,19909,2015,1630,LARGE,US,NAVIGATION/GLOBAL POSITIONING,MEO,12,True
CHINASAT 2C,41021,PAYLOAD,,China,Government/Commercial,2015-11-03,,1436.12,0.21,35797,35777,2015,5200,LARGE,PRC,COMMUNICATIONS,GEO,15,True
GALILEO 11 (268),41175,PAYLOAD,Non-Polar Inclined,ESA,Commercial,2015-12-17,,844.7,55.58,23237,23208,2015,723,LARGE,ESA,NAVIGATION/GLOBAL POSITIONING,MEO,12,True
ORBCOMM FM 118,41183,PAYLOAD,Non-Polar Inclined,USA,Commercial,2015-12-22,,98.76,47,702,697,2015,172,MEDIUM,ORB,COMMUNICATIONS,LEO,5,True
ORBCOMM FM 117,41188,PAYLOAD,Non-Polar Inclined,USA,Commercial,2015-12-22,,98.76,47,701,698,2015,172,MEDIUM,ORB,COMMUNICATIONS,LEO,5,True
BELINTERSAT 1,41238,PAYLOAD,,Belarus,Government,2016-01-15,,1436.08,0.07,35791,35782,2016,5223,LARGE,BELA,COMMUNICATIONS,GEO,15,True
SES 9,41380,PAYLOAD,,Luxembourg,Commercial,2016-03-04,,1436.11,0.01,35796,35778,2016,5271,LARGE,SES,COMMUNICATIONS,GEO,15,True
ZY 3 2,41556,PAYLOAD,Sun-Synchronous,China,Government,2016-05-30,,94.67,97.42,507,498,2016,2630,LARGE,PRC,EARTH OBSERVATION,LEO,4,True
ECHOSTAR 18,41592,PAYLOAD,,USA,Commercial,2016-06-18,,1436.15,0.02,35794,35781,2016,6300,LARGE,US,COMMUNICATIONS,GEO,15,True
INTELSAT 33E,41748,PAYLOAD,,USA,Commercial,2016-08-24,,1435.37,0.48,35867,35678,2016,6600,LARGE,ITSO,COMMUNICATIONS,GEO,15,True
INSAT 3DR,41752,PAYLOAD,,India,Government,2016-09-08,,1436.09,0.15,35832,35741,2016,2200,LARGE,IND,EARTH OBSERVATION,GEO,10,True
OFEQ 11,41759,PAYLOAD,Non-Polar Inclined,Israel,Military,2016-09-13,2024-06-09,,,,,2016,300,,ISRA,EARTH OBSERVATION,LEO,5,False
GSAT 18,41793,PAYLOAD,,India,Government,2016-10-05,,1436.09,0.09,35803,35770,2016,3404,,IND,COMMUNICATIONS,GEO,15,True
HIMAWARI 9,41836,PAYLOAD,,Japan,Government,2016-11-02,,1436.12,0.02,35793,35781,2016,3500,LARGE,JPN,EARTH OBSERVATION,GEO,8,True
PROMETHEUS 2-1,41854,PAYLOAD,Sun-Synchronous,USA,Military,2016-11-11,,93.28,98.09,440,430,2016,1,SMALL,US,TECHNOLOGY DEVELOPMENT,LEO,4,True
GALILEO 16 (26C),41860,PAYLOAD,Non-Polar Inclined,ESA,Commercial,2016-11-17,,844.7,55.24,23235,23209,2016,723,LARGE,ESA,NAVIGATION/GLOBAL POSITIONING,MEO,12,True
ECHOSTAR 19,41893,PAYLOAD,,USA,Commercial,2016-12-18,,1436.12,0.01,35792,35782,2016,6764,LARGE,US,COMMUNICATIONS,GEO,15,True
JCSAT 15,41903,PAYLOAD,,Japan,Commercial,2016-12-21,,1436.17,0.02,35791,35785,2016,3400,LARGE,JPN,COMMUNICATIONS,GEO,15,True
IRIDIUM 109,41919,PAYLOAD,Polar,USA,Government/Commercial,2017-01-14,,100.4,86.39,779,776,2017,860,LARGE,US,COMMUNICATIONS,LEO,15,True
FLOCK 3P 58,41977,PAYLOAD,Sun-Synchronous,USA,Commercial,2017-02-15,2023-01-03,87.73,97.19,172,153,2017,4,SMALL,US,EARTH OBSERVATION,LEO,3,False
FLOCK 3P 61,42009,PAYLOAD,Sun-Synchronous,USA,Commercial,2017-02-15,2023-02-03,87.35,97.2,148,138,2017,4,SMALL,US,EARTH OBSERVATION,LEO,3,False
PEASSS,42015,PAYLOAD,Sun-Synchronous,Netherlands,Government,2017-02-15,2023-12-01,87.61,97.15,162,151,2017,10,SMALL,NETH,TECHNOLOGY DEVELOPMENT,LEO,1,False
FLOCK 3P 23,42018,PAYLOAD,Sun-Synchronous,USA,Commercial,2017-02-15,2023-01-18,87.72,97.21,169,155,2017,4,SMALL,US,EARTH OBSERVATION,LEO,3,False
FLOCK 3P 32,42023,PAYLOAD,Sun-Synchronous,USA,Commercial,2017-02-15,2023-01-21,87.49,97.21,155,145,2017,4,SMALL,US,EARTH OBSERVATION,LEO,3,False
FLOCK 3P 50,42029,PAYLOAD,Sun-Synchronous,USA,Commercial,2017-02-15,2023-01-20,87.48,97.22,156,143,2017,4,SMALL,US,EARTH OBSERVATION,LEO,3,False
FLOCK 3P 55,42041,PAYLOAD,Sun-Synchronous,USA,Commercial,2017-02-15,2023-01-27,87.54,97.22,156,149,2017,4,SMALL,US,EARTH OBSERVATION,LEO,3,False
IRIDIUM 124,42810,PAYLOAD,Polar,USA,Government/Commercial,2017-06-25,,99.77,86.44,749,746,2017,860,LARGE,US,COMMUNICATIONS,LEO,15,True
FORMOSAT-5,42920,PAYLOAD,Sun-Synchronous,Taiwan,Government,2017-08-24,,99.26,98.26,730,716,2017,525,LARGE,TWN,EARTH OBSERVATION,LEO,5,True
IRIDIUM 136,42962,PAYLOAD,Polar,USA,Government/Commercial,2017-10-09,,100.4,86.4,779,776,2017,860,LARGE,US,COMMUNICATIONS,LEO,15,True
IRIDIUM 139,42963,PAYLOAD,Polar,USA,Government/Commercial,2017-10-09,,100.4,86.4,779,776,2017,860,LARGE,US,COMMUNICATIONS,LEO,15,True
QZS-4,42965,PAYLOAD,,Japan,Government,2017-10-09,,1436.16,40.36,38936,32639,2017,4000,LARGE,JPN,NAVIGATION/REGIONAL POSITIONING,GEO,15,True
FENGYUN 3D,43010,PAYLOAD,Sun-Synchronous,China,Government,2017-11-14,,101.44,98.96,828,825,2017,2300,LARGE,PRC,EARTH OBSERVATION,LEO,8,True
NOAA 20,43013,PAYLOAD,Sun-Synchronous,USA,Government,2017-11-18,,101.44,98.74,829,825,2017,2294,LARGE,US,EARTH OBSERVATION,LEO,7,True
JILIN-01-06,43024,PAYLOAD,Sun-Synchronous,China,Commercial,2017-11-21,,94.35,97.47,491,482,2017,95,MEDIUM,PRC,EARTH OBSERVATION,LEO,3,True
IRIDIUM 131,43079,PAYLOAD,Polar,USA,Government/Commercial,2017-12-23,,100.4,86.4,779,776,2017,860,LARGE,US,COMMUNICATIONS,LEO,15,True
ASNARO-2,43152,PAYLOAD,Sun-Synchronous,Japan,Government,2018-01-17,,94.59,97.41,500,497,2018,570,LARGE,JPN,EARTH OBSERVATION,LEO,3,True
S-NET A,43188,PAYLOAD,Sun-Synchronous,Germany,Civil,2018-02-01,,95.29,97.57,540,525,2018,9,MEDIUM,GER,TECHNOLOGY DEVELOPMENT,LEO,1,True
BEIDOU 3M6,43208,PAYLOAD,,China,Military/Government,2018-02-12,,773.23,56.28,21556,21500,2018,800,LARGE,PRC,NAVIGATION/GLOBAL POSITIONING,MEO,8,True
IGS O-6,43223,PAYLOAD,Sun-Synchronous,Japan,Government,2018-02-27,,,,,,2018,1600,,JPN,EARTH OBSERVATION,LEO,5,True
BEIDOU 3M8,43246,PAYLOAD,,China,Military/Government,2018-03-29,,773.24,54.57,21541,21515,2018,800,LARGE,PRC,NAVIGATION/GLOBAL POSITIONING,MEO,8,True
IRIDIUM 142,43256,PAYLOAD,Polar,USA,Government/Commercial,2018-03-30,,100.4,86.39,779,776,2018,860,LARGE,US,COMMUNICATIONS,LEO,15,True
GAOFEN 1-04,43262,PAYLOAD,Sun-Synchronous,China,Government,2018-03-31,,97.52,97.78,641,639,2018,805,LARGE,PRC,EARTH OBSERVATION,LEO,8,True
COSMOS 2526,43432,PAYLOAD,,Russia,Military/Commercial,2018-04-18,,1436.09,0.03,35788,35785,2018,3000,LARGE,CIS,COMMUNICATIONS,GEO,15,True
TESS,43435,PAYLOAD,,USA,Government,2018-04-18,,20429.27,54.44,335115,147227,2018,362,,US,SPACE SCIENCE,ELLIPTICAL,20,True
IRIDIUM 161,43478,PAYLOAD,Polar,USA,Government/Commercial,2018-05-22,,99.77,86.45,749,746,2018,860,LARGE,US,COMMUNICATIONS,LEO,15,True
FENGYUN 2H,43491,PAYLOAD,,China,Government,2018-06-05,,1436.1,1.95,35788,35785,2018,1380,MEDIUM,PRC,EARTH OBSERVATION,GEO,5,True
PRSS 1,43530,PAYLOAD,Sun-Synchronous,Pakistan,Government,2018-07-09,,97.23,97.83,627,625,2018,285,LARGE,PAKI,EARTH OBSERVATION,LEO,3,True
GALILEO 24 (2C0),43567,PAYLOAD,Non-Polar Inclined,ESA,Commercial,2018-07-25,,844.7,57.28,23234,23210,2018,715,LARGE,ESA,NAVIGATION/GLOBAL POSITIONING,MEO,12,True
IRIDIUM 166,43570,PAYLOAD,Polar,USA,Government/Commercial,2018-07-25,,100.4,86.4,779,776,2018,860,LARGE,US,COMMUNICATIONS,LEO,15,True
IRIDIUM 156,43576,PAYLOAD,Polar,USA,Government/Commercial,2018-07-25,,100.4,86.4,779,776,2018,860,LARGE,US,COMMUNICATIONS,LEO,15,True
ICESAT-2,43613,PAYLOAD,Polar,USA,Government,2018-09-15,,94.22,91.99,485,477,2018,1515,LARGE,US,EARTH SCIENCE,LEO,3,True
AZERSPACE 2/INTELSAT 38,43632,PAYLOAD,,Azerbaijan,Government,2018-09-25,,1436.12,0.02,35793,35781,2018,3500,LARGE,AZER,COMMUNICATIONS,GEO,15,True
HORIZONS 3E,43633,PAYLOAD,,USA/Japan,Commercial,2018-09-25,,1436.11,0.01,35790,35784,2018,6500,LARGE,ITSO,COMMUNICATIONS,GEO,15,True
GOSAT 2,43672,PAYLOAD,Sun-Synchronous,Japan,Government,2018-10-29,,97.02,97.85,617,615,2018,1800,LARGE,JPN,EARTH OBSERVATION,LEO,5,True
TEN-KOH,43677,PAYLOAD,Sun-Synchronous,Japan,Civil,2018-10-29,,95.98,98.09,572,560,2018,23,MEDIUM,JPN,SPACE SCIENCE,LEO,1,True
COSMOS 2529 (GLONASS),43687,PAYLOAD,Non-Polar Inclined,Russia,Military/Commercial,2018-11-03,,675.73,64.29,19154,19105,2018,1415,LARGE,CIS,NAVIGATION/GLOBAL POSITIONING,MEO,7,True
FLOCK 3R 11,43725,PAYLOAD,Sun-Synchronous,USA,Commercial,2018-11-29,2022-11-29,94,97.39,481,459,2018,4,SMALL,US,EARTH OBSERVATION,LEO,3,False
KAZSTSAT,43783,PAYLOAD,Sun-Synchronous,Kazakhstan,Commercial,2018-12-03,,96.09,97.48,577,566,2018,100,MEDIUM,KAZ,EARTH OBSERVATION,LEO,5,True
SPACEBEE-6,43818,PAYLOAD,Sun-Synchronous,USA,Commercial,2018-12-03,2025-01-14,87.59,97.48,163,147,2018,2,SMALL,US,COMMUNICATIONS,LEO,2,False
GSAT 7A,43864,PAYLOAD,,India,Military,2018-12-19,,1436.09,0.06,35797,35776,2018,2250,SMALL,IND,COMMUNICATIONS,GEO,8,True
FLOCK 3K 4,43893,PAYLOAD,Sun-Synchronous,USA,Commercial,2018-12-27,2022-12-29,87.52,97.12,154,149,2018,4,SMALL,US,EARTH OBSERVATION,LEO,3,False
IRIDIUM 173,43925,PAYLOAD,Polar,USA,Government/Commercial,2019-01-11,,100.4,86.4,779,776,2019,860,LARGE,US,COMMUNICATIONS,LEO,15,True
FLOCK 4A 5,44095,PAYLOAD,Sun-Synchronous,USA,Commercial,2019-04-01,2023-03-15,87.74,97.24,170,155,2019,4,SMALL,US,EARTH OBSERVATION,LEO,3,False
ARABSAT 6A,44186,PAYLOAD,,Multinational,Commercial,2019-04-11,,1435.95,0.05,35795,35772,2019,6465,LARGE,AB,COMMUNICATIONS,GEO,15,True
BEIDOU 3 IGSO-1,44204,PAYLOAD,,China,Military/Government,2019-04-20,,1436.24,58.1,35878,35701,2019,800,LARGE,PRC,NAVIGATION/GLOBAL POSITIONING,GEO,8,True
COSMOS 2534 (GLONASS),44299,PAYLOAD,Non-Polar Inclined,Russia,Military/Commercial,2019-05-27,,675.73,64.37,19159,19101,2019,1415,LARGE,CIS,NAVIGATION/GLOBAL POSITIONING,MEO,7,True
RCM 2,44324,PAYLOAD,Sun-Synchronous,Canada,Government,2019-06-12,,96.48,97.76,591,589,2019,1430,LARGE,CA,EARTH OBSERVATION,LEO,7,True
DSX,44344,PAYLOAD,,USA,Military,2019-06-25,,316.92,42.2,12033,6006,2019,600,LARGE,US,TECHNOLOGY DEVELOPMENT,MEO,1,True
FORMOSAT7-6/COSMIC2-6,44353,PAYLOAD,Non-Polar Inclined,Taiwan,Government,2019-06-25,,95.34,24,536,534,2019,280,LARGE,TWN,EARTH OBSERVATION,LEO,5,True
NARSSCUBE-2,44415,PAYLOAD,Non-Polar Inclined,Egypt,Government,2019-04-17,2024-04-09,87.43,51.6,149,145,2019,1,SMALL,EGYP,TECHNOLOGY DEVELOPMENT,LEO,1,False
COSMOS 2540,44517,PAYLOAD,Sun-Synchronous,Russia,Military,2019-08-30,,103.9,99.23,955,931,2019,900,LARGE,CIS,EARTH SCIENCE,LEO,5,True
EUTE 5W B,44624,PAYLOAD,,Multinational,Commercial,2019-10-09,,1436.14,0.07,35801,35774,2019,2864,LARGE,EUTE,COMMUNICATIONS,GEO,15,True
TIBA-1,44800,PAYLOAD,,Egypt,Military/Commercial,2019-11-26,,1436.1,0.06,35795,35778,2019,5600,,EGYP,COMMUNICATIONS,GEO,15,True
INMARSAT GX5,44801,PAYLOAD,,United Kingdom,Commercial,2019-11-26,,1436.06,0.05,35793,35778,2019,4007,LARGE,IM,COMMUNICATIONS,GEO,15,True
CARTOSAT 3,44804,PAYLOAD,Sun-Synchronous,India,Government,2019-11-27,,94.79,97.49,519,498,2019,1625,LARGE,IND,EARTH OBSERVATION,LEO,5,True
FLOCK 4P 5,44818,PAYLOAD,Sun-Synchronous,USA,Commercial,2019-11-27,2024-02-24,87.41,97.31,152,140,2019,4,MEDIUM,US,EARTH OBSERVATION,LEO,3,False
BEIDOU 3M20,44865,PAYLOAD,,China,Military/Government,2019-12-16,,773.23,56.19,21577,21479,2019,800,LARGE,PRC,NAVIGATION/GLOBAL POSITIONING,MEO,8,True
GSAT 30,45026,PAYLOAD,,India,Government,2020-01-16,,1436.1,0.09,35799,35774,2020,3357,LARGE,IND,COMMUNICATIONS,GEO,15,True
ONEWEB-0028,45140,PAYLOAD,Polar,United Kingdom,Commercial,2020-02-06,,109.8,87.88,1220,1216,2020,148,LARGE,UK,COMMUNICATIONS,LEO,5,True
ONEWEB-0047,45152,PAYLOAD,Polar,United Kingdom,Commercial,2020-02-06,,109.89,87.88,1223,1220,2020,148,LARGE,UK,COMMUNICATIONS,LEO,5,True
ONEWEB-0049,45154,PAYLOAD,Polar,United Kingdom,Commercial,2020-02-06,,109.89,87.88,1224,1220,2020,148,LARGE,UK,COMMUNICATIONS,LEO,5,True
ONEWEB-0051,45155,PAYLOAD,Polar,United Kingdom,Commercial,2020-02-06,,109.81,87.88,1219,1216,2020,148,LARGE,UK,COMMUNICATIONS,LEO,5,True
ONEWEB-0052,45156,PAYLOAD,Polar,United Kingdom,Commercial,2020-02-06,,109.89,87.88,1224,1220,2020,148,LARGE,UK,COMMUNICATIONS,LEO,5,True
ONEWEB-0056,45159,PAYLOAD,Polar,United Kingdom,Commercial,2020-02-06,,109.89,87.88,1223,1220,2020,148,LARGE,UK,COMMUNICATIONS,LEO,5,True
ONEWEB-0062,45163,PAYLOAD,Polar,United Kingdom,Commercial,2020-02-06,,109.89,87.88,1223,1221,2020,148,LARGE,UK,COMMUNICATIONS,LEO,5,True
ONEWEB-0065,45164,PAYLOAD,Polar,United Kingdom,Commercial,2020-02-06,,109.89,87.88,1223,1220,2020,148,LARGE,UK,COMMUNICATIONS,LEO,5,True
MERIDIAN 9,45254,PAYLOAD,Molniya,Russia,Military,2020-02-20,,717.8,65.21,38636,1719,2020,2500,LARGE,CIS,COMMUNICATIONS,ELLIPTICAL,7,True
BEIDOU 3 G2,45344,PAYLOAD,,China,Military/Government,2020-03-09,,1436.09,2.78,35798,35775,2020,2200,LARGE,PRC,NAVIGATION/GLOBAL POSITIONING,GEO,8,True
ONEWEB-0067,45425,PAYLOAD,Polar,United Kingdom,Commercial,2020-03-21,,109.8,87.88,1219,1216,2020,148,LARGE,UK,COMMUNICATIONS,LEO,5,True
ONEWEB-0018,45434,PAYLOAD,Polar,United Kingdom,Commercial,2020-03-21,,109.8,87.88,1219,1216,2020,148,LARGE,UK,COMMUNICATIONS,LEO,5,True
ONEWEB-0042,45441,PAYLOAD,Polar,United Kingdom,Commercial,2020-03-21,,109.8,87.88,1219,1216,2020,148,LARGE,UK,COMMUNICATIONS,LEO,5,True
ONEWEB-0098,45442,PAYLOAD,Polar,United Kingdom,Commercial,2020-03-21,,109.8,87.88,1219,1216,2020,148,LARGE,UK,COMMUNICATIONS,LEO,5,True
ONEWEB-0034,45454,PAYLOAD,Polar,United Kingdom,Commercial,2020-03-21,,109.8,87.88,1219,1216,2020,148,MEDIUM,UK,COMMUNICATIONS,LEO,5,True
ONEWEB-0060,45455,PAYLOAD,Polar,United Kingdom,Commercial,2020-03-21,,109.81,87.88,1219,1216,2020,148,LARGE,UK,COMMUNICATIONS,LEO,5,True
FLOCK 4V 11,46285,PAYLOAD,Sun-Synchronous,USA,Commercial,2020-09-03,2024-10-30,87.75,97.32,169,157,2020,4,MEDIUM,US,EARTH OBSERVATION,LEO,3,False
FLOCK 4V 10,46296,PAYLOAD,Sun-Synchronous,USA,Commercial,2020-09-03,2024-09-09,87.33,97.32,152,133,2020,4,MEDIUM,US,EARTH OBSERVATION,LEO,3,False
STARLINK-1695,46329,PAYLOAD,Non-Polar Inclined,USA,Commercial,2020-09-03,,95.59,53.06,548,546,2020,260,LARGE,US,COMMUNICATIONS,LEO,4,True
STARLINK-1725,46334,PAYLOAD,Non-Polar Inclined,USA,Commercial,2020-09-03,2025-02-13,87.71,53.03,163,159,2020,260,LARGE,US,COMMUNICATIONS,LEO,4,False
STARLINK-1617,46350,PAYLOAD,Non-Polar Inclined,USA,Commercial,2020-09-03,2024-06-08,88.15,53.03,192,173,2020,260,LARGE,US,COMMUNICATIONS,LEO,4,False
STARLINK-1661,46355,PAYLOAD,Non-Polar Inclined,USA,Commercial,2020-09-03,,95.59,53.06,548,546,2020,260,LARGE,US,COMMUNICATIONS,LEO,4,True
STARLINK-1707,46359,PAYLOAD,Non-Polar Inclined,USA,Commercial,2020-09-03,,95.3,53.06,535,531,2020,260,LARGE,US,COMMUNICATIONS,LEO,4,True
STARLINK-1763,46364,PAYLOAD,Non-Polar Inclined,USA,Commercial,2020-09-03,2025-03-03,87.73,53.02,165,158,2020,260,LARGE,US,COMMUNICATIONS,LEO,4,False
STARLINK-1550,46365,PAYLOAD,Non-Polar Inclined,USA,Commercial,2020-09-03,2024-03-27,87.96,53.03,179,168,2020,260,LARGE,US,COMMUNICATIONS,LEO,4,False
STARLINK-1711,46374,PAYLOAD,Non-Polar Inclined,USA,Commercial,2020-09-03,2025-02-21,86.89,53.02,135,105,2020,260,LARGE,US,COMMUNICATIONS,LEO,4,False
STARLINK-1771,46384,PAYLOAD,Non-Polar Inclined,USA,Commercial,2020-09-03,,95.59,53.06,548,547,2020,260,LARGE,US,COMMUNICATIONS,LEO,4,True
GAOFEN 11 2,46396,PAYLOAD,Sun-Synchronous,China,Government,2020-09-07,,94.52,97.47,507,484,2020,1000,LARGE,PRC,EARTH OBSERVATION,ELLIPTICAL,8,True
STARLINK-1663,46535,PAYLOAD,Non-Polar Inclined,USA,Commercial,2020-10-06,,95.59,53.05,548,546,2020,260,LARGE,US,COMMUNICATIONS,LEO,4,True
STARLINK-1672,46537,PAYLOAD,Non-Polar Inclined,USA,Commercial,2020-10-06,,95.59,53.05,548,546,2020,260,LARGE,US,COMMUNICATIONS,LEO,4,True
STARLINK-1678,46538,PAYLOAD,Non-Polar Inclined,USA,Commercial,2020-10-06,,95.59,53.05,548,546,2020,260,LARGE,US,COMMUNICATIONS,LEO,4,True
STARLINK-1701,46550,PAYLOAD,Non-Polar Inclined,USA,Commercial,2020-10-06,2025-03-01,87.8,53.04,167,163,2020,260,LARGE,US,COMMUNICATIONS,LEO,4,False
STARLINK-1664,46553,PAYLOAD,Non-Polar Inclined,USA,Commercial,2020-10-06,,95.59,53.05,548,546,2020,260,LARGE,US,COMMUNICATIONS,LEO,4,True
STARLINK-1740,46566,PAYLOAD,Non-Polar Inclined,USA,Commercial,2020-10-06,,95.59,53.05,548,546,2020,260,LARGE,US,COMMUNICATIONS,LEO,4,True
STARLINK-1675,46575,PAYLOAD,Non-Polar Inclined,USA,Commercial,2020-10-06,,93.57,53.05,451,448,2020,260,LARGE,US,COMMUNICATIONS,LEO,4,True
STARLINK-1736,46585,PAYLOAD,Non-Polar Inclined,USA,Commercial,2020-10-06,,95.59,53.05,548,546,2020,260,LARGE,US,COMMUNICATIONS,LEO,4,True
STARLINK-1715,46671,PAYLOAD,Non-Polar Inclined,USA,Commercial,2020-10-18,2025-03-07,87.84,53.02,168,167,2020,260,LARGE,US,COMMUNICATIONS,LEO,4,False
STARLINK-1717,46673,PAYLOAD,Non-Polar Inclined,USA,Commercial,2020-10-18,2024-08-24,91.07,53.05,334,321,2020,260,LARGE,US,COMMUNICATIONS,LEO,4,False
STARLINK-1773,46679,PAYLOAD,Non-Polar Inclined,USA,Commercial,2020-10-18,,93.36,53.05,440,438,2020,260,LARGE,US,COMMUNICATIONS,LEO,4,True
STARLINK-1783,46686,PAYLOAD,Non-Polar Inclined,USA,Commercial,2020-10-18,2024-06-09,88.71,53.04,212,209,2020,260,LARGE,US,COMMUNICATIONS,LEO,4,False
STARLINK-1792,46693,PAYLOAD,Non-Polar Inclined,USA,Commercial,2020-10-18,,93.05,53.03,425,423,2020,260,LARGE,US,COMMUNICATIONS,LEO,4,True
STARLINK-1803,46703,PAYLOAD,Non-Polar Inclined,USA,Commercial,2020-10-18,,89.01,53.02,233,218,2020,260,LARGE,US,COMMUNICATIONS,LEO,4,True
STARLINK-1818,46716,PAYLOAD,Non-Polar Inclined,USA,Commercial,2020-10-18,,92.07,53.05,382,371,2020,260,LARGE,US,COMMUNICATIONS,LEO,4,True
STARLINK-1821,46718,PAYLOAD,Non-Polar Inclined,USA,Commercial,2020-10-18,,95.59,53.05,548,546,2020,260,LARGE,US,COMMUNICATIONS,LEO,4,True
STARLINK-1865,46741,PAYLOAD,Non-Polar Inclined,USA,Commercial,2020-10-24,2025-02-27,88.39,53.03,201,189,2020,260,LARGE,US,COMMUNICATIONS,LEO,4,False
STARLINK-1911,46749,PAYLOAD,Non-Polar Inclined,USA,Commercial,2020-10-24,,95.59,53.06,548,546,2020,260,LARGE,US,COMMUNICATIONS,LEO,4,True
STARLINK-1920,46751,PAYLOAD,Non-Polar Inclined,USA,Commercial,2020-10-24,,89.99,53.03,281,266,2020,260,LARGE,US,COMMUNICATIONS,LEO,4,True
STARLINK-1925,46756,PAYLOAD,Non-Polar Inclined,USA,Commercial,2020-10-24,2025-03-24,87.36,53.01,149,138,2020,260,LARGE,US,COMMUNICATIONS,LEO,4,False
STARLINK-1926,46757,PAYLOAD,Non-Polar Inclined,USA,Commercial,2020-10-24,2024-11-02,87.66,53.02,160,158,2020,260,LARGE,US,COMMUNICATIONS,LEO,4,False
STARLINK-1833,46759,PAYLOAD,Non-Polar Inclined,USA,Commercial,2020-10-24,,91.05,53.05,332,320,2020,260,LARGE,US,COMMUNICATIONS,LEO,4,True
STARLINK-1903,46764,PAYLOAD,Non-Polar Inclined,USA,Commercial,2020-10-24,,92.97,53.03,420,419,2020,260,LARGE,US,COMMUNICATIONS,LEO,4,True
STARLINK-1798,46779,PAYLOAD,Non-Polar Inclined,USA,Commercial,2020-10-24,2025-03-08,87.27,53.02,141,138,2020,260,LARGE,US,COMMUNICATIONS,LEO,4,False
STARLINK-1899,46787,PAYLOAD,Non-Polar Inclined,USA,Commercial,2020-10-24,2024-10-15,87.76,53.02,168,159,2020,260,LARGE,US,COMMUNICATIONS,LEO,4,False
STARLINK-1942,46794,PAYLOAD,Non-Polar Inclined,USA,Commercial,2020-10-24,,95.59,53.05,549,545,2020,260,LARGE,US,COMMUNICATIONS,LEO,4,True
STARLINK-1854,47141,PAYLOAD,Non-Polar Inclined,USA,Commercial,2020-11-25,2025-02-09,87.69,53.03,164,156,2020,260,LARGE,US,COMMUNICATIONS,LEO,4,False
STARLINK-1857,47144,PAYLOAD,Non-Polar Inclined,USA,Commercial,2020-11-25,2025-02-22,87.69,53.02,162,158,2020,260,LARGE,US,COMMUNICATIONS,LEO,4,False
STARLINK-1873,47158,PAYLOAD,Non-Polar Inclined,USA,Commercial,2020-11-25,,95.59,53.05,549,545,2020,260,LARGE,US,COMMUNICATIONS,LEO,4,True
STARLINK-1888,47171,PAYLOAD,Non-Polar Inclined,USA,Commercial,2020-11-25,,95.59,53.05,548,546,2020,260,LARGE,US,COMMUNICATIONS,LEO,4,True
STARLINK-1912,47178,PAYLOAD,Non-Polar Inclined,USA,Commercial,2020-11-25,,95.59,53.05,549,546,2020,260,LARGE,US,COMMUNICATIONS,LEO,4,True
STARLINK-1913,47179,PAYLOAD,Non-Polar Inclined,USA,Commercial,2020-11-25,,95.59,53.05,548,546,2020,260,LARGE,US,COMMUNICATIONS,LEO,4,True
STARLINK-1927,47181,PAYLOAD,Non-Polar Inclined,USA,Commercial,2020-11-25,2024-07-18,87.9,53.05,180,161,2020,260,LARGE,US,COMMUNICATIONS,LEO,4,False
CMS-01,47256,PAYLOAD,,India,Government,2020-12-17,,1436.11,0.12,35809,35765,2020,1500,LARGE,IND,COMMUNICATIONS,GEO,15,True
ONEWEB-0109,47259,PAYLOAD,Polar,United Kingdom,Commercial,2020-12-18,,109.72,87.89,1215,1212,2020,148,LARGE,UK,COMMUNICATIONS,LEO,5,True
ONEWEB-0110,47260,PAYLOAD,Polar,United Kingdom,Commercial,2020-12-18,,109.72,87.88,1215,1212,2020,148,LARGE,UK,COMMUNICATIONS,LEO,5,True
ONEWEB-0114,47262,PAYLOAD,Polar,United Kingdom,Commercial,2020-12-18,,109.72,87.88,1215,1212,2020,148,LARGE,UK,COMMUNICATIONS,LEO,5,True
ONEWEB-0120,47266,PAYLOAD,Polar,United Kingdom,Commercial,2020-12-18,,109.72,87.89,1215,1212,2020,148,LARGE,UK,COMMUNICATIONS,LEO,5,True
STARLINK-2071,47361,PAYLOAD,Non-Polar Inclined,USA,Commercial,2021-01-20,,95.59,53.06,548,546,2021,260,LARGE,US,COMMUNICATIONS,LEO,4,True
STARLINK-2085,47369,PAYLOAD,Non-Polar Inclined,USA,Commercial,2021-01-20,2024-07-26,87.71,53.05,169,154,2021,260,LARGE,US,COMMUNICATIONS,LEO,4,False
STARLINK-2094,47375,PAYLOAD,Non-Polar Inclined,USA,Commercial,2021-01-20,,95.59,53.05,548,546,2021,260,LARGE,US,COMMUNICATIONS,LEO,4,True
STARLINK-2096,47376,PAYLOAD,Non-Polar Inclined,USA,Commercial,2021-01-20,,95.59,53.05,548,546,2021,260,LARGE,US,COMMUNICATIONS,LEO,4,True
STARLINK-2102,47382,PAYLOAD,Non-Polar Inclined,USA,Commercial,2021-01-20,,95.59,53.06,548,546,2021,260,LARGE,US,COMMUNICATIONS,LEO,4,True
STARLINK-2112,47391,PAYLOAD,Non-Polar Inclined,USA,Commercial,2021-01-20,,95.59,53.06,548,546,2021,260,LARGE,US,COMMUNICATIONS,LEO,4,True
STARLINK-2114,47393,PAYLOAD,Non-Polar Inclined,USA,Commercial,2021-01-20,,95.59,53.06,548,546,2021,260,LARGE,US,COMMUNICATIONS,LEO,4,True
FLOCK 4S 11,47462,PAYLOAD,Sun-Synchronous,USA,Commercial,2021-01-24,2025-02-11,87.79,97.26,172,158,2021,4,SMALL,US,EARTH OBSERVATION,LEO,3,False
FLOCK 4S 8,47474,PAYLOAD,Sun-Synchronous,USA,Commercial,2021-01-24,2024-03-12,88.06,97.31,186,172,2021,4,MEDIUM,US,EARTH OBSERVATION,LEO,3,False
FLOCK 4S 9,47478,PAYLOAD,Sun-Synchronous,USA,Commercial,2021-01-24,2024-11-13,87.98,97.28,181,168,2021,4,SMALL,US,EARTH OBSERVATION,LEO,3,False
FLOCK 4S 39,47490,PAYLOAD,Sun-Synchronous,USA,Commercial,2021-01-24,2024-08-25,91.67,97.33,361,352,2021,4,SMALL,US,EARTH OBSERVATION,LEO,3,False
FLOCK 4S 4,47491,PAYLOAD,Sun-Synchronous,USA,Commercial,2021-01-24,2024-08-19,91.43,97.31,346,343,2021,4,SMALL,US,EARTH OBSERVATION,LEO,3,False
FLOCK 4S 17,47492,PAYLOAD,Sun-Synchronous,USA,Commercial,2021-01-24,2024-08-25,91.69,97.34,362,353,2021,4,SMALL,US,EARTH OBSERVATION,LEO,3,False
FLOCK 4S 16,47516,PAYLOAD,Sun-Synchronous,USA,Commercial,2021-01-24,2024-02-24,88.58,97.35,210,198,2021,4,SMALL,US,EARTH OBSERVATION,LEO,3,False
STARLINK-1954,47555,PAYLOAD,Non-Polar Inclined,USA,Commercial,2021-02-04,,95.59,53.05,548,546,2021,260,LARGE,US,COMMUNICATIONS,LEO,4,True
STARLINK-1957,47558,PAYLOAD,Non-Polar Inclined,USA,Commercial,2021-02-04,,91.68,53.05,362,352,2021,260,LARGE,US,COMMUNICATIONS,LEO,4,True
STARLINK-1959,47560,PAYLOAD,Non-Polar Inclined,USA,Commercial,2021-02-04,,92.38,53.05,397,385,2021,260,LARGE,US,COMMUNICATIONS,LEO,4,True
STARLINK-1962,47563,PAYLOAD,Non-Polar Inclined,USA,Commercial,2021-02-04,,95.59,53.06,548,546,2021,260,LARGE,US,COMMUNICATIONS,LEO,4,True
STARLINK-1970,47571,PAYLOAD,Non-Polar Inclined,USA,Commercial,2021-02-04,,89.25,53.04,243,232,2021,260,LARGE,US,COMMUNICATIONS,LEO,4,True
STARLINK-1978,47576,PAYLOAD,Non-Polar Inclined,USA,Commercial,2021-02-04,,95.59,53.06,548,546,2021,260,LARGE,US,COMMUNICATIONS,LEO,4,True
STARLINK-1980,47578,PAYLOAD,Non-Polar Inclined,USA,Commercial,2021-02-04,2025-03-14,87.5,53.02,153,148,2021,260,LARGE,US,COMMUNICATIONS,LEO,4,False
STARLINK-1981,47579,PAYLOAD,Non-Polar Inclined,USA,Commercial,2021-02-04,2025-02-02,87.49,53.02,158,142,2021,260,LARGE,US,COMMUNICATIONS,LEO,4,False
STARLINK-1982,47580,PAYLOAD,Non-Polar Inclined,USA,Commercial,2021-02-04,,91.97,53.06,372,371,2021,260,LARGE,US,COMMUNICATIONS,LEO,4,True
STARLINK-1999,47594,PAYLOAD,Non-Polar Inclined,USA,Commercial,2021-02-04,2024-12-17,88.02,53,180,172,2021,260,LARGE,US,COMMUNICATIONS,LEO,4,False
STARLINK-2001,47596,PAYLOAD,Non-Polar Inclined,USA,Commercial,2021-02-04,,95.59,53.06,548,546,2021,260,LARGE,US,COMMUNICATIONS,LEO,4,True
STARLINK-2007,47602,PAYLOAD,Non-Polar Inclined,USA,Commercial,2021-02-04,,90.39,53.03,299,288,2021,260,LARGE,US,COMMUNICATIONS,LEO,4,True
STARLINK-2021,47604,PAYLOAD,Non-Polar Inclined,USA,Commercial,2021-02-04,,95.59,53.05,548,547,2021,260,LARGE,US,COMMUNICATIONS,LEO,4,True
STARLINK-2024,47606,PAYLOAD,Non-Polar Inclined,USA,Commercial,2021-02-04,,95.59,53.06,548,546,2021,260,LARGE,US,COMMUNICATIONS,LEO,4,True
FLOCK 4S 42,47612,PAYLOAD,Sun-Synchronous,USA,Commercial,2021-01-24,2024-10-19,87.75,97.31,169,157,2021,4,SMALL,US,EARTH OBSERVATION,LEO,3,False
STARLINK-1704,47625,PAYLOAD,Non-Polar Inclined,USA,Commercial,2021-02-16,,95.59,53.05,548,546,2021,260,LARGE,US,COMMUNICATIONS,LEO,4,True
STARLINK-2013,47636,PAYLOAD,Non-Polar Inclined,USA,Commercial,2021-02-16,2025-03-23,87.52,53.02,156,148,2021,260,LARGE,US,COMMUNICATIONS,LEO,4,False
STARLINK-2020,47642,PAYLOAD,Non-Polar Inclined,USA,Commercial,2021-02-16,2025-01-03,87.88,53.03,174,166,2021,260,LARGE,US,COMMUNICATIONS,LEO,4,False
STARLINK-2038,47654,PAYLOAD,Non-Polar Inclined,USA,Commercial,2021-02-16,,92.65,53.05,408,400,2021,260,LARGE,US,COMMUNICATIONS,LEO,4,True
STARLINK-2042,47658,PAYLOAD,Non-Polar Inclined,USA,Commercial,2021-02-16,2025-02-13,87.45,53.02,151,145,2021,260,LARGE,US,COMMUNICATIONS,LEO,4,False
STARLINK-2044,47660,PAYLOAD,Non-Polar Inclined,USA,Commercial,2021-02-16,2025-03-12,87.49,53.02,153,147,2021,260,LARGE,US,COMMUNICATIONS,LEO,4,False
FLOCK 4S 46,47684,PAYLOAD,Sun-Synchronous,USA,Commercial,2021-01-24,2024-10-20,87.55,97.31,160,146,2021,4,MEDIUM,US,EARTH OBSERVATION,LEO,3,False
STARLINK-2116,47724,PAYLOAD,Non-Polar Inclined,USA,Commercial,2021-03-04,,95.59,53.05,548,546,2021,260,LARGE,US,COMMUNICATIONS,LEO,4,True
STARLINK-2125,47725,PAYLOAD,Non-Polar Inclined,USA,Commercial,2021-03-04,2025-01-15,87.8,53.03,169,163,2021,260,LARGE,US,COMMUNICATIONS,LEO,4,False
STARLINK-2142,47732,PAYLOAD,Non-Polar Inclined,USA,Commercial,2021-03-04,,95.59,53.05,548,546,2021,260,LARGE,US,COMMUNICATIONS,LEO,4,True
STARLINK-2149,47738,PAYLOAD,Non-Polar Inclined,USA,Commercial,2021-03-04,2024-04-13,90.22,53.05,291,280,2021,260,LARGE,US,COMMUNICATIONS,LEO,4,False
STARLINK-2150,47739,PAYLOAD,Non-Polar Inclined,USA,Commercial,2021-03-04,,95.59,53.05,548,546,2021,260,LARGE,US,COMMUNICATIONS,LEO,4,True
STARLINK-2152,47740,PAYLOAD,Non-Polar Inclined,USA,Commercial,2021-03-04,2025-01-04,88.16,53.03,185,182,2021,260,LARGE,US,COMMUNICATIONS,LEO,4,False
STARLINK-2156,47742,PAYLOAD,Non-Polar Inclined,USA,Commercial,2021-03-04,,95.59,53.05,548,546,2021,260,LARGE,US,COMMUNICATIONS,LEO,4,True
STARLINK-2175,47757,PAYLOAD,Non-Polar Inclined,USA,Commercial,2021-03-04,2025-02-19,87.71,53.02,162,160,2021,260,LARGE,US,COMMUNICATIONS,LEO,4,False
STARLINK-2192,47769,PAYLOAD,Non-Polar Inclined,USA,Commercial,2021-03-04,2025-01-18,87.54,53.02,156,149,2021,260,LARGE,US,COMMUNICATIONS,LEO,4,False
STARLINK-2193,47770,PAYLOAD,Non-Polar Inclined,USA,Commercial,2021-03-04,,95.59,53.05,548,546,2021,260,LARGE,US,COMMUNICATIONS,LEO,4,True
STARLINK-2196,47773,PAYLOAD,Non-Polar Inclined,USA,Commercial,2021-03-04,,95.59,53.05,548,546,2021,260,LARGE,US,COMMUNICATIONS,LEO,4,True
STARLINK-2211,47778,PAYLOAD,Non-Polar Inclined,USA,Commercial,2021-03-04,,95.59,53.05,548,546,2021,260,LARGE,US,COMMUNICATIONS,LEO,4,True
STARLINK-2322,47791,PAYLOAD,Non-Polar Inclined,USA,Commercial,2021-03-11,,95.59,53.05,548,547,2021,260,LARGE,US,COMMUNICATIONS,LEO,4,True
STARLINK-2373,47796,PAYLOAD,Non-Polar Inclined,USA,Commercial,2021-03-11,,95.59,53.05,548,546,2021,260,LARGE,US,COMMUNICATIONS,LEO,4,True
STARLINK-2382,47801,PAYLOAD,Non-Polar Inclined,USA,Commercial,2021-03-11,2024-08-27,88.86,53.04,224,213,2021,260,LARGE,US,COMMUNICATIONS,LEO,4,False
STARLINK-2385,47804,PAYLOAD,Non-Polar Inclined,USA,Commercial,2021-03-11,,95.59,53.05,548,546,2021,260,LARGE,US,COMMUNICATIONS,LEO,4,True
STARLINK-2386,47805,PAYLOAD,Non-Polar Inclined,USA,Commercial,2021-03-11,,95.59,53.05,548,546,2021,260,LARGE,US,COMMUNICATIONS,LEO,4,True
STARLINK-2390,47809,PAYLOAD,Non-Polar Inclined,USA,Commercial,2021-03-11,2024-01-11,88.04,53.02,182,173,2021,260,LARGE,US,COMMUNICATIONS,LEO,4,False
STARLINK-2391,47810,PAYLOAD,Non-Polar Inclined,USA,Commercial,2021-03-11,,95.59,53.05,548,546,2021,260,LARGE,US,COMMUNICATIONS,LEO,4,True
STARLINK-2396,47815,PAYLOAD,Non-Polar Inclined,USA,Commercial,2021-03-11,,95.59,53.05,548,547,2021,260,LARGE,US,COMMUNICATIONS,LEO,4,True
STARLINK-2402,47819,PAYLOAD,Non-Polar Inclined,USA,Commercial,2021-03-11,,95.59,53.06,548,546,2021,260,LARGE,US,COMMUNICATIONS,LEO,4,True
STARLINK-2406,47821,PAYLOAD,Non-Polar Inclined,USA,Commercial,2021-03-11,,95.59,53.05,548,546,2021,260,LARGE,US,COMMUNICATIONS,LEO,4,True
STARLINK-2419,47830,PAYLOAD,Non-Polar Inclined,USA,Commercial,2021-03-11,,95.59,53.05,548,547,2021,260,LARGE,US,COMMUNICATIONS,LEO,4,True
STARLINK-2420,47831,PAYLOAD,Non-Polar Inclined,USA,Commercial,2021-03-11,,95.59,53.05,548,546,2021,260,LARGE,US,COMMUNICATIONS,LEO,4,True
STARLINK-2426,47836,PAYLOAD,Non-Polar Inclined,USA,Commercial,2021-03-11,,95.59,53.05,548,546,2021,260,LARGE,US,COMMUNICATIONS,LEO,4,True
STARLINK-2427,47837,PAYLOAD,Non-Polar Inclined,USA,Commercial,2021-03-11,,95.59,53.05,548,546,2021,260,LARGE,US,COMMUNICATIONS,LEO,4,True
STARLINK-2291,47862,PAYLOAD,Non-Polar Inclined,USA,Commercial,2021-03-14,,95.59,53.06,548,546,2021,260,LARGE,US,COMMUNICATIONS,LEO,4,True
STARLINK-2321,47867,PAYLOAD,Non-Polar Inclined,USA,Commercial,2021-03-14,2025-02-21,87.71,53.04,163,158,2021,260,LARGE,US,COMMUNICATIONS,LEO,4,False
STARLINK-2323,47868,PAYLOAD,Non-Polar Inclined,USA,Commercial,2021-03-14,,90.56,53.05,319,285,2021,260,LARGE,US,COMMUNICATIONS,LEO,4,True
STARLINK-2345,47886,PAYLOAD,Non-Polar Inclined,USA,Commercial,2021-03-14,2023-09-27,88.22,53.03,191,182,2021,260,LARGE,US,COMMUNICATIONS,LEO,4,False
STARLINK-2349,47889,PAYLOAD,Non-Polar Inclined,USA,Commercial,2021-03-14,2025-01-13,87.37,53.03,147,141,2021,260,LARGE,US,COMMUNICATIONS,LEO,4,False
STARLINK-2360,47900,PAYLOAD,Non-Polar Inclined,USA,Commercial,2021-03-14,2024-08-01,89.21,53.05,246,225,2021,260,LARGE,US,COMMUNICATIONS,LEO,4,False
STARLINK-2362,47902,PAYLOAD,Non-Polar Inclined,USA,Commercial,2021-03-14,2025-01-20,87.92,53.03,174,168,2021,260,LARGE,US,COMMUNICATIONS,LEO,4,False
STARLINK-2087,47977,PAYLOAD,Non-Polar Inclined,USA,Commercial,2021-03-24,2025-03-03,87.32,53.02,144,140,2021,260,LARGE,US,COMMUNICATIONS,LEO,4,False
STARLINK-1647,47978,PAYLOAD,Non-Polar Inclined,USA,Commercial,2021-03-24,,95.59,53.06,548,546,2021,260,LARGE,US,COMMUNICATIONS,LEO,4,True
STARLINK-2279,47991,PAYLOAD,Non-Polar Inclined,USA,Commercial,2021-03-24,2025-01-30,87.53,53.02,156,149,2021,260,LARGE,US,COMMUNICATIONS,LEO,4,False
STARLINK-2273,47993,PAYLOAD,Non-Polar Inclined,USA,Commercial,2021-03-24,,95.59,53.05,548,547,2021,260,LARGE,US,COMMUNICATIONS,LEO,4,True
STARLINK-2290,47994,PAYLOAD,Non-Polar Inclined,USA,Commercial,2021-03-24,2025-02-01,87.81,53.03,169,162,2021,260,LARGE,US,COMMUNICATIONS,LEO,4,False
STARLINK-2296,47998,PAYLOAD,Non-Polar Inclined,USA,Commercial,2021-03-24,2025-01-24,87.69,53.02,162,158,2021,260,LARGE,US,COMMUNICATIONS,LEO,4,False
STARLINK-2272,48011,PAYLOAD,Non-Polar Inclined,USA,Commercial,2021-03-24,2024-06-23,88.57,53.04,204,203,2021,260,LARGE,US,COMMUNICATIONS,LEO,4,False
STARLINK-2301,48021,PAYLOAD,Non-Polar Inclined,USA,Commercial,2021-03-24,,95.59,53.05,548,546,2021,260,LARGE,US,COMMUNICATIONS,LEO,4,True
STARLINK-2299,48029,PAYLOAD,Non-Polar Inclined,USA,Commercial,2021-03-24,,95.59,53.06,548,546,2021,260,LARGE,US,COMMUNICATIONS,LEO,4,True
STARLINK-2286,48033,PAYLOAD,Non-Polar Inclined,USA,Commercial,2021-03-24,2025-04-14,88.11,53.03,187,175,2021,260,LARGE,US,COMMUNICATIONS,LEO,4,False
STARLINK-2295,48036,PAYLOAD,Non-Polar Inclined,USA,Commercial,2021-03-24,2025-04-10,87.52,53.03,157,146,2021,260,LARGE,US,COMMUNICATIONS,LEO,4,False
ONEWEB-0115,48042,PAYLOAD,Polar,United Kingdom,Commercial,2021-03-25,,109.63,87.9,1211,1208,2021,148,LARGE,UK,COMMUNICATIONS,LEO,5,True
ONEWEB-0153,48044,PAYLOAD,Polar,United Kingdom,Commercial,2021-03-25,,109.63,87.9,1211,1208,2021,148,LARGE,UK,COMMUNICATIONS,LEO,5,True
ONEWEB-0154,48045,PAYLOAD,Polar,United Kingdom,Commercial,2021-03-25,,109.63,87.9,1211,1208,2021,148,LARGE,UK,COMMUNICATIONS,LEO,5,True
ONEWEB-0116,48046,PAYLOAD,Polar,United Kingdom,Commercial,2021-03-25,,109.63,87.9,1211,1208,2021,148,LARGE,UK,COMMUNICATIONS,LEO,5,True
ONEWEB-0150,48047,PAYLOAD,Polar,United Kingdom,Commercial,2021-03-25,,109.63,87.9,1211,1208,2021,148,LARGE,UK,COMMUNICATIONS,LEO,5,True
ONEWEB-0158,48054,PAYLOAD,Polar,United Kingdom,Commercial,2021-03-25,,109.63,87.9,1211,1208,2021,148,LARGE,UK,COMMUNICATIONS,LEO,5,True
ONEWEB-0149,48058,PAYLOAD,Polar,United Kingdom,Commercial,2021-03-25,,109.63,87.9,1211,1208,2021,148,LARGE,UK,COMMUNICATIONS,LEO,5,True
ONEWEB-0163,48061,PAYLOAD,Polar,United Kingdom,Commercial,2021-03-25,,109.63,87.9,1211,1208,2021,148,MEDIUM,UK,COMMUNICATIONS,LEO,5,True
ONEWEB-0170,48067,PAYLOAD,Polar,United Kingdom,Commercial,2021-03-25,,109.63,87.9,1211,1208,2021,148,LARGE,UK,COMMUNICATIONS,LEO,5,True
ONEWEB-0171,48070,PAYLOAD,Polar,United Kingdom,Commercial,2021-03-25,,109.63,87.9,1211,1208,2021,148,LARGE,UK,COMMUNICATIONS,LEO,5,True
STARLINK-2412,48094,PAYLOAD,Non-Polar Inclined,USA,Commercial,2021-04-07,,95.59,53.05,548,546,2021,260,LARGE,US,COMMUNICATIONS,LEO,4,True
STARLINK-2414,48095,PAYLOAD,Non-Polar Inclined,USA,Commercial,2021-04-07,,95.59,53.05,548,546,2021,260,LARGE,US,COMMUNICATIONS,LEO,4,True
STARLINK-2417,48096,PAYLOAD,Non-Polar Inclined,USA,Commercial,2021-04-07,,95.59,53.05,549,546,2021,260,LARGE,US,COMMUNICATIONS,LEO,4,True
STARLINK-2421,48098,PAYLOAD,Non-Polar Inclined,USA,Commercial,2021-04-07,,95.59,53.05,548,546,2021,260,LARGE,US,COMMUNICATIONS,LEO,4,True
STARLINK-2430,48100,PAYLOAD,Non-Polar Inclined,USA,Commercial,2021-04-07,,95.59,53.05,548,546,2021,260,LARGE,US,COMMUNICATIONS,LEO,4,True
STARLINK-2447,48110,PAYLOAD,Non-Polar Inclined,USA,Commercial,2021-04-07,2025-03-30,88.31,53.04,197,184,2021,260,LARGE,US,COMMUNICATIONS,LEO,4,False
STARLINK-2448,48111,PAYLOAD,Non-Polar Inclined,USA,Commercial,2021-04-07,,95.59,53.05,549,546,2021,260,LARGE,US,COMMUNICATIONS,LEO,4,True
STARLINK-2450,48113,PAYLOAD,Non-Polar Inclined,USA,Commercial,2021-04-07,,95.59,53.06,548,546,2021,260,LARGE,US,COMMUNICATIONS,LEO,4,True
STARLINK-2451,48114,PAYLOAD,Non-Polar Inclined,USA,Commercial,2021-04-07,2024-01-11,87.57,52.99,162,147,2021,260,LARGE,US,COMMUNICATIONS,LEO,4,False
STARLINK-2465,48124,PAYLOAD,Non-Polar Inclined,USA,Commercial,2021-04-07,,95.59,53.05,548,546,2021,260,LARGE,US,COMMUNICATIONS,LEO,4,True
STARLINK-2474,48132,PAYLOAD,Non-Polar Inclined,USA,Commercial,2021-04-07,,95.59,53.05,548,546,2021,260,LARGE,US,COMMUNICATIONS,LEO,4,True
STARLINK-2479,48136,PAYLOAD,Non-Polar Inclined,USA,Commercial,2021-04-07,,95.59,53.06,548,546,2021,260,LARGE,US,COMMUNICATIONS,LEO,4,True
STARLINK-2491,48148,PAYLOAD,Non-Polar Inclined,USA,Commercial,2021-04-07,,95.59,53.05,548,546,2021,260,LARGE,US,COMMUNICATIONS,LEO,4,True
ONEWEB-0218,48214,PAYLOAD,Polar,United Kingdom,Commercial,2021-04-25,,109.55,87.91,1206,1205,2021,148,LARGE,UK,COMMUNICATIONS,LEO,5,True
ONEWEB-0202,48224,PAYLOAD,Polar,United Kingdom,Commercial,2021-04-25,,109.55,87.91,1207,1205,2021,148,MEDIUM,UK,COMMUNICATIONS,LEO,5,True
ONEWEB-0182,48228,PAYLOAD,Polar,United Kingdom,Commercial,2021-04-25,,109.55,87.91,1207,1204,2021,148,LARGE,UK,COMMUNICATIONS,LEO,5,True
ONEWEB-0186,48229,PAYLOAD,Polar,United Kingdom,Commercial,2021-04-25,,109.55,87.91,1207,1205,2021,148,MEDIUM,UK,COMMUNICATIONS,LEO,5,True
ONEWEB-0220,48232,PAYLOAD,Polar,United Kingdom,Commercial,2021-04-25,,109.55,87.91,1207,1204,2021,148,LARGE,UK,COMMUNICATIONS,LEO,5,True
ONEWEB-0165,48233,PAYLOAD,Polar,United Kingdom,Commercial,2021-04-25,,109.55,87.91,1208,1204,2021,148,LARGE,UK,COMMUNICATIONS,LEO,5,True
ONEWEB-0197,48236,PAYLOAD,Polar,United Kingdom,Commercial,2021-04-25,,109.55,87.91,1207,1204,2021,148,LARGE,UK,COMMUNICATIONS,LEO,5,True
ONEWEB-0200,48244,PAYLOAD,Polar,United Kingdom,Commercial,2021-04-25,,109.55,87.91,1207,1204,2021,148,LARGE,UK,COMMUNICATIONS,LEO,5,True
USA 314,48247,PAYLOAD,Sun-Synchronous,USA,Military,2021-04-26,,97.88,98.04,770,550,2021,20000,,US,EARTH OBSERVATION,LEO,5,True
STARLINK-2567,48276,PAYLOAD,Non-Polar Inclined,USA,Commercial,2021-04-29,,95.59,53.05,548,546,2021,260,LARGE,US,COMMUNICATIONS,LEO,4,True
STARLINK-2520,48281,PAYLOAD,Non-Polar Inclined,USA,Commercial,2021-04-29,2025-01-19,88.12,53.04,187,176,2021,260,LARGE,US,COMMUNICATIONS,LEO,4,False
STARLINK-2566,48287,PAYLOAD,Non-Polar Inclined,USA,Commercial,2021-04-29,,95.59,53.05,548,546,2021,260,LARGE,US,COMMUNICATIONS,LEO,4,True
STARLINK-2545,48289,PAYLOAD,Non-Polar Inclined,USA,Commercial,2021-04-29,,95.59,53.05,548,546,2021,260,LARGE,US,COMMUNICATIONS,LEO,4,True
STARLINK-2517,48309,PAYLOAD,Non-Polar Inclined,USA,Commercial,2021-04-29,,95.59,53.06,548,546,2021,260,LARGE,US,COMMUNICATIONS,LEO,4,True
STARLINK-2513,48317,PAYLOAD,Non-Polar Inclined,USA,Commercial,2021-04-29,,95.59,53.05,548,546,2021,260,LARGE,US,COMMUNICATIONS,LEO,4,True
STARLINK-2515,48323,PAYLOAD,Non-Polar Inclined,USA,Commercial,2021-04-29,,95.59,53.06,548,546,2021,260,LARGE,US,COMMUNICATIONS,LEO,4,True
STARLINK-2495,48325,PAYLOAD,Non-Polar Inclined,USA,Commercial,2021-04-29,,95.59,53.05,548,546,2021,260,LARGE,US,COMMUNICATIONS,LEO,4,True
STARLINK-2501,48330,PAYLOAD,Non-Polar Inclined,USA,Commercial,2021-04-29,,95.59,53.05,548,546,2021,260,LARGE,US,COMMUNICATIONS,LEO,4,True
STARLINK-2637,48356,PAYLOAD,Non-Polar Inclined,USA,Commercial,2021-05-04,,95.59,53.06,549,546,2021,260,LARGE,US,COMMUNICATIONS,LEO,4,True
STARLINK-2624,48358,PAYLOAD,Non-Polar Inclined,USA,Commercial,2021-05-04,,95.59,53.05,548,546,2021,260,LARGE,US,COMMUNICATIONS,LEO,4,True
STARLINK-2611,48364,PAYLOAD,Non-Polar Inclined,USA,Commercial,2021-05-04,,95.59,53.06,548,546,2021,260,LARGE,US,COMMUNICATIONS,LEO,4,True
STARLINK-2643,48367,PAYLOAD,Non-Polar Inclined,USA,Commercial,2021-05-04,,95.59,53.06,548,546,2021,260,LARGE,US,COMMUNICATIONS,LEO,4,True
STARLINK-2610,48376,PAYLOAD,Non-Polar Inclined,USA,Commercial,2021-05-04,,95.59,53.06,548,546,2021,260,LARGE,US,COMMUNICATIONS,LEO,4,True
STARLINK-2499,48377,PAYLOAD,Non-Polar Inclined,USA,Commercial,2021-05-04,,95.59,53.06,548,546,2021,260,LARGE,US,COMMUNICATIONS,LEO,4,True
STARLINK-2585,48382,PAYLOAD,Non-Polar Inclined,USA,Commercial,2021-05-04,,95.59,53.06,548,546,2021,260,LARGE,US,COMMUNICATIONS,LEO,4,True
STARLINK-2599,48383,PAYLOAD,Non-Polar Inclined,USA,Commercial,2021-05-04,2024-08-07,90.27,53.04,294,282,2021,260,LARGE,US,COMMUNICATIONS,LEO,4,False
STARLINK-2594,48388,PAYLOAD,Non-Polar Inclined,USA,Commercial,2021-05-04,,95.59,53.06,549,545,2021,260,LARGE,US,COMMUNICATIONS,LEO,4,True
STARLINK-1904,48389,PAYLOAD,Non-Polar Inclined,USA,Commercial,2021-05-04,2024-08-29,89.82,53.05,266,265,2021,260,LARGE,US,COMMUNICATIONS,LEO,4,False
STARLINK-2590,48397,PAYLOAD,Non-Polar Inclined,USA,Commercial,2021-05-04,,95.59,53.05,548,546,2021,260,LARGE,US,COMMUNICATIONS,LEO,4,True
STARLINK-2596,48409,PAYLOAD,Non-Polar Inclined,USA,Commercial,2021-05-04,2024-08-26,92.63,53.05,404,403,2021,260,LARGE,US,COMMUNICATIONS,LEO,4,False
STARLINK-2563,48410,PAYLOAD,Non-Polar Inclined,USA,Commercial,2021-05-04,,95.59,53.05,548,546,2021,260,LARGE,US,COMMUNICATIONS,LEO,4,True
STARLINK-2461,48428,PAYLOAD,Non-Polar Inclined,USA,Commercial,2021-05-09,,95.59,53.05,548,546,2021,260,LARGE,US,COMMUNICATIONS,LEO,4,True
STARLINK-2644,48442,PAYLOAD,Non-Polar Inclined,USA,Commercial,2021-05-09,,95.59,53.05,548,546,2021,260,LARGE,US,COMMUNICATIONS,LEO,4,True
STARLINK-2645,48444,PAYLOAD,Non-Polar Inclined,USA,Commercial,2021-05-09,,95.59,53.05,548,547,2021,260,LARGE,US,COMMUNICATIONS,LEO,4,True
STARLINK-2660,48450,PAYLOAD,Non-Polar Inclined,USA,Commercial,2021-05-09,,95.59,53.05,548,546,2021,260,LARGE,US,COMMUNICATIONS,LEO,4,True
STARLINK-2652,48451,PAYLOAD,Non-Polar Inclined,USA,Commercial,2021-05-09,2024-08-17,90.91,53.04,327,312,2021,260,LARGE,US,COMMUNICATIONS,LEO,4,False
STARLINK-2620,48453,PAYLOAD,Non-Polar Inclined,USA,Commercial,2021-05-09,,95.59,53.05,548,546,2021,260,LARGE,US,COMMUNICATIONS,LEO,4,True
STARLINK-2654,48454,PAYLOAD,Non-Polar Inclined,USA,Commercial,2021-05-09,,95.59,53.05,548,546,2021,260,LARGE,US,COMMUNICATIONS,LEO,4,True
STARLINK-2508,48456,PAYLOAD,Non-Polar Inclined,USA,Commercial,2021-05-09,2024-08-13,90.59,53.04,311,296,2021,260,LARGE,US,COMMUNICATIONS,LEO,4,False
STARLINK-2529,48457,PAYLOAD,Non-Polar Inclined,USA,Commercial,2021-05-09,2021-07-28,90.43,53.05,298,293,2021,260,LARGE,US,COMMUNICATIONS,LEO,4,False
STARLINK-2698,48458,PAYLOAD,Non-Polar Inclined,USA,Commercial,2021-05-09,,95.59,53.05,548,546,2021,260,LARGE,US,COMMUNICATIONS,LEO,4,True
STARLINK-2722,48472,PAYLOAD,Non-Polar Inclined,USA,Commercial,2021-05-09,,95.59,53.05,548,546,2021,260,LARGE,US,COMMUNICATIONS,LEO,4,True
STARLINK-2658,48473,PAYLOAD,Non-Polar Inclined,USA,Commercial,2021-05-09,,95.59,53.05,548,546,2021,260,LARGE,US,COMMUNICATIONS,LEO,4,True
STARLINK-2531,48483,PAYLOAD,Non-Polar Inclined,USA,Commercial,2021-05-09,,95.59,53.06,549,545,2021,260,LARGE,US,COMMUNICATIONS,LEO,4,True
STARLINK-2696,48484,PAYLOAD,Non-Polar Inclined,USA,Commercial,2021-05-09,,93.44,53.05,448,439,2021,260,LARGE,US,COMMUNICATIONS,LEO,4,True
STARLINK-2494,48487,PAYLOAD,Non-Polar Inclined,USA,Commercial,2021-05-09,,95.59,53.05,548,546,2021,260,LARGE,US,COMMUNICATIONS,LEO,4,True
STARLINK-2139,48554,PAYLOAD,Non-Polar Inclined,USA,Commercial,2021-05-15,,95.59,53.05,548,546,2021,260,LARGE,US,COMMUNICATIONS,LEO,4,True
STARLINK-2214,48566,PAYLOAD,Non-Polar Inclined,USA,Commercial,2021-05-15,,95.59,53.05,548,546,2021,260,LARGE,US,COMMUNICATIONS,LEO,4,True
STARLINK-2222,48572,PAYLOAD,Non-Polar Inclined,USA,Commercial,2021-05-15,,95.59,53.05,548,546,2021,260,LARGE,US,COMMUNICATIONS,LEO,4,True
STARLINK-2242,48587,PAYLOAD,Non-Polar Inclined,USA,Commercial,2021-05-15,2024-01-07,88.54,53.03,206,199,2021,260,LARGE,US,COMMUNICATIONS,LEO,4,False
STARLINK-2250,48593,PAYLOAD,Non-Polar Inclined,USA,Commercial,2021-05-15,,95.59,53.05,548,546,2021,260,LARGE,US,COMMUNICATIONS,LEO,4,True
STARLINK-2253,48596,PAYLOAD,Non-Polar Inclined,USA,Commercial,2021-05-15,,95.59,53.05,548,546,2021,260,LARGE,US,COMMUNICATIONS,LEO,4,True
STARLINK-2695,48644,PAYLOAD,Non-Polar Inclined,USA,Commercial,2021-05-26,,95.59,53.05,548,546,2021,260,LARGE,US,COMMUNICATIONS,LEO,4,True
STARLINK-2733,48645,PAYLOAD,Non-Polar Inclined,USA,Commercial,2021-05-26,2025-03-29,87.54,53.02,157,148,2021,260,LARGE,US,COMMUNICATIONS,LEO,4,False
STARLINK-2647,48658,PAYLOAD,Non-Polar Inclined,USA,Commercial,2021-05-26,,95.59,53.05,548,546,2021,260,LARGE,US,COMMUNICATIONS,LEO,4,True
STARLINK-2711,48673,PAYLOAD,Non-Polar Inclined,USA,Commercial,2021-05-26,,95.59,53.05,548,546,2021,260,LARGE,US,COMMUNICATIONS,LEO,4,True
STARLINK-2719,48677,PAYLOAD,Non-Polar Inclined,USA,Commercial,2021-05-26,2024-08-23,92.97,53.05,421,419,2021,260,LARGE,US,COMMUNICATIONS,LEO,4,False
STARLINK-2615,48678,PAYLOAD,Non-Polar Inclined,USA,Commercial,2021-05-26,,95.59,53.05,548,546,2021,260,LARGE,US,COMMUNICATIONS,LEO,4,True
STARLINK-2756,48683,PAYLOAD,Non-Polar Inclined,USA,Commercial,2021-05-26,,95.59,53.06,548,546,2021,260,LARGE,US,COMMUNICATIONS,LEO,4,True
STARLINK-2741,48684,PAYLOAD,Non-Polar Inclined,USA,Commercial,2021-05-26,,95.59,53.05,548,546,2021,260,LARGE,US,COMMUNICATIONS,LEO,4,True
STARLINK-2751,48685,PAYLOAD,Non-Polar Inclined,USA,Commercial,2021-05-26,,95.59,53.05,548,546,2021,260,LARGE,US,COMMUNICATIONS,LEO,4,True
STARLINK-2616,48695,PAYLOAD,Non-Polar Inclined,USA,Commercial,2021-05-26,,95.59,53.06,548,546,2021,260,LARGE,US,COMMUNICATIONS,LEO,4,True
STARLINK-2753,48696,PAYLOAD,Non-Polar Inclined,USA,Commercial,2021-05-26,,95.59,53.05,548,546,2021,260,LARGE,US,COMMUNICATIONS,LEO,4,True
ONEWEB-0230,48769,PAYLOAD,Polar,United Kingdom,Commercial,2021-05-28,,109.46,87.91,1203,1200,2021,148,MEDIUM,UK,COMMUNICATIONS,LEO,5,True
ONEWEB-0228,48780,PAYLOAD,Polar,United Kingdom,Commercial,2021-05-28,,109.46,87.91,1203,1200,2021,148,MEDIUM,UK,COMMUNICATIONS,LEO,5,True
ONEWEB-0234,48783,PAYLOAD,Polar,United Kingdom,Commercial,2021-05-28,,109.46,87.91,1203,1200,2021,148,LARGE,UK,COMMUNICATIONS,LEO,5,True
ONEWEB-0238,48784,PAYLOAD,Polar,United Kingdom,Commercial,2021-05-28,,109.46,87.91,1203,1200,2021,148,LARGE,UK,COMMUNICATIONS,LEO,5,True
ONEWEB-0214,48788,PAYLOAD,Polar,United Kingdom,Commercial,2021-05-28,,109.46,87.91,1204,1200,2021,148,MEDIUM,UK,COMMUNICATIONS,LEO,5,True
ONEWEB-0221,48789,PAYLOAD,Polar,United Kingdom,Commercial,2021-05-28,,109.46,87.91,1203,1201,2021,148,LARGE,UK,COMMUNICATIONS,LEO,5,True
ONEWEB-0213,48790,PAYLOAD,Polar,United Kingdom,Commercial,2021-05-28,,109.46,87.91,1203,1201,2021,148,LARGE,UK,COMMUNICATIONS,LEO,5,True
ONEWEB-0226,48793,PAYLOAD,Polar,United Kingdom,Commercial,2021-05-28,,109.46,87.91,1203,1200,2021,148,MEDIUM,UK,COMMUNICATIONS,LEO,5,True
ONEWEB-0215,48800,PAYLOAD,Polar,United Kingdom,Commercial,2021-05-28,,109.46,87.91,1203,1201,2021,148,LARGE,UK,COMMUNICATIONS,LEO,5,True
NAVSTAR 81 (USA 319),48859,PAYLOAD,Non-Polar Inclined,USA,Military/Commercial,2021-06-17,,717.96,55.33,20231,20132,2021,2300,LARGE,US,NAVIGATION/GLOBAL POSITIONING,MEO,15,True
SPACEBEENZ-7,48889,PAYLOAD,Sun-Synchronous,USA,Commercial,2021-06-30,2023-09-12,88.26,97.55,199,178,2021,2,SMALL,NZ,COMMUNICATIONS,LEO,2,False
SPACEBEE-109,48897,PAYLOAD,Sun-Synchronous,USA,Commercial,2021-06-30,2024-03-06,88.48,97.59,207,192,2021,2,SMALL,US,COMMUNICATIONS,LEO,2,False
ONEWEB-0256,48974,PAYLOAD,Polar,United Kingdom,Commercial,2021-07-01,,109.37,87.9,1199,1196,2021,148,LARGE,UK,COMMUNICATIONS,LEO,5,True
ONEWEB-0272,48990,PAYLOAD,Polar,United Kingdom,Commercial,2021-07-01,,109.37,87.9,1199,1197,2021,148,LARGE,UK,COMMUNICATIONS,LEO,5,True
ONEWEB-0281,48999,PAYLOAD,Polar,United Kingdom,Commercial,2021-07-01,,109.37,87.9,1199,1196,2021,148,MEDIUM,UK,COMMUNICATIONS,LEO,5,True
ONEWEB-0289,49079,PAYLOAD,Polar,United Kingdom,Commercial,2021-08-21,,109.29,87.9,1195,1193,2021,148,LARGE,UK,COMMUNICATIONS,LEO,5,True
ONEWEB-0290,49080,PAYLOAD,Polar,United Kingdom,Commercial,2021-08-21,,109.29,87.9,1195,1193,2021,148,LARGE,UK,COMMUNICATIONS,LEO,5,True
ONEWEB-0302,49091,PAYLOAD,Polar,United Kingdom,Commercial,2021-08-21,,109.72,87.88,1215,1212,2021,148,LARGE,UK,COMMUNICATIONS,LEO,5,True
ONEWEB-0309,49095,PAYLOAD,Polar,United Kingdom,Commercial,2021-08-21,,109.29,87.9,1195,1192,2021,148,LARGE,UK,COMMUNICATIONS,LEO,5,True
STARLINK-3090,49132,PAYLOAD,Polar,USA,Commercial,2021-09-14,,96.11,70,574,570,2021,260,LARGE,US,COMMUNICATIONS,LEO,4,True
STARLINK-3078,49134,PAYLOAD,Polar,USA,Commercial,2021-09-14,,96.11,70,574,570,2021,260,LARGE,US,COMMUNICATIONS,LEO,4,True
STARLINK-3057,49139,PAYLOAD,Polar,USA,Commercial,2021-09-14,,96.11,70,574,570,2021,260,LARGE,US,COMMUNICATIONS,LEO,4,True
STARLINK-3042,49142,PAYLOAD,Polar,USA,Commercial,2021-09-14,,91,70,328,319,2021,260,LARGE,US,COMMUNICATIONS,LEO,4,True
STARLINK-3104,49150,PAYLOAD,Polar,USA,Commercial,2021-09-14,2025-04-19,87.39,69.98,153,138,2021,260,LARGE,US,COMMUNICATIONS,LEO,4,False
STARLINK-3054,49167,PAYLOAD,Polar,USA,Commercial,2021-09-14,,96.11,70,573,571,2021,260,LARGE,US,COMMUNICATIONS,LEO,4,True
STARLINK-3091,49172,PAYLOAD,Polar,USA,Commercial,2021-09-14,,92.73,70,410,406,2021,260,LARGE,US,COMMUNICATIONS,LEO,4,True
ONEWEB-0320,49190,PAYLOAD,Polar,United Kingdom,Commercial,2021-09-14,,109.2,87.91,1191,1188,2021,148,MEDIUM,UK,COMMUNICATIONS,LEO,5,True
ONEWEB-0331,49198,PAYLOAD,Polar,United Kingdom,Commercial,2021-09-14,,109.2,87.92,1191,1188,2021,148,LARGE,UK,COMMUNICATIONS,LEO,5,True
ONEWEB-0337,49203,PAYLOAD,Polar,United Kingdom,Commercial,2021-09-14,,109.63,87.9,1211,1208,2021,148,LARGE,UK,COMMUNICATIONS,LEO,5,True
ONEWEB-0350,49214,PAYLOAD,Polar,United Kingdom,Commercial,2021-09-14,,109.63,87.9,1211,1208,2021,148,MEDIUM,UK,COMMUNICATIONS,LEO,5,True
ONEWEB-0353,49282,PAYLOAD,Polar,United Kingdom,Commercial,2021-10-14,,109.55,87.91,1207,1204,2021,148,LARGE,UK,COMMUNICATIONS,LEO,5,True
ONEWEB-0356,49283,PAYLOAD,Polar,United Kingdom,Commercial,2021-10-14,,109.03,87.93,1184,1180,2021,148,LARGE,UK,COMMUNICATIONS,LEO,5,True
ONEWEB-0361,49287,PAYLOAD,Polar,United Kingdom,Commercial,2021-10-14,,109.03,87.93,1183,1180,2021,148,MEDIUM,UK,COMMUNICATIONS,LEO,5,True
ONEWEB-0364,49290,PAYLOAD,Polar,United Kingdom,Commercial,2021-10-14,,109.03,87.93,1184,1180,2021,148,LARGE,UK,COMMUNICATIONS,LEO,5,True
ONEWEB-0369,49295,PAYLOAD,Polar,United Kingdom,Commercial,2021-10-14,,109.11,87.93,1187,1184,2021,148,LARGE,UK,COMMUNICATIONS,LEO,5,True
ONEWEB-0379,49305,PAYLOAD,Polar,United Kingdom,Commercial,2021-10-14,,109.55,87.91,1207,1204,2021,148,LARGE,UK,COMMUNICATIONS,LEO,5,True
ONEWEB-0380,49306,PAYLOAD,Polar,United Kingdom,Commercial,2021-10-14,,109.11,87.93,1187,1184,2021,148,LARGE,UK,COMMUNICATIONS,LEO,5,True
ONEWEB-0382,49308,PAYLOAD,Polar,United Kingdom,Commercial,2021-10-14,,109.03,87.93,1183,1180,2021,148,LARGE,UK,COMMUNICATIONS,LEO,5,True
ONEWEB-0383,49309,PAYLOAD,Polar,United Kingdom,Commercial,2021-10-14,,109.55,87.91,1207,1204,2021,148,LARGE,UK,COMMUNICATIONS,LEO,5,True
SES 17,49332,PAYLOAD,,Luxembourg,Commercial,2021-10-24,,1436.11,0.01,35790,35784,2021,6411,LARGE,SES,COMMUNICATIONS,GEO,18,True
SYRACUSE 4A,49333,PAYLOAD,,France,Military,2021-10-24,,1436.11,0.02,35793,35781,2021,3852,MEDIUM,FR,COMMUNICATIONS,GEO,15,True
STARLINK-3075,49409,PAYLOAD,Non-Polar Inclined,USA,Commercial,2021-11-13,,95.44,53.22,540,539,2021,260,LARGE,US,COMMUNICATIONS,LEO,4,True
STARLINK-3112,49421,PAYLOAD,Non-Polar Inclined,USA,Commercial,2021-11-13,,95.44,53.21,541,539,2021,260,LARGE,US,COMMUNICATIONS,LEO,4,True
STARLINK-3161,49422,PAYLOAD,Non-Polar Inclined,USA,Commercial,2021-11-13,,95.44,53.22,541,539,2021,260,LARGE,US,COMMUNICATIONS,LEO,4,True
STARLINK-3149,49423,PAYLOAD,Non-Polar Inclined,USA,Commercial,2021-11-13,,95.44,53.22,541,539,2021,260,LARGE,US,COMMUNICATIONS,LEO,4,True
STARLINK-3121,49428,PAYLOAD,Non-Polar Inclined,USA,Commercial,2021-11-13,,95.44,53.22,541,539,2021,260,LARGE,US,COMMUNICATIONS,LEO,4,True
STARLINK-3138,49430,PAYLOAD,Non-Polar Inclined,USA,Commercial,2021-11-13,,95.44,53.22,541,539,2021,260,LARGE,US,COMMUNICATIONS,LEO,4,True
STARLINK-3134,49434,PAYLOAD,Non-Polar Inclined,USA,Commercial,2021-11-13,,95.44,53.22,541,539,2021,260,LARGE,US,COMMUNICATIONS,LEO,4,True
STARLINK-3122,49445,PAYLOAD,Non-Polar Inclined,USA,Commercial,2021-11-13,,95.44,53.22,541,539,2021,260,LARGE,US,COMMUNICATIONS,LEO,4,True
STARLINK-3099,49446,PAYLOAD,Non-Polar Inclined,USA,Commercial,2021-11-13,,95.44,53.22,541,539,2021,260,LARGE,US,COMMUNICATIONS,LEO,4,True
STARLINK-3137,49449,PAYLOAD,Non-Polar Inclined,USA,Commercial,2021-11-13,,95.44,53.22,541,539,2021,260,LARGE,US,COMMUNICATIONS,LEO,4,True
STARLINK-3145,49455,PAYLOAD,Non-Polar Inclined,USA,Commercial,2021-11-13,,95.44,53.22,541,539,2021,260,LARGE,US,COMMUNICATIONS,LEO,4,True
STARLINK-3132,49457,PAYLOAD,Non-Polar Inclined,USA,Commercial,2021-11-13,,95.44,53.22,541,539,2021,260,LARGE,US,COMMUNICATIONS,LEO,4,True
GAOFEN 3 02,49495,PAYLOAD,Sun-Synchronous,China,Government,2021-11-22,,99.85,98.41,753,749,2021,2500,LARGE,PRC,EARTH OBSERVATION,LEO,8,True
STARLINK-3242,49727,PAYLOAD,Non-Polar Inclined,USA,Commercial,2021-12-02,,95.44,53.22,541,539,2021,260,LARGE,US,COMMUNICATIONS,LEO,4,True
STARLINK-3225,49737,PAYLOAD,Non-Polar Inclined,USA,Commercial,2021-12-02,,95.44,53.22,541,539,2021,260,LARGE,US,COMMUNICATIONS,LEO,4,True
STARLINK-3143,49738,PAYLOAD,Non-Polar Inclined,USA,Commercial,2021-12-02,,95.44,53.22,541,539,2021,260,LARGE,US,COMMUNICATIONS,LEO,4,True
STARLINK-3244,49741,PAYLOAD,Non-Polar Inclined,USA,Commercial,2021-12-02,,95.44,53.22,541,539,2021,260,LARGE,US,COMMUNICATIONS,LEO,4,True
STARLINK-3202,49742,PAYLOAD,Non-Polar Inclined,USA,Commercial,2021-12-02,,95.44,53.22,541,539,2021,260,LARGE,US,COMMUNICATIONS,LEO,4,True
STARLINK-3248,49748,PAYLOAD,Non-Polar Inclined,USA,Commercial,2021-12-02,,95.44,53.22,541,539,2021,260,LARGE,US,COMMUNICATIONS,LEO,4,True
STARLINK-3236,49750,PAYLOAD,Non-Polar Inclined,USA,Commercial,2021-12-02,,95.44,53.22,541,539,2021,260,LARGE,US,COMMUNICATIONS,LEO,4,True
STARLINK-3229,49751,PAYLOAD,Non-Polar Inclined,USA,Commercial,2021-12-02,,95.44,53.22,541,539,2021,260,LARGE,US,COMMUNICATIONS,LEO,4,True
STARLINK-3200,49753,PAYLOAD,Non-Polar Inclined,USA,Commercial,2021-12-02,,95.44,53.21,542,538,2021,260,LARGE,US,COMMUNICATIONS,LEO,4,True
STARLINK-3190,49766,PAYLOAD,Non-Polar Inclined,USA,Commercial,2021-12-02,,95.44,53.22,541,539,2021,260,LARGE,US,COMMUNICATIONS,LEO,4,True
STARLINK-3208,49769,PAYLOAD,Non-Polar Inclined,USA,Commercial,2021-12-02,,95.44,53.22,541,539,2021,260,LARGE,US,COMMUNICATIONS,LEO,4,True
GALILEO 28 (224),49810,PAYLOAD,Non-Polar Inclined,ESA,Commercial,2021-12-05,,844.7,57.27,23223,23221,2021,733,LARGE,ESA,NAVIGATION/GLOBAL POSITIONING,MEO,12,True
STARLINK-3313,50157,PAYLOAD,Non-Polar Inclined,USA,Commercial,2021-12-18,,95.44,53.22,541,539,2021,260,LARGE,US,COMMUNICATIONS,LEO,4,True
STARLINK-3304,50161,PAYLOAD,Non-Polar Inclined,USA,Commercial,2021-12-18,,95.44,53.22,541,539,2021,260,LARGE,US,COMMUNICATIONS,LEO,4,True
STARLINK-3303,50162,PAYLOAD,Non-Polar Inclined,USA,Commercial,2021-12-18,2024-02-18,87.78,53.15,167,163,2021,260,LARGE,US,COMMUNICATIONS,LEO,4,False
STARLINK-3298,50165,PAYLOAD,Non-Polar Inclined,USA,Commercial,2021-12-18,,95.44,53.22,541,539,2021,260,LARGE,US,COMMUNICATIONS,LEO,4,True
STARLINK-3305,50166,PAYLOAD,Non-Polar Inclined,USA,Commercial,2021-12-18,,95.44,53.22,541,539,2021,260,LARGE,US,COMMUNICATIONS,LEO,4,True
STARLINK-3271,50167,PAYLOAD,Non-Polar Inclined,USA,Commercial,2021-12-18,,95.44,53.22,541,539,2021,260,LARGE,US,COMMUNICATIONS,LEO,4,True
STARLINK-3296,50168,PAYLOAD,Non-Polar Inclined,USA,Commercial,2021-12-18,,95.44,53.22,541,539,2021,260,LARGE,US,COMMUNICATIONS,LEO,4,True
STARLINK-3245,50170,PAYLOAD,Non-Polar Inclined,USA,Commercial,2021-12-18,,95.44,53.22,541,539,2021,260,LARGE,US,COMMUNICATIONS,LEO,4,True
STARLINK-3289,50173,PAYLOAD,Non-Polar Inclined,USA,Commercial,2021-12-18,,95.44,53.22,541,539,2021,260,LARGE,US,COMMUNICATIONS,LEO,4,True
STARLINK-3291,50175,PAYLOAD,Non-Polar Inclined,USA,Commercial,2021-12-18,,95.44,53.22,541,539,2021,260,LARGE,US,COMMUNICATIONS,LEO,4,True
STARLINK-3277,50182,PAYLOAD,Non-Polar Inclined,USA,Commercial,2021-12-18,,95.44,53.22,541,539,2021,260,LARGE,US,COMMUNICATIONS,LEO,4,True
STARLINK-3272,50187,PAYLOAD,Non-Polar Inclined,USA,Commercial,2021-12-18,,95.44,53.22,541,539,2021,260,LARGE,US,COMMUNICATIONS,LEO,4,True
STARLINK-3273,50191,PAYLOAD,Non-Polar Inclined,USA,Commercial,2021-12-18,,95.44,53.21,542,538,2021,260,LARGE,US,COMMUNICATIONS,LEO,4,True
STARLINK-3261,50193,PAYLOAD,Non-Polar Inclined,USA,Commercial,2021-12-18,,95.44,53.22,541,539,2021,260,LARGE,US,COMMUNICATIONS,LEO,4,True
STARLINK-3267,50197,PAYLOAD,Non-Polar Inclined,USA,Commercial,2021-12-18,,95.44,53.22,541,539,2021,260,LARGE,US,COMMUNICATIONS,LEO,4,True
STARLINK-3255,50201,PAYLOAD,Non-Polar Inclined,USA,Commercial,2021-12-18,,95.44,53.22,541,539,2021,260,LARGE,US,COMMUNICATIONS,LEO,4,True
ONEWEB-0390,50470,PAYLOAD,Polar,United Kingdom,Commercial,2021-12-27,,109.29,87.9,1195,1192,2021,148,LARGE,UK,COMMUNICATIONS,LEO,5,True
ONEWEB-0393,50473,PAYLOAD,Polar,United Kingdom,Commercial,2021-12-27,,109.29,87.9,1195,1192,2021,148,LARGE,UK,COMMUNICATIONS,LEO,5,True
ONEWEB-0396,50476,PAYLOAD,Polar,United Kingdom,Commercial,2021-12-27,,109.2,87.91,1191,1188,2021,148,LARGE,UK,COMMUNICATIONS,LEO,5,True
ONEWEB-0409,50488,PAYLOAD,Polar,United Kingdom,Commercial,2021-12-27,,109.8,87.88,1219,1216,2021,148,LARGE,UK,COMMUNICATIONS,LEO,5,True
STARLINK-3338,50812,PAYLOAD,Non-Polar Inclined,USA,Commercial,2022-01-06,,95.44,53.22,540,539,2022,260,LARGE,US,COMMUNICATIONS,LEO,4,True
STARLINK-3324,50814,PAYLOAD,Non-Polar Inclined,USA,Commercial,2022-01-06,,95.44,53.22,541,539,2022,260,LARGE,US,COMMUNICATIONS,LEO,4,True
STARLINK-3346,50821,PAYLOAD,Non-Polar Inclined,USA,Commercial,2022-01-06,,95.44,53.22,541,539,2022,260,LARGE,US,COMMUNICATIONS,LEO,4,True
STARLINK-3334,50823,PAYLOAD,Non-Polar Inclined,USA,Commercial,2022-01-06,,95.44,53.22,541,539,2022,260,LARGE,US,COMMUNICATIONS,LEO,4,True
STARLINK-3332,50825,PAYLOAD,Non-Polar Inclined,USA,Commercial,2022-01-06,,95.44,53.22,541,539,2022,260,LARGE,US,COMMUNICATIONS,LEO,4,True
STARLINK-3299,50831,PAYLOAD,Non-Polar Inclined,USA,Commercial,2022-01-06,,95.44,53.22,541,539,2022,260,LARGE,US,COMMUNICATIONS,LEO,4,True
STARLINK-3316,50833,PAYLOAD,Non-Polar Inclined,USA,Commercial,2022-01-06,2024-09-29,89.51,53.18,259,242,2022,260,LARGE,US,COMMUNICATIONS,LEO,4,False
STARLINK-3330,50836,PAYLOAD,Non-Polar Inclined,USA,Commercial,2022-01-06,,95.44,53.22,540,539,2022,260,LARGE,US,COMMUNICATIONS,LEO,4,True
STARLINK-3318,50837,PAYLOAD,Non-Polar Inclined,USA,Commercial,2022-01-06,,95.44,53.22,541,539,2022,260,LARGE,US,COMMUNICATIONS,LEO,4,True
STARLINK-3295,50840,PAYLOAD,Non-Polar Inclined,USA,Commercial,2022-01-06,,95.44,53.22,541,539,2022,260,LARGE,US,COMMUNICATIONS,LEO,4,True
STARLINK-3230,50845,PAYLOAD,Non-Polar Inclined,USA,Commercial,2022-01-06,,95.44,53.22,541,539,2022,260,LARGE,US,COMMUNICATIONS,LEO,4,True
STARLINK-3315,50848,PAYLOAD,Non-Polar Inclined,USA,Commercial,2022-01-06,,95.44,53.22,541,539,2022,260,LARGE,US,COMMUNICATIONS,LEO,4,True
ION SCV-004,50993,PAYLOAD,Sun-Synchronous,USA,Commercial,2022-01-13,,94.42,97.34,497,484,2022,6,MEDIUM,IT,EARTH OBSERVATION,LEO,3,True
FLOCK 4X 20,50997,PAYLOAD,Sun-Synchronous,USA,Commercial,2022-01-13,2024-09-14,88.16,97.36,192,175,2022,6,SMALL,US,EARTH OBSERVATION,LEO,3,False
FLOCK 4X 22,51003,PAYLOAD,Sun-Synchronous,USA,Commercial,2022-01-13,2024-09-18,87.82,97.36,175,158,2022,6,SMALL,US,EARTH OBSERVATION,LEO,3,False
FLOCK 4X 15,51010,PAYLOAD,Sun-Synchronous,USA,Commercial,2022-01-13,2024-06-19,87.73,97.36,171,152,2022,6,SMALL,US,EARTH OBSERVATION,LEO,3,False
FLOCK 4X 29,51011,PAYLOAD,Sun-Synchronous,USA,Commercial,2022-01-13,2024-10-10,87.52,97.36,161,142,2022,6,SMALL,US,EARTH OBSERVATION,LEO,3,False
FLOCK 4X 25,51016,PAYLOAD,Sun-Synchronous,USA,Commercial,2022-01-13,2024-08-20,91.52,97.37,357,340,2022,6,MEDIUM,US,EARTH OBSERVATION,LEO,3,False
FLOCK 4X 16,51020,PAYLOAD,Sun-Synchronous,USA,Commercial,2022-01-13,2024-10-17,88.39,97.36,202,188,2022,6,SMALL,US,EARTH OBSERVATION,LEO,3,False
FLOCK 4X 26,51026,PAYLOAD,Sun-Synchronous,USA,Commercial,2022-01-13,2024-10-30,87.48,97.35,159,140,2022,6,SMALL,US,EARTH OBSERVATION,LEO,3,False
FLOCK 4X 9,51047,PAYLOAD,Sun-Synchronous,USA,Commercial,2022-01-13,2024-10-20,87.48,97.35,159,140,2022,6,SMALL,US,EARTH OBSERVATION,LEO,3,False
FLOCK 4X 40,51052,PAYLOAD,Sun-Synchronous,USA,Commercial,2022-01-13,2024-09-01,87.49,97.35,160,140,2022,6,SMALL,US,EARTH OBSERVATION,LEO,3,False
FLOCK 4X 7,51065,PAYLOAD,Sun-Synchronous,USA,Commercial,2022-01-13,2024-10-30,87.55,97.35,162,145,2022,6,SMALL,US,EARTH OBSERVATION,LEO,3,False
STARLINK-3368,51107,PAYLOAD,Non-Polar Inclined,USA,Commercial,2022-01-19,2024-12-25,87.75,53.2,167,160,2022,260,LARGE,US,COMMUNICATIONS,LEO,4,False
STARLINK-3400,51128,PAYLOAD,Non-Polar Inclined,USA,Commercial,2022-01-19,,95.44,53.22,541,539,2022,260,LARGE,US,COMMUNICATIONS,LEO,4,True
STARLINK-3253,51136,PAYLOAD,Non-Polar Inclined,USA,Commercial,2022-01-19,,95.44,53.22,541,538,2022,260,LARGE,US,COMMUNICATIONS,LEO,4,True
STARLINK-3180,51137,PAYLOAD,Non-Polar Inclined,USA,Commercial,2022-01-19,,95.44,53.22,541,539,2022,260,LARGE,US,COMMUNICATIONS,LEO,4,True
STARLINK-3177,51138,PAYLOAD,Non-Polar Inclined,USA,Commercial,2022-01-19,,95.44,53.22,541,539,2022,260,LARGE,US,COMMUNICATIONS,LEO,4,True
STARLINK-3365,51145,PAYLOAD,Non-Polar Inclined,USA,Commercial,2022-01-19,2024-12-29,89.41,53.22,250,241,2022,260,LARGE,US,COMMUNICATIONS,LEO,4,False
STARLINK-3352,51147,PAYLOAD,Non-Polar Inclined,USA,Commercial,2022-01-19,,95.44,53.22,540,539,2022,260,LARGE,US,COMMUNICATIONS,LEO,4,True
STARLINK-3361,51151,PAYLOAD,Non-Polar Inclined,USA,Commercial,2022-01-19,,93.25,53.21,436,431,2022,260,LARGE,US,COMMUNICATIONS,LEO,4,True
STARLINK-3167,51460,PAYLOAD,Non-Polar Inclined,USA,Commercial,2022-02-03,2024-12-24,87.34,53.2,146,140,2022,260,LARGE,US,COMMUNICATIONS,LEO,4,False
STARLINK-3419,51463,PAYLOAD,Non-Polar Inclined,USA,Commercial,2022-02-03,,95.44,53.22,541,539,2022,260,LARGE,US,COMMUNICATIONS,LEO,4,True
STARLINK-3401,51465,PAYLOAD,Non-Polar Inclined,USA,Commercial,2022-02-03,,95.44,53.22,541,539,2022,260,LARGE,US,COMMUNICATIONS,LEO,4,True
ONEWEB-0422,51626,PAYLOAD,Polar,United Kingdom,Commercial,2022-02-10,,109.29,87.9,1195,1192,2022,148,LARGE,UK,COMMUNICATIONS,LEO,5,True
ONEWEB-0428,51629,PAYLOAD,Polar,United Kingdom,Commercial,2022-02-10,,109.89,87.88,1223,1220,2022,148,LARGE,UK,COMMUNICATIONS,LEO,5,True
ONEWEB-0431,51630,PAYLOAD,Polar,United Kingdom,Commercial,2022-02-10,,109.89,87.88,1223,1221,2022,148,LARGE,UK,COMMUNICATIONS,LEO,5,True
ONEWEB-0434,51631,PAYLOAD,Polar,United Kingdom,Commercial,2022-02-10,,109.89,87.88,1224,1220,2022,148,LARGE,UK,COMMUNICATIONS,LEO,5,True
ONEWEB-0436,51633,PAYLOAD,Polar,United Kingdom,Commercial,2022-02-10,,109.29,87.9,1195,1192,2022,148,LARGE,UK,COMMUNICATIONS,LEO,5,True
ONEWEB-0457,51647,PAYLOAD,Polar,United Kingdom,Commercial,2022-02-10,,109.89,87.88,1223,1220,2022,148,LARGE,UK,COMMUNICATIONS,LEO,5,True
ONEWEB-0461,51649,PAYLOAD,Polar,United Kingdom,Commercial,2022-02-10,,109.29,87.9,1195,1192,2022,148,LARGE,UK,COMMUNICATIONS,LEO,5,True
ONEWEB-0464,51651,PAYLOAD,Polar,United Kingdom,Commercial,2022-02-10,,109.89,87.88,1223,1220,2022,148,LARGE,UK,COMMUNICATIONS,LEO,5,True
ONEWEB-0473,51653,PAYLOAD,Polar,United Kingdom,Commercial,2022-02-10,,109.89,87.88,1223,1220,2022,148,LARGE,UK,COMMUNICATIONS,LEO,5,True
STARLINK-3546,51718,PAYLOAD,Non-Polar Inclined,USA,Commercial,2022-02-21,,95.44,53.22,541,539,2022,260,LARGE,US,COMMUNICATIONS,LEO,4,True
STARLINK-3540,51719,PAYLOAD,Non-Polar Inclined,USA,Commercial,2022-02-21,,95.44,53.22,541,538,2022,260,LARGE,US,COMMUNICATIONS,LEO,4,True
STARLINK-3524,51721,PAYLOAD,Non-Polar Inclined,USA,Commercial,2022-02-21,,95.44,53.22,542,538,2022,260,LARGE,US,COMMUNICATIONS,LEO,4,True
STARLINK-3529,51724,PAYLOAD,Non-Polar Inclined,USA,Commercial,2022-02-21,,95.44,53.22,541,539,2022,260,LARGE,US,COMMUNICATIONS,LEO,4,True
STARLINK-3517,51735,PAYLOAD,Non-Polar Inclined,USA,Commercial,2022-02-21,,95.44,53.22,541,539,2022,260,LARGE,US,COMMUNICATIONS,LEO,4,True
STARLINK-3447,51736,PAYLOAD,Non-Polar Inclined,USA,Commercial,2022-02-21,,95.44,53.22,541,538,2022,260,LARGE,US,COMMUNICATIONS,LEO,4,True
STARLINK-3509,51737,PAYLOAD,Non-Polar Inclined,USA,Commercial,2022-02-21,,95.44,53.22,541,539,2022,260,LARGE,US,COMMUNICATIONS,LEO,4,True
STARLINK-3515,51738,PAYLOAD,Non-Polar Inclined,USA,Commercial,2022-02-21,,95.44,53.22,541,539,2022,260,LARGE,US,COMMUNICATIONS,LEO,4,True
STARLINK-3500,51740,PAYLOAD,Non-Polar Inclined,USA,Commercial,2022-02-21,,95.44,53.22,541,539,2022,260,LARGE,US,COMMUNICATIONS,LEO,4,True
STARLINK-3449,51745,PAYLOAD,Non-Polar Inclined,USA,Commercial,2022-02-21,,95.44,53.22,541,539,2022,260,LARGE,US,COMMUNICATIONS,LEO,4,True
STARLINK-3457,51754,PAYLOAD,Non-Polar Inclined,USA,Commercial,2022-02-21,,95.44,53.22,541,539,2022,260,LARGE,US,COMMUNICATIONS,LEO,4,True
STARLINK-3459,51757,PAYLOAD,Non-Polar Inclined,USA,Commercial,2022-02-21,,95.44,53.22,540,539,2022,260,LARGE,US,COMMUNICATIONS,LEO,4,True
STARLINK-3623,51772,PAYLOAD,Non-Polar Inclined,USA,Commercial,2022-02-25,,95.44,53.22,541,539,2022,260,LARGE,US,COMMUNICATIONS,LEO,4,True
STARLINK-3627,51797,PAYLOAD,Non-Polar Inclined,USA,Commercial,2022-02-25,2024-07-23,87.97,53.11,182,166,2022,260,LARGE,US,COMMUNICATIONS,LEO,4,False
STARLINK-3557,51802,PAYLOAD,Non-Polar Inclined,USA,Commercial,2022-02-25,,94.79,53.21,512,504,2022,260,LARGE,US,COMMUNICATIONS,LEO,4,True
STARLINK-3581,51806,PAYLOAD,Non-Polar Inclined,USA,Commercial,2022-02-25,2024-05-01,87.63,53.2,159,155,2022,260,LARGE,US,COMMUNICATIONS,LEO,4,False
STARLINK-3606,51807,PAYLOAD,Non-Polar Inclined,USA,Commercial,2022-02-25,,95.44,53.22,541,539,2022,260,LARGE,US,COMMUNICATIONS,LEO,4,True
STARLINK-3607,51809,PAYLOAD,Non-Polar Inclined,USA,Commercial,2022-02-25,,95.44,53.22,541,539,2022,260,LARGE,US,COMMUNICATIONS,LEO,4,True
STARLINK-3569,51811,PAYLOAD,Non-Polar Inclined,USA,Commercial,2022-02-25,,95.44,53.22,541,539,2022,260,LARGE,US,COMMUNICATIONS,LEO,4,True
STARLINK-3603,51816,PAYLOAD,Non-Polar Inclined,USA,Commercial,2022-02-25,,95.44,53.22,542,538,2022,260,LARGE,US,COMMUNICATIONS,LEO,4,True
GOES 18,51850,PAYLOAD,,USA,Government,2022-03-01,,1436.12,0.02,35788,35786,2022,5209,LARGE,US,EARTH OBSERVATION,GEO,15,True
STARLINK-3539,51853,PAYLOAD,Non-Polar Inclined,USA,Commercial,2022-03-03,,95.44,53.22,541,539,2022,260,LARGE,US,COMMUNICATIONS,LEO,4,True
STARLINK-3568,51856,PAYLOAD,Non-Polar Inclined,USA,Commercial,2022-03-03,,95.44,53.22,541,539,2022,260,LARGE,US,COMMUNICATIONS,LEO,4,True
STARLINK-3563,51858,PAYLOAD,Non-Polar Inclined,USA,Commercial,2022-03-03,,95.44,53.22,541,539,2022,260,LARGE,US,COMMUNICATIONS,LEO,4,True
STARLINK-3582,51873,PAYLOAD,Non-Polar Inclined,USA,Commercial,2022-03-03,,95.44,53.22,540,539,2022,260,LARGE,US,COMMUNICATIONS,LEO,4,True
STARLINK-3577,51884,PAYLOAD,Non-Polar Inclined,USA,Commercial,2022-03-03,,95.44,53.22,541,539,2022,260,LARGE,US,COMMUNICATIONS,LEO,4,True
STARLINK-3536,51888,PAYLOAD,Non-Polar Inclined,USA,Commercial,2022-03-03,,95.44,53.22,541,539,2022,260,LARGE,US,COMMUNICATIONS,LEO,4,True
STARLINK-3587,51892,PAYLOAD,Non-Polar Inclined,USA,Commercial,2022-03-03,,95.44,53.22,541,539,2022,260,LARGE,US,COMMUNICATIONS,LEO,4,True
STARLINK-3597,51898,PAYLOAD,Non-Polar Inclined,USA,Commercial,2022-03-03,,95.44,53.22,540,539,2022,260,LARGE,US,COMMUNICATIONS,LEO,4,True
STARLINK-3694,51957,PAYLOAD,Non-Polar Inclined,USA,Commercial,2022-03-09,,95.59,53.05,548,546,2022,260,LARGE,US,COMMUNICATIONS,LEO,4,True
STARLINK-3692,51958,PAYLOAD,Non-Polar Inclined,USA,Commercial,2022-03-09,,95.6,53.06,549,546,2022,260,LARGE,US,COMMUNICATIONS,LEO,4,True
STARLINK-3704,51959,PAYLOAD,Non-Polar Inclined,USA,Commercial,2022-03-09,,95.59,53.06,548,546,2022,260,LARGE,US,COMMUNICATIONS,LEO,4,True
STARLINK-3691,51960,PAYLOAD,Non-Polar Inclined,USA,Commercial,2022-03-09,,95.59,53.06,548,546,2022,260,LARGE,US,COMMUNICATIONS,LEO,4,True
STARLINK-3696,51965,PAYLOAD,Non-Polar Inclined,USA,Commercial,2022-03-09,,95.59,53.06,548,546,2022,260,LARGE,US,COMMUNICATIONS,LEO,4,True
STARLINK-3699,51966,PAYLOAD,Non-Polar Inclined,USA,Commercial,2022-03-09,,95.59,53.06,548,546,2022,260,LARGE,US,COMMUNICATIONS,LEO,4,True
STARLINK-3680,51969,PAYLOAD,Non-Polar Inclined,USA,Commercial,2022-03-09,,95.59,53.05,548,546,2022,260,LARGE,US,COMMUNICATIONS,LEO,4,True
STARLINK-3656,51979,PAYLOAD,Non-Polar Inclined,USA,Commercial,2022-03-09,,95.44,53.22,541,539,2022,260,LARGE,US,COMMUNICATIONS,LEO,4,True
STARLINK-3651,51985,PAYLOAD,Non-Polar Inclined,USA,Commercial,2022-03-09,,95.44,53.22,541,539,2022,260,LARGE,US,COMMUNICATIONS,LEO,4,True
STARLINK-3657,51990,PAYLOAD,Non-Polar Inclined,USA,Commercial,2022-03-09,,95.44,53.22,541,539,2022,260,LARGE,US,COMMUNICATIONS,LEO,4,True
STARLINK-3643,51992,PAYLOAD,Non-Polar Inclined,USA,Commercial,2022-03-09,,95.44,53.22,541,539,2022,260,LARGE,US,COMMUNICATIONS,LEO,4,True
STARLINK-3618,51998,PAYLOAD,Non-Polar Inclined,USA,Commercial,2022-03-09,,95.44,53.22,541,538,2022,260,LARGE,US,COMMUNICATIONS,LEO,4,True
STARLINK-3667,51999,PAYLOAD,Non-Polar Inclined,USA,Commercial,2022-03-09,,95.44,53.22,540,539,2022,260,LARGE,US,COMMUNICATIONS,LEO,4,True
SPACEBEE-121,52009,PAYLOAD,Sun-Synchronous,USA,Commercial,2022-03-15,2024-03-09,89.45,97.46,253,242,2022,2,SMALL,US,COMMUNICATIONS,LEO,2,False
SPACEBEE-126,52011,PAYLOAD,Sun-Synchronous,USA,Commercial,2022-03-15,2024-02-27,88.1,97.45,185,175,2022,2,MEDIUM,US,COMMUNICATIONS,LEO,2,False
SPACEBEE-119,52015,PAYLOAD,Sun-Synchronous,USA,Commercial,2022-03-15,2024-03-05,87.56,97.46,160,148,2022,2,SMALL,US,COMMUNICATIONS,LEO,2,False
SPACEBEE-115,52016,PAYLOAD,Sun-Synchronous,USA,Commercial,2022-03-15,2024-03-14,87.77,97.46,171,158,2022,2,SMALL,US,COMMUNICATIONS,LEO,2,False
SPACEBEENZ-14,52018,PAYLOAD,Sun-Synchronous,USA,Commercial,2022-03-15,2023-11-21,88.72,97.46,216,207,2022,2,SMALL,NZ,COMMUNICATIONS,LEO,2,False
SPACEBEE-117,52022,PAYLOAD,Sun-Synchronous,USA,Commercial,2022-03-15,2024-03-20,87.49,97.45,158,142,2022,2,SMALL,US,COMMUNICATIONS,LEO,2,False
STARLINK-3722,52089,PAYLOAD,Non-Polar Inclined,USA,Commercial,2022-03-19,,95.44,53.22,541,539,2022,260,LARGE,US,COMMUNICATIONS,LEO,4,True
STARLINK-3716,52092,PAYLOAD,Non-Polar Inclined,USA,Commercial,2022-03-19,,95.44,53.22,541,539,2022,260,LARGE,US,COMMUNICATIONS,LEO,4,True
STARLINK-3709,52102,PAYLOAD,Non-Polar Inclined,USA,Commercial,2022-03-19,,95.44,53.22,541,539,2022,260,LARGE,US,COMMUNICATIONS,LEO,4,True
STARLINK-3705,52103,PAYLOAD,Non-Polar Inclined,USA,Commercial,2022-03-19,,95.44,53.22,541,539,2022,260,LARGE,US,COMMUNICATIONS,LEO,4,True
STARLINK-3670,52106,PAYLOAD,Non-Polar Inclined,USA,Commercial,2022-03-19,,95.44,53.22,541,539,2022,260,LARGE,US,COMMUNICATIONS,LEO,4,True
STARLINK-3698,52108,PAYLOAD,Non-Polar Inclined,USA,Commercial,2022-03-19,,95.44,53.22,541,539,2022,260,LARGE,US,COMMUNICATIONS,LEO,4,True
STARLINK-3736,52113,PAYLOAD,Non-Polar Inclined,USA,Commercial,2022-03-19,,95.44,53.22,541,539,2022,260,LARGE,US,COMMUNICATIONS,LEO,4,True
STARLINK-3738,52117,PAYLOAD,Non-Polar Inclined,USA,Commercial,2022-03-19,,95.44,53.22,541,539,2022,260,LARGE,US,COMMUNICATIONS,LEO,4,True
STARLINK-3743,52118,PAYLOAD,Non-Polar Inclined,USA,Commercial,2022-03-19,,95.44,53.22,541,539,2022,260,LARGE,US,COMMUNICATIONS,LEO,4,True
STARLINK-3534,52120,PAYLOAD,Non-Polar Inclined,USA,Commercial,2022-03-19,,95.44,53.22,541,539,2022,260,LARGE,US,COMMUNICATIONS,LEO,4,True
STARLINK-3727,52125,PAYLOAD,Non-Polar Inclined,USA,Commercial,2022-03-19,,95.44,53.22,541,539,2022,260,LARGE,US,COMMUNICATIONS,LEO,4,True
STARLINK-3661,52129,PAYLOAD,Non-Polar Inclined,USA,Commercial,2022-03-19,,95.44,53.22,541,539,2022,260,LARGE,US,COMMUNICATIONS,LEO,4,True
STARLINK-3718,52132,PAYLOAD,Non-Polar Inclined,USA,Commercial,2022-03-19,,95.44,53.22,541,539,2022,260,LARGE,US,COMMUNICATIONS,LEO,4,True
STARLINK-3707,52133,PAYLOAD,Non-Polar Inclined,USA,Commercial,2022-03-19,,95.44,53.22,541,539,2022,260,LARGE,US,COMMUNICATIONS,LEO,4,True
STARLINK-3723,52138,PAYLOAD,Non-Polar Inclined,USA,Commercial,2022-03-19,,95.44,53.22,541,539,2022,260,LARGE,US,COMMUNICATIONS,LEO,4,True
SPACEBEE-131,52181,PAYLOAD,Sun-Synchronous,USA,Commercial,2022-04-01,2023-10-17,89.71,97.32,266,254,2022,2,SMALL,US,COMMUNICATIONS,LEO,2,False
STARLINK-3810,52261,PAYLOAD,Non-Polar Inclined,USA,Commercial,2022-04-21,2024-12-28,87.37,53.19,147,141,2022,260,LARGE,US,COMMUNICATIONS,LEO,4,False
STARLINK-3739,52266,PAYLOAD,Non-Polar Inclined,USA,Commercial,2022-04-21,,95.44,53.22,541,539,2022,260,LARGE,US,COMMUNICATIONS,LEO,4,True
STARLINK-3791,52269,PAYLOAD,Non-Polar Inclined,USA,Commercial,2022-04-21,,95.44,53.22,541,539,2022,260,LARGE,US,COMMUNICATIONS,LEO,4,True
STARLINK-3784,52275,PAYLOAD,Non-Polar Inclined,USA,Commercial,2022-04-21,,95.44,53.22,541,539,2022,260,LARGE,US,COMMUNICATIONS,LEO,4,True
STARLINK-3789,52283,PAYLOAD,Non-Polar Inclined,USA,Commercial,2022-04-21,,95.44,53.22,541,539,2022,260,LARGE,US,COMMUNICATIONS,LEO,4,True
STARLINK-3772,52290,PAYLOAD,Non-Polar Inclined,USA,Commercial,2022-04-21,,95.44,53.22,541,539,2022,260,LARGE,US,COMMUNICATIONS,LEO,4,True
STARLINK-3753,52292,PAYLOAD,Non-Polar Inclined,USA,Commercial,2022-04-21,,95.44,53.22,541,539,2022,260,LARGE,US,COMMUNICATIONS,LEO,4,True
STARLINK-3760,52298,PAYLOAD,Non-Polar Inclined,USA,Commercial,2022-04-21,,95.44,53.22,541,539,2022,260,LARGE,US,COMMUNICATIONS,LEO,4,True
STARLINK-3742,52303,PAYLOAD,Non-Polar Inclined,USA,Commercial,2022-04-21,,95.44,53.22,541,539,2022,260,LARGE,US,COMMUNICATIONS,LEO,4,True
STARLINK-3747,52306,PAYLOAD,Non-Polar Inclined,USA,Commercial,2022-04-21,,95.44,53.22,541,539,2022,260,LARGE,US,COMMUNICATIONS,LEO,4,True
STARLINK-3752,52312,PAYLOAD,Non-Polar Inclined,USA,Commercial,2022-04-21,,95.44,53.22,541,538,2022,260,LARGE,US,COMMUNICATIONS,LEO,4,True
STARLINK-3749,52313,PAYLOAD,Non-Polar Inclined,USA,Commercial,2022-04-21,,95.44,53.22,541,539,2022,260,LARGE,US,COMMUNICATIONS,LEO,4,True
STARLINK-3814,52335,PAYLOAD,Non-Polar Inclined,USA,Commercial,2022-04-29,,95.44,53.22,541,539,2022,260,LARGE,US,COMMUNICATIONS,LEO,4,True
STARLINK-3823,52336,PAYLOAD,Non-Polar Inclined,USA,Commercial,2022-04-29,,95.44,53.22,541,539,2022,260,LARGE,US,COMMUNICATIONS,LEO,4,True
STARLINK-3797,52337,PAYLOAD,Non-Polar Inclined,USA,Commercial,2022-04-29,,95.44,53.22,542,538,2022,260,LARGE,US,COMMUNICATIONS,LEO,4,True
STARLINK-3843,52341,PAYLOAD,Non-Polar Inclined,USA,Commercial,2022-04-29,,95.44,53.22,541,539,2022,260,LARGE,US,COMMUNICATIONS,LEO,4,True
STARLINK-3851,52344,PAYLOAD,Non-Polar Inclined,USA,Commercial,2022-04-29,,95.44,53.22,541,539,2022,260,LARGE,US,COMMUNICATIONS,LEO,4,True
STARLINK-3812,52346,PAYLOAD,Non-Polar Inclined,USA,Commercial,2022-04-29,,95.44,53.22,541,539,2022,260,LARGE,US,COMMUNICATIONS,LEO,4,True
STARLINK-3807,52353,PAYLOAD,Non-Polar Inclined,USA,Commercial,2022-04-29,,95.44,53.22,541,539,2022,260,LARGE,US,COMMUNICATIONS,LEO,4,True
STARLINK-3801,52356,PAYLOAD,Non-Polar Inclined,USA,Commercial,2022-04-29,,95.44,53.22,541,539,2022,260,LARGE,US,COMMUNICATIONS,LEO,4,True
STARLINK-3821,52357,PAYLOAD,Non-Polar Inclined,USA,Commercial,2022-04-29,,95.44,53.22,541,539,2022,260,LARGE,US,COMMUNICATIONS,LEO,4,True
STARLINK-3853,52359,PAYLOAD,Non-Polar Inclined,USA,Commercial,2022-04-29,,95.44,53.22,540,539,2022,260,LARGE,US,COMMUNICATIONS,LEO,4,True
STARLINK-3728,52361,PAYLOAD,Non-Polar Inclined,USA,Commercial,2022-04-29,,95.44,53.22,541,539,2022,260,LARGE,US,COMMUNICATIONS,LEO,4,True
STARLINK-3820,52364,PAYLOAD,Non-Polar Inclined,USA,Commercial,2022-04-29,,95.44,53.22,541,539,2022,260,LARGE,US,COMMUNICATIONS,LEO,4,True
STARLINK-3798,52371,PAYLOAD,Non-Polar Inclined,USA,Commercial,2022-04-29,,95.44,53.22,541,539,2022,260,LARGE,US,COMMUNICATIONS,LEO,4,True
STARLINK-3799,52382,PAYLOAD,Non-Polar Inclined,USA,Commercial,2022-04-29,,95.44,53.22,541,539,2022,260,LARGE,US,COMMUNICATIONS,LEO,4,True
SPACEBEENZ-18,52398,PAYLOAD,Sun-Synchronous,USA,Commercial,2022-05-02,2024-01-02,88.28,97.37,196,182,2022,2,SMALL,NZ,COMMUNICATIONS,LEO,2,False
SPACEBEENZ-20,52402,PAYLOAD,Sun-Synchronous,USA,Commercial,2022-05-02,2024-01-09,88.43,97.37,204,190,2022,2,SMALL,NZ,COMMUNICATIONS,LEO,2,False
SPACEBEENZ-19,52404,PAYLOAD,Sun-Synchronous,USA,Commercial,2022-05-02,2023-12-30,88.72,97.38,219,204,2022,2,SMALL,NZ,COMMUNICATIONS,LEO,2,False
SPACEBEE-145,52411,PAYLOAD,Sun-Synchronous,USA,Commercial,2022-05-02,2024-04-29,87.51,97.36,163,139,2022,2,SMALL,US,COMMUNICATIONS,LEO,2,False
TRSI-3,52418,PAYLOAD,Sun-Synchronous,Germany,Commercial,2022-05-02,2024-06-07,88.43,97.37,208,186,2022,1,SMALL,US,TECHNOLOGY DEVELOPMENT,LEO,1,False
STARLINK-3909,52452,PAYLOAD,Non-Polar Inclined,USA,Commercial,2022-05-06,,95.44,53.22,541,539,2022,260,LARGE,US,COMMUNICATIONS,LEO,4,True
STARLINK-3900,52461,PAYLOAD,Non-Polar Inclined,USA,Commercial,2022-05-06,,95.44,53.22,541,539,2022,260,LARGE,US,COMMUNICATIONS,LEO,4,True
STARLINK-3885,52463,PAYLOAD,Non-Polar Inclined,USA,Commercial,2022-05-06,,95.44,53.22,541,539,2022,260,LARGE,US,COMMUNICATIONS,LEO,4,True
STARLINK-3904,52464,PAYLOAD,Non-Polar Inclined,USA,Commercial,2022-05-06,,95.44,53.22,540,539,2022,260,LARGE,US,COMMUNICATIONS,LEO,4,True
STARLINK-3863,52465,PAYLOAD,Non-Polar Inclined,USA,Commercial,2022-05-06,,95.44,53.22,541,539,2022,260,LARGE,US,COMMUNICATIONS,LEO,4,True
STARLINK-3879,52473,PAYLOAD,Non-Polar Inclined,USA,Commercial,2022-05-06,,95.44,53.22,541,539,2022,260,LARGE,US,COMMUNICATIONS,LEO,4,True
STARLINK-3887,52484,PAYLOAD,Non-Polar Inclined,USA,Commercial,2022-05-06,,95.44,53.22,541,539,2022,260,LARGE,US,COMMUNICATIONS,LEO,4,True
STARLINK-3918,52486,PAYLOAD,Non-Polar Inclined,USA,Commercial,2022-05-06,,95.44,53.22,541,539,2022,260,LARGE,US,COMMUNICATIONS,LEO,4,True
STARLINK-3892,52488,PAYLOAD,Non-Polar Inclined,USA,Commercial,2022-05-06,,95.44,53.22,541,539,2022,260,LARGE,US,COMMUNICATIONS,LEO,4,True
STARLINK-3908,52491,PAYLOAD,Non-Polar Inclined,USA,Commercial,2022-05-06,,95.44,53.22,541,539,2022,260,LARGE,US,COMMUNICATIONS,LEO,4,True
STARLINK-3905,52495,PAYLOAD,Non-Polar Inclined,USA,Commercial,2022-05-06,2025-03-28,88.65,53.21,211,204,2022,260,LARGE,US,COMMUNICATIONS,LEO,4,False
STARLINK-3884,52497,PAYLOAD,Non-Polar Inclined,USA,Commercial,2022-05-06,,95.44,53.22,541,538,2022,260,LARGE,US,COMMUNICATIONS,LEO,4,True
STARLINK-3894,52499,PAYLOAD,Non-Polar Inclined,USA,Commercial,2022-05-06,,95.44,53.22,541,539,2022,260,LARGE,US,COMMUNICATIONS,LEO,4,True
STARLINK-3866,52500,PAYLOAD,Non-Polar Inclined,USA,Commercial,2022-05-06,,95.44,53.22,541,539,2022,260,LARGE,US,COMMUNICATIONS,LEO,4,True
STARLINK-3933,52538,PAYLOAD,Non-Polar Inclined,USA,Commercial,2022-05-13,,95.44,53.22,541,539,2022,260,LARGE,US,COMMUNICATIONS,LEO,4,True
STARLINK-3940,52540,PAYLOAD,Non-Polar Inclined,USA,Commercial,2022-05-13,,95.44,53.22,541,539,2022,260,LARGE,US,COMMUNICATIONS,LEO,4,True
STARLINK-3966,52552,PAYLOAD,Non-Polar Inclined,USA,Commercial,2022-05-13,,95.44,53.22,541,539,2022,260,LARGE,US,COMMUNICATIONS,LEO,4,True
STARLINK-3763,52556,PAYLOAD,Non-Polar Inclined,USA,Commercial,2022-05-13,,94,53.19,472,468,2022,260,LARGE,US,COMMUNICATIONS,LEO,4,True
STARLINK-3927,52569,PAYLOAD,Non-Polar Inclined,USA,Commercial,2022-05-13,,95.44,53.22,541,539,2022,260,LARGE,US,COMMUNICATIONS,LEO,4,True
STARLINK-3924,52570,PAYLOAD,Non-Polar Inclined,USA,Commercial,2022-05-13,2024-12-27,87.51,53.2,156,146,2022,260,LARGE,US,COMMUNICATIONS,LEO,4,False
STARLINK-3920,52575,PAYLOAD,Non-Polar Inclined,USA,Commercial,2022-05-13,,95.44,53.22,541,539,2022,260,LARGE,US,COMMUNICATIONS,LEO,4,True
STARLINK-3836,52577,PAYLOAD,Non-Polar Inclined,USA,Commercial,2022-05-13,,95.44,53.22,541,539,2022,260,LARGE,US,COMMUNICATIONS,LEO,4,True
STARLINK-3893,52579,PAYLOAD,Non-Polar Inclined,USA,Commercial,2022-05-13,,95.44,53.22,541,539,2022,260,LARGE,US,COMMUNICATIONS,LEO,4,True
STARLINK-3910,52586,PAYLOAD,Non-Polar Inclined,USA,Commercial,2022-05-13,,95.44,53.22,541,539,2022,260,LARGE,US,COMMUNICATIONS,LEO,4,True
STARLINK-3867,52587,PAYLOAD,Non-Polar Inclined,USA,Commercial,2022-05-13,,95.44,53.22,541,539,2022,260,LARGE,US,COMMUNICATIONS,LEO,4,True
STARLINK-3997,52609,PAYLOAD,Non-Polar Inclined,USA,Commercial,2022-05-14,,95.44,53.22,541,539,2022,260,LARGE,US,COMMUNICATIONS,LEO,4,True
STARLINK-4011,52615,PAYLOAD,Non-Polar Inclined,USA,Commercial,2022-05-14,,95.44,53.21,541,539,2022,260,LARGE,US,COMMUNICATIONS,LEO,4,True
STARLINK-3741,52619,PAYLOAD,Non-Polar Inclined,USA,Commercial,2022-05-14,,95.44,53.22,541,539,2022,260,LARGE,US,COMMUNICATIONS,LEO,4,True
STARLINK-3992,52627,PAYLOAD,Non-Polar Inclined,USA,Commercial,2022-05-14,,95.44,53.22,541,539,2022,260,LARGE,US,COMMUNICATIONS,LEO,4,True
STARLINK-4022,52629,PAYLOAD,Non-Polar Inclined,USA,Commercial,2022-05-14,,95.44,53.22,541,539,2022,260,LARGE,US,COMMUNICATIONS,LEO,4,True
STARLINK-3941,52638,PAYLOAD,Non-Polar Inclined,USA,Commercial,2022-05-14,,95.44,53.22,541,539,2022,260,LARGE,US,COMMUNICATIONS,LEO,4,True
STARLINK-3985,52644,PAYLOAD,Non-Polar Inclined,USA,Commercial,2022-05-14,,95.44,53.22,541,538,2022,260,LARGE,US,COMMUNICATIONS,LEO,4,True
STARLINK-3846,52647,PAYLOAD,Non-Polar Inclined,USA,Commercial,2022-05-14,,95.44,53.22,541,539,2022,260,LARGE,US,COMMUNICATIONS,LEO,4,True
STARLINK-3868,52649,PAYLOAD,Non-Polar Inclined,USA,Commercial,2022-05-14,,95.44,53.22,540,539,2022,260,LARGE,US,COMMUNICATIONS,LEO,4,True
STARLINK-4004,52656,PAYLOAD,Non-Polar Inclined,USA,Commercial,2022-05-18,,95.44,53.22,541,539,2022,260,LARGE,US,COMMUNICATIONS,LEO,4,True
STARLINK-4084,52657,PAYLOAD,Non-Polar Inclined,USA,Commercial,2022-05-18,,95.44,53.22,541,539,2022,260,LARGE,US,COMMUNICATIONS,LEO,4,True
STARLINK-4042,52661,PAYLOAD,Non-Polar Inclined,USA,Commercial,2022-05-18,,95.44,53.22,541,539,2022,260,LARGE,US,COMMUNICATIONS,LEO,4,True
STARLINK-4079,52666,PAYLOAD,Non-Polar Inclined,USA,Commercial,2022-05-18,,95.44,53.22,541,539,2022,260,LARGE,US,COMMUNICATIONS,LEO,4,True
STARLINK-4076,52667,PAYLOAD,Non-Polar Inclined,USA,Commercial,2022-05-18,,95.44,53.22,541,539,2022,260,LARGE,US,COMMUNICATIONS,LEO,4,True
STARLINK-4073,52672,PAYLOAD,Non-Polar Inclined,USA,Commercial,2022-05-18,,95.44,53.22,541,539,2022,260,LARGE,US,COMMUNICATIONS,LEO,4,True
STARLINK-4031,52679,PAYLOAD,Non-Polar Inclined,USA,Commercial,2022-05-18,,95.44,53.22,541,539,2022,260,LARGE,US,COMMUNICATIONS,LEO,4,True
STARLINK-4039,52683,PAYLOAD,Non-Polar Inclined,USA,Commercial,2022-05-18,2024-12-16,87.44,53.2,153,142,2022,260,LARGE,US,COMMUNICATIONS,LEO,4,False
STARLINK-3946,52693,PAYLOAD,Non-Polar Inclined,USA,Commercial,2022-05-18,,95.44,53.22,541,539,2022,260,LARGE,US,COMMUNICATIONS,LEO,4,True
STARLINK-4030,52698,PAYLOAD,Non-Polar Inclined,USA,Commercial,2022-05-18,,95.44,53.22,541,539,2022,260,LARGE,US,COMMUNICATIONS,LEO,4,True
STARLINK-3970,52706,PAYLOAD,Non-Polar Inclined,USA,Commercial,2022-05-18,,95.44,53.22,541,539,2022,260,LARGE,US,COMMUNICATIONS,LEO,4,True
GEESAT 1-01,52785,PAYLOAD,Non-Polar Inclined,China,Commercial,2022-06-02,,96.27,49.99,584,576,2022,100,MEDIUM,PRC,EARTH OBSERVATION/NAVIGATION,LEO,5,True
GEESAT 1-08,52792,PAYLOAD,Non-Polar Inclined,China,Commercial,2022-06-02,,96.27,49.99,583,577,2022,100,MEDIUM,PRC,EARTH OBSERVATION/NAVIGATION,LEO,5,True
NILESAT 301,52817,PAYLOAD,,Egypt,Government,2022-06-08,,1436.1,0.06,35813,35760,2022,3500,LARGE,EGYP,COMMUNICATIONS,GEO,15,True
STARLINK-4108,52834,PAYLOAD,Non-Polar Inclined,USA,Commercial,2022-06-17,,95.44,53.22,541,539,2022,260,LARGE,US,COMMUNICATIONS,LEO,4,True
STARLINK-4048,52839,PAYLOAD,Non-Polar Inclined,USA,Commercial,2022-06-17,,95.44,53.22,540,539,2022,260,LARGE,US,COMMUNICATIONS,LEO,4,True
STARLINK-4049,52840,PAYLOAD,Non-Polar Inclined,USA,Commercial,2022-06-17,,95.44,53.22,541,539,2022,260,LARGE,US,COMMUNICATIONS,LEO,4,True
STARLINK-4208,52844,PAYLOAD,Non-Polar Inclined,USA,Commercial,2022-06-17,,95.44,53.22,541,539,2022,260,LARGE,US,COMMUNICATIONS,LEO,4,True
STARLINK-4212,52846,PAYLOAD,Non-Polar Inclined,USA,Commercial,2022-06-17,,95.44,53.22,541,539,2022,260,LARGE,US,COMMUNICATIONS,LEO,4,True
STARLINK-4206,52847,PAYLOAD,Non-Polar Inclined,USA,Commercial,2022-06-17,,95.44,53.22,541,539,2022,260,LARGE,US,COMMUNICATIONS,LEO,4,True
STARLINK-4184,52852,PAYLOAD,Non-Polar Inclined,USA,Commercial,2022-06-17,,95.44,53.22,541,539,2022,260,LARGE,US,COMMUNICATIONS,LEO,4,True
STARLINK-4199,52857,PAYLOAD,Non-Polar Inclined,USA,Commercial,2022-06-17,,95.44,53.22,541,539,2022,260,LARGE,US,COMMUNICATIONS,LEO,4,True
STARLINK-4112,52861,PAYLOAD,Non-Polar Inclined,USA,Commercial,2022-06-17,,95.44,53.22,541,539,2022,260,LARGE,US,COMMUNICATIONS,LEO,4,True
STARLINK-4272,52866,PAYLOAD,Non-Polar Inclined,USA,Commercial,2022-06-17,,95.44,53.22,541,539,2022,260,LARGE,US,COMMUNICATIONS,LEO,4,True
STARLINK-4126,52867,PAYLOAD,Non-Polar Inclined,USA,Commercial,2022-06-17,,95.44,53.22,541,539,2022,260,LARGE,US,COMMUNICATIONS,LEO,4,True
STARLINK-4207,52871,PAYLOAD,Non-Polar Inclined,USA,Commercial,2022-06-17,,95.44,53.22,541,539,2022,260,LARGE,US,COMMUNICATIONS,LEO,4,True
STARLINK-4213,52872,PAYLOAD,Non-Polar Inclined,USA,Commercial,2022-06-17,,95.44,53.22,541,538,2022,260,LARGE,US,COMMUNICATIONS,LEO,4,True
STARLINK-4214,52877,PAYLOAD,Non-Polar Inclined,USA,Commercial,2022-06-17,,95.44,53.22,541,538,2022,260,LARGE,US,COMMUNICATIONS,LEO,4,True
USA 333,52941,PAYLOAD,,USA,Military,2022-07-01,,1422.89,2.38,35645,35410,2022,3000,,US,TECHNOLOGY DEVELOPMENT,LEO,3,True
STARLINK-4256,52994,PAYLOAD,Non-Polar Inclined,USA,Commercial,2022-07-07,,95.44,53.22,541,539,2022,260,LARGE,US,COMMUNICATIONS,LEO,4,True
STARLINK-4295,52996,PAYLOAD,Non-Polar Inclined,USA,Commercial,2022-07-07,,95.44,53.22,541,539,2022,260,LARGE,US,COMMUNICATIONS,LEO,4,True
STARLINK-4190,53001,PAYLOAD,Non-Polar Inclined,USA,Commercial,2022-07-07,,95.44,53.22,541,539,2022,260,LARGE,US,COMMUNICATIONS,LEO,4,True
STARLINK-4121,53002,PAYLOAD,Non-Polar Inclined,USA,Commercial,2022-07-07,,95.44,53.22,541,539,2022,260,LARGE,US,COMMUNICATIONS,LEO,4,True
STARLINK-4290,53006,PAYLOAD,Non-Polar Inclined,USA,Commercial,2022-07-07,,95.44,53.22,541,539,2022,260,LARGE,US,COMMUNICATIONS,LEO,4,True
STARLINK-4215,53007,PAYLOAD,Non-Polar Inclined,USA,Commercial,2022-07-07,,95.44,53.22,541,539,2022,260,LARGE,US,COMMUNICATIONS,LEO,4,True
STARLINK-4262,53015,PAYLOAD,Non-Polar Inclined,USA,Commercial,2022-07-07,,95.44,53.22,541,539,2022,260,LARGE,US,COMMUNICATIONS,LEO,4,True
STARLINK-4281,53017,PAYLOAD,Non-Polar Inclined,USA,Commercial,2022-07-07,,95.44,53.22,541,539,2022,260,LARGE,US,COMMUNICATIONS,LEO,4,True
STARLINK-4287,53020,PAYLOAD,Non-Polar Inclined,USA,Commercial,2022-07-07,,95.44,53.22,541,539,2022,260,LARGE,US,COMMUNICATIONS,LEO,4,True
STARLINK-4289,53024,PAYLOAD,Non-Polar Inclined,USA,Commercial,2022-07-07,,95.44,53.22,541,539,2022,260,LARGE,US,COMMUNICATIONS,LEO,4,True
STARLINK-4218,53025,PAYLOAD,Non-Polar Inclined,USA,Commercial,2022-07-07,,95.44,53.22,541,539,2022,260,LARGE,US,COMMUNICATIONS,LEO,4,True
STARLINK-4143,53029,PAYLOAD,Non-Polar Inclined,USA,Commercial,2022-07-07,,95.44,53.22,541,539,2022,260,LARGE,US,COMMUNICATIONS,LEO,4,True
STARLINK-4167,53033,PAYLOAD,Non-Polar Inclined,USA,Commercial,2022-07-07,,95.44,53.22,540,539,2022,260,LARGE,US,COMMUNICATIONS,LEO,4,True
STARLINK-4157,53035,PAYLOAD,Non-Polar Inclined,USA,Commercial,2022-07-07,,95.44,53.22,541,539,2022,260,LARGE,US,COMMUNICATIONS,LEO,4,True
STARLINK-4349,53044,PAYLOAD,Sun-Synchronous,USA,Commercial,2022-07-11,,95.92,97.65,565,561,2022,260,LARGE,US,COMMUNICATIONS,LEO,4,True
STARLINK-4331,53046,PAYLOAD,Sun-Synchronous,USA,Commercial,2022-07-11,,95.92,97.65,565,561,2022,260,LARGE,US,COMMUNICATIONS,LEO,4,True
STARLINK-4352,53047,PAYLOAD,Sun-Synchronous,USA,Commercial,2022-07-11,,95.92,97.65,565,561,2022,260,LARGE,US,COMMUNICATIONS,LEO,4,True
STARLINK-4343,53050,PAYLOAD,Sun-Synchronous,USA,Commercial,2022-07-11,,95.92,97.65,565,561,2022,260,LARGE,US,COMMUNICATIONS,LEO,4,True
STARLINK-4314,53056,PAYLOAD,Sun-Synchronous,USA,Commercial,2022-07-11,,95.92,97.65,564,561,2022,260,LARGE,US,COMMUNICATIONS,LEO,4,True
STARLINK-4317,53058,PAYLOAD,Sun-Synchronous,USA,Commercial,2022-07-11,,95.92,97.66,565,561,2022,260,LARGE,US,COMMUNICATIONS,LEO,4,True
STARLINK-4320,53059,PAYLOAD,Sun-Synchronous,USA,Commercial,2022-07-11,,95.92,97.65,564,562,2022,260,LARGE,US,COMMUNICATIONS,LEO,4,True
STARLINK-4311,53062,PAYLOAD,Sun-Synchronous,USA,Commercial,2022-07-11,,95.92,97.65,564,562,2022,260,LARGE,US,COMMUNICATIONS,LEO,4,True
STARLINK-4322,53078,PAYLOAD,Sun-Synchronous,USA,Commercial,2022-07-11,,95.92,97.66,563,563,2022,260,LARGE,US,COMMUNICATIONS,LEO,4,True
STARLINK-4324,53085,PAYLOAD,Sun-Synchronous,USA,Commercial,2022-07-11,,95.76,97.65,563,548,2022,260,LARGE,US,COMMUNICATIONS,LEO,4,True
STARLINK-4185,53139,PAYLOAD,Non-Polar Inclined,USA,Commercial,2022-07-17,,95.44,53.22,541,539,2022,260,LARGE,US,COMMUNICATIONS,LEO,4,True
STARLINK-4098,53153,PAYLOAD,Non-Polar Inclined,USA,Commercial,2022-07-17,,95.44,53.22,541,539,2022,260,LARGE,US,COMMUNICATIONS,LEO,4,True
STARLINK-4087,53156,PAYLOAD,Non-Polar Inclined,USA,Commercial,2022-07-17,,95.44,53.22,541,539,2022,260,LARGE,US,COMMUNICATIONS,LEO,4,True
STARLINK-4054,53158,PAYLOAD,Non-Polar Inclined,USA,Commercial,2022-07-17,,95.44,53.22,541,539,2022,260,LARGE,US,COMMUNICATIONS,LEO,4,True
STARLINK-4055,53161,PAYLOAD,Non-Polar Inclined,USA,Commercial,2022-07-17,,95.44,53.22,541,539,2022,260,LARGE,US,COMMUNICATIONS,LEO,4,True
STARLINK-4110,53166,PAYLOAD,Non-Polar Inclined,USA,Commercial,2022-07-17,,95.44,53.22,541,539,2022,260,LARGE,US,COMMUNICATIONS,LEO,4,True
STARLINK-4095,53170,PAYLOAD,Non-Polar Inclined,USA,Commercial,2022-07-17,,95.44,53.22,541,539,2022,260,LARGE,US,COMMUNICATIONS,LEO,4,True
STARLINK-4276,53179,PAYLOAD,Non-Polar Inclined,USA,Commercial,2022-07-17,,95.44,53.22,541,539,2022,260,LARGE,US,COMMUNICATIONS,LEO,4,True
STARLINK-4258,53180,PAYLOAD,Non-Polar Inclined,USA,Commercial,2022-07-17,,95.44,53.22,541,539,2022,260,LARGE,US,COMMUNICATIONS,LEO,4,True
STARLINK-4273,53181,PAYLOAD,Non-Polar Inclined,USA,Commercial,2022-07-17,,91.33,53.17,344,335,2022,260,LARGE,US,COMMUNICATIONS,LEO,4,True
STARLINK-4268,53183,PAYLOAD,Non-Polar Inclined,USA,Commercial,2022-07-17,,95.44,53.22,541,539,2022,260,LARGE,US,COMMUNICATIONS,LEO,4,True
STARLINK-4375,53192,PAYLOAD,Sun-Synchronous,USA,Commercial,2022-07-22,,95.92,97.66,565,561,2022,260,LARGE,US,COMMUNICATIONS,LEO,4,True
STARLINK-4351,53193,PAYLOAD,Sun-Synchronous,USA,Commercial,2022-07-22,,95.92,97.65,565,561,2022,260,LARGE,US,COMMUNICATIONS,LEO,4,True
STARLINK-4403,53197,PAYLOAD,Sun-Synchronous,USA,Commercial,2022-07-22,,95.92,97.65,565,561,2022,260,LARGE,US,COMMUNICATIONS,LEO,4,True
STARLINK-4425,53208,PAYLOAD,Sun-Synchronous,USA,Commercial,2022-07-22,,95.92,97.66,564,562,2022,260,LARGE,US,COMMUNICATIONS,LEO,4,True
STARLINK-4419,53211,PAYLOAD,Sun-Synchronous,USA,Commercial,2022-07-22,,93.26,97.65,435,434,2022,260,LARGE,US,COMMUNICATIONS,LEO,4,True
STARLINK-4414,53213,PAYLOAD,Sun-Synchronous,USA,Commercial,2022-07-22,,95.92,97.65,565,561,2022,260,LARGE,US,COMMUNICATIONS,LEO,4,True
STARLINK-4353,53214,PAYLOAD,Sun-Synchronous,USA,Commercial,2022-07-22,,95.92,97.65,564,562,2022,260,LARGE,US,COMMUNICATIONS,LEO,4,True
STARLINK-4379,53217,PAYLOAD,Sun-Synchronous,USA,Commercial,2022-07-22,,93.38,97.65,441,439,2022,260,LARGE,US,COMMUNICATIONS,LEO,4,True
STARLINK-4364,53230,PAYLOAD,Sun-Synchronous,USA,Commercial,2022-07-22,,95.92,97.66,565,561,2022,260,LARGE,US,COMMUNICATIONS,LEO,4,True
STARLINK-4056,53242,PAYLOAD,Non-Polar Inclined,USA,Commercial,2022-07-24,,95.44,53.22,541,539,2022,260,LARGE,US,COMMUNICATIONS,LEO,4,True
STARLINK-4131,53246,PAYLOAD,Non-Polar Inclined,USA,Commercial,2022-07-24,,95.44,53.22,541,539,2022,260,LARGE,US,COMMUNICATIONS,LEO,4,True
STARLINK-4061,53247,PAYLOAD,Non-Polar Inclined,USA,Commercial,2022-07-24,,95.44,53.22,541,539,2022,260,LARGE,US,COMMUNICATIONS,LEO,4,True
STARLINK-4135,53248,PAYLOAD,Non-Polar Inclined,USA,Commercial,2022-07-24,,95.44,53.22,541,539,2022,260,LARGE,US,COMMUNICATIONS,LEO,4,True
STARLINK-4128,53249,PAYLOAD,Non-Polar Inclined,USA,Commercial,2022-07-24,,95.44,53.22,540,539,2022,260,LARGE,US,COMMUNICATIONS,LEO,4,True
STARLINK-4129,53251,PAYLOAD,Non-Polar Inclined,USA,Commercial,2022-07-24,,95.44,53.22,541,539,2022,260,LARGE,US,COMMUNICATIONS,LEO,4,True
STARLINK-4140,53259,PAYLOAD,Non-Polar Inclined,USA,Commercial,2022-07-24,,95.44,53.22,541,539,2022,260,LARGE,US,COMMUNICATIONS,LEO,4,True
STARLINK-4085,53262,PAYLOAD,Non-Polar Inclined,USA,Commercial,2022-07-24,,95.44,53.22,541,539,2022,260,LARGE,US,COMMUNICATIONS,LEO,4,True
STARLINK-4097,53265,PAYLOAD,Non-Polar Inclined,USA,Commercial,2022-07-24,,95.44,53.22,540,539,2022,260,LARGE,US,COMMUNICATIONS,LEO,4,True
STARLINK-4060,53267,PAYLOAD,Non-Polar Inclined,USA,Commercial,2022-07-24,,95.44,53.22,541,539,2022,260,LARGE,US,COMMUNICATIONS,LEO,4,True
STARLINK-4113,53270,PAYLOAD,Non-Polar Inclined,USA,Commercial,2022-07-24,2022-08-10,88,53.21,186,166,2022,260,LARGE,US,COMMUNICATIONS,LEO,4,False
STARLINK-4051,53273,PAYLOAD,Non-Polar Inclined,USA,Commercial,2022-07-24,,95.44,53.22,541,539,2022,260,LARGE,US,COMMUNICATIONS,LEO,4,True
STARLINK-4163,53279,PAYLOAD,Non-Polar Inclined,USA,Commercial,2022-07-24,2022-07-31,87.9,53.21,179,162,2022,260,LARGE,US,COMMUNICATIONS,LEO,4,False
STARLINK-4169,53280,PAYLOAD,Non-Polar Inclined,USA,Commercial,2022-07-24,,95.44,53.22,541,539,2022,260,LARGE,US,COMMUNICATIONS,LEO,4,True
STARLINK-4162,53288,PAYLOAD,Non-Polar Inclined,USA,Commercial,2022-07-24,,95.44,53.22,541,539,2022,260,LARGE,US,COMMUNICATIONS,LEO,4,True
STARLINK-4166,53291,PAYLOAD,Non-Polar Inclined,USA,Commercial,2022-07-24,,95.44,53.22,541,539,2022,260,LARGE,US,COMMUNICATIONS,LEO,4,True
STARLINK-4146,53294,PAYLOAD,Non-Polar Inclined,USA,Commercial,2022-07-24,,95.44,53.22,541,539,2022,260,LARGE,US,COMMUNICATIONS,LEO,4,True
STARLINK-4528,53399,PAYLOAD,Non-Polar Inclined,USA,Commercial,2022-08-10,,95.44,53.22,541,539,2022,260,LARGE,US,COMMUNICATIONS,LEO,4,True
STARLINK-4499,53402,PAYLOAD,Non-Polar Inclined,USA,Commercial,2022-08-10,,95.44,53.22,541,539,2022,260,LARGE,US,COMMUNICATIONS,LEO,4,True
STARLINK-4533,53406,PAYLOAD,Non-Polar Inclined,USA,Commercial,2022-08-10,,95.44,53.22,541,539,2022,260,LARGE,US,COMMUNICATIONS,LEO,4,True
STARLINK-4492,53410,PAYLOAD,Non-Polar Inclined,USA,Commercial,2022-08-10,,95.44,53.22,541,539,2022,260,LARGE,US,COMMUNICATIONS,LEO,4,True
STARLINK-4500,53413,PAYLOAD,Non-Polar Inclined,USA,Commercial,2022-08-10,,95.44,53.22,541,539,2022,260,LARGE,US,COMMUNICATIONS,LEO,4,True
STARLINK-4484,53417,PAYLOAD,Non-Polar Inclined,USA,Commercial,2022-08-10,,95.44,53.22,541,539,2022,260,LARGE,US,COMMUNICATIONS,LEO,4,True
STARLINK-4552,53420,PAYLOAD,Non-Polar Inclined,USA,Commercial,2022-08-10,,95.44,53.22,541,539,2022,260,LARGE,US,COMMUNICATIONS,LEO,4,True
STARLINK-4545,53421,PAYLOAD,Non-Polar Inclined,USA,Commercial,2022-08-10,,95.44,53.22,541,539,2022,260,LARGE,US,COMMUNICATIONS,LEO,4,True
STARLINK-4531,53425,PAYLOAD,Non-Polar Inclined,USA,Commercial,2022-08-10,,95.44,53.22,541,539,2022,260,LARGE,US,COMMUNICATIONS,LEO,4,True
STARLINK-4498,53434,PAYLOAD,Non-Polar Inclined,USA,Commercial,2022-08-10,,95.44,53.22,541,539,2022,260,LARGE,US,COMMUNICATIONS,LEO,4,True
STARLINK-4399,53469,PAYLOAD,Non-Polar Inclined,USA,Commercial,2022-08-12,,95.92,97.65,564,562,2022,260,LARGE,US,COMMUNICATIONS,LEO,4,True
STARLINK-4412,53477,PAYLOAD,Non-Polar Inclined,USA,Commercial,2022-08-12,,95.92,97.65,564,562,2022,260,LARGE,US,COMMUNICATIONS,LEO,4,True
STARLINK-4431,53486,PAYLOAD,Non-Polar Inclined,USA,Commercial,2022-08-12,,95.92,97.66,566,560,2022,260,LARGE,US,COMMUNICATIONS,LEO,4,True
STARLINK-4432,53487,PAYLOAD,Non-Polar Inclined,USA,Commercial,2022-08-12,,95.92,97.66,565,560,2022,260,LARGE,US,COMMUNICATIONS,LEO,4,True
STARLINK-4429,53495,PAYLOAD,Non-Polar Inclined,USA,Commercial,2022-08-12,,95.92,97.65,563,563,2022,260,LARGE,US,COMMUNICATIONS,LEO,4,True
STARLINK-4454,53499,PAYLOAD,Non-Polar Inclined,USA,Commercial,2022-08-12,,95.92,97.66,566,560,2022,260,LARGE,US,COMMUNICATIONS,LEO,4,True
STARLINK-4448,53504,PAYLOAD,Non-Polar Inclined,USA,Commercial,2022-08-12,,95.92,97.66,564,561,2022,260,LARGE,US,COMMUNICATIONS,LEO,4,True
STARLINK-4437,53506,PAYLOAD,Non-Polar Inclined,USA,Commercial,2022-08-12,,95.92,97.66,564,561,2022,260,LARGE,US,COMMUNICATIONS,LEO,4,True
STARLINK-4487,53531,PAYLOAD,Non-Polar Inclined,USA,Commercial,2022-08-19,,95.44,53.22,541,539,2022,260,LARGE,US,COMMUNICATIONS,LEO,4,True
STARLINK-4303,53544,PAYLOAD,Non-Polar Inclined,USA,Commercial,2022-08-19,,95.44,53.22,541,539,2022,260,LARGE,US,COMMUNICATIONS,LEO,4,True
STARLINK-4513,53548,PAYLOAD,Non-Polar Inclined,USA,Commercial,2022-08-19,,95.44,53.22,541,539,2022,260,LARGE,US,COMMUNICATIONS,LEO,4,True
STARLINK-4502,53557,PAYLOAD,Non-Polar Inclined,USA,Commercial,2022-08-19,,95.44,53.22,541,538,2022,260,LARGE,US,COMMUNICATIONS,LEO,4,True
STARLINK-4565,53562,PAYLOAD,Non-Polar Inclined,USA,Commercial,2022-08-19,,95.44,53.22,541,539,2022,260,LARGE,US,COMMUNICATIONS,LEO,4,True
STARLINK-4576,53566,PAYLOAD,Non-Polar Inclined,USA,Commercial,2022-08-19,,95.44,53.22,541,539,2022,260,LARGE,US,COMMUNICATIONS,LEO,4,True
STARLINK-4691,53588,PAYLOAD,Non-Polar Inclined,USA,Commercial,2022-08-28,,95.44,53.22,541,539,2022,260,LARGE,US,COMMUNICATIONS,LEO,4,True
STARLINK-4672,53592,PAYLOAD,Non-Polar Inclined,USA,Commercial,2022-08-28,,95.44,53.22,540,539,2022,260,LARGE,US,COMMUNICATIONS,LEO,4,True
STARLINK-4684,53595,PAYLOAD,Non-Polar Inclined,USA,Commercial,2022-08-28,,95.44,53.22,541,539,2022,260,LARGE,US,COMMUNICATIONS,LEO,4,True
STARLINK-4677,53600,PAYLOAD,Non-Polar Inclined,USA,Commercial,2022-08-28,,95.44,53.22,541,539,2022,260,LARGE,US,COMMUNICATIONS,LEO,4,True
STARLINK-4648,53602,PAYLOAD,Non-Polar Inclined,USA,Commercial,2022-08-28,,95.44,53.22,541,539,2022,260,LARGE,US,COMMUNICATIONS,LEO,4,True
STARLINK-4591,53607,PAYLOAD,Non-Polar Inclined,USA,Commercial,2022-08-28,,95.44,53.22,541,539,2022,260,LARGE,US,COMMUNICATIONS,LEO,4,True
STARLINK-4605,53616,PAYLOAD,Non-Polar Inclined,USA,Commercial,2022-08-28,,95.44,53.22,541,539,2022,260,LARGE,US,COMMUNICATIONS,LEO,4,True
STARLINK-4601,53617,PAYLOAD,Non-Polar Inclined,USA,Commercial,2022-08-28,2025-01-08,87.74,53.2,167,158,2022,260,LARGE,US,COMMUNICATIONS,LEO,4,False
STARLINK-4615,53620,PAYLOAD,Non-Polar Inclined,USA,Commercial,2022-08-28,,95.44,53.22,542,538,2022,260,LARGE,US,COMMUNICATIONS,LEO,4,True
STARLINK-4573,53623,PAYLOAD,Non-Polar Inclined,USA,Commercial,2022-08-28,,95.44,53.22,541,539,2022,260,LARGE,US,COMMUNICATIONS,LEO,4,True
STARLINK-4603,53625,PAYLOAD,Non-Polar Inclined,USA,Commercial,2022-08-28,2024-12-31,87.49,53.2,152,148,2022,260,LARGE,US,COMMUNICATIONS,LEO,4,False
STARLINK-4600,53628,PAYLOAD,Non-Polar Inclined,USA,Commercial,2022-08-28,,95.44,53.22,541,539,2022,260,LARGE,US,COMMUNICATIONS,LEO,4,True
STARLINK-4602,53629,PAYLOAD,Non-Polar Inclined,USA,Commercial,2022-08-28,,95.44,53.22,541,539,2022,260,LARGE,US,COMMUNICATIONS,LEO,4,True
STARLINK-4422,53639,PAYLOAD,Non-Polar Inclined,USA,Commercial,2022-08-28,,95.44,53.22,541,539,2022,260,LARGE,US,COMMUNICATIONS,LEO,4,True
STARLINK-4597,53640,PAYLOAD,Non-Polar Inclined,USA,Commercial,2022-08-28,,95.44,53.22,541,539,2022,260,LARGE,US,COMMUNICATIONS,LEO,4,True
STARLINK-4463,53659,PAYLOAD,Sun-Synchronous,USA,Commercial,2022-08-31,,95.92,97.66,564,562,2022,260,LARGE,US,COMMUNICATIONS,LEO,4,True
STARLINK-4357,53662,PAYLOAD,Sun-Synchronous,USA,Commercial,2022-08-31,,95.92,97.66,565,562,2022,260,LARGE,US,COMMUNICATIONS,LEO,4,True
STARLINK-4449,53666,PAYLOAD,Sun-Synchronous,USA,Commercial,2022-08-31,,89.53,97.64,252,251,2022,260,LARGE,US,COMMUNICATIONS,LEO,4,True
STARLINK-4458,53668,PAYLOAD,Sun-Synchronous,USA,Commercial,2022-08-31,,95.92,97.66,565,561,2022,260,LARGE,US,COMMUNICATIONS,LEO,4,True
STARLINK-4440,53671,PAYLOAD,Sun-Synchronous,USA,Commercial,2022-08-31,,95.91,97.65,567,558,2022,260,LARGE,US,COMMUNICATIONS,LEO,4,True
STARLINK-4428,53672,PAYLOAD,Sun-Synchronous,USA,Commercial,2022-08-31,,95.92,97.65,565,561,2022,260,LARGE,US,COMMUNICATIONS,LEO,4,True
STARLINK-4626,53685,PAYLOAD,Sun-Synchronous,USA,Commercial,2022-08-31,,95.92,97.66,565,561,2022,260,LARGE,US,COMMUNICATIONS,LEO,4,True
STARLINK-4467,53686,PAYLOAD,Sun-Synchronous,USA,Commercial,2022-08-31,,95.92,97.66,564,563,2022,260,LARGE,US,COMMUNICATIONS,LEO,4,True
STARLINK-4560,53691,PAYLOAD,Sun-Synchronous,USA,Commercial,2022-08-31,,95.92,97.65,565,561,2022,260,LARGE,US,COMMUNICATIONS,LEO,4,True
STARLINK-4572,53692,PAYLOAD,Sun-Synchronous,USA,Commercial,2022-08-31,,95.92,97.65,566,561,2022,260,LARGE,US,COMMUNICATIONS,LEO,4,True
STARLINK-4725,53700,PAYLOAD,Non-Polar Inclined,USA,Commercial,2022-09-05,,95.44,53.22,541,539,2022,260,LARGE,US,COMMUNICATIONS,LEO,4,True
STARLINK-4724,53702,PAYLOAD,Non-Polar Inclined,USA,Commercial,2022-09-05,,95.44,53.22,541,538,2022,260,LARGE,US,COMMUNICATIONS,LEO,4,True
STARLINK-4667,53707,PAYLOAD,Non-Polar Inclined,USA,Commercial,2022-09-05,,95.44,53.22,541,539,2022,260,LARGE,US,COMMUNICATIONS,LEO,4,True
STARLINK-4683,53712,PAYLOAD,Non-Polar Inclined,USA,Commercial,2022-09-05,,95.44,53.22,541,538,2022,260,LARGE,US,COMMUNICATIONS,LEO,4,True
STARLINK-4642,53720,PAYLOAD,Non-Polar Inclined,USA,Commercial,2022-09-05,,95.44,53.22,541,539,2022,260,LARGE,US,COMMUNICATIONS,LEO,4,True
STARLINK-4669,53748,PAYLOAD,Non-Polar Inclined,USA,Commercial,2022-09-05,2025-02-07,87.77,53.2,167,161,2022,260,LARGE,US,COMMUNICATIONS,LEO,4,False
STARLINK-4680,53749,PAYLOAD,Non-Polar Inclined,USA,Commercial,2022-09-05,,89.02,53.19,235,217,2022,260,LARGE,US,COMMUNICATIONS,LEO,4,True
STARLINK-4730,53794,PAYLOAD,Non-Polar Inclined,USA,Commercial,2022-09-11,,95.44,53.22,541,539,2022,260,LARGE,US,COMMUNICATIONS,LEO,4,True
STARLINK-4742,53795,PAYLOAD,Non-Polar Inclined,USA,Commercial,2022-09-11,,95.44,53.22,541,539,2022,260,LARGE,US,COMMUNICATIONS,LEO,4,True
STARLINK-4738,53819,PAYLOAD,Non-Polar Inclined,USA,Commercial,2022-09-19,,95.44,53.22,541,539,2022,260,LARGE,US,COMMUNICATIONS,LEO,4,True
STARLINK-4752,53821,PAYLOAD,Non-Polar Inclined,USA,Commercial,2022-09-19,,95.21,53.22,531,527,2022,260,LARGE,US,COMMUNICATIONS,LEO,4,True
STARLINK-4776,53837,PAYLOAD,Non-Polar Inclined,USA,Commercial,2022-09-19,,95.44,53.22,541,539,2022,260,LARGE,US,COMMUNICATIONS,LEO,4,True
STARLINK-4773,53838,PAYLOAD,Non-Polar Inclined,USA,Commercial,2022-09-19,,95.44,53.22,541,539,2022,260,LARGE,US,COMMUNICATIONS,LEO,4,True
STARLINK-4797,53852,PAYLOAD,Non-Polar Inclined,USA,Commercial,2022-09-19,,95.44,53.22,541,539,2022,260,LARGE,US,COMMUNICATIONS,LEO,4,True
STARLINK-4781,53861,PAYLOAD,Non-Polar Inclined,USA,Commercial,2022-09-19,,95.44,53.22,541,539,2022,260,LARGE,US,COMMUNICATIONS,LEO,4,True
STARLINK-4793,53867,PAYLOAD,Non-Polar Inclined,USA,Commercial,2022-09-19,,95.44,53.22,541,539,2022,260,LARGE,US,COMMUNICATIONS,LEO,4,True
STARLINK-5029,53887,PAYLOAD,Non-Polar Inclined,USA,Commercial,2022-09-24,,95.44,53.22,541,539,2022,260,LARGE,US,COMMUNICATIONS,LEO,4,True
STARLINK-5034,53888,PAYLOAD,Non-Polar Inclined,USA,Commercial,2022-09-24,,95.44,53.22,541,539,2022,260,LARGE,US,COMMUNICATIONS,LEO,4,True
STARLINK-5051,53916,PAYLOAD,Non-Polar Inclined,USA,Commercial,2022-09-24,,95.44,53.21,540,539,2022,260,LARGE,US,COMMUNICATIONS,LEO,4,True
STARLINK-5023,53919,PAYLOAD,Non-Polar Inclined,USA,Commercial,2022-09-24,,95.44,53.22,541,539,2022,260,LARGE,US,COMMUNICATIONS,LEO,4,True
STARLINK-5011,53925,PAYLOAD,Non-Polar Inclined,USA,Commercial,2022-09-24,,95.44,53.22,541,539,2022,260,LARGE,US,COMMUNICATIONS,LEO,4,True
STARLINK-5014,53926,PAYLOAD,Non-Polar Inclined,USA,Commercial,2022-09-24,,95.44,53.22,540,539,2022,260,LARGE,US,COMMUNICATIONS,LEO,4,True
STARLINK-5015,53931,PAYLOAD,Non-Polar Inclined,USA,Commercial,2022-09-24,,95.44,53.22,541,539,2022,260,LARGE,US,COMMUNICATIONS,LEO,4,True
STARLINK-4775,53934,PAYLOAD,Non-Polar Inclined,USA,Commercial,2022-09-24,,95.44,53.22,541,539,2022,260,LARGE,US,COMMUNICATIONS,LEO,4,True
SES 21,53961,PAYLOAD,,Luxembourg,Commercial,2022-10-04,,1436.11,0.01,35793,35781,2022,1600,LARGE,SES,COMMUNICATIONS,GEO,18,True
STARLINK-4634,53967,PAYLOAD,Non-Polar Inclined,USA,Commercial,2022-10-05,,95.44,53.22,541,539,2022,260,LARGE,US,COMMUNICATIONS,LEO,4,True
STARLINK-5149,53981,PAYLOAD,Non-Polar Inclined,USA,Commercial,2022-10-05,,95.44,53.22,541,539,2022,260,LARGE,US,COMMUNICATIONS,LEO,4,True
STARLINK-5113,53988,PAYLOAD,Non-Polar Inclined,USA,Commercial,2022-10-05,,95.44,53.22,541,539,2022,260,LARGE,US,COMMUNICATIONS,LEO,4,True
STARLINK-5108,53992,PAYLOAD,Non-Polar Inclined,USA,Commercial,2022-10-05,,95.44,53.22,541,539,2022,260,LARGE,US,COMMUNICATIONS,LEO,4,True
STARLINK-5131,53996,PAYLOAD,Non-Polar Inclined,USA,Commercial,2022-10-05,,95.44,53.22,541,539,2022,260,LARGE,US,COMMUNICATIONS,LEO,4,True
STARLINK-5105,54001,PAYLOAD,Non-Polar Inclined,USA,Commercial,2022-10-05,2024-05-15,87.76,53.21,166,161,2022,260,LARGE,US,COMMUNICATIONS,LEO,4,False
STARLINK-5129,54004,PAYLOAD,Non-Polar Inclined,USA,Commercial,2022-10-05,,95.44,53.22,541,539,2022,260,LARGE,US,COMMUNICATIONS,LEO,4,True
STARLINK-5096,54006,PAYLOAD,Non-Polar Inclined,USA,Commercial,2022-10-05,,95.44,53.22,541,539,2022,260,LARGE,US,COMMUNICATIONS,LEO,4,True
GALAXY 34,54027,PAYLOAD,,USA,Commercial,2022-10-08,,1436.08,0.02,35792,35780,2022,3695,LARGE,US,COMMUNICATIONS,GEO,15,True
STARLINK-5170,54062,PAYLOAD,Non-Polar Inclined,USA,Commercial,2022-10-20,,95.44,53.22,541,539,2022,260,LARGE,US,COMMUNICATIONS,LEO,4,True
STARLINK-5225,54063,PAYLOAD,Non-Polar Inclined,USA,Commercial,2022-10-20,,95.44,53.22,541,539,2022,260,LARGE,US,COMMUNICATIONS,LEO,4,True
STARLINK-5212,54075,PAYLOAD,Non-Polar Inclined,USA,Commercial,2022-10-20,,95.44,53.22,541,539,2022,260,LARGE,US,COMMUNICATIONS,LEO,4,True
STARLINK-5171,54077,PAYLOAD,Non-Polar Inclined,USA,Commercial,2022-10-20,,95.44,53.22,541,538,2022,260,LARGE,US,COMMUNICATIONS,LEO,4,True
STARLINK-5160,54080,PAYLOAD,Non-Polar Inclined,USA,Commercial,2022-10-20,,95.44,53.22,541,539,2022,260,LARGE,US,COMMUNICATIONS,LEO,4,True
STARLINK-5210,54082,PAYLOAD,Non-Polar Inclined,USA,Commercial,2022-10-20,,95.44,53.22,541,539,2022,260,LARGE,US,COMMUNICATIONS,LEO,4,True
STARLINK-5166,54085,PAYLOAD,Non-Polar Inclined,USA,Commercial,2022-10-20,,95.44,53.22,540,539,2022,260,LARGE,US,COMMUNICATIONS,LEO,4,True
STARLINK-5211,54086,PAYLOAD,Non-Polar Inclined,USA,Commercial,2022-10-20,,95.44,53.22,541,539,2022,260,LARGE,US,COMMUNICATIONS,LEO,4,True
ONEWEB-0492,54114,PAYLOAD,Polar,United Kingdom,Commercial,2022-10-22,,109.11,87.93,1187,1185,2022,148,LARGE,UK,COMMUNICATIONS,LEO,5,True
ONEWEB-0499,54117,PAYLOAD,Polar,United Kingdom,Commercial,2022-10-22,,109.11,87.93,1187,1184,2022,148,LARGE,UK,COMMUNICATIONS,LEO,5,True
ONEWEB-0500,54118,PAYLOAD,Polar,United Kingdom,Commercial,2022-10-22,,109.11,87.93,1187,1184,2022,148,LARGE,UK,COMMUNICATIONS,LEO,5,True
ONEWEB-0502,54120,PAYLOAD,Polar,United Kingdom,Commercial,2022-10-22,,109.11,87.92,1187,1184,2022,148,LARGE,UK,COMMUNICATIONS,LEO,5,True
ONEWEB-0505,54123,PAYLOAD,Polar,United Kingdom,Commercial,2022-10-22,,109.11,87.92,1187,1184,2022,148,LARGE,UK,COMMUNICATIONS,LEO,5,True
ONEWEB-0507,54125,PAYLOAD,Polar,United Kingdom,Commercial,2022-10-22,,109.11,87.93,1187,1184,2022,148,LARGE,UK,COMMUNICATIONS,LEO,5,True
ONEWEB-0510,54128,PAYLOAD,Polar,United Kingdom,Commercial,2022-10-22,,109.03,87.93,1183,1180,2022,148,LARGE,UK,COMMUNICATIONS,LEO,5,True
ONEWEB-0511,54129,PAYLOAD,Polar,United Kingdom,Commercial,2022-10-22,,109.11,87.93,1187,1184,2022,148,LARGE,UK,COMMUNICATIONS,LEO,5,True
ONEWEB-0512,54130,PAYLOAD,Polar,United Kingdom,Commercial,2022-10-22,,109.11,87.93,1187,1184,2022,148,LARGE,UK,COMMUNICATIONS,LEO,5,True
ONEWEB-0514,54132,PAYLOAD,Polar,United Kingdom,Commercial,2022-10-22,,109.11,87.93,1187,1184,2022,148,LARGE,UK,COMMUNICATIONS,LEO,5,True
ONEWEB-0521,54139,PAYLOAD,Polar,United Kingdom,Commercial,2022-10-22,,109.11,87.93,1187,1184,2022,148,MEDIUM,UK,COMMUNICATIONS,LEO,5,True
ONEWEB-0524,54142,PAYLOAD,Polar,United Kingdom,Commercial,2022-10-22,,109.03,87.93,1183,1181,2022,148,LARGE,UK,COMMUNICATIONS,LEO,5,True
ONEWEB-0529,54145,PAYLOAD,Polar,United Kingdom,Commercial,2022-10-22,,109.11,87.93,1187,1184,2022,148,MEDIUM,UK,COMMUNICATIONS,LEO,5,True
ONEWEB-0535,54147,PAYLOAD,Polar,United Kingdom,Commercial,2022-10-22,,109.11,87.93,1187,1184,2022,148,LARGE,UK,COMMUNICATIONS,LEO,5,True
ONEWEB-0536,54148,PAYLOAD,Polar,United Kingdom,Commercial,2022-10-22,,109.03,87.93,1183,1180,2022,148,LARGE,UK,COMMUNICATIONS,LEO,5,True
STARLINK-5294,54159,PAYLOAD,Non-Polar Inclined,USA,Commercial,2022-10-28,,95.44,53.22,541,539,2022,260,LARGE,US,COMMUNICATIONS,LEO,4,True
STARLINK-5233,54160,PAYLOAD,Non-Polar Inclined,USA,Commercial,2022-10-28,,95.44,53.22,541,539,2022,260,LARGE,US,COMMUNICATIONS,LEO,4,True
STARLINK-5245,54168,PAYLOAD,Non-Polar Inclined,USA,Commercial,2022-10-28,,95.44,53.22,541,539,2022,260,LARGE,US,COMMUNICATIONS,LEO,4,True
STARLINK-5282,54169,PAYLOAD,Non-Polar Inclined,USA,Commercial,2022-10-28,,95.44,53.22,541,539,2022,260,LARGE,US,COMMUNICATIONS,LEO,4,True
STARLINK-5229,54171,PAYLOAD,Non-Polar Inclined,USA,Commercial,2022-10-28,,91.36,53.22,342,341,2022,260,MEDIUM,US,COMMUNICATIONS,LEO,4,True
STARLINK-5242,54173,PAYLOAD,Non-Polar Inclined,USA,Commercial,2022-10-28,,95.44,53.22,540,539,2022,260,LARGE,US,COMMUNICATIONS,LEO,4,True
STARLINK-5122,54179,PAYLOAD,Non-Polar Inclined,USA,Commercial,2022-10-28,,95.43,53.22,541,538,2022,260,LARGE,US,COMMUNICATIONS,LEO,4,True
STARLINK-5239,54183,PAYLOAD,Non-Polar Inclined,USA,Commercial,2022-10-28,,95.44,53.22,541,539,2022,260,LARGE,US,COMMUNICATIONS,LEO,4,True
STARLINK-5235,54185,PAYLOAD,Non-Polar Inclined,USA,Commercial,2022-10-28,,95.44,53.22,541,539,2022,260,LARGE,US,COMMUNICATIONS,LEO,4,True
STARLINK-5263,54193,PAYLOAD,Non-Polar Inclined,USA,Commercial,2022-10-28,,95.44,53.22,541,539,2022,260,LARGE,US,COMMUNICATIONS,LEO,4,True
STARLINK-5271,54194,PAYLOAD,Non-Polar Inclined,USA,Commercial,2022-10-28,,95.44,53.22,541,539,2022,260,LARGE,US,COMMUNICATIONS,LEO,4,True
STARLINK-5237,54196,PAYLOAD,Non-Polar Inclined,USA,Commercial,2022-10-28,,95.44,53.22,541,539,2022,260,LARGE,US,COMMUNICATIONS,LEO,4,True
STARLINK-5234,54197,PAYLOAD,Non-Polar Inclined,USA,Commercial,2022-10-28,2024-04-15,88.16,53.18,189,178,2022,260,LARGE,US,COMMUNICATIONS,LEO,4,False
STARLINK-5199,54201,PAYLOAD,Non-Polar Inclined,USA,Commercial,2022-10-28,,95.44,53.22,541,539,2022,260,LARGE,US,COMMUNICATIONS,LEO,4,True
STARLINK-5247,54203,PAYLOAD,Non-Polar Inclined,USA,Commercial,2022-10-28,,95.44,53.22,541,539,2022,260,LARGE,US,COMMUNICATIONS,LEO,4,True
STARLINK-5262,54207,PAYLOAD,Non-Polar Inclined,USA,Commercial,2022-10-28,,95.44,53.22,541,539,2022,260,LARGE,US,COMMUNICATIONS,LEO,4,True
ONEWEB-0545,54647,PAYLOAD,Polar,United Kingdom,Commercial,2022-12-08,,108.94,87.93,1179,1176,2022,148,LARGE,UK,COMMUNICATIONS,LEO,5,True
ONEWEB-0586,54653,PAYLOAD,Polar,United Kingdom,Commercial,2022-12-08,,108.94,87.93,1179,1176,2022,148,LARGE,UK,COMMUNICATIONS,LEO,5,True
ONEWEB-0591,54657,PAYLOAD,Polar,United Kingdom,Commercial,2022-12-08,,108.94,87.93,1179,1176,2022,148,LARGE,UK,COMMUNICATIONS,LEO,5,True
ONEWEB-0594,54660,PAYLOAD,Polar,United Kingdom,Commercial,2022-12-08,,108.94,87.93,1179,1176,2022,148,LARGE,UK,COMMUNICATIONS,LEO,5,True
ONEWEB-0601,54665,PAYLOAD,Polar,United Kingdom,Commercial,2022-12-08,,108.94,87.93,1179,1176,2022,148,LARGE,UK,COMMUNICATIONS,LEO,5,True
ONEWEB-0604,54668,PAYLOAD,Polar,United Kingdom,Commercial,2022-12-08,,108.94,87.93,1179,1176,2022,148,LARGE,UK,COMMUNICATIONS,LEO,5,True
ONEWEB-0612,54675,PAYLOAD,Polar,United Kingdom,Commercial,2022-12-08,,108.94,87.93,1179,1176,2022,148,LARGE,UK,COMMUNICATIONS,LEO,5,True
ONEWEB-0655,54677,PAYLOAD,Polar,United Kingdom,Commercial,2022-12-08,,108.94,87.93,1179,1176,2022,148,LARGE,UK,COMMUNICATIONS,LEO,5,True
STARLINK-5404,54769,PAYLOAD,Non-Polar Inclined,USA,Commercial,2022-12-17,2025-01-04,87.67,53.2,162,156,2022,260,LARGE,US,COMMUNICATIONS,LEO,4,False
STARLINK-5448,54770,PAYLOAD,Non-Polar Inclined,USA,Commercial,2022-12-17,,95.44,53.22,540,539,2022,260,LARGE,US,COMMUNICATIONS,LEO,4,True
STARLINK-5454,54774,PAYLOAD,Non-Polar Inclined,USA,Commercial,2022-12-17,,95.44,53.22,541,539,2022,260,LARGE,US,COMMUNICATIONS,LEO,4,True
STARLINK-5470,54776,PAYLOAD,Non-Polar Inclined,USA,Commercial,2022-12-17,,95.44,53.22,541,539,2022,260,LARGE,US,COMMUNICATIONS,LEO,4,True
STARLINK-5450,54778,PAYLOAD,Non-Polar Inclined,USA,Commercial,2022-12-17,,95.44,53.22,541,539,2022,260,LARGE,US,COMMUNICATIONS,LEO,4,True
STARLINK-5447,54779,PAYLOAD,Non-Polar Inclined,USA,Commercial,2022-12-17,,95.44,53.22,541,539,2022,260,LARGE,US,COMMUNICATIONS,LEO,4,True
STARLINK-5443,54781,PAYLOAD,Non-Polar Inclined,USA,Commercial,2022-12-17,,95.44,53.22,541,539,2022,260,LARGE,US,COMMUNICATIONS,LEO,4,True
STARLINK-5437,54782,PAYLOAD,Non-Polar Inclined,USA,Commercial,2022-12-17,2024-12-12,87.67,53.2,163,155,2022,260,LARGE,US,COMMUNICATIONS,LEO,4,False
STARLINK-5439,54783,PAYLOAD,Non-Polar Inclined,USA,Commercial,2022-12-17,,95.44,53.22,541,538,2022,260,LARGE,US,COMMUNICATIONS,LEO,4,True
STARLINK-5445,54790,PAYLOAD,Non-Polar Inclined,USA,Commercial,2022-12-17,,95.44,53.22,541,539,2022,260,LARGE,US,COMMUNICATIONS,LEO,4,True
STARLINK-5431,54792,PAYLOAD,Non-Polar Inclined,USA,Commercial,2022-12-17,,95.44,53.22,541,539,2022,260,LARGE,US,COMMUNICATIONS,LEO,4,True
STARLINK-5417,54805,PAYLOAD,Non-Polar Inclined,USA,Commercial,2022-12-17,,95.44,53.22,541,539,2022,260,LARGE,US,COMMUNICATIONS,LEO,4,True
STARLINK-5410,54807,PAYLOAD,Non-Polar Inclined,USA,Commercial,2022-12-17,,95.44,53.22,541,539,2022,260,LARGE,US,COMMUNICATIONS,LEO,4,True
STARLINK-5385,54821,PAYLOAD,Non-Polar Inclined,USA,Commercial,2022-12-28,,95.84,43,560,558,2022,260,LARGE,US,COMMUNICATIONS,LEO,4,True
STARLINK-4643,54824,PAYLOAD,Non-Polar Inclined,USA,Commercial,2022-12-28,,95.84,42.99,562,557,2022,260,LARGE,US,COMMUNICATIONS,LEO,4,True
STARLINK-4801,54825,PAYLOAD,Non-Polar Inclined,USA,Commercial,2022-12-28,,95.48,43,545,538,2022,260,LARGE,US,COMMUNICATIONS,LEO,4,True
STARLINK-5394,54830,PAYLOAD,Non-Polar Inclined,USA,Commercial,2022-12-28,,95.84,43,560,558,2022,260,LARGE,US,COMMUNICATIONS,LEO,4,True
STARLINK-5395,54831,PAYLOAD,Non-Polar Inclined,USA,Commercial,2022-12-28,,95.84,43,560,558,2022,260,LARGE,US,COMMUNICATIONS,LEO,4,True
STARLINK-5082,54845,PAYLOAD,Non-Polar Inclined,USA,Commercial,2022-12-28,,95.84,43,560,558,2022,260,LARGE,US,COMMUNICATIONS,LEO,4,True
STARLINK-5360,54846,PAYLOAD,Non-Polar Inclined,USA,Commercial,2022-12-28,,95.84,43,560,558,2022,260,LARGE,US,COMMUNICATIONS,LEO,4,True
STARLINK-5407,54858,PAYLOAD,Non-Polar Inclined,USA,Commercial,2022-12-28,,95.84,43,560,558,2022,260,LARGE,US,COMMUNICATIONS,LEO,4,True
STARLINK-5403,54862,PAYLOAD,Non-Polar Inclined,USA,Commercial,2022-12-28,,95.84,43,560,558,2022,260,LARGE,US,COMMUNICATIONS,LEO,4,True
STARLINK-5396,54867,PAYLOAD,Non-Polar Inclined,USA,Commercial,2022-12-28,,95.84,43,561,557,2022,260,LARGE,US,COMMUNICATIONS,LEO,4,True
STARLINK-5390,54872,PAYLOAD,Non-Polar Inclined,USA,Commercial,2022-12-28,,95.84,43,560,558,2022,260,LARGE,US,COMMUNICATIONS,LEO,4,True
FLOCK 4Y 18,55023,PAYLOAD,Sun-Synchronous,USA,Commercial,2023-01-03,,92.7,97.38,411,402,2023,6,MEDIUM,US,EARTH OBSERVATION,LEO,3,True
FLOCK 4Y 5,55028,PAYLOAD,Sun-Synchronous,USA,Commercial,2023-01-03,,92.64,97.37,408,400,2023,6,SMALL,US,EARTH OBSERVATION,LEO,3,True
FLOCK 4Y 29,55030,PAYLOAD,Sun-Synchronous,USA,Commercial,2023-01-03,,91.17,97.36,335,328,2023,6,MEDIUM,US,EARTH OBSERVATION,LEO,3,True
FLOCK 4Y 17,55031,PAYLOAD,Sun-Synchronous,USA,Commercial,2023-01-03,,92.56,97.37,404,396,2023,6,MEDIUM,US,EARTH OBSERVATION,LEO,3,True
FLOCK 4Y 3,55035,PAYLOAD,Sun-Synchronous,USA,Commercial,2023-01-03,2024-11-26,87.83,97.38,171,163,2023,6,MEDIUM,US,EARTH OBSERVATION,LEO,3,False
FLOCK 4Y 1,55039,PAYLOAD,Sun-Synchronous,USA,Commercial,2023-01-03,2024-12-24,87.61,97.39,162,150,2023,6,SMALL,US,EARTH OBSERVATION,LEO,3,False
FLOCK 4Y 16,55040,PAYLOAD,Sun-Synchronous,USA,Commercial,2023-01-03,,92.2,97.37,384,380,2023,6,SMALL,US,EARTH OBSERVATION,LEO,3,True
NUSAT-33 (ALBANIA-2),55047,PAYLOAD,Sun-Synchronous,Argentina,Commercial,2023-01-03,,94.2,97.35,487,473,2023,42,MEDIUM,ARGN,EARTH OBSERVATION,LEO,3,True
FLOCK 4Y 13,55079,PAYLOAD,Sun-Synchronous,USA,Commercial,2023-01-03,,92.55,97.37,405,394,2023,6,MEDIUM,US,EARTH OBSERVATION,LEO,3,True
FLOCK 4Y 27,55083,PAYLOAD,Sun-Synchronous,USA,Commercial,2023-01-03,,92.01,97.38,378,368,2023,6,MEDIUM,US,EARTH OBSERVATION,LEO,3,True
SPACEBEE-164,55091,PAYLOAD,Sun-Synchronous,USA,Commercial,2023-01-03,2024-09-26,87.76,97.38,172,156,2023,2,SMALL,US,COMMUNICATIONS,LEO,2,False
SPACEBEE-160,55097,PAYLOAD,Sun-Synchronous,USA,Commercial,2023-01-03,2024-09-16,87.44,97.38,156,140,2023,2,SMALL,US,COMMUNICATIONS,LEO,2,False
SPACEBEE-156,55099,PAYLOAD,Sun-Synchronous,USA,Commercial,2023-01-03,2024-09-15,87.44,97.38,156,140,2023,2,SMALL,US,COMMUNICATIONS,LEO,2,False
ONEWEB-0567,55147,PAYLOAD,Polar,United Kingdom,Commercial,2023-01-10,,109.2,87.91,1191,1188,2023,148,LARGE,UK,COMMUNICATIONS,LEO,5,True
ONEWEB-0571,55150,PAYLOAD,Polar,United Kingdom,Commercial,2023-01-10,,109.2,87.91,1191,1189,2023,148,LARGE,UK,COMMUNICATIONS,LEO,5,True
ONEWEB-0614,55156,PAYLOAD,Polar,United Kingdom,Commercial,2023-01-10,,109.81,87.88,1219,1216,2023,148,LARGE,UK,COMMUNICATIONS,LEO,5,True
ONEWEB-0621,55162,PAYLOAD,Polar,United Kingdom,Commercial,2023-01-10,,109.8,87.88,1219,1216,2023,148,LARGE,UK,COMMUNICATIONS,LEO,5,True
STARLINK-5277,55269,PAYLOAD,Polar,USA,Commercial,2023-01-19,,96.11,70,574,570,2023,290,LARGE,US,COMMUNICATIONS,LEO,4,True
STARLINK-5260,55275,PAYLOAD,Polar,USA,Commercial,2023-01-19,,96.11,70,574,570,2023,290,LARGE,US,COMMUNICATIONS,LEO,4,True
STARLINK-5331,55280,PAYLOAD,Polar,USA,Commercial,2023-01-19,,96.13,70,575,571,2023,290,LARGE,US,COMMUNICATIONS,LEO,4,True
STARLINK-5330,55282,PAYLOAD,Polar,USA,Commercial,2023-01-19,,96.11,70,574,570,2023,290,LARGE,US,COMMUNICATIONS,LEO,4,True
STARLINK-5312,55311,PAYLOAD,Polar,USA,Commercial,2023-01-19,,96.11,70,574,570,2023,290,LARGE,US,COMMUNICATIONS,LEO,4,True
STARLINK-5296,55312,PAYLOAD,Polar,USA,Commercial,2023-01-19,,96.11,70,574,570,2023,290,LARGE,US,COMMUNICATIONS,LEO,4,True
STARLINK-5305,55314,PAYLOAD,Polar,USA,Commercial,2023-01-19,,96.11,70,574,570,2023,290,LARGE,US,COMMUNICATIONS,LEO,4,True
STARLINK-5257,55316,PAYLOAD,Polar,USA,Commercial,2023-01-19,,96.11,70,574,570,2023,290,LARGE,US,COMMUNICATIONS,LEO,4,True
IGS R-7,55329,PAYLOAD,Sun-Synchronous,Japan,Government,2023-01-26,,,,,,2023,1500,,JPN,EARTH OBSERVATION,LEO,5,True
STARLINK-5658,55338,PAYLOAD,Non-Polar Inclined,USA,Commercial,2023-01-26,,95.84,43,560,558,2023,290,LARGE,US,COMMUNICATIONS,LEO,4,True
STARLINK-5662,55344,PAYLOAD,Non-Polar Inclined,USA,Commercial,2023-01-26,2024-11-28,88.31,42.98,198,184,2023,290,LARGE,US,COMMUNICATIONS,LEO,4,False
STARLINK-5635,55367,PAYLOAD,Non-Polar Inclined,USA,Commercial,2023-01-26,,95.84,43,560,558,2023,290,LARGE,US,COMMUNICATIONS,LEO,4,True
STARLINK-5586,55376,PAYLOAD,Non-Polar Inclined,USA,Commercial,2023-01-26,,95.84,43,560,558,2023,290,LARGE,US,COMMUNICATIONS,LEO,4,True
STARLINK-5572,55378,PAYLOAD,Non-Polar Inclined,USA,Commercial,2023-01-26,,95.84,43,560,558,2023,290,LARGE,US,COMMUNICATIONS,LEO,4,True
STARLINK-5571,55380,PAYLOAD,Non-Polar Inclined,USA,Commercial,2023-01-26,,95.84,43,560,558,2023,290,LARGE,US,COMMUNICATIONS,LEO,4,True
STARLINK-5531,55383,PAYLOAD,Non-Polar Inclined,USA,Commercial,2023-01-26,,95.84,43,560,558,2023,290,LARGE,US,COMMUNICATIONS,LEO,4,True
STARLINK-5077,55391,PAYLOAD,Polar,USA,Commercial,2023-01-31,,89.62,69.99,258,253,2023,290,LARGE,US,COMMUNICATIONS,LEO,4,True
STARLINK-4786,55393,PAYLOAD,Polar,USA,Commercial,2023-01-31,,96.11,70,574,570,2023,290,LARGE,US,COMMUNICATIONS,LEO,4,True
STARLINK-5071,55402,PAYLOAD,Polar,USA,Commercial,2023-01-31,,96.11,70,574,570,2023,290,LARGE,US,COMMUNICATIONS,LEO,4,True
STARLINK-5597,55403,PAYLOAD,Polar,USA,Commercial,2023-01-31,,96.11,70,574,570,2023,290,LARGE,US,COMMUNICATIONS,LEO,4,True
STARLINK-5060,55413,PAYLOAD,Polar,USA,Commercial,2023-01-31,,96.11,70,574,570,2023,290,LARGE,US,COMMUNICATIONS,LEO,4,True
STARLINK-5068,55423,PAYLOAD,Polar,USA,Commercial,2023-01-31,,96.11,70,574,570,2023,290,LARGE,US,COMMUNICATIONS,LEO,4,True
STARLINK-5615,55425,PAYLOAD,Polar,USA,Commercial,2023-01-31,,96.11,70,574,570,2023,290,LARGE,US,COMMUNICATIONS,LEO,4,True
STARLINK-5642,55430,PAYLOAD,Polar,USA,Commercial,2023-01-31,,96.1,70,574,570,2023,290,LARGE,US,COMMUNICATIONS,LEO,4,True
STARLINK-5637,55432,PAYLOAD,Polar,USA,Commercial,2023-01-31,,96.11,70,574,570,2023,290,LARGE,US,COMMUNICATIONS,LEO,4,True
STARLINK-5621,55434,PAYLOAD,Polar,USA,Commercial,2023-01-31,,96.11,70,574,570,2023,290,LARGE,US,COMMUNICATIONS,LEO,4,True
STARLINK-5080,55437,PAYLOAD,Polar,USA,Commercial,2023-01-31,2024-10-23,87.46,69.91,150,146,2023,290,LARGE,US,COMMUNICATIONS,LEO,4,False
STARLINK-5634,55439,PAYLOAD,Polar,USA,Commercial,2023-01-31,,96.11,70,574,570,2023,290,LARGE,US,COMMUNICATIONS,LEO,4,True
STARLINK-5699,55449,PAYLOAD,Non-Polar Inclined,USA,Commercial,2023-02-02,,95.84,43,560,558,2023,290,LARGE,US,COMMUNICATIONS,LEO,4,True
STARLINK-5058,55456,PAYLOAD,Non-Polar Inclined,USA,Commercial,2023-02-02,,95.84,43.01,560,558,2023,290,LARGE,US,COMMUNICATIONS,LEO,4,True
STARLINK-5020,55458,PAYLOAD,Non-Polar Inclined,USA,Commercial,2023-02-02,,95.84,43,560,558,2023,290,LARGE,US,COMMUNICATIONS,LEO,4,True
STARLINK-5646,55461,PAYLOAD,Non-Polar Inclined,USA,Commercial,2023-02-02,,95.84,43,560,558,2023,290,LARGE,US,COMMUNICATIONS,LEO,4,True
STARLINK-5679,55467,PAYLOAD,Non-Polar Inclined,USA,Commercial,2023-02-02,,95.84,43,560,558,2023,290,LARGE,US,COMMUNICATIONS,LEO,4,True
STARLINK-5711,55471,PAYLOAD,Non-Polar Inclined,USA,Commercial,2023-02-02,,95.84,43,560,558,2023,290,LARGE,US,COMMUNICATIONS,LEO,4,True
STARLINK-5596,55476,PAYLOAD,Non-Polar Inclined,USA,Commercial,2023-02-02,2023-09-27,88.26,42.99,193,183,2023,290,LARGE,US,COMMUNICATIONS,LEO,4,False
STARLINK-5685,55477,PAYLOAD,Non-Polar Inclined,USA,Commercial,2023-02-02,,95.84,43,560,558,2023,290,LARGE,US,COMMUNICATIONS,LEO,4,True
STARLINK-5688,55479,PAYLOAD,Non-Polar Inclined,USA,Commercial,2023-02-02,,95.84,43.01,561,557,2023,290,LARGE,US,COMMUNICATIONS,LEO,4,True
STARLINK-5695,55485,PAYLOAD,Non-Polar Inclined,USA,Commercial,2023-02-02,,95.84,43,560,558,2023,290,LARGE,US,COMMUNICATIONS,LEO,4,True
STARLINK-5364,55491,PAYLOAD,Non-Polar Inclined,USA,Commercial,2023-02-02,,95.84,43,560,558,2023,290,LARGE,US,COMMUNICATIONS,LEO,4,True
STARLINK-5365,55498,PAYLOAD,Non-Polar Inclined,USA,Commercial,2023-02-02,,95.84,43,560,558,2023,290,LARGE,US,COMMUNICATIONS,LEO,4,True
STARLINK-5366,55499,PAYLOAD,Non-Polar Inclined,USA,Commercial,2023-02-02,,95.84,43,560,558,2023,290,LARGE,US,COMMUNICATIONS,LEO,4,True
STARLINK-5367,55501,PAYLOAD,Non-Polar Inclined,USA,Commercial,2023-02-02,,95.84,43,560,558,2023,290,LARGE,US,COMMUNICATIONS,LEO,4,True
STARLINK-5757,55580,PAYLOAD,Non-Polar Inclined,USA,Commercial,2023-02-12,,95.84,43,560,558,2023,290,LARGE,US,COMMUNICATIONS,LEO,4,True
STARLINK-5753,55581,PAYLOAD,Non-Polar Inclined,USA,Commercial,2023-02-12,,95.84,43,560,558,2023,290,LARGE,US,COMMUNICATIONS,LEO,4,True
STARLINK-5736,55584,PAYLOAD,Non-Polar Inclined,USA,Commercial,2023-02-12,,95.84,43,560,558,2023,290,LARGE,US,COMMUNICATIONS,LEO,4,True
STARLINK-5767,55586,PAYLOAD,Non-Polar Inclined,USA,Commercial,2023-02-12,,95.84,43,560,558,2023,290,LARGE,US,COMMUNICATIONS,LEO,4,True
STARLINK-5728,55588,PAYLOAD,Non-Polar Inclined,USA,Commercial,2023-02-12,,95.84,43.01,560,558,2023,290,LARGE,US,COMMUNICATIONS,LEO,4,True
STARLINK-5697,55589,PAYLOAD,Non-Polar Inclined,USA,Commercial,2023-02-12,,95.84,43,560,558,2023,290,LARGE,US,COMMUNICATIONS,LEO,4,True
STARLINK-5759,55592,PAYLOAD,Non-Polar Inclined,USA,Commercial,2023-02-12,,95.84,43,560,558,2023,290,LARGE,US,COMMUNICATIONS,LEO,4,True
STARLINK-5750,55594,PAYLOAD,Non-Polar Inclined,USA,Commercial,2023-02-12,,95.84,43.01,560,558,2023,290,LARGE,US,COMMUNICATIONS,LEO,4,True
STARLINK-5740,55595,PAYLOAD,Non-Polar Inclined,USA,Commercial,2023-02-12,,95.84,43,560,558,2023,290,LARGE,US,COMMUNICATIONS,LEO,4,True
STARLINK-5761,55599,PAYLOAD,Non-Polar Inclined,USA,Commercial,2023-02-12,,95.84,43,560,559,2023,290,LARGE,US,COMMUNICATIONS,LEO,4,True
STARLINK-5714,55614,PAYLOAD,Non-Polar Inclined,USA,Commercial,2023-02-12,,95.84,43,560,558,2023,290,LARGE,US,COMMUNICATIONS,LEO,4,True
STARLINK-5717,55618,PAYLOAD,Non-Polar Inclined,USA,Commercial,2023-02-12,,95.84,43,559,559,2023,290,LARGE,US,COMMUNICATIONS,LEO,4,True
STARLINK-5303,55630,PAYLOAD,Polar,USA,Commercial,2023-02-17,,96.11,70,574,570,2023,290,LARGE,US,COMMUNICATIONS,LEO,4,True
STARLINK-5500,55634,PAYLOAD,Polar,USA,Commercial,2023-02-17,,96.1,70,574,570,2023,290,LARGE,US,COMMUNICATIONS,LEO,4,True
STARLINK-5508,55639,PAYLOAD,Polar,USA,Commercial,2023-02-17,,96.11,70,574,570,2023,290,LARGE,US,COMMUNICATIONS,LEO,4,True
STARLINK-5483,55643,PAYLOAD,Polar,USA,Commercial,2023-02-17,,96.11,70,574,570,2023,290,LARGE,US,COMMUNICATIONS,LEO,4,True
STARLINK-5502,55644,PAYLOAD,Polar,USA,Commercial,2023-02-17,,96.11,70,576,568,2023,290,LARGE,US,COMMUNICATIONS,LEO,4,True
STARLINK-5474,55665,PAYLOAD,Polar,USA,Commercial,2023-02-17,,96.11,70,574,570,2023,290,LARGE,US,COMMUNICATIONS,LEO,4,True
STARLINK-5423,55670,PAYLOAD,Polar,USA,Commercial,2023-02-17,,96.11,70,574,570,2023,290,LARGE,US,COMMUNICATIONS,LEO,4,True
STARLINK-5461,55672,PAYLOAD,Polar,USA,Commercial,2023-02-17,2024-08-21,92.21,70,385,381,2023,290,LARGE,US,COMMUNICATIONS,LEO,4,False
STARLINK-5579,55746,PAYLOAD,Polar,USA,Commercial,2023-03-03,,96.11,70,574,570,2023,290,LARGE,US,COMMUNICATIONS,LEO,4,True
STARLINK-5539,55747,PAYLOAD,Polar,USA,Commercial,2023-03-03,,96.11,70,574,570,2023,290,LARGE,US,COMMUNICATIONS,LEO,4,True
STARLINK-5499,55764,PAYLOAD,Polar,USA,Commercial,2023-03-03,,96.11,70,574,570,2023,290,LARGE,US,COMMUNICATIONS,LEO,4,True
STARLINK-5599,55766,PAYLOAD,Polar,USA,Commercial,2023-03-03,,96.11,70,574,570,2023,290,LARGE,US,COMMUNICATIONS,LEO,4,True
STARLINK-5606,55767,PAYLOAD,Polar,USA,Commercial,2023-03-03,,96.11,70,574,570,2023,290,LARGE,US,COMMUNICATIONS,LEO,4,True
STARLINK-5833,55773,PAYLOAD,Polar,USA,Commercial,2023-03-03,,96.11,70,573,571,2023,290,LARGE,US,COMMUNICATIONS,LEO,4,True
STARLINK-5816,55778,PAYLOAD,Polar,USA,Commercial,2023-03-03,,96.11,70,574,570,2023,290,LARGE,US,COMMUNICATIONS,LEO,4,True
STARLINK-5819,55780,PAYLOAD,Polar,USA,Commercial,2023-03-03,,96.11,70,574,570,2023,290,LARGE,US,COMMUNICATIONS,LEO,4,True
STARLINK-5826,55782,PAYLOAD,Polar,USA,Commercial,2023-03-03,,96.11,70,574,570,2023,290,LARGE,US,COMMUNICATIONS,LEO,4,True
STARLINK-5804,55788,PAYLOAD,Polar,USA,Commercial,2023-03-03,,96.11,70,574,570,2023,290,LARGE,US,COMMUNICATIONS,LEO,4,True
ONEWEB-0640,55804,PAYLOAD,Polar,United Kingdom,Commercial,2023-03-09,,109.55,87.91,1207,1204,2023,148,LARGE,UK,COMMUNICATIONS,LEO,5,True
ONEWEB-0641,55805,PAYLOAD,Polar,United Kingdom,Commercial,2023-03-09,,109.11,87.93,1187,1184,2023,148,LARGE,UK,COMMUNICATIONS,LEO,5,True
ONEWEB-0648,55811,PAYLOAD,Polar,United Kingdom,Commercial,2023-03-09,,109.55,87.91,1207,1205,2023,148,LARGE,UK,COMMUNICATIONS,LEO,5,True
ONEWEB-0654,55816,PAYLOAD,Polar,United Kingdom,Commercial,2023-03-09,,109.55,87.91,1208,1204,2023,148,LARGE,UK,COMMUNICATIONS,LEO,5,True
ONEWEB-0666,55826,PAYLOAD,Polar,United Kingdom,Commercial,2023-03-09,,109.03,87.93,1183,1180,2023,148,LARGE,UK,COMMUNICATIONS,LEO,5,True
ONEWEB-0671,55830,PAYLOAD,Polar,United Kingdom,Commercial,2023-03-09,,109.11,87.93,1187,1184,2023,148,LARGE,UK,COMMUNICATIONS,LEO,5,True
STARLINK-5921,55926,PAYLOAD,Polar,USA,Commercial,2023-03-17,,96.11,70,574,570,2023,290,LARGE,US,COMMUNICATIONS,LEO,4,True
STARLINK-5930,55928,PAYLOAD,Polar,USA,Commercial,2023-03-17,,96.11,70,574,570,2023,290,LARGE,US,COMMUNICATIONS,LEO,4,True
STARLINK-5898,55929,PAYLOAD,Polar,USA,Commercial,2023-03-17,2025-03-12,87.42,69.97,152,141,2023,290,LARGE,US,COMMUNICATIONS,LEO,4,False
STARLINK-5852,55933,PAYLOAD,Polar,USA,Commercial,2023-03-17,,96.11,70,574,570,2023,290,LARGE,US,COMMUNICATIONS,LEO,4,True
STARLINK-5920,55935,PAYLOAD,Polar,USA,Commercial,2023-03-17,,96.11,70,574,570,2023,290,LARGE,US,COMMUNICATIONS,LEO,4,True
STARLINK-5864,55940,PAYLOAD,Polar,USA,Commercial,2023-03-17,,96.11,70.01,573,571,2023,290,LARGE,US,COMMUNICATIONS,LEO,4,True
STARLINK-5857,55946,PAYLOAD,Polar,USA,Commercial,2023-03-17,,96.11,70,573,571,2023,290,LARGE,US,COMMUNICATIONS,LEO,4,True
STARLINK-5851,55947,PAYLOAD,Polar,USA,Commercial,2023-03-17,,96.11,70,574,570,2023,290,LARGE,US,COMMUNICATIONS,LEO,4,True
STARLINK-5938,55960,PAYLOAD,Polar,USA,Commercial,2023-03-17,,96.11,70,574,570,2023,290,LARGE,US,COMMUNICATIONS,LEO,4,True
STARLINK-5933,55961,PAYLOAD,Polar,USA,Commercial,2023-03-17,,96.11,70,574,570,2023,290,LARGE,US,COMMUNICATIONS,LEO,4,True
TIANMU-1 03,55973,PAYLOAD,Sun-Synchronous,China,Commercial,2023-03-22,,93.87,97.5,467,460,2023,50,MEDIUM,PRC,METEOROLOGICAL,LEO,2,True
TIANMU-1 04,55974,PAYLOAD,Sun-Synchronous,China,Commercial,2023-03-22,,93.86,97.49,467,459,2023,50,MEDIUM,PRC,METEOROLOGICAL,LEO,2,True
STARLINK-5947,55989,PAYLOAD,Non-Polar Inclined,USA,Commercial,2023-03-24,,95.84,43.01,560,558,2023,290,LARGE,US,COMMUNICATIONS,LEO,4,True
STARLINK-5789,56003,PAYLOAD,Non-Polar Inclined,USA,Commercial,2023-03-24,,95.84,43,560,558,2023,290,LARGE,US,COMMUNICATIONS,LEO,4,True
STARLINK-5949,56019,PAYLOAD,Non-Polar Inclined,USA,Commercial,2023-03-24,,95.84,43.01,560,558,2023,290,LARGE,US,COMMUNICATIONS,LEO,4,True
STARLINK-5771,56023,PAYLOAD,Non-Polar Inclined,USA,Commercial,2023-03-24,,95.84,43.01,560,558,2023,290,LARGE,US,COMMUNICATIONS,LEO,4,True
STARLINK-5770,56026,PAYLOAD,Non-Polar Inclined,USA,Commercial,2023-03-24,,95.84,43.01,560,558,2023,290,LARGE,US,COMMUNICATIONS,LEO,4,True
STARLINK-5784,56033,PAYLOAD,Non-Polar Inclined,USA,Commercial,2023-03-24,2025-01-03,88.19,42.99,190,179,2023,290,LARGE,US,COMMUNICATIONS,LEO,4,False
STARLINK-5758,56037,PAYLOAD,Non-Polar Inclined,USA,Commercial,2023-03-24,,95.84,43.01,560,558,2023,290,LARGE,US,COMMUNICATIONS,LEO,4,True
STARLINK-5798,56040,PAYLOAD,Non-Polar Inclined,USA,Commercial,2023-03-24,,95.84,43,560,558,2023,290,LARGE,US,COMMUNICATIONS,LEO,4,True
ONEWEB-0568,56062,PAYLOAD,Polar,United Kingdom,Commercial,2023-03-26,,109.37,87.9,1199,1196,2023,148,LARGE,UK,COMMUNICATIONS,LEO,5,True
ONEWEB-0579,56068,PAYLOAD,Polar,United Kingdom,Commercial,2023-03-26,,108.94,87.93,1179,1176,2023,148,MEDIUM,UK,COMMUNICATIONS,LEO,5,True
ONEWEB-0633,56074,PAYLOAD,Polar,United Kingdom,Commercial,2023-03-26,,109.46,87.91,1203,1201,2023,148,MEDIUM,UK,COMMUNICATIONS,LEO,5,True
STARLINK-6090,56095,PAYLOAD,Non-Polar Inclined,USA,Commercial,2023-03-29,,95.84,43,560,558,2023,290,LARGE,US,COMMUNICATIONS,LEO,4,True
STARLINK-6075,56102,PAYLOAD,Non-Polar Inclined,USA,Commercial,2023-03-29,,95.84,43,560,558,2023,290,LARGE,US,COMMUNICATIONS,LEO,4,True
STARLINK-6114,56116,PAYLOAD,Non-Polar Inclined,USA,Commercial,2023-03-29,,95.84,43,560,558,2023,290,LARGE,US,COMMUNICATIONS,LEO,4,True
STARLINK-6105,56118,PAYLOAD,Non-Polar Inclined,USA,Commercial,2023-03-29,,94.62,43,501,499,2023,290,LARGE,US,COMMUNICATIONS,LEO,4,True
STARLINK-6121,56129,PAYLOAD,Non-Polar Inclined,USA,Commercial,2023-03-29,,95.84,43,560,558,2023,290,LARGE,US,COMMUNICATIONS,LEO,4,True
STARLINK-6120,56131,PAYLOAD,Non-Polar Inclined,USA,Commercial,2023-03-29,,95.84,43,560,558,2023,290,LARGE,US,COMMUNICATIONS,LEO,4,True
STARLINK-5489,56136,PAYLOAD,Non-Polar Inclined,USA,Commercial,2023-03-29,,95.84,43.01,560,558,2023,290,LARGE,US,COMMUNICATIONS,LEO,4,True
STARLINK-5375,56140,PAYLOAD,Non-Polar Inclined,USA,Commercial,2023-03-29,,95.84,43,560,558,2023,290,LARGE,US,COMMUNICATIONS,LEO,4,True
STARLINK-5376,56142,PAYLOAD,Non-Polar Inclined,USA,Commercial,2023-03-29,,95.84,43,560,558,2023,290,LARGE,US,COMMUNICATIONS,LEO,4,True
IRIS-F2,62684,PAYLOAD,Non-Polar Inclined,USA,Commercial,2025-01-14,,94.82,97.42,514,505,2025,260,MEDIUM,TWN,COMMUNICATIONS,LEO,4,True
