INFO_SATNAME,INFO_NORAD_NUMBER,INFO_OBJECT_TYPE,INFO_TYPE_OF_ORBIT,INFO_COUNTRY_OF_OPERATOR_OWNER,INFO_USERS,INFO_LAUNCH_DATE,INFO_REENTRY_DATE,PERIOD,INCLINATION,APOGEE,PERIGEE,LAUNCH_YEAR,LAUNCH_MASS_KG,RCS_SIZE,COUNTRY,PURPOSE,CLASS_OF_ORBIT,EXPECTED_LIFETIME_YRS,INFO_NO_REENTRY_RECORDED
AMSC 1,23553,PAYLOAD,,USA/Canada,Commercial,1995-04-07,,1455.88,12.92,36252,36093,1995,2850,LARGE,US,COMMUNICATIONS,GEO,10,True
DMSP 5D-2 F14 (USA 131),24753,PAYLOAD,Sun-Synchronous,USA,Military,1997-04-04,,101.65,98.82,843,831,1997,1134,LARGE,US,EARTH OBSERVATION,LEO,5,True
INTELSAT 5 (PAS 5),24916,PAYLOAD,,USA,Commercial,1997-08-28,,1453.97,9.48,36147,36125,1997,2730,LARGE,US,COMMUNICATIONS,GEO,15,True
AMC-3 (GE-3),24936,PAYLOAD,,USA,Commercial,1997-09-04,,1436.1,7.11,35800,35773,1997,2845,LARGE,SES,COMMUNICATIONS,GEO,15,True
ORBCOMM FM 12,25115,PAYLOAD,Non-Polar Inclined,USA,Commercial,1997-12-23,,99.64,45.01,745,738,1997,45,MEDIUM,ORB,COMMUNICATIONS,LEO,5,True
ORBCOMM FM 6,25118,PAYLOAD,Non-Polar Inclined,USA,Commercial,1997-12-23,,99.59,45.01,740,738,1997,45,MEDIUM,ORB,COMMUNICATIONS,LEO,5,True
ORBCOMM FM 4,25159,PAYLOAD,Polar,USA,Commercial,1998-02-10,,100.38,107.96,806,746,1998,45,MEDIUM,ORB,COMMUNICATIONS,LEO,5,True
ORBCOMM FM 19,25415,PAYLOAD,Non-Polar Inclined,USA,Commercial,1998-08-02,,100.13,44.99,768,761,1998,45,MEDIUM,ORB,COMMUNICATIONS,LEO,5,True
ORBCOMM FM 13,25420,PAYLOAD,Non-Polar Inclined,USA,Commercial,1998-08-02,,100.17,45,771,762,1998,45,LARGE,ORB,COMMUNICATIONS,LEO,5,True
ISS (ZARYA),25544,PAYLOAD,Non-Polar Inclined,Multinational,Government,1998-11-20,,92.91,51.64,421,413,1998,,LARGE,ISS,SPACE SCIENCE,LEO,30,True
SKYNET 4E,25639,PAYLOAD,,United Kingdom,Military,1999-02-26,,1436.07,11.81,35799,35773,1999,1510,LARGE,UK,COMMUNICATIONS,GEO,7,True
TUBSAT,25757,PAYLOAD,Sun-Synchronous,Germany,Government,1999-05-26,,99.16,98.63,728,708,1999,45,MEDIUM,GER,EARTH SCIENCE,LEO,1,True
USA 148,26052,PAYLOAD,,USA,Military,2000-01-21,,1436.08,11.21,35794,35778,2000,1156,LARGE,US,COMMUNICATIONS,GEO,10,True
USA 149,26356,PAYLOAD,,USA,Military,2000-05-08,,1436.04,12.85,35791,35780,2000,2380,LARGE,US,EARTH OBSERVATION,GEO,9,True
EUTE 36A (EUTE W4),26369,PAYLOAD,,Multinational,Commercial,2000-05-24,,1462.4,7.55,36345,36255,2000,3190,LARGE,EUTE,COMMUNICATIONS,GEO,12,True
CLUSTER II-FM7,26410,PAYLOAD,Deep Highly Eccentric,ESA,Government,2000-07-16,,3216.04,143.44,125394,6196,2000,1200,LARGE,ESA,SPACE SCIENCE,ELLIPTICAL,4,True
CLUSTER II-FM6,26411,PAYLOAD,Deep Highly Eccentric,ESA,Government,2000-07-16,2024-09-08,3241.8,150.07,132481,0,2000,1200,LARGE,ESA,SPACE SCIENCE,ELLIPTICAL,4,False
AMC-6 (GE-6),26580,PAYLOAD,,USA,Commercial,2000-10-21,,1436.07,0.09,35798,35774,2000,3901,LARGE,SES,COMMUNICATIONS,GEO,15,True
INTELSAT 12 (PAS 12),26590,PAYLOAD,,USA,Commercial,2000-10-29,,1454.17,7.29,36184,36095,2000,4167,LARGE,ESA,COMMUNICATIONS,GEO,18,True
SIRIUS 3,26626,PAYLOAD,Molniya,USA,Commercial,2000-11-30,,906.67,60.09,24678,24627,2000,3727,LARGE,US,COMMUNICATIONS,ELLIPTICAL,15,True
ODIN,26702,PAYLOAD,Sun-Synchronous,Sweden,Government,2001-02-20,,93.63,97.45,455,450,2001,250,LARGE,SWED,EARTH OBSERVATION,LEO,2,True
EUTE 28A (EB 1),26719,PAYLOAD,,Multinational,Commercial,2001-03-08,,1457.58,6.32,36239,36173,2001,2950,LARGE,EUTE,COMMUNICATIONS,GEO,12,True
ASTRA 2C,26853,PAYLOAD,,Luxembourg,Commercial,2001-06-16,,1454.01,7.15,36159,36114,2001,3643,LARGE,SES,COMMUNICATIONS,GEO,15,True
INTELSAT 902,26900,PAYLOAD,,USA,Commercial,2001-08-30,,1436.13,5.05,35806,35768,2001,4723,LARGE,ITSO,COMMUNICATIONS,GEO,13,True
COSMOS 2385,27056,PAYLOAD,Polar,Russia,Military,2001-12-28,,114.24,82.53,1426,1415,2001,225,MEDIUM,CIS,COMMUNICATIONS,LEO,3,True
USA 164,27168,PAYLOAD,,USA,Military,2002-01-14,,1436.01,10.68,36208,35362,2002,4536,,US,COMMUNICATIONS,GEO,12,True
JCSAT 2A,27399,PAYLOAD,,Japan,Commercial,2002-03-29,,1454.14,7.26,36160,36118,2002,2500,LARGE,JPN,COMMUNICATIONS,GEO,11,True
ASTRA 3A,27400,PAYLOAD,,Luxembourg,Commercial,2002-03-29,,1453.32,9.63,36131,36115,2002,1500,LARGE,SES,COMMUNICATIONS,GEO,10,True
AQUA,27424,PAYLOAD,Sun-Synchronous,USA/Japan/Brazil,Government,2002-05-04,,98.55,98.37,690,689,2002,2934,LARGE,US,EARTH OBSERVATION,LEO,6,True
TDRS 10,27566,PAYLOAD,,USA,Government,2002-12-05,,1430.37,9.74,35708,35641,2002,3180,LARGE,US,COMMUNICATIONS,GEO,11,True
MOST,27843,PAYLOAD,Sun-Synchronous,Canada,Government,2003-06-30,,101.32,98.71,829,814,2003,53,MEDIUM,CA,SPACE SCIENCE,LEO,1,True
COSMOS 2401,27869,PAYLOAD,Polar,Russia,Military,2003-08-19,,115.62,82.47,1500,1466,2003,225,MEDIUM,CIS,COMMUNICATIONS,LEO,3,True
EUTE 7A (EUTE W3A),28187,PAYLOAD,,Multinational,Commercial,2004-03-15,,1436.1,4.76,35803,35770,2004,4300,LARGE,EUTE,COMMUNICATIONS,GEO,15,True
ANIK F2,28378,PAYLOAD,,Canada,Commercial,2004-07-18,,1436.1,2.2,35805,35768,2004,5910,LARGE,CA,COMMUNICATIONS,GEO,15,True
SHIJIAN 6 01A (SJ-6 01A),28413,PAYLOAD,Sun-Synchronous,China,Government,2004-09-08,,95.33,97.62,541,529,2004,,LARGE,PRC,SPACE SCIENCE,LEO,2,True
NAVSTAR 56 (USA 180),28474,PAYLOAD,Non-Polar Inclined,USA,Military/Commercial,2004-11-06,,717.99,55.34,20625,19740,2004,2217,LARGE,US,NAVIGATION/GLOBAL POSITIONING,MEO,10,True
DIRECTV 8,28659,PAYLOAD,,USA,Commercial,2005-05-22,,1436.1,0.02,35800,35773,2005,3800,LARGE,US,COMMUNICATIONS,GEO,12,True
GALAXY 28 (IA 8),28702,PAYLOAD,,USA,Commercial,2005-06-23,,1436.08,2.21,35794,35778,2005,5493,LARGE,ITSO,COMMUNICATIONS,GEO,13,True
USA 186,28888,PAYLOAD,Elliptical,USA,Military,2005-10-19,,91.78,96.89,466,264,2005,18000,,US,EARTH OBSERVATION,LEO,5,True
INMARSAT 4-F2,28899,PAYLOAD,,United Kingdom,Commercial,2005-11-08,,1436.08,4.55,35799,35774,2005,5458,LARGE,IM,COMMUNICATIONS,GEO,15,True
METEOSAT 9 (MSG 2),28912,PAYLOAD,,Multinational,Government/Civil,2005-12-21,,1436.09,8.4,35791,35782,2005,2000,LARGE,EUME,EARTH OBSERVATION,GEO,12,True
SPAINSAT,28945,PAYLOAD,,Multinational,Commercial,2006-03-11,,1436.13,0.01,35797,35777,2006,4100,LARGE,SPN,COMMUNICATIONS,GEO,15,True
KOMPSAT 2,29268,PAYLOAD,Sun-Synchronous,South Korea,Government/Commercial,2006-07-28,,98.34,97.84,689,670,2006,800,LARGE,SKOR,EARTH OBSERVATION/TECHNOLOGY DEVELOPMENT,LEO,3,True
HINODE (SOLAR B),29479,PAYLOAD,Sun-Synchronous,Multinational,Government,2006-09-22,,98.11,98.08,681,656,2006,700,LARGE,JPN,SPACE SCIENCE,LEO,3,True
NAVSTAR 59 (USA 192),29601,PAYLOAD,Non-Polar Inclined,USA,Military/Commercial,2006-11-17,,717.99,55.03,20413,19952,2006,2060,LARGE,US,NAVIGATION/GLOBAL POSITIONING,MEO,10,True
THEMIS D,30797,PAYLOAD,,Multinational,Government/Civil,2007-02-17,,1639.42,0.79,78460,896,2007,126,MEDIUM,US,SPACE SCIENCE,ELLIPTICAL,2,True
ANIK F3,31102,PAYLOAD,,Canada,Commercial,2007-04-09,,1436.11,0.11,35797,35776,2007,4715,LARGE,CA,COMMUNICATIONS,GEO,15,True
GLOBALSTAR M072,31574,PAYLOAD,Non-Polar Inclined,USA,Commercial,2007-05-29,,120.84,51.99,1719,1718,2007,450,LARGE,GLOB,COMMUNICATIONS,LEO,10,True
GLOBALSTAR M071,31576,PAYLOAD,Non-Polar Inclined,USA,Commercial,2007-05-29,,118.2,52.01,1601,1599,2007,450,LARGE,GLOB,COMMUNICATIONS,LEO,10,True
OFEQ 7,31601,PAYLOAD,Non-Polar Inclined,Israel,Military,2007-06-10,,,,,,2007,300,,ISRA,EARTH OBSERVATION,LEO,5,True
SAR LUPE 2,31797,PAYLOAD,Non-Polar Inclined,Germany,Military,2007-07-02,,,,,,2007,770,,GER,EARTH OBSERVATION,LEO,10,True
WORLDVIEW 1,32060,PAYLOAD,Sun-Synchronous,USA,Commercial,2007-09-18,,94.47,97.39,495,490,2007,4500,LARGE,US,EARTH OBSERVATION,LEO,7.25,True
OPTUS D2,32252,PAYLOAD,,Australia,Commercial,2007-10-05,,1436.11,0.98,35806,35768,2007,2400,LARGE,AUS,COMMUNICATIONS,GEO,15,True
INTELSAT 11 (PAS 11),32253,PAYLOAD,,USA,Commercial,2007-10-05,,1453.82,2.47,36134,36131,2007,2491,LARGE,ITSO,COMMUNICATIONS,GEO,15,True
GLOBALSTAR M066,32265,PAYLOAD,Non-Polar Inclined,USA,Commercial,2007-10-20,,116.59,51.96,1529,1526,2007,450,LARGE,GLOB,COMMUNICATIONS,LEO,10,True
SAR LUPE 3,32283,PAYLOAD,Non-Polar Inclined,Germany,Military,2007-11-01,,92.24,98.15,386,383,2007,770,LARGE,GER,EARTH OBSERVATION,LEO,10,True
ASTRA 4A (SIRIUS 4),32299,PAYLOAD,,Sweden,Commercial,2007-11-17,,1436.12,0.03,35799,35775,2007,4400,LARGE,SES,COMMUNICATIONS,GEO,15,True
SKYMED 2,32376,PAYLOAD,Sun-Synchronous,Italy,Military/Government,2007-12-09,,97.16,97.89,623,622,2007,1700,LARGE,IT,EARTH OBSERVATION,LEO,5,True
RADARSAT 2,32382,PAYLOAD,Sun-Synchronous,Canada,Commercial,2007-12-14,,100.7,98.58,793,791,2007,2924,LARGE,CA,EARTH OBSERVATION,LEO,7,True
SAR LUPE 4,32750,PAYLOAD,Non-Polar Inclined,Germany,Military,2008-03-27,,,,,,2008,770,,GER,EARTH OBSERVATION,LEO,10,True
INTELSAT 25(PROTOSTAR 1),33153,PAYLOAD,,USA,Commercial,2008-07-07,,1436.12,1.62,35801,35773,2008,4100,LARGE,ITSO,COMMUNICATIONS,GEO,16,True
HJ-1A,33320,PAYLOAD,Sun-Synchronous,China,Government,2008-09-06,,97.13,97.64,636,607,2008,470,LARGE,PRC,EARTH OBSERVATION,LEO,3,True
SHIJIAN 6 03B (SJ-6 03B),33409,PAYLOAD,Sun-Synchronous,China,Government,2008-10-25,,95.85,97.88,574,546,2008,,LARGE,PRC,SPACE SCIENCE,LEO,3,True
SKYMED 3,33412,PAYLOAD,Sun-Synchronous,Italy,Military/Government,2008-10-25,,95.81,97.88,568,547,2008,1700,LARGE,IT,EARTH OBSERVATION,LEO,5,True
EUTE HOT BIRD 13C (HB 9),33459,PAYLOAD,,Multinational,Commercial,2008-12-20,,1436.1,1.86,35805,35768,2008,4880,LARGE,EUTE,COMMUNICATIONS,GEO,15,True
EUTE 28B (EUTE W2M),33460,PAYLOAD,,Multinational,Commercial,2008-12-20,,1458.03,4.24,36228,36202,2008,3460,LARGE,EUTE,COMMUNICATIONS,GEO,15,True
GOSAT (IBUKI),33492,PAYLOAD,Sun-Synchronous,Japan,Government,2009-01-23,,98.12,98.06,669,668,2009,1750,LARGE,JPN,EARTH OBSERVATION,LEO,5,True
NSS 9,33749,PAYLOAD,,Netherlands,Commercial,2009-02-12,,1436.11,0.17,35797,35777,2009,2238,LARGE,SES,COMMUNICATIONS,GEO,15,True
EUTE 33E,33750,PAYLOAD,,Multinational,Commercial,2009-02-12,,1455.41,1.6,36189,36139,2009,4892,LARGE,EUTE,COMMUNICATIONS,GEO,15,True
COSMOS 2453,35500,PAYLOAD,Polar,Russia,Military,2009-07-06,,115.99,82.49,1506,1494,2009,280,MEDIUM,CIS,COMMUNICATIONS,LEO,5,True
NIMIQ 5,35873,PAYLOAD,,Canada,Commercial,2009-09-17,,1436.11,0.06,35799,35775,2009,4745,LARGE,CA,COMMUNICATIONS,GEO,15,True
COMSATBW-1,35943,PAYLOAD,,Germany,Military,2009-09-30,,1436.12,0.02,35800,35774,2009,2440,LARGE,GER,COMMUNICATIONS,GEO,15,True
THOR 6,36033,PAYLOAD,,Norway,Commercial,2009-10-29,,1436.09,0.04,35794,35779,2009,3050,LARGE,NOR,COMMUNICATIONS,GEO,15,True
DIRECTV 12,36131,PAYLOAD,,USA,Commercial,2009-12-29,,1436.12,0.01,35789,35785,2009,5900,LARGE,US,COMMUNICATIONS,GEO,15,True
RADUGA 1M-2,36358,PAYLOAD,,Russia,Military,2010-01-28,,1455.02,2.52,36185,36128,2010,2500,LARGE,CIS,COMMUNICATIONS,GEO,5,True
COSMOS 2460 (GLONASS),36402,PAYLOAD,Non-Polar Inclined,Russia,Military/Commercial,2010-03-01,,675.72,65.65,19135,19124,2010,1415,LARGE,CIS,NAVIGATION/GLOBAL POSITIONING,MEO,7,True
NAVSTAR 65 (USA 213),36585,PAYLOAD,Non-Polar Inclined,USA,Military/Commercial,2010-05-28,,717.96,54.35,20504,19860,2010,1630,LARGE,US,NAVIGATION/GLOBAL POSITIONING,MEO,12,True
ARABSAT 5A,36745,PAYLOAD,,Multinational,Government,2010-06-26,,1436.06,0.08,35806,35766,2010,4940,LARGE,AB,COMMUNICATIONS,GEO,15,True
ECHOSTAR 15,36792,PAYLOAD,,USA,Commercial,2010-07-10,,1438.11,0.02,35837,35815,2010,5521,LARGE,US,COMMUNICATIONS,GEO,15,True
ALSAT 2A,36798,PAYLOAD,Sun-Synchronous,Algeria,Government,2010-07-12,,97.72,97.77,651,648,2010,130,MEDIUM,ALG,EARTH OBSERVATION,LEO,5,True
GLOBALSTAR M077,37191,PAYLOAD,Non-Polar Inclined,USA,Commercial,2010-10-19,,114.08,52.01,1414,1413,2010,700,LARGE,GLOB,COMMUNICATIONS,LEO,15,True
BEIDOU 6,37210,PAYLOAD,,China,Military/Government,2010-10-31,,1436.12,2.6,35809,35765,2010,6000,LARGE,PRC,NAVIGATION/GLOBAL POSITIONING,GEO,8,True
SKYTERRA 1,37218,PAYLOAD,,USA,Commercial,2010-11-14,,1436.09,4.24,35797,35776,2010,5360,LARGE,US,COMMUNICATIONS,GEO,15,True
ELEKTRO-L,37344,PAYLOAD,,Russia,Government,2011-01-20,,1436.37,8.73,35812,35772,2011,1766,LARGE,CIS,EARTH OBSERVATION,GEO,10,True
INTELSAT NEW DAWN,37392,PAYLOAD,,USA,Commercial,2011-04-22,,1436.54,0.71,35820,35770,2011,3000,LARGE,ITSO,COMMUNICATIONS,GEO,15,True
CHINASAT 10,37677,PAYLOAD,,China,Government,2011-06-20,,1436.08,0.04,35793,35779,2011,5000,LARGE,PRC,COMMUNICATIONS,GEO,15,True
GSAT 12,37746,PAYLOAD,,India,Government,2011-07-15,,1456.61,4.2,36204,36170,2011,1410,LARGE,IND,COMMUNICATIONS,GEO,8,True
HAIYANG 2A,37781,PAYLOAD,Sun-Synchronous,China,Government,2011-08-15,,104.44,99.33,969,967,2011,1500,LARGE,PRC,EARTH OBSERVATION,LEO,3,True
ARABSAT 5C,37810,PAYLOAD,,Multinational,Government,2011-09-21,,1436.1,0.06,35796,35778,2011,4630,LARGE,AB,COMMUNICATIONS,GEO,15,True
IGS 6A,37813,PAYLOAD,Sun-Synchronous,Japan,Government,2011-09-23,,,,,,2011,1600,,JPN,EARTH OBSERVATION,LEO,5,True
EUTE 7 WEST A (AB 7),37816,PAYLOAD,,Multinational,Commercial,2011-09-24,,1436.08,0.07,35794,35779,2011,4600,LARGE,EUTE,COMMUNICATIONS,GEO,15,True
INTELSAT 18,37834,PAYLOAD,,USA,Commercial,2011-10-05,,1436.11,0.02,35795,35778,2011,3200,LARGE,ITSO,COMMUNICATIONS,GEO,15,True
GALILEO-PFM,37846,PAYLOAD,Non-Polar Inclined,ESA,Commercial,2011-10-21,,844.69,57.1,23234,23210,2011,700,LARGE,ESA,NAVIGATION/GLOBAL POSITIONING,MEO,12,True
COSMOS 2475 (GLONASS),37869,PAYLOAD,Non-Polar Inclined,Russia,Military/Commercial,2011-11-04,,675.73,65.05,19199,19061,2011,1415,LARGE,CIS,NAVIGATION/GLOBAL POSITIONING,MEO,7,True
BEIDOU 10,37948,PAYLOAD,,China,Military/Government,2011-12-01,,1436.25,48.45,36223,35357,2011,4200,LARGE,PRC,NAVIGATION/GLOBAL POSITIONING,GEO,8,True
IGS 7A,37954,PAYLOAD,Sun-Synchronous,Japan,Government,2011-12-12,,,,,,2011,1600,,JPN,EARTH OBSERVATION,LEO,5,True
GLOBALSTAR M086,38045,PAYLOAD,Non-Polar Inclined,USA,Commercial,2011-12-28,,114.08,51.99,1414,1413,2011,700,LARGE,GLOB,COMMUNICATIONS,LEO,15,True
ZY 3,38046,PAYLOAD,Sun-Synchronous,China,Government,2012-01-09,,92.86,97.2,418,411,2012,2650,LARGE,PRC,EARTH OBSERVATION,LEO,4,True
FENGYUN 2F,38049,PAYLOAD,,China,Government,2012-01-13,,1452.54,6.52,36113,36103,2012,1390,LARGE,PRC,EARTH OBSERVATION,GEO,3,True
MUOS 1,38093,PAYLOAD,,USA,Military,2012-02-24,,1436.11,4.63,36034,35540,2012,6804,LARGE,US,COMMUNICATIONS,GEO,12,True
SDS-4,38339,PAYLOAD,Sun-Synchronous,Japan,Government,2012-05-17,,97.65,98.14,651,641,2012,50,MEDIUM,JPN,TECHNOLOGY DEVELOPMENT,LEO,2,True
NUSTAR,38358,PAYLOAD,Equatorial,USA,Government,2012-06-13,,95.79,6.03,563,551,2012,360,LARGE,US,SPACE SCIENCE,LEO,2,True
INTELSAT 20,38740,PAYLOAD,,USA,Commercial,2012-08-02,,1436.09,0.02,35797,35776,2012,6094,LARGE,ITSO,COMMUNICATIONS,GEO,18,True
SPOT 6,38755,PAYLOAD,Sun-Synchronous,France/Belgium/Sweden,Commercial,2012-09-09,,98.73,98.18,699,697,2012,720,LARGE,FR,EARTH OBSERVATION,LEO,10,True
ASTRA 2F,38778,PAYLOAD,,Luxembourg,Commercial,2012-09-28,,1436.12,0.05,35791,35783,2012,6000,LARGE,SES,COMMUNICATIONS,GEO,15,True
GSAT 10,38779,PAYLOAD,,India,Government,2012-09-28,,1436.12,0.06,35818,35756,2012,3400,LARGE,IND,COMMUNICATIONS,GEO,15,True
BEIDOU 16,38953,PAYLOAD,,China,Military/Government,2012-10-25,,1436.06,3.35,35830,35741,2012,3800,LARGE,PRC,NAVIGATION/GLOBAL POSITIONING,GEO,8,True
STARONE C3,38991,PAYLOAD,,Brazil,Commercial,2012-11-10,,1436.14,0.01,35797,35778,2012,3225,LARGE,BRAZ,COMMUNICATIONS,GEO,15,True
YAMAL 402,39022,PAYLOAD,,Russia,Commercial,2012-12-08,,1436.1,0.18,35803,35770,2012,4463,LARGE,CIS,COMMUNICATIONS,GEO,11,True
GOKTURK 2,39030,PAYLOAD,Sun-Synchronous,Turkey,Military,2012-12-18,,97.63,97.72,646,645,2012,409,LARGE,TURK,EARTH OBSERVATION,LEO,5,True
COSMOS 2484,39059,PAYLOAD,Polar,Russia,Military,2013-01-15,,115.86,82.5,1514,1474,2013,250,LARGE,CIS,COMMUNICATIONS,LEO,5,True
GLOBALSTAR M093,39073,PAYLOAD,Non-Polar Inclined,USA,Commercial,2013-02-06,,114.08,51.98,1414,1413,2013,700,LARGE,GLOB,COMMUNICATIONS,LEO,15,True
GLOBALSTAR M094,39074,PAYLOAD,Non-Polar Inclined,USA,Commercial,2013-02-06,,114.08,52,1414,1413,2013,700,LARGE,GLOB,COMMUNICATIONS,LEO,15,True
GLOBALSTAR M095,39077,PAYLOAD,Non-Polar Inclined,USA,Commercial,2013-02-06,,114.08,51.98,1414,1413,2013,700,LARGE,GLOB,COMMUNICATIONS,LEO,15,True
SARAL,39086,PAYLOAD,Sun-Synchronous,India/France,Government,2013-02-25,,100.51,98.55,785,780,2013,407,LARGE,IND,EARTH OBSERVATION,LEO,5,True
USA 245,39232,PAYLOAD,Elliptical,USA,Military,2013-08-28,,97.09,97.88,988,268,2013,18000,,US,EARTH OBSERVATION,LEO,5,True
AMOS 4,39237,PAYLOAD,,Israel,Military/Commercial,2013-08-31,,1436.1,0.02,35801,35773,2013,,LARGE,ISRA,COMMUNICATIONS,GEO,12,True
GONETS M 07,39251,PAYLOAD,Polar,Russia,Commercial,2013-09-11,,115.86,82.49,1508,1481,2013,270,LARGE,CIS,COMMUNICATIONS,LEO,7,True
SPRINT A,39253,PAYLOAD,,Japan,Government,2013-09-14,,106.24,29.72,1154,951,2013,348,LARGE,JPN,SPACE SCIENCE,ELLIPTICAL,1,True
SIRIUS FM-6,39360,PAYLOAD,,USA,Commercial,2013-10-25,,1436.11,0.02,35789,35785,2013,6020,LARGE,US,COMMUNICATIONS,GEO,15,True
SWARM C,39453,PAYLOAD,Polar,ESA,Government,2013-11-22,,93.42,87.34,444,440,2013,468,LARGE,ESA,EARTH OBSERVATION,LEO,4,True
COSMOS 2490,39485,PAYLOAD,Polar,Russia,Military,2013-12-25,,115.86,82.48,1511,1478,2013,280,LARGE,CIS,COMMUNICATIONS,LEO,5,True
TDRS 12,39504,PAYLOAD,,USA,Government,2014-01-24,,1435.99,3.65,35793,35776,2014,3454,LARGE,US,COMMUNICATIONS,GEO,15,True
ATHENA-FIDUS,39509,PAYLOAD,,France/Italy,Government/Military,2014-02-06,,1436.11,0.01,35793,35780,2014,3080,LARGE,FRIT,COMMUNICATIONS,GEO,15,True
ASTRA 5B,39617,PAYLOAD,,Luxembourg,Commercial,2014-03-22,,1436.07,0.07,35798,35774,2014,5724,LARGE,SES,COMMUNICATIONS,GEO,15,True
AEROCUBE 6A,40045,PAYLOAD,Sun-Synchronous,USA,Commercial,2014-06-19,,96.54,97.69,623,563,2014,5,SMALL,US,TECHNOLOGY DEVELOPMENT,LEO,3,True
GONETS M 09 (M19),40062,PAYLOAD,Polar,Russia,Commercial,2014-07-03,,115.85,82.51,1512,1477,2014,280,LARGE,CIS,COMMUNICATIONS,LEO,7,True
METEOR M2,40069,PAYLOAD,Sun-Synchronous,Russia,Government,2014-07-08,,101.32,98.47,825,817,2014,2778,LARGE,CIS,EARTH OBSERVATION,LEO,5,True
ORBCOMM FM 109,40086,PAYLOAD,Non-Polar Inclined,USA,Commercial,2014-07-14,,98.76,47,700,699,2014,172,MEDIUM,ORB,COMMUNICATIONS,LEO,5,True
NAVSTAR 71 (USA 256),40105,PAYLOAD,Non-Polar Inclined,USA,Military/Commercial,2014-08-02,,718,55.09,20257,20108,2014,1630,LARGE,US,NAVIGATION/GLOBAL POSITIONING,MEO,10,True
ASIASAT 6,40141,PAYLOAD,,China,Commercial,2014-09-07,,1436.11,0.02,35791,35783,2014,3700,LARGE,AC,COMMUNICATIONS,GEO,15,True
MEASAT 3B,40147,PAYLOAD,,Malaysia,Commercial,2014-09-11,,1436.12,0.04,35801,35773,2014,5800,LARGE,MALA,COMMUNICATIONS,GEO,15,True
LUCH (OLYMP),40258,PAYLOAD,,Russia,Military,2014-09-27,,1434.03,0.8,35753,35739,2014,,LARGE,CIS,COMMUNICATIONS,GEO,15,True
NAVSTAR 72 (USA 258),40294,PAYLOAD,Non-Polar Inclined,USA,Military/Commercial,2014-10-29,,717.92,56.68,20336,20026,2014,1630,LARGE,US,NAVIGATION/GLOBAL POSITIONING,MEO,10,True
MMS 4,40485,PAYLOAD,,USA,Government,2015-03-13,,5065.28,62.89,177034,5611,2015,1360,LARGE,US,SPACE SCIENCE,ELLIPTICAL,3,True
EXPRESS AM-7,40505,PAYLOAD,,Russia,Commercial,2015-03-18,,1436.12,0.01,35800,35774,2015,5720,LARGE,CIS,COMMUNICATIONS,GEO,15,True
NAVSTAR 73 (USA 260),40534,PAYLOAD,Non-Polar Inclined,USA,Military/Commercial,2015-03-25,,717.93,53.25,20442,19920,2015,1630,LARGE,US,NAVIGATION/GLOBAL POSITIONING,MEO,12,True
GONETS M 11 (M21),40552,PAYLOAD,Polar,Russia,Commercial,2015-03-31,,115.86,82.48,1507,1482,2015,280,LARGE,CIS,COMMUNICATIONS,LEO,7,True
COSMOS 2506,40699,PAYLOAD,Sun-Synchronous,Russia,Military,2015-06-23,,99.03,98.1,718,707,2015,7000,LARGE,CIS,EARTH OBSERVATION,LEO,5,True
INTELSAT 34,40874,PAYLOAD,,USA,Commercial,2015-08-20,,1436.1,0.01,35789,35784,2015,3300,LARGE,ITSO,COMMUNICATIONS,GEO,15,True
EUTE 8 WEST B,40875,PAYLOAD,,Multinational,Commercial,2015-08-20,,1436.1,0.07,35802,35771,2015,5800,LARGE,EUTE,COMMUNICATIONS,GEO,15,True
GSAT 6,40880,PAYLOAD,,India,Government/Commercial,2015-08-27,,1436.09,0.83,35799,35774,2015,2110,LARGE,IND,COMMUNICATIONS,GEO,12,True
GALILEO 9 (205),40889,PAYLOAD,Non-Polar Inclined,ESA,Commercial,2015-09-11,,844.7,55.09,23236,23208,2015,723,LARGE,ESA,NAVIGATION/GLOBAL POSITIONING,MEO,12,True
TURKSAT 4B,40984,PAYLOAD,,Turkey,Commercial,2015-10-16,,1436.07,0.03,35795,35777,2015,5000,LARGE,TURK,COMMUNICATIONS,GEO,15,True
TELSTAR 12V,41036,PAYLOAD,,Canada,Commercial,2015-11-24,,1436.09,0.01,35798,35775,2015,4900,LARGE,CA,COMMUNICATIONS,GEO,15,True
CHINASAT 1C,41103,PAYLOAD,,China,Commercial,2015-12-09,,1452.13,6.03,36119,36081,2015,5200,LARGE,PRC,COMMUNICATIONS,GEO,15,True
GALILEO 12 (269),41174,PAYLOAD,Non-Polar Inclined,ESA,Commercial,2015-12-17,,844.7,55.58,23239,23206,2015,723,LARGE,ESA,NAVIGATION/GLOBAL POSITIONING,MEO,12,True
ORBCOMM FM 114,41179,PAYLOAD,Non-Polar Inclined,USA,Commercial,2015-12-22,,98.76,47,700,698,2015,172,MEDIUM,ORB,COMMUNICATIONS,LEO,5,True
ORBCOMM FM 116,41189,PAYLOAD,Non-Polar Inclined,USA,Commercial,2015-12-22,,98.74,47,700,697,2015,172,MEDIUM,ORB,COMMUNICATIONS,LEO,5,True
GAOFEN 4,41194,PAYLOAD,,China,Government,2015-12-28,,1436.02,0.06,35789,35782,2015,4600,LARGE,PRC,EARTH OBSERVATION,GEO,8,True
IRNSS 1E,41241,PAYLOAD,,India,Government,2016-01-20,,1435.93,32.13,35870,35697,2016,1425,LARGE,IND,NAVIGATION/REGIONAL POSITIONING,GEO,12,True
COSMOS 2515,41394,PAYLOAD,Sun-Synchronous,Russia,Military,2016-03-24,,95.62,97.97,564,533,2016,4000,LARGE,CIS,EARTH OBSERVATION,LEO,5,True
GALILEO 14 (26B),41549,PAYLOAD,Non-Polar Inclined,ESA,Commercial,2016-05-24,,844.7,55.24,23229,23216,2016,723,LARGE,ESA,NAVIGATION/GLOBAL POSITIONING,MEO,12,True
GALILEO 13 (26A),41550,PAYLOAD,Non-Polar Inclined,ESA,Commercial,2016-05-24,,844.7,55.24,23229,23215,2016,723,LARGE,ESA,NAVIGATION/GLOBAL POSITIONING,MEO,12,True
BD-2-G7,41586,PAYLOAD,,China,Military/Government,2016-06-12,,1436.08,1.63,35829,35743,2016,3800,LARGE,PRC,NAVIGATION/GLOBAL POSITIONING,GEO,8,True
BRISAT,41591,PAYLOAD,,Indonesia,Commercial,2016-06-18,,1436.14,0.02,35797,35778,2016,3540,LARGE,INDO,COMMUNICATIONS,GEO,15,True
GAOFEN 3,41727,PAYLOAD,Polar,China,Government,2016-08-09,,99.85,98.41,752,751,2016,1000,LARGE,PRC,EARTH OBSERVATION,LEO,8,True
PERUSAT 1,41770,PAYLOAD,Sun-Synchronous,Peru,Government,2016-09-16,,98.73,98.19,699,697,2016,430,LARGE,PER,EARTH OBSERVATION,LEO,10,True
ALSAT 2B,41786,PAYLOAD,Sun-Synchronous,Algeria,Government,2016-09-26,,97.96,98.04,662,659,2016,117,MEDIUM,ALG,EARTH OBSERVATION,LEO,5,True
PATHFINDER 1,41787,PAYLOAD,Sun-Synchronous,USA,Commercial,2016-09-26,,98.17,97.82,693,650,2016,44,MEDIUM,US,EARTH OBSERVATION,LEO,3,True
GALILEO 15 (267),41859,PAYLOAD,Non-Polar Inclined,ESA,Commercial,2016-11-17,,844.7,55.25,23240,23205,2016,723,LARGE,ESA,NAVIGATION/GLOBAL POSITIONING,MEO,12,True
GOES 16,41866,PAYLOAD,,USA,Government,2016-11-19,,1438.12,0.05,35830,35822,2016,5192,LARGE,US,EARTH OBSERVATION,GEO,20,True
GOKTURK-1A,41875,PAYLOAD,Sun-Synchronous,Turkey,Military,2016-12-05,,98.44,98.12,685,683,2016,1060,LARGE,TURK,EARTH OBSERVATION,LEO,7,True
RESOURCESAT 2A,41877,PAYLOAD,Sun-Synchronous,India,Government,2016-12-07,,101.29,98.61,821,818,2016,1235,LARGE,IND,EARTH OBSERVATION,LEO,5,True
ARASE (ERG),41896,PAYLOAD,,Japan,Government,2016-12-20,,560.09,31.36,31832,427,2016,350,LARGE,JPN,SPACE SCIENCE,ELLIPTICAL,1,True
IRIDIUM 106,41917,PAYLOAD,Polar,USA,Government/Commercial,2017-01-14,,100.4,86.39,779,776,2017,860,LARGE,US,COMMUNICATIONS,LEO,15,True
IRIDIUM 114,41923,PAYLOAD,Polar,USA,Government/Commercial,2017-01-14,,100.4,86.39,779,776,2017,860,LARGE,US,COMMUNICATIONS,LEO,15,True
IRIDIUM 108,41924,PAYLOAD,Polar,USA,Government/Commercial,2017-01-14,,100.4,86.4,779,776,2017,860,LARGE,US,COMMUNICATIONS,LEO,15,True
IRIDIUM 112,41925,PAYLOAD,Polar,USA,Government/Commercial,2017-01-14,,100.4,86.39,779,776,2017,860,LARGE,US,COMMUNICATIONS,LEO,15,True
FLOCK 3P 12,41972,PAYLOAD,Sun-Synchronous,USA,Commercial,2017-02-15,2023-01-13,87.69,97.21,166,154,2017,4,SMALL,US,EARTH OBSERVATION,LEO,3,False
FLOCK 3P 76,42019,PAYLOAD,Sun-Synchronous,USA,Commercial,2017-02-15,2023-02-07,88.13,97.25,188,176,2017,4,SMALL,US,EARTH OBSERVATION,LEO,3,False
FLOCK 3P 64,42034,PAYLOAD,Sun-Synchronous,USA,Commercial,2017-02-15,2023-01-20,88.11,97.23,185,176,2017,4,SMALL,US,EARTH OBSERVATION,LEO,3,False
ECHOSTAR 23,42070,PAYLOAD,,USA,Commercial,2017-03-16,,1436.12,0,35796,35779,2017,5600,LARGE,US,COMMUNICATIONS,GEO,15,True
WGS 9 (USA 275),42075,PAYLOAD,,USA,Military,2017-03-19,,1436.14,0.02,35788,35787,2017,5990,LARGE,US,COMMUNICATIONS,GEO,14,True
SGDC,42692,PAYLOAD,,Brazil,Commercial/Military,2017-05-04,,1436.1,0.05,35799,35774,2017,5735,LARGE,BRAZ,COMMUNICATIONS,GEO,18,True
INMARSAT 5-F4,42698,PAYLOAD,,United Kingdom,Commercial,2017-05-15,,1436.12,0.01,35789,35785,2017,6086,LARGE,IM,COMMUNICATIONS,GEO,15,True
VIASAT 2,42740,PAYLOAD,,USA,Commercial,2017-06-01,,1436.1,0.01,35788,35786,2017,6418,LARGE,US,COMMUNICATIONS,GEO,14,True
ECHOSTAR 21,42749,PAYLOAD,,USA,Commercial,2017-06-08,,1436.06,2.06,35796,35776,2017,6900,LARGE,US,COMMUNICATIONS,GEO,15,True
HXMT,42758,PAYLOAD,Non-Polar Inclined,China,Government,2017-06-15,,95.16,43.02,551,502,2017,2500,LARGE,PRC,SPACE SCIENCE,LEO,4,True
NIUSAT,42766,PAYLOAD,Sun-Synchronous,India,Civil,2017-06-23,2024-04-27,87.96,97.08,180,167,2017,15,MEDIUM,IND,TECHNOLOGY DEVELOPMENT,LEO,2,False
TECHNOSAT,42829,PAYLOAD,Sun-Synchronous,Germany,Civil,2017-07-14,,95.91,97.39,574,552,2017,18,MEDIUM,GER,TECHNOLOGY DEMONSTRATION,LEO,2,True
VENUS,42901,PAYLOAD,Sun-Synchronous,France/Israel,Government,2017-08-02,,95.45,97.33,543,537,2017,264,LARGE,ISRA,EARTH OBSERVATION,LEO,4.5,True
TDRS 13,42915,PAYLOAD,,USA,Government,2017-08-18,,1436.11,3.47,35848,35726,2017,3452,LARGE,US,COMMUNICATIONS,GEO,15,True
COSMOS 2522 (GLONASS),42939,PAYLOAD,Non-Polar Inclined,Russia,Military/Commercial,2017-09-22,,675.73,64.08,19152,19108,2017,1415,LARGE,CIS,NAVIGATION/GLOBAL POSITIONING,MEO,7,True
VRSS-2,42954,PAYLOAD,Sun-Synchronous,Venezuela,Government,2017-10-09,,97.29,97.71,642,616,2017,1000,LARGE,VENZ,EARTH OBSERVATION,LEO,5,True
IRIDIUM 107,42960,PAYLOAD,Polar,USA,Government/Commercial,2017-10-09,,100.4,86.4,779,776,2017,860,LARGE,US,COMMUNICATIONS,LEO,15,True
KOREASAT 5A,42984,PAYLOAD,,South Korea,Commercial,2017-10-30,,1436.11,0.01,35792,35781,2017,3700,LARGE,SKOR,COMMUNICATIONS,GEO,15,True
JILIN-01-05,43023,PAYLOAD,Sun-Synchronous,China,Commercial,2017-11-21,,94.25,97.48,485,479,2017,95,MEDIUM,PRC,EARTH OBSERVATION,LEO,3,True
IRIDIUM 151,43074,PAYLOAD,Polar,USA,Government/Commercial,2017-12-23,,100.4,86.4,779,776,2017,860,LARGE,US,COMMUNICATIONS,LEO,15,True
IRIDIUM 137,43076,PAYLOAD,Polar,USA,Government/Commercial,2017-12-23,,100.4,86.4,780,776,2017,860,LARGE,US,COMMUNICATIONS,LEO,15,True
IRIDIUM 153,43078,PAYLOAD,Polar,USA,Government/Commercial,2017-12-23,,100.4,86.39,779,776,2017,860,LARGE,US,COMMUNICATIONS,LEO,15,True
JILIN-01-07,43159,PAYLOAD,Sun-Synchronous,China,Commercial,2018-01-19,,94.3,97.21,493,477,2018,95,MEDIUM,PRC,EARTH OBSERVATION,LEO,3,True
SES 14,43175,PAYLOAD,,Luxembourg,Commercial,2018-01-25,,1436.12,0.03,35791,35783,2018,4423,LARGE,SES,COMMUNICATIONS,GEO,15,True
S-NET B,43187,PAYLOAD,Sun-Synchronous,Germany,Civil,2018-02-01,,95.29,97.57,540,525,2018,8.5,MEDIUM,GER,TECHNOLOGY DEVELOPMENT,LEO,1,True
S-NET C,43189,PAYLOAD,Sun-Synchronous,Germany,Civil,2018-02-01,,95.29,97.57,541,524,2018,9,MEDIUM,GER,TECHNOLOGY DEVELOPMENT,LEO,1,True
IRIDIUM 144,43249,PAYLOAD,Polar,USA,Government/Commercial,2018-03-30,,100.4,86.39,779,776,2018,860,LARGE,US,COMMUNICATIONS,LEO,15,True
IRIDIUM 145,43253,PAYLOAD,Polar,USA,Government/Commercial,2018-03-30,,100.4,86.39,779,776,2018,860,LARGE,US,COMMUNICATIONS,LEO,15,True
IRIDIUM 150,43257,PAYLOAD,Polar,USA,Government/Commercial,2018-03-30,,100.4,86.39,779,776,2018,860,LARGE,US,COMMUNICATIONS,LEO,15,True
APSTAR 6C,43450,PAYLOAD,,China,Commercial,2018-05-03,,1436.12,0.04,35793,35782,2018,,LARGE,PRC,COMMUNICATIONS,GEO,15,True
GAOFEN-5,43461,PAYLOAD,Sun-Synchronous,China,Government,2018-05-08,,98.62,98.4,694,692,2018,805,LARGE,PRC,EARTH OBSERVATION,LEO,8,True
IRIDIUM 152,43479,PAYLOAD,Polar,USA,Government/Commercial,2018-05-22,,100.4,86.39,779,776,2018,860,LARGE,US,COMMUNICATIONS,LEO,15,True
IRIDIUM 147,43480,PAYLOAD,Polar,USA,Government/Commercial,2018-05-22,,100.4,86.39,779,776,2018,860,LARGE,US,COMMUNICATIONS,LEO,15,True
TELSTAR 19V,43562,PAYLOAD,,Canada,Commercial,2018-07-22,,1436.12,0.02,35795,35779,2018,7075,LARGE,CA,COMMUNICATIONS,GEO,15,True
IRIDIUM 165,43572,PAYLOAD,Polar,USA,Government/Commercial,2018-07-25,,100.4,86.4,779,776,2018,860,LARGE,US,COMMUNICATIONS,LEO,15,True
IRIDIUM 164,43577,PAYLOAD,Polar,USA,Government/Commercial,2018-07-25,,100.4,86.4,779,776,2018,860,LARGE,US,COMMUNICATIONS,LEO,15,True
BEIDOU 3M11,43602,PAYLOAD,,China,Military/Government,2018-08-24,,773.25,54.19,21549,21508,2018,800,LARGE,PRC,NAVIGATION/GLOBAL POSITIONING,MEO,8,True
BEIDOU 3M13,43622,PAYLOAD,,China,Military/Government,2018-09-19,,773.23,56.26,21553,21503,2018,800,LARGE,PRC,NAVIGATION/GLOBAL POSITIONING,MEO,8,True
CFOSAT,43662,PAYLOAD,Sun-Synchronous,China/France,Government,2018-10-29,,94.97,97.37,518,516,2018,700,LARGE,PRC,EARTH OBSERVATION,LEO,3,True
FLOCK 3R 7,43742,PAYLOAD,Sun-Synchronous,USA,Commercial,2018-11-29,2022-11-19,94,97.39,481,459,2018,4,SMALL,US,EARTH OBSERVATION,LEO,3,False
COSMOS 2530,43751,PAYLOAD,Polar,Russia,Military,2018-11-30,,115.86,82.51,1509,1480,2018,280,LARGE,CIS,COMMUNICATIONS,LEO,5,True
SPACEBEE-7,43816,PAYLOAD,Sun-Synchronous,USA,Commercial,2018-12-03,,93.93,97.5,470,463,2018,2,SMALL,US,COMMUNICATIONS,LEO,2,True
SPACEBEE-5,43817,PAYLOAD,Sun-Synchronous,USA,Commercial,2018-12-03,2024-02-27,87.86,97.53,176,161,2018,2,SMALL,US,COMMUNICATIONS,LEO,2,False
IRIDIUM 168,43924,PAYLOAD,Polar,USA,Government/Commercial,2019-01-11,,100.4,86.4,779,776,2019,860,LARGE,US,COMMUNICATIONS,LEO,15,True
IRIDIUM 169,43926,PAYLOAD,Polar,USA,Government/Commercial,2019-01-11,,100.1,86.43,764,762,2019,860,LARGE,US,COMMUNICATIONS,LEO,15,True
IRIDIUM 171,43929,PAYLOAD,Polar,USA,Government/Commercial,2019-01-11,,100.4,86.4,779,776,2019,860,LARGE,US,COMMUNICATIONS,LEO,15,True
SAUDIGEOSAT1/HELLASSAT4,44034,PAYLOAD,,Greece,Commercial/Government,2019-02-05,,1436.14,0.07,35806,35769,2019,6495,LARGE,GREC,COMMUNICATIONS,GEO,15,True
EGYPTSAT A,44047,PAYLOAD,Sun-Synchronous,Egypt,Government,2019-02-21,,97.81,98.02,655,653,2019,2200,LARGE,EGYP,EARTH OBSERVATION,LEO,11,True
ONEWEB-0008,44059,PAYLOAD,Polar,United Kingdom,Commercial,2019-02-27,,109.37,87.9,1199,1196,2019,147.7,LARGE,UK,COMMUNICATIONS,LEO,5,True
ONEWEB-0007,44060,PAYLOAD,Polar,United Kingdom,Commercial,2019-02-27,,109.46,87.91,1203,1200,2019,147.7,LARGE,UK,COMMUNICATIONS,LEO,5,True
ONEWEB-0011,44062,PAYLOAD,Polar,United Kingdom,Commercial,2019-02-27,,109.46,87.91,1203,1201,2019,147.7,LARGE,UK,COMMUNICATIONS,LEO,5,True
PRISMA,44072,PAYLOAD,Sun-Synchronous,Italy,Government,2019-03-22,,97.06,97.87,619,617,2019,550,LARGE,IT,EARTH OBSERVATION,LEO,5,True
FLOCK 4A 19,44090,PAYLOAD,Sun-Synchronous,USA,Commercial,2019-04-01,2023-03-15,88.04,97.22,182,173,2019,4,SMALL,US,EARTH OBSERVATION,LEO,3,False
FLOCK 4A 9,44098,PAYLOAD,Sun-Synchronous,USA,Commercial,2019-04-01,2023-05-16,87.38,97.23,155,135,2019,4,MEDIUM,US,EARTH OBSERVATION,LEO,3,False
YAMAL 601,44307,PAYLOAD,,Russia,Commercial,2019-05-30,,1436.1,0.02,35798,35775,2019,5400,LARGE,CIS,COMMUNICATIONS,GEO,15,True
RCM 3,44323,PAYLOAD,Sun-Synchronous,Canada,Government,2019-06-12,,96.48,97.76,591,589,2019,1430,LARGE,CA,EARTH OBSERVATION,LEO,7,True
METEOR M2-2,44387,PAYLOAD,Sun-Synchronous,Russia,Government,2019-07-05,,101.11,98.87,813,810,2019,2900,LARGE,CIS,EARTH OBSERVATION,LEO,5,True
MERIDIAN 8,44453,PAYLOAD,Molniya,Russia,Military,2019-07-30,,717.83,62.8,38520,1837,2019,2500,LARGE,CIS,COMMUNICATIONS,ELLIPTICAL,7,True
COSMOS 2539,44457,PAYLOAD,,Russia,Military/Commercial,2019-08-05,,1436.07,0.03,35788,35784,2019,3000,LARGE,CIS,COMMUNICATIONS,GEO,15,True
INTELSAT 39,44476,PAYLOAD,,USA,Commercial,2019-08-06,,1436.18,0.02,35791,35785,2019,6600,LARGE,ITSO,COMMUNICATIONS,GEO,15,True
BEIDOU 3 IGSO-3,44709,PAYLOAD,,China,Military/Government,2019-11-04,,1436.23,55.52,35972,35606,2019,4200,LARGE,PRC,NAVIGATION/GLOBAL POSITIONING,GEO,8,True
BEIDOU 3M22,44794,PAYLOAD,,China,Military/Government,2019-11-23,,773.25,54.29,21542,21514,2019,800,LARGE,PRC,NAVIGATION/GLOBAL POSITIONING,MEO,8,True
FLOCK 4P 10,44808,PAYLOAD,Sun-Synchronous,USA,Commercial,2019-11-27,2023-05-02,87.47,97.33,157,142,2019,4,MEDIUM,US,EARTH OBSERVATION,LEO,3,False
FLOCK 4P 1,44814,PAYLOAD,Sun-Synchronous,USA,Commercial,2019-11-27,2023-04-19,87.98,97.34,180,169,2019,4,SMALL,US,EARTH OBSERVATION,LEO,3,False
FLOCK 4P 7,44816,PAYLOAD,Sun-Synchronous,USA,Commercial,2019-11-27,2024-01-24,87.61,97.29,164,149,2019,4,MEDIUM,US,EARTH OBSERVATION,LEO,3,False
BEIDOU 3M19,44864,PAYLOAD,,China,Military/Government,2019-12-16,,773.23,56.19,21583,21473,2019,800,LARGE,PRC,NAVIGATION/GLOBAL POSITIONING,MEO,8,True
JCSAT 18,44868,PAYLOAD,,Japan/Singapore,Commercial,2019-12-17,,1436.08,0.02,35787,35786,2019,6956,LARGE,JPN,COMMUNICATIONS,GEO,15,True
ONEWEB-0017,45132,PAYLOAD,Polar,United Kingdom,Commercial,2020-02-06,,109.89,87.88,1223,1220,2020,148,LARGE,UK,COMMUNICATIONS,LEO,5,True
ONEWEB-0021,45134,PAYLOAD,Polar,United Kingdom,Commercial,2020-02-06,,109.89,87.88,1223,1220,2020,148,LARGE,UK,COMMUNICATIONS,LEO,5,True
ONEWEB-0025,45138,PAYLOAD,Polar,United Kingdom,Commercial,2020-02-06,,109.89,87.88,1224,1220,2020,148,LARGE,UK,COMMUNICATIONS,LEO,5,True
ONEWEB-0035,45143,PAYLOAD,Polar,United Kingdom,Commercial,2020-02-06,,109.89,87.88,1223,1220,2020,148,LARGE,UK,COMMUNICATIONS,LEO,5,True
ONEWEB-0038,45145,PAYLOAD,Polar,United Kingdom,Commercial,2020-02-06,,109.8,87.88,1219,1216,2020,148,LARGE,UK,COMMUNICATIONS,LEO,5,True
ONEWEB-0039,45146,PAYLOAD,Polar,United Kingdom,Commercial,2020-02-06,,109.89,87.88,1224,1220,2020,148,LARGE,UK,COMMUNICATIONS,LEO,5,True
ONEWEB-0058,45161,PAYLOAD,Polar,United Kingdom,Commercial,2020-02-06,,109.89,87.88,1223,1220,2020,148,LARGE,UK,COMMUNICATIONS,LEO,5,True
ONEWEB-0061,45428,PAYLOAD,Polar,United Kingdom,Commercial,2020-03-21,,109.81,87.88,1219,1216,2020,148,LARGE,UK,COMMUNICATIONS,LEO,5,True
ONEWEB-0064,45433,PAYLOAD,Polar,United Kingdom,Commercial,2020-03-21,,109.8,87.88,1219,1216,2020,148,LARGE,UK,COMMUNICATIONS,LEO,5,True
ONEWEB-0085,45438,PAYLOAD,Polar,United Kingdom,Commercial,2020-03-21,,109.8,87.88,1219,1216,2020,148,LARGE,UK,COMMUNICATIONS,LEO,5,True
ONEWEB-0055,45443,PAYLOAD,Polar,United Kingdom,Commercial,2020-03-21,,109.8,87.88,1219,1216,2020,148,MEDIUM,UK,COMMUNICATIONS,LEO,5,True
ONEWEB-0029,45445,PAYLOAD,Polar,United Kingdom,Commercial,2020-03-21,,109.8,87.88,1219,1216,2020,148,LARGE,UK,COMMUNICATIONS,LEO,5,True
ONEWEB-0068,45446,PAYLOAD,Polar,United Kingdom,Commercial,2020-03-21,,109.81,87.88,1219,1216,2020,148,LARGE,UK,COMMUNICATIONS,LEO,5,True
ONEWEB-0087,45451,PAYLOAD,Polar,United Kingdom,Commercial,2020-03-21,,109.8,87.88,1219,1216,2020,148,LARGE,UK,COMMUNICATIONS,LEO,5,True
ONEWEB-0050,45453,PAYLOAD,Polar,United Kingdom,Commercial,2020-03-21,,96.62,88,600,594,2020,148,LARGE,UK,COMMUNICATIONS,LEO,5,True
ONEWEB-0086,45456,PAYLOAD,Polar,United Kingdom,Commercial,2020-03-21,,109.8,87.88,1219,1216,2020,148,LARGE,UK,COMMUNICATIONS,LEO,5,True
GAOFEN 9 02,45625,PAYLOAD,Sun-Synchronous,China,Government,2020-05-31,,94.5,97.52,501,487,2020,1000,LARGE,PRC,EARTH OBSERVATION,LEO,8,True
KOREASAT 116,45920,PAYLOAD,,South Korea,Military,2020-07-20,,1436.14,0.03,35792,35783,2020,,LARGE,SKOR,COMMUNICATIONS,GEO,15,True
EXPRESS 103,45985,PAYLOAD,,Russia,Commercial,2020-07-30,,1436.13,0.02,35787,35787,2020,2150,LARGE,CIS,COMMUNICATIONS,GEO,15,True
BSAT-4B,46112,PAYLOAD,,Japan,Commercial,2020-08-15,,1436.12,0.08,35800,35774,2020,3520,LARGE,JPN,COMMUNICATIONS,GEO,15,True
GAOFEN 9 05,46232,PAYLOAD,Sun-Synchronous,China,Government,2020-08-23,,94.45,97.27,499,484,2020,1000,LARGE,PRC,EARTH OBSERVATION,LEO,8,True
SAOCOM 1-B,46265,PAYLOAD,Polar,Argentina,Government,2020-08-30,,97.16,97.89,624,622,2020,3050,LARGE,ARGN,EARTH OBSERVATION,LEO,5,True
FLOCK 4V 13,46297,PAYLOAD,Sun-Synchronous,USA,Commercial,2020-09-03,2024-11-27,87.61,97.3,165,147,2020,4,MEDIUM,US,EARTH OBSERVATION,LEO,3,False
FLOCK 4V 1,46313,PAYLOAD,Sun-Synchronous,USA,Commercial,2020-09-03,2024-04-17,88.97,97.34,230,218,2020,4,SMALL,US,EARTH OBSERVATION,LEO,3,False
STARLINK-1686,46328,PAYLOAD,Non-Polar Inclined,USA,Commercial,2020-09-03,,95.6,53.06,551,545,2020,260,LARGE,US,COMMUNICATIONS,LEO,4,True
STARLINK-1723,46333,PAYLOAD,Non-Polar Inclined,USA,Commercial,2020-09-03,,95.59,53.06,548,546,2020,260,LARGE,US,COMMUNICATIONS,LEO,4,True
STARLINK-1738,46336,PAYLOAD,Non-Polar Inclined,USA,Commercial,2020-09-03,,95.59,53.05,548,547,2020,260,LARGE,US,COMMUNICATIONS,LEO,4,True
STARLINK-1750,46337,PAYLOAD,Non-Polar Inclined,USA,Commercial,2020-09-03,,95.59,53.06,548,547,2020,260,LARGE,US,COMMUNICATIONS,LEO,4,True
STARLINK-1767,46345,PAYLOAD,Non-Polar Inclined,USA,Commercial,2020-09-03,,95.59,53.06,548,546,2020,260,LARGE,US,COMMUNICATIONS,LEO,4,True
STARLINK-1575,46349,PAYLOAD,Non-Polar Inclined,USA,Commercial,2020-09-03,,95.59,53.06,548,546,2020,260,LARGE,US,COMMUNICATIONS,LEO,4,True
STARLINK-1665,46356,PAYLOAD,Non-Polar Inclined,USA,Commercial,2020-09-03,,95.59,53.05,548,546,2020,260,LARGE,US,COMMUNICATIONS,LEO,4,True
STARLINK-1690,46358,PAYLOAD,Non-Polar Inclined,USA,Commercial,2020-09-03,2024-10-29,88.02,53.02,182,171,2020,260,LARGE,US,COMMUNICATIONS,LEO,4,False
STARLINK-1658,46368,PAYLOAD,Non-Polar Inclined,USA,Commercial,2020-09-03,2024-08-10,90.41,53.04,298,291,2020,260,LARGE,US,COMMUNICATIONS,LEO,4,False
STARLINK-1688,46371,PAYLOAD,Non-Polar Inclined,USA,Commercial,2020-09-03,2024-08-04,89.99,53.04,279,269,2020,260,LARGE,US,COMMUNICATIONS,LEO,4,False
STARLINK-1758,46380,PAYLOAD,Non-Polar Inclined,USA,Commercial,2020-09-03,2025-02-09,87.69,53.03,165,155,2020,260,LARGE,US,COMMUNICATIONS,LEO,4,False
MEZNSAT,46489,PAYLOAD,Sun-Synchronous,United Arab Emirates,Civil,2020-09-28,,90.26,97.82,292,283,2020,5,SMALL,UAE,EARTH OBSERVATION,LEO,3,True
STARLINK-1644,46532,PAYLOAD,Non-Polar Inclined,USA,Commercial,2020-10-06,2025-02-12,87.79,53.03,168,163,2020,260,LARGE,US,COMMUNICATIONS,LEO,4,False
STARLINK-1694,46544,PAYLOAD,Non-Polar Inclined,USA,Commercial,2020-10-06,,90.55,53.03,308,295,2020,260,LARGE,US,COMMUNICATIONS,LEO,4,True
STARLINK-1680,46558,PAYLOAD,Non-Polar Inclined,USA,Commercial,2020-10-06,,95.59,53.05,548,546,2020,260,LARGE,US,COMMUNICATIONS,LEO,4,True
STARLINK-1709,46561,PAYLOAD,Non-Polar Inclined,USA,Commercial,2020-10-06,2025-02-09,87.72,53.02,163,161,2020,260,LARGE,US,COMMUNICATIONS,LEO,4,False
STARLINK-1730,46563,PAYLOAD,Non-Polar Inclined,USA,Commercial,2020-10-06,,95.59,53.05,548,546,2020,260,LARGE,US,COMMUNICATIONS,LEO,4,True
STARLINK-1747,46569,PAYLOAD,Non-Polar Inclined,USA,Commercial,2020-10-06,2024-03-08,87.23,53.03,140,133,2020,260,LARGE,US,COMMUNICATIONS,LEO,4,False
STARLINK-1650,46573,PAYLOAD,Non-Polar Inclined,USA,Commercial,2020-10-06,2023-06-27,87.65,53.02,164,152,2020,260,LARGE,US,COMMUNICATIONS,LEO,4,False
STARLINK-1729,46583,PAYLOAD,Non-Polar Inclined,USA,Commercial,2020-10-06,2025-01-31,87.24,53.03,147,128,2020,260,LARGE,US,COMMUNICATIONS,LEO,4,False
STARLINK-1746,46588,PAYLOAD,Non-Polar Inclined,USA,Commercial,2020-10-06,,95.59,53.05,548,546,2020,260,LARGE,US,COMMUNICATIONS,LEO,4,True
STARLINK-1755,46591,PAYLOAD,Non-Polar Inclined,USA,Commercial,2020-10-06,2025-02-23,87.82,53.03,167,166,2020,260,LARGE,US,COMMUNICATIONS,LEO,4,False
FLOCK 4V 18,46597,PAYLOAD,Sun-Synchronous,USA,Commercial,2020-09-03,2024-03-28,87.71,97.32,170,153,2020,4,SMALL,US,EARTH OBSERVATION,LEO,3,False
STARLINK-1766,46677,PAYLOAD,Non-Polar Inclined,USA,Commercial,2020-10-18,2024-09-15,87.22,53.03,152,121,2020,260,LARGE,US,COMMUNICATIONS,LEO,4,False
STARLINK-1776,46682,PAYLOAD,Non-Polar Inclined,USA,Commercial,2020-10-18,2025-02-07,88,53.03,180,171,2020,260,LARGE,US,COMMUNICATIONS,LEO,4,False
STARLINK-1780,46684,PAYLOAD,Non-Polar Inclined,USA,Commercial,2020-10-18,2025-02-17,87.49,53.02,152,149,2020,260,LARGE,US,COMMUNICATIONS,LEO,4,False
STARLINK-1793,46694,PAYLOAD,Non-Polar Inclined,USA,Commercial,2020-10-18,2025-04-20,87.71,53.04,166,157,2020,260,LARGE,US,COMMUNICATIONS,LEO,4,False
STARLINK-1794,46695,PAYLOAD,Non-Polar Inclined,USA,Commercial,2020-10-18,2021-09-29,91.64,53.06,356,353,2020,260,LARGE,US,COMMUNICATIONS,LEO,4,False
STARLINK-1802,46702,PAYLOAD,Non-Polar Inclined,USA,Commercial,2020-10-18,,95.59,53.05,548,547,2020,260,LARGE,US,COMMUNICATIONS,LEO,4,True
STARLINK-1828,46725,PAYLOAD,Non-Polar Inclined,USA,Commercial,2020-10-18,,95.59,53.05,548,546,2020,260,LARGE,US,COMMUNICATIONS,LEO,4,True
STARLINK-1829,46726,PAYLOAD,Non-Polar Inclined,USA,Commercial,2020-10-18,2025-02-04,87.62,53.02,163,150,2020,260,LARGE,US,COMMUNICATIONS,LEO,4,False
FLOCK 4V 23,46737,PAYLOAD,Sun-Synchronous,USA,Commercial,2020-09-03,2023-11-09,88.13,97.31,190,174,2020,4,SMALL,US,EARTH OBSERVATION,LEO,3,False
STARLINK-1894,46744,PAYLOAD,Non-Polar Inclined,USA,Commercial,2020-10-24,,95.59,53.05,548,546,2020,260,LARGE,US,COMMUNICATIONS,LEO,4,True
STARLINK-1896,46760,PAYLOAD,Non-Polar Inclined,USA,Commercial,2020-10-24,2025-01-25,87.53,53.03,154,151,2020,260,LARGE,US,COMMUNICATIONS,LEO,4,False
STARLINK-1917,46767,PAYLOAD,Non-Polar Inclined,USA,Commercial,2020-10-24,2025-02-21,87.58,53.04,158,151,2020,260,LARGE,US,COMMUNICATIONS,LEO,4,False
STARLINK-1936,46772,PAYLOAD,Non-Polar Inclined,USA,Commercial,2020-10-24,2025-01-30,87.59,53.03,160,151,2020,260,LARGE,US,COMMUNICATIONS,LEO,4,False
STARLINK-1883,46785,PAYLOAD,Non-Polar Inclined,USA,Commercial,2020-10-24,2025-02-22,87.48,53.03,156,144,2020,260,LARGE,US,COMMUNICATIONS,LEO,4,False
STARLINK-1930,46789,PAYLOAD,Non-Polar Inclined,USA,Commercial,2020-10-24,2025-02-04,88.1,53.02,186,175,2020,260,LARGE,US,COMMUNICATIONS,LEO,4,False
STARLINK-1931,46790,PAYLOAD,Non-Polar Inclined,USA,Commercial,2020-10-24,,95.59,53.06,548,546,2020,260,LARGE,US,COMMUNICATIONS,LEO,4,True
STARLINK-1948,46798,PAYLOAD,Non-Polar Inclined,USA,Commercial,2020-10-24,2025-02-09,87.56,52.98,162,145,2020,260,LARGE,US,COMMUNICATIONS,LEO,4,False
COSMOS 2547 (GLONASS),46805,PAYLOAD,Non-Polar Inclined,Russia,Military/Commercial,2020-10-25,,675.74,64.6,19150,19110,2020,1415,LARGE,CIS,NAVIGATION/GLOBAL POSITIONING,MEO,7,True
FLOCK 4V 25,46812,PAYLOAD,Sun-Synchronous,USA,Commercial,2020-09-03,2024-03-06,87.79,97.28,174,156,2020,4,MEDIUM,US,EARTH OBSERVATION,LEO,3,False
FLOCK 4V 26,46825,PAYLOAD,Sun-Synchronous,USA,Commercial,2020-09-03,2023-10-31,87.55,97.32,160,146,2020,4,SMALL,US,EARTH OBSERVATION,LEO,3,False
NAVSTAR 80 (USA 309),46826,PAYLOAD,Non-Polar Inclined,USA,Military/Commercial,2020-11-05,,718,54.08,20335,20030,2020,2300,LARGE,US,NAVIGATION/GLOBAL POSITIONING,MEO,15,True
STARLINK-1785,47124,PAYLOAD,Non-Polar Inclined,USA,Commercial,2020-11-25,2025-02-08,87.83,53.03,171,163,2020,260,LARGE,US,COMMUNICATIONS,LEO,4,False
STARLINK-1812,47126,PAYLOAD,Non-Polar Inclined,USA,Commercial,2020-11-25,,95.59,53.06,550,544,2020,260,LARGE,US,COMMUNICATIONS,LEO,4,True
STARLINK-1837,47128,PAYLOAD,Non-Polar Inclined,USA,Commercial,2020-11-25,2024-12-28,87.76,53.03,164,163,2020,260,LARGE,US,COMMUNICATIONS,LEO,4,False
STARLINK-1852,47139,PAYLOAD,Non-Polar Inclined,USA,Commercial,2020-11-25,2025-02-12,87.84,53.03,171,164,2020,260,LARGE,US,COMMUNICATIONS,LEO,4,False
STARLINK-1862,47149,PAYLOAD,Non-Polar Inclined,USA,Commercial,2020-11-25,,91.89,53.04,373,361,2020,260,LARGE,US,COMMUNICATIONS,LEO,4,True
STARLINK-1884,47167,PAYLOAD,Non-Polar Inclined,USA,Commercial,2020-11-25,2025-01-14,87.61,53.03,158,155,2020,260,LARGE,US,COMMUNICATIONS,LEO,4,False
GONETS M 20,47227,PAYLOAD,Polar,Russia,Commercial,2020-12-03,,115.86,82.51,1510,1478,2020,280,LARGE,CIS,COMMUNICATIONS,LEO,7,True
GAOFEN 14,47231,PAYLOAD,Sun-Synchronous,China,Government,2020-12-06,,94.38,97.27,494,483,2020,1000,LARGE,PRC,EARTH OBSERVATION,LEO,8,True
ONEWEB-0102,47258,PAYLOAD,Polar,United Kingdom,Commercial,2020-12-18,,109.72,87.89,1215,1212,2020,148,LARGE,UK,COMMUNICATIONS,LEO,5,True
ONEWEB-0111,47261,PAYLOAD,Polar,United Kingdom,Commercial,2020-12-18,,109.72,87.89,1215,1212,2020,148,LARGE,UK,COMMUNICATIONS,LEO,5,True
ONEWEB-0118,47264,PAYLOAD,Polar,United Kingdom,Commercial,2020-12-18,,109.72,87.88,1215,1212,2020,148,MEDIUM,UK,COMMUNICATIONS,LEO,5,True
ONEWEB-0125,47271,PAYLOAD,Polar,United Kingdom,Commercial,2020-12-18,,109.72,87.88,1215,1212,2020,148,LARGE,UK,COMMUNICATIONS,LEO,5,True
ONEWEB-0126,47272,PAYLOAD,Polar,United Kingdom,Commercial,2020-12-18,,109.68,87.89,1213,1210,2020,148,LARGE,UK,COMMUNICATIONS,LEO,5,True
ONEWEB-0128,47274,PAYLOAD,Polar,United Kingdom,Commercial,2020-12-18,,109.72,87.89,1215,1212,2020,148,LARGE,UK,COMMUNICATIONS,LEO,5,True
ONEWEB-0130,47276,PAYLOAD,Polar,United Kingdom,Commercial,2020-12-18,,109.72,87.88,1215,1212,2020,148,LARGE,UK,COMMUNICATIONS,LEO,5,True
ONEWEB-0131,47277,PAYLOAD,Polar,United Kingdom,Commercial,2020-12-18,,109.72,87.89,1215,1212,2020,148,LARGE,UK,COMMUNICATIONS,LEO,5,True
ONEWEB-0132,47278,PAYLOAD,Polar,United Kingdom,Commercial,2020-12-18,,109.72,87.89,1215,1212,2020,148,LARGE,UK,COMMUNICATIONS,LEO,5,True
ONEWEB-0140,47286,PAYLOAD,Polar,United Kingdom,Commercial,2020-12-18,,109.72,87.89,1215,1212,2020,148,LARGE,UK,COMMUNICATIONS,LEO,5,True
ONEWEB-0141,47287,PAYLOAD,Polar,United Kingdom,Commercial,2020-12-18,,109.72,87.89,1215,1212,2020,148,LARGE,UK,COMMUNICATIONS,LEO,5,True
ONEWEB-0147,47293,PAYLOAD,Polar,United Kingdom,Commercial,2020-12-18,,109.72,87.89,1215,1212,2020,148,LARGE,UK,COMMUNICATIONS,LEO,5,True
STARLINK-2070,47360,PAYLOAD,Non-Polar Inclined,USA,Commercial,2021-01-20,2024-08-13,90.58,53.04,307,298,2021,260,LARGE,US,COMMUNICATIONS,LEO,4,False
STARLINK-2076,47362,PAYLOAD,Non-Polar Inclined,USA,Commercial,2021-01-20,,95.59,53.05,548,546,2021,260,LARGE,US,COMMUNICATIONS,LEO,4,True
STARLINK-2081,47366,PAYLOAD,Non-Polar Inclined,USA,Commercial,2021-01-20,,95.59,53.05,548,546,2021,260,LARGE,US,COMMUNICATIONS,LEO,4,True
STARLINK-2082,47367,PAYLOAD,Non-Polar Inclined,USA,Commercial,2021-01-20,,95.59,53.06,548,546,2021,260,LARGE,US,COMMUNICATIONS,LEO,4,True
STARLINK-2088,47371,PAYLOAD,Non-Polar Inclined,USA,Commercial,2021-01-20,,95.59,53.06,548,546,2021,260,LARGE,US,COMMUNICATIONS,LEO,4,True
STARLINK-2089,47372,PAYLOAD,Non-Polar Inclined,USA,Commercial,2021-01-20,2025-01-02,88.82,53.05,219,213,2021,260,LARGE,US,COMMUNICATIONS,LEO,4,False
STARLINK-2098,47378,PAYLOAD,Non-Polar Inclined,USA,Commercial,2021-01-20,,95.59,53.06,548,546,2021,260,LARGE,US,COMMUNICATIONS,LEO,4,True
STARLINK-2101,47381,PAYLOAD,Non-Polar Inclined,USA,Commercial,2021-01-20,,95.59,53.05,548,546,2021,260,LARGE,US,COMMUNICATIONS,LEO,4,True
STARLINK-2105,47385,PAYLOAD,Non-Polar Inclined,USA,Commercial,2021-01-20,,95.59,53.06,548,546,2021,260,LARGE,US,COMMUNICATIONS,LEO,4,True
STARLINK-2106,47386,PAYLOAD,Non-Polar Inclined,USA,Commercial,2021-01-20,,95.59,53.06,548,546,2021,260,LARGE,US,COMMUNICATIONS,LEO,4,True
STARLINK-2110,47389,PAYLOAD,Non-Polar Inclined,USA,Commercial,2021-01-20,,95.59,53.06,548,546,2021,260,LARGE,US,COMMUNICATIONS,LEO,4,True
STARLINK-2113,47392,PAYLOAD,Non-Polar Inclined,USA,Commercial,2021-01-20,,95.59,53.06,548,546,2021,260,LARGE,US,COMMUNICATIONS,LEO,4,True
STARLINK-2115,47394,PAYLOAD,Non-Polar Inclined,USA,Commercial,2021-01-20,2024-12-31,88.2,53.03,190,181,2021,260,LARGE,US,COMMUNICATIONS,LEO,4,False
STARLINK-2119,47397,PAYLOAD,Non-Polar Inclined,USA,Commercial,2021-01-20,,95.59,53.05,548,546,2021,260,LARGE,US,COMMUNICATIONS,LEO,4,True
STARLINK-2135,47408,PAYLOAD,Non-Polar Inclined,USA,Commercial,2021-01-20,,95.59,53.06,549,546,2021,260,LARGE,US,COMMUNICATIONS,LEO,4,True
FLOCK 4S 21,47456,PAYLOAD,Sun-Synchronous,USA,Commercial,2021-01-24,2024-08-23,91.6,97.32,357,349,2021,4,SMALL,US,EARTH OBSERVATION,LEO,3,False
FLOCK 4S 34,47477,PAYLOAD,Sun-Synchronous,USA,Commercial,2021-01-24,2024-10-03,87.58,97.29,164,146,2021,4,MEDIUM,US,EARTH OBSERVATION,LEO,3,False
FLOCK 4S 27,47495,PAYLOAD,Sun-Synchronous,USA,Commercial,2021-01-24,2024-09-04,87.42,97.28,156,137,2021,4,SMALL,US,EARTH OBSERVATION,LEO,3,False
FLOCK 4S 18,47496,PAYLOAD,Sun-Synchronous,USA,Commercial,2021-01-24,2024-09-13,88.02,97.3,186,167,2021,4,MEDIUM,US,EARTH OBSERVATION,LEO,3,False
FLOCK 4S 6,47518,PAYLOAD,Sun-Synchronous,USA,Commercial,2021-01-24,2024-09-27,87.41,97.29,156,137,2021,4,SMALL,US,EARTH OBSERVATION,LEO,3,False
FLOCK 4S 14,47528,PAYLOAD,Sun-Synchronous,USA,Commercial,2021-01-24,2024-08-19,91.42,97.32,348,340,2021,4,MEDIUM,US,EARTH OBSERVATION,LEO,3,False
FLOCK 4S 36,47530,PAYLOAD,Sun-Synchronous,USA,Commercial,2021-01-24,2024-08-22,91.58,97.33,357,348,2021,4,SMALL,US,EARTH OBSERVATION,LEO,3,False
FLOCK 4S 1,47543,PAYLOAD,Sun-Synchronous,USA,Commercial,2021-01-24,2024-08-16,91.23,97.31,339,330,2021,4,SMALL,US,EARTH OBSERVATION,LEO,3,False
FLOCK 4S 30,47544,PAYLOAD,Sun-Synchronous,USA,Commercial,2021-01-24,2024-09-17,87.86,97.3,177,160,2021,4,SMALL,US,EARTH OBSERVATION,LEO,3,False
STARLINK-1806,47549,PAYLOAD,Non-Polar Inclined,USA,Commercial,2021-02-04,,91.16,53.04,338,326,2021,260,LARGE,US,COMMUNICATIONS,LEO,4,True
STARLINK-1940,47552,PAYLOAD,Non-Polar Inclined,USA,Commercial,2021-02-04,,93.51,53.06,447,445,2021,260,LARGE,US,COMMUNICATIONS,LEO,4,True
STARLINK-1963,47564,PAYLOAD,Non-Polar Inclined,USA,Commercial,2021-02-04,,91.51,53.04,355,343,2021,260,LARGE,US,COMMUNICATIONS,LEO,4,True
STARLINK-1976,47574,PAYLOAD,Non-Polar Inclined,USA,Commercial,2021-02-04,,90.12,53.04,282,279,2021,260,LARGE,US,COMMUNICATIONS,LEO,4,True
STARLINK-1994,47589,PAYLOAD,Non-Polar Inclined,USA,Commercial,2021-02-04,,95.59,53.05,548,546,2021,260,LARGE,US,COMMUNICATIONS,LEO,4,True
STARLINK-1995,47590,PAYLOAD,Non-Polar Inclined,USA,Commercial,2021-02-04,,95.59,53.06,548,546,2021,260,LARGE,US,COMMUNICATIONS,LEO,4,True
STARLINK-2002,47597,PAYLOAD,Non-Polar Inclined,USA,Commercial,2021-02-04,2025-03-29,87.56,53.03,156,151,2021,260,LARGE,US,COMMUNICATIONS,LEO,4,False
STARLINK-2003,47598,PAYLOAD,Non-Polar Inclined,USA,Commercial,2021-02-04,2025-03-22,87.48,53.02,153,147,2021,260,LARGE,US,COMMUNICATIONS,LEO,4,False
STARLINK-2006,47601,PAYLOAD,Non-Polar Inclined,USA,Commercial,2021-02-04,2025-02-22,87.77,53.03,169,160,2021,260,LARGE,US,COMMUNICATIONS,LEO,4,False
STARLINK-1972,47627,PAYLOAD,Non-Polar Inclined,USA,Commercial,2021-02-16,,95.59,53.05,548,547,2021,260,LARGE,US,COMMUNICATIONS,LEO,4,True
STARLINK-2012,47635,PAYLOAD,Non-Polar Inclined,USA,Commercial,2021-02-16,2025-01-27,87.67,53.02,161,157,2021,260,LARGE,US,COMMUNICATIONS,LEO,4,False
STARLINK-2015,47638,PAYLOAD,Non-Polar Inclined,USA,Commercial,2021-02-16,,95.59,53.06,548,546,2021,260,LARGE,US,COMMUNICATIONS,LEO,4,True
STARLINK-2028,47646,PAYLOAD,Non-Polar Inclined,USA,Commercial,2021-02-16,2025-01-13,87.2,53.02,138,133,2021,260,LARGE,US,COMMUNICATIONS,LEO,4,False
STARLINK-2030,47647,PAYLOAD,Non-Polar Inclined,USA,Commercial,2021-02-16,,94.11,53.05,476,475,2021,260,LARGE,US,COMMUNICATIONS,LEO,4,True
STARLINK-2051,47661,PAYLOAD,Non-Polar Inclined,USA,Commercial,2021-02-16,2025-02-01,87.44,53.03,151,144,2021,260,LARGE,US,COMMUNICATIONS,LEO,4,False
STARLINK-2058,47667,PAYLOAD,Non-Polar Inclined,USA,Commercial,2021-02-16,,95.59,53.05,548,546,2021,260,LARGE,US,COMMUNICATIONS,LEO,4,True
STARLINK-2062,47670,PAYLOAD,Non-Polar Inclined,USA,Commercial,2021-02-16,2025-03-25,87.52,53.03,155,148,2021,260,LARGE,US,COMMUNICATIONS,LEO,4,False
STARLINK-2065,47672,PAYLOAD,Non-Polar Inclined,USA,Commercial,2021-02-16,,95.59,53.06,549,546,2021,260,LARGE,US,COMMUNICATIONS,LEO,4,True
STARLINK-2066,47673,PAYLOAD,Non-Polar Inclined,USA,Commercial,2021-02-16,2025-02-13,87.68,53.02,162,157,2021,260,LARGE,US,COMMUNICATIONS,LEO,4,False
STARLINK-2068,47722,PAYLOAD,Non-Polar Inclined,USA,Commercial,2021-03-04,,95.59,53.05,548,546,2021,260,LARGE,US,COMMUNICATIONS,LEO,4,True
STARLINK-2107,47723,PAYLOAD,Non-Polar Inclined,USA,Commercial,2021-03-04,,95.59,53.05,548,546,2021,260,LARGE,US,COMMUNICATIONS,LEO,4,True
STARLINK-2146,47735,PAYLOAD,Non-Polar Inclined,USA,Commercial,2021-03-04,,94.41,53.05,491,489,2021,260,LARGE,US,COMMUNICATIONS,LEO,4,True
STARLINK-2159,47745,PAYLOAD,Non-Polar Inclined,USA,Commercial,2021-03-04,,95.59,53.05,548,546,2021,260,LARGE,US,COMMUNICATIONS,LEO,4,True
STARLINK-2163,47749,PAYLOAD,Non-Polar Inclined,USA,Commercial,2021-03-04,,95.59,53.05,548,546,2021,260,LARGE,US,COMMUNICATIONS,LEO,4,True
STARLINK-2164,47750,PAYLOAD,Non-Polar Inclined,USA,Commercial,2021-03-04,,95.59,53.05,548,546,2021,260,LARGE,US,COMMUNICATIONS,LEO,4,True
STARLINK-2170,47753,PAYLOAD,Non-Polar Inclined,USA,Commercial,2021-03-04,,95.59,53.06,548,546,2021,260,LARGE,US,COMMUNICATIONS,LEO,4,True
STARLINK-2178,47760,PAYLOAD,Non-Polar Inclined,USA,Commercial,2021-03-04,,95.59,53.05,549,545,2021,260,LARGE,US,COMMUNICATIONS,LEO,4,True
STARLINK-2180,47762,PAYLOAD,Non-Polar Inclined,USA,Commercial,2021-03-04,,95.6,53.05,549,546,2021,260,LARGE,US,COMMUNICATIONS,LEO,4,True
STARLINK-2181,47763,PAYLOAD,Non-Polar Inclined,USA,Commercial,2021-03-04,2025-01-07,87.67,53.03,160,158,2021,260,LARGE,US,COMMUNICATIONS,LEO,4,False
STARLINK-2184,47766,PAYLOAD,Non-Polar Inclined,USA,Commercial,2021-03-04,,95.59,53.05,549,545,2021,260,LARGE,US,COMMUNICATIONS,LEO,4,True
STARLINK-2387,47806,PAYLOAD,Non-Polar Inclined,USA,Commercial,2021-03-11,,95.59,53.05,548,546,2021,260,LARGE,US,COMMUNICATIONS,LEO,4,True
STARLINK-2388,47807,PAYLOAD,Non-Polar Inclined,USA,Commercial,2021-03-11,,95.59,53.05,548,546,2021,260,LARGE,US,COMMUNICATIONS,LEO,4,True
STARLINK-2392,47811,PAYLOAD,Non-Polar Inclined,USA,Commercial,2021-03-11,2025-01-07,87.46,53.05,157,140,2021,260,LARGE,US,COMMUNICATIONS,LEO,4,False
STARLINK-2403,47820,PAYLOAD,Non-Polar Inclined,USA,Commercial,2021-03-11,2025-04-16,88.32,53.04,196,187,2021,260,LARGE,US,COMMUNICATIONS,LEO,4,False
STARLINK-2409,47824,PAYLOAD,Non-Polar Inclined,USA,Commercial,2021-03-11,,95.59,53.05,548,546,2021,260,LARGE,US,COMMUNICATIONS,LEO,4,True
STARLINK-2411,47826,PAYLOAD,Non-Polar Inclined,USA,Commercial,2021-03-11,,95.59,53.05,548,546,2021,260,LARGE,US,COMMUNICATIONS,LEO,4,True
STARLINK-2416,47829,PAYLOAD,Non-Polar Inclined,USA,Commercial,2021-03-11,,94.98,53.05,519,517,2021,260,LARGE,US,COMMUNICATIONS,LEO,4,True
STARLINK-2429,47838,PAYLOAD,Non-Polar Inclined,USA,Commercial,2021-03-11,,95.59,53.05,548,546,2021,260,LARGE,US,COMMUNICATIONS,LEO,4,True
STARLINK-2258,47860,PAYLOAD,Non-Polar Inclined,USA,Commercial,2021-03-14,2025-01-30,87.89,53.03,175,166,2021,260,LARGE,US,COMMUNICATIONS,LEO,4,False
STARLINK-2304,47864,PAYLOAD,Non-Polar Inclined,USA,Commercial,2021-03-14,2025-02-06,87.65,53.03,161,154,2021,260,LARGE,US,COMMUNICATIONS,LEO,4,False
STARLINK-2320,47866,PAYLOAD,Non-Polar Inclined,USA,Commercial,2021-03-14,2025-02-21,87.82,53.03,170,163,2021,260,LARGE,US,COMMUNICATIONS,LEO,4,False
STARLINK-2327,47871,PAYLOAD,Non-Polar Inclined,USA,Commercial,2021-03-14,2025-01-25,87.47,53.02,153,146,2021,260,LARGE,US,COMMUNICATIONS,LEO,4,False
STARLINK-2329,47873,PAYLOAD,Non-Polar Inclined,USA,Commercial,2021-03-14,,95.59,53.05,548,547,2021,260,LARGE,US,COMMUNICATIONS,LEO,4,True
STARLINK-2331,47875,PAYLOAD,Non-Polar Inclined,USA,Commercial,2021-03-14,2025-01-24,87.53,53.02,155,150,2021,260,LARGE,US,COMMUNICATIONS,LEO,4,False
STARLINK-2336,47879,PAYLOAD,Non-Polar Inclined,USA,Commercial,2021-03-14,,95.59,53.06,548,547,2021,260,LARGE,US,COMMUNICATIONS,LEO,4,True
STARLINK-2337,47880,PAYLOAD,Non-Polar Inclined,USA,Commercial,2021-03-14,2025-02-21,87.32,53.02,148,136,2021,260,LARGE,US,COMMUNICATIONS,LEO,4,False
STARLINK-2339,47881,PAYLOAD,Non-Polar Inclined,USA,Commercial,2021-03-14,2025-01-15,87.53,53.03,154,150,2021,260,LARGE,US,COMMUNICATIONS,LEO,4,False
STARLINK-2340,47882,PAYLOAD,Non-Polar Inclined,USA,Commercial,2021-03-14,,93.82,53.05,464,459,2021,260,LARGE,US,COMMUNICATIONS,LEO,4,True
STARLINK-2343,47884,PAYLOAD,Non-Polar Inclined,USA,Commercial,2021-03-14,,95.59,53.05,548,546,2021,260,LARGE,US,COMMUNICATIONS,LEO,4,True
STARLINK-2356,47896,PAYLOAD,Non-Polar Inclined,USA,Commercial,2021-03-14,,95.59,53.05,548,546,2021,260,LARGE,US,COMMUNICATIONS,LEO,4,True
STARLINK-2357,47897,PAYLOAD,Non-Polar Inclined,USA,Commercial,2021-03-14,2024-09-03,87.66,53.02,164,153,2021,260,LARGE,US,COMMUNICATIONS,LEO,4,False
STARLINK-2358,47898,PAYLOAD,Non-Polar Inclined,USA,Commercial,2021-03-14,,95.59,53.05,548,546,2021,260,LARGE,US,COMMUNICATIONS,LEO,4,True
STARLINK-2361,47901,PAYLOAD,Non-Polar Inclined,USA,Commercial,2021-03-14,,95.59,53.05,548,546,2021,260,LARGE,US,COMMUNICATIONS,LEO,4,True
STARLINK-2366,47906,PAYLOAD,Non-Polar Inclined,USA,Commercial,2021-03-14,2023-06-27,87.66,52.98,168,150,2021,260,LARGE,US,COMMUNICATIONS,LEO,4,False
STARLINK-2371,47911,PAYLOAD,Non-Polar Inclined,USA,Commercial,2021-03-14,,95.59,53.05,548,547,2021,260,LARGE,US,COMMUNICATIONS,LEO,4,True
GRUS-1E,47935,PAYLOAD,Sun-Synchronous,Japan,Commercial,2021-03-22,,96.08,97.59,581,561,2021,100,MEDIUM,JPN,EARTH OBSERVATION,LEO,5,True
GRUS-1D,47936,PAYLOAD,Sun-Synchronous,Japan,Commercial,2021-03-22,,96.13,97.59,583,564,2021,100,MEDIUM,JPN,EARTH OBSERVATION,LEO,5,True
STARLINK-2308,47985,PAYLOAD,Non-Polar Inclined,USA,Commercial,2021-03-24,2025-02-14,87.22,53.03,138,135,2021,260,LARGE,US,COMMUNICATIONS,LEO,4,False
STARLINK-2260,47996,PAYLOAD,Non-Polar Inclined,USA,Commercial,2021-03-24,2025-03-07,87.48,53.01,154,146,2021,260,LARGE,US,COMMUNICATIONS,LEO,4,False
STARLINK-2218,47999,PAYLOAD,Non-Polar Inclined,USA,Commercial,2021-03-24,2024-08-27,88.17,53.03,187,181,2021,260,LARGE,US,COMMUNICATIONS,LEO,4,False
STARLINK-2226,48010,PAYLOAD,Non-Polar Inclined,USA,Commercial,2021-03-24,,95.59,53.06,548,546,2021,260,LARGE,US,COMMUNICATIONS,LEO,4,True
STARLINK-2267,48031,PAYLOAD,Non-Polar Inclined,USA,Commercial,2021-03-24,2025-02-18,87.37,53.02,146,142,2021,260,LARGE,US,COMMUNICATIONS,LEO,4,False
ONEWEB-0152,48043,PAYLOAD,Polar,United Kingdom,Commercial,2021-03-25,,109.63,87.9,1211,1208,2021,148,MEDIUM,UK,COMMUNICATIONS,LEO,5,True
ONEWEB-0107,48048,PAYLOAD,Polar,United Kingdom,Commercial,2021-03-25,,109.63,87.9,1211,1208,2021,148,LARGE,UK,COMMUNICATIONS,LEO,5,True
ONEWEB-0157,48055,PAYLOAD,Polar,United Kingdom,Commercial,2021-03-25,,109.63,87.9,1211,1208,2021,148,LARGE,UK,COMMUNICATIONS,LEO,5,True
ONEWEB-0160,48060,PAYLOAD,Polar,United Kingdom,Commercial,2021-03-25,,109.63,87.9,1212,1208,2021,148,LARGE,UK,COMMUNICATIONS,LEO,5,True
ONEWEB-0166,48065,PAYLOAD,Polar,United Kingdom,Commercial,2021-03-25,,109.63,87.9,1211,1208,2021,148,LARGE,UK,COMMUNICATIONS,LEO,5,True
ONEWEB-0173,48069,PAYLOAD,Polar,United Kingdom,Commercial,2021-03-25,,109.63,87.9,1211,1209,2021,148,LARGE,UK,COMMUNICATIONS,LEO,5,True
ONEWEB-0174,48072,PAYLOAD,Polar,United Kingdom,Commercial,2021-03-25,,109.63,87.9,1211,1208,2021,148,LARGE,UK,COMMUNICATIONS,LEO,5,True
STARLINK-2048,48092,PAYLOAD,Non-Polar Inclined,USA,Commercial,2021-04-07,2025-02-05,87.69,53.02,162,158,2021,260,LARGE,US,COMMUNICATIONS,LEO,4,False
STARLINK-2442,48106,PAYLOAD,Non-Polar Inclined,USA,Commercial,2021-04-07,,95.59,53.05,548,546,2021,260,LARGE,US,COMMUNICATIONS,LEO,4,True
STARLINK-2444,48108,PAYLOAD,Non-Polar Inclined,USA,Commercial,2021-04-07,2024-06-24,88.11,53.02,186,177,2021,260,LARGE,US,COMMUNICATIONS,LEO,4,False
STARLINK-2449,48112,PAYLOAD,Non-Polar Inclined,USA,Commercial,2021-04-07,,95.59,53.05,548,546,2021,260,LARGE,US,COMMUNICATIONS,LEO,4,True
STARLINK-2452,48115,PAYLOAD,Non-Polar Inclined,USA,Commercial,2021-04-07,,95.59,53.05,548,546,2021,260,LARGE,US,COMMUNICATIONS,LEO,4,True
STARLINK-2485,48142,PAYLOAD,Non-Polar Inclined,USA,Commercial,2021-04-07,,95.59,53.05,548,546,2021,260,LARGE,US,COMMUNICATIONS,LEO,4,True
STARLINK-2492,48149,PAYLOAD,Non-Polar Inclined,USA,Commercial,2021-04-07,,95.59,53.05,548,546,2021,260,LARGE,US,COMMUNICATIONS,LEO,4,True
ONEWEB-0209,48215,PAYLOAD,Polar,United Kingdom,Commercial,2021-04-25,,109.55,87.91,1207,1204,2021,148,LARGE,UK,COMMUNICATIONS,LEO,5,True
ONEWEB-0185,48220,PAYLOAD,Polar,United Kingdom,Commercial,2021-04-25,,109.55,87.91,1207,1204,2021,148,LARGE,UK,COMMUNICATIONS,LEO,5,True
ONEWEB-0204,48225,PAYLOAD,Polar,United Kingdom,Commercial,2021-04-25,,109.55,87.91,1207,1204,2021,148,LARGE,UK,COMMUNICATIONS,LEO,5,True
ONEWEB-0205,48226,PAYLOAD,Polar,United Kingdom,Commercial,2021-04-25,,109.55,87.91,1207,1204,2021,148,MEDIUM,UK,COMMUNICATIONS,LEO,5,True
ONEWEB-0203,48235,PAYLOAD,Polar,United Kingdom,Commercial,2021-04-25,,109.55,87.91,1207,1204,2021,148,LARGE,UK,COMMUNICATIONS,LEO,5,True
ONEWEB-0195,48240,PAYLOAD,Polar,United Kingdom,Commercial,2021-04-25,,109.55,87.91,1207,1205,2021,148,LARGE,UK,COMMUNICATIONS,LEO,5,True
ONEWEB-0201,48241,PAYLOAD,Polar,United Kingdom,Commercial,2021-04-25,,109.55,87.91,1207,1204,2021,148,LARGE,UK,COMMUNICATIONS,LEO,5,True
ONEWEB-0207,48242,PAYLOAD,Polar,United Kingdom,Commercial,2021-04-25,,109.55,87.91,1207,1204,2021,148,LARGE,UK,COMMUNICATIONS,LEO,5,True
STARLINK-2569,48277,PAYLOAD,Non-Polar Inclined,USA,Commercial,2021-04-29,,95.59,53.05,548,547,2021,260,LARGE,US,COMMUNICATIONS,LEO,4,True
STARLINK-2580,48279,PAYLOAD,Non-Polar Inclined,USA,Commercial,2021-04-29,2025-04-17,88.15,53.04,187,179,2021,260,LARGE,US,COMMUNICATIONS,LEO,4,False
STARLINK-2565,48280,PAYLOAD,Non-Polar Inclined,USA,Commercial,2021-04-29,,95.59,53.05,548,546,2021,260,LARGE,US,COMMUNICATIONS,LEO,4,True
STARLINK-2516,48283,PAYLOAD,Non-Polar Inclined,USA,Commercial,2021-04-29,,95.59,53.05,548,546,2021,260,LARGE,US,COMMUNICATIONS,LEO,4,True
STARLINK-2547,48286,PAYLOAD,Non-Polar Inclined,USA,Commercial,2021-04-29,,95.59,53.05,549,546,2021,260,LARGE,US,COMMUNICATIONS,LEO,4,True
STARLINK-2540,48290,PAYLOAD,Non-Polar Inclined,USA,Commercial,2021-04-29,,95.59,53.05,548,546,2021,260,LARGE,US,COMMUNICATIONS,LEO,4,True
STARLINK-2555,48291,PAYLOAD,Non-Polar Inclined,USA,Commercial,2021-04-29,,95.59,53.05,548,546,2021,260,LARGE,US,COMMUNICATIONS,LEO,4,True
STARLINK-2533,48294,PAYLOAD,Non-Polar Inclined,USA,Commercial,2021-04-29,,95.59,53.05,548,546,2021,260,LARGE,US,COMMUNICATIONS,LEO,4,True
STARLINK-2544,48297,PAYLOAD,Non-Polar Inclined,USA,Commercial,2021-04-29,2024-05-22,88.35,53.04,196,190,2021,260,LARGE,US,COMMUNICATIONS,LEO,4,False
STARLINK-2530,48303,PAYLOAD,Non-Polar Inclined,USA,Commercial,2021-04-29,,95.59,53.05,548,546,2021,260,LARGE,US,COMMUNICATIONS,LEO,4,True
STARLINK-2528,48307,PAYLOAD,Non-Polar Inclined,USA,Commercial,2021-04-29,2024-07-22,87.82,53.03,168,165,2021,260,LARGE,US,COMMUNICATIONS,LEO,4,False
STARLINK-2549,48314,PAYLOAD,Non-Polar Inclined,USA,Commercial,2021-04-29,,95.59,53.05,548,546,2021,260,LARGE,US,COMMUNICATIONS,LEO,4,True
STARLINK-2509,48318,PAYLOAD,Non-Polar Inclined,USA,Commercial,2021-04-29,,95.59,53.05,548,546,2021,260,LARGE,US,COMMUNICATIONS,LEO,4,True
STARLINK-2029,48320,PAYLOAD,Non-Polar Inclined,USA,Commercial,2021-04-29,,95.59,53.05,548,546,2021,260,LARGE,US,COMMUNICATIONS,LEO,4,True
STARLINK-2457,48321,PAYLOAD,Non-Polar Inclined,USA,Commercial,2021-04-29,,95.59,53.05,548,546,2021,260,LARGE,US,COMMUNICATIONS,LEO,4,True
STARLINK-2518,48333,PAYLOAD,Non-Polar Inclined,USA,Commercial,2021-04-29,,95.59,53.05,548,546,2021,260,LARGE,US,COMMUNICATIONS,LEO,4,True
STARLINK-2626,48363,PAYLOAD,Non-Polar Inclined,USA,Commercial,2021-05-04,,94.37,53.06,491,486,2021,260,LARGE,US,COMMUNICATIONS,LEO,4,True
STARLINK-2631,48366,PAYLOAD,Non-Polar Inclined,USA,Commercial,2021-05-04,,95.59,53.06,548,546,2021,260,LARGE,US,COMMUNICATIONS,LEO,4,True
STARLINK-2621,48370,PAYLOAD,Non-Polar Inclined,USA,Commercial,2021-05-04,,95.59,53.05,548,546,2021,260,LARGE,US,COMMUNICATIONS,LEO,4,True
STARLINK-2604,48374,PAYLOAD,Non-Polar Inclined,USA,Commercial,2021-05-04,,95.59,53.06,548,546,2021,260,LARGE,US,COMMUNICATIONS,LEO,4,True
STARLINK-2603,48375,PAYLOAD,Non-Polar Inclined,USA,Commercial,2021-05-04,,95.59,53.06,548,546,2021,260,LARGE,US,COMMUNICATIONS,LEO,4,True
STARLINK-2601,48384,PAYLOAD,Non-Polar Inclined,USA,Commercial,2021-05-04,2024-05-12,88.25,53.04,192,184,2021,260,LARGE,US,COMMUNICATIONS,LEO,4,False
STARLINK-2586,48390,PAYLOAD,Non-Polar Inclined,USA,Commercial,2021-05-04,,95.59,53.06,548,546,2021,260,LARGE,US,COMMUNICATIONS,LEO,4,True
STARLINK-2573,48394,PAYLOAD,Non-Polar Inclined,USA,Commercial,2021-05-04,2025-01-08,88.27,53.04,192,185,2021,260,LARGE,US,COMMUNICATIONS,LEO,4,False
STARLINK-2592,48408,PAYLOAD,Non-Polar Inclined,USA,Commercial,2021-05-04,,95.59,53.06,549,546,2021,260,LARGE,US,COMMUNICATIONS,LEO,4,True
STARLINK-2729,48430,PAYLOAD,Non-Polar Inclined,USA,Commercial,2021-05-09,2024-05-15,87.7,53.07,178,143,2021,260,LARGE,US,COMMUNICATIONS,LEO,4,False
STARLINK-2699,48433,PAYLOAD,Non-Polar Inclined,USA,Commercial,2021-05-09,,95.59,53.05,548,546,2021,260,LARGE,US,COMMUNICATIONS,LEO,4,True
STARLINK-2633,48435,PAYLOAD,Non-Polar Inclined,USA,Commercial,2021-05-09,,95.59,53.06,548,546,2021,260,LARGE,US,COMMUNICATIONS,LEO,4,True
STARLINK-2639,48436,PAYLOAD,Non-Polar Inclined,USA,Commercial,2021-05-09,,95.59,53.06,548,546,2021,260,LARGE,US,COMMUNICATIONS,LEO,4,True
STARLINK-2703,48452,PAYLOAD,Non-Polar Inclined,USA,Commercial,2021-05-09,,95.59,53.05,548,546,2021,260,LARGE,US,COMMUNICATIONS,LEO,4,True
STARLINK-2582,48460,PAYLOAD,Non-Polar Inclined,USA,Commercial,2021-05-09,,95.07,53.06,523,520,2021,260,LARGE,US,COMMUNICATIONS,LEO,4,True
STARLINK-2683,48462,PAYLOAD,Non-Polar Inclined,USA,Commercial,2021-05-09,,95.59,53.05,549,545,2021,260,LARGE,US,COMMUNICATIONS,LEO,4,True
STARLINK-2659,48467,PAYLOAD,Non-Polar Inclined,USA,Commercial,2021-05-09,,95.59,53.05,548,546,2021,260,LARGE,US,COMMUNICATIONS,LEO,4,True
STARLINK-2525,48482,PAYLOAD,Non-Polar Inclined,USA,Commercial,2021-05-09,,95.59,53.05,548,546,2021,260,LARGE,US,COMMUNICATIONS,LEO,4,True
STARLINK-2500,48485,PAYLOAD,Non-Polar Inclined,USA,Commercial,2021-05-09,,95.59,53.05,548,546,2021,260,LARGE,US,COMMUNICATIONS,LEO,4,True
STARLINK-2496,48486,PAYLOAD,Non-Polar Inclined,USA,Commercial,2021-05-09,2024-08-02,89.72,53.04,270,251,2021,260,LARGE,US,COMMUNICATIONS,LEO,4,False
STARLINK-2187,48562,PAYLOAD,Non-Polar Inclined,USA,Commercial,2021-05-15,,95.59,53.05,548,546,2021,260,LARGE,US,COMMUNICATIONS,LEO,4,True
STARLINK-2188,48563,PAYLOAD,Non-Polar Inclined,USA,Commercial,2021-05-15,,95.59,53.05,548,546,2021,260,LARGE,US,COMMUNICATIONS,LEO,4,True
STARLINK-2224,48573,PAYLOAD,Non-Polar Inclined,USA,Commercial,2021-05-15,,95.59,53.05,549,546,2021,260,LARGE,US,COMMUNICATIONS,LEO,4,True
STARLINK-2225,48574,PAYLOAD,Non-Polar Inclined,USA,Commercial,2021-05-15,,95.59,53.06,548,546,2021,260,LARGE,US,COMMUNICATIONS,LEO,4,True
STARLINK-2231,48577,PAYLOAD,Non-Polar Inclined,USA,Commercial,2021-05-15,,95.59,53.05,548,546,2021,260,LARGE,US,COMMUNICATIONS,LEO,4,True
STARLINK-2232,48578,PAYLOAD,Non-Polar Inclined,USA,Commercial,2021-05-15,,95.59,53.05,548,546,2021,260,LARGE,US,COMMUNICATIONS,LEO,4,True
STARLINK-2234,48580,PAYLOAD,Non-Polar Inclined,USA,Commercial,2021-05-15,,95.59,53.05,548,546,2021,260,LARGE,US,COMMUNICATIONS,LEO,4,True
STARLINK-2244,48588,PAYLOAD,Non-Polar Inclined,USA,Commercial,2021-05-15,2025-01-05,87.1,53.02,132,129,2021,260,LARGE,US,COMMUNICATIONS,LEO,4,False
STARLINK-2249,48592,PAYLOAD,Non-Polar Inclined,USA,Commercial,2021-05-15,,95.59,53.05,548,546,2021,260,LARGE,US,COMMUNICATIONS,LEO,4,True
STARLINK-2251,48594,PAYLOAD,Non-Polar Inclined,USA,Commercial,2021-05-15,,95.59,53.05,548,546,2021,260,LARGE,US,COMMUNICATIONS,LEO,4,True
STARLINK-2255,48597,PAYLOAD,Non-Polar Inclined,USA,Commercial,2021-05-15,,95.59,53.05,548,546,2021,260,LARGE,US,COMMUNICATIONS,LEO,4,True
SBIRS GEO 5 (USA 315),48618,PAYLOAD,,USA,Military,2021-05-18,,1436.09,5.68,35795,35778,2021,4850,LARGE,US,EARTH OBSERVATION,GEO,12,True
STARLINK-2758,48638,PAYLOAD,Non-Polar Inclined,USA,Commercial,2021-05-26,2024-05-25,87.56,53.02,166,142,2021,260,LARGE,US,COMMUNICATIONS,LEO,4,False
STARLINK-2739,48639,PAYLOAD,Non-Polar Inclined,USA,Commercial,2021-05-26,,95.59,53.05,548,546,2021,260,LARGE,US,COMMUNICATIONS,LEO,4,True
STARLINK-2646,48642,PAYLOAD,Non-Polar Inclined,USA,Commercial,2021-05-26,,95.59,53.05,548,546,2021,260,LARGE,US,COMMUNICATIONS,LEO,4,True
STARLINK-2732,48646,PAYLOAD,Non-Polar Inclined,USA,Commercial,2021-05-26,,95.59,53.05,549,546,2021,260,LARGE,US,COMMUNICATIONS,LEO,4,True
STARLINK-2521,48648,PAYLOAD,Non-Polar Inclined,USA,Commercial,2021-05-26,,95.59,53.05,548,546,2021,260,LARGE,US,COMMUNICATIONS,LEO,4,True
STARLINK-2731,48651,PAYLOAD,Non-Polar Inclined,USA,Commercial,2021-05-26,,95.59,53.05,548,547,2021,260,LARGE,US,COMMUNICATIONS,LEO,4,True
STARLINK-2720,48653,PAYLOAD,Non-Polar Inclined,USA,Commercial,2021-05-26,,95.59,53.05,548,546,2021,260,LARGE,US,COMMUNICATIONS,LEO,4,True
STARLINK-2657,48655,PAYLOAD,Non-Polar Inclined,USA,Commercial,2021-05-26,,95.59,53.05,548,546,2021,260,LARGE,US,COMMUNICATIONS,LEO,4,True
STARLINK-2734,48657,PAYLOAD,Non-Polar Inclined,USA,Commercial,2021-05-26,,95.59,53.05,548,546,2021,260,LARGE,US,COMMUNICATIONS,LEO,4,True
STARLINK-2688,48660,PAYLOAD,Non-Polar Inclined,USA,Commercial,2021-05-26,2025-01-08,88.2,53.04,188,183,2021,260,LARGE,US,COMMUNICATIONS,LEO,4,False
STARLINK-2648,48679,PAYLOAD,Non-Polar Inclined,USA,Commercial,2021-05-26,,95.59,53.05,548,546,2021,260,LARGE,US,COMMUNICATIONS,LEO,4,True
STARLINK-2725,48681,PAYLOAD,Non-Polar Inclined,USA,Commercial,2021-05-26,,95.59,53.05,548,546,2021,260,LARGE,US,COMMUNICATIONS,LEO,4,True
STARLINK-2627,48687,PAYLOAD,Non-Polar Inclined,USA,Commercial,2021-05-26,,95.59,53.06,548,546,2021,260,LARGE,US,COMMUNICATIONS,LEO,4,True
STARLINK-2742,48688,PAYLOAD,Non-Polar Inclined,USA,Commercial,2021-05-26,,95.59,53.05,548,546,2021,260,LARGE,US,COMMUNICATIONS,LEO,4,True
STARLINK-2715,48697,PAYLOAD,Non-Polar Inclined,USA,Commercial,2021-05-26,2024-08-11,91.18,53.02,336,329,2021,260,LARGE,US,COMMUNICATIONS,LEO,4,False
ONEWEB-0242,48772,PAYLOAD,Polar,United Kingdom,Commercial,2021-05-28,,109.46,87.91,1203,1200,2021,148,LARGE,UK,COMMUNICATIONS,LEO,5,True
ONEWEB-0231,48782,PAYLOAD,Polar,United Kingdom,Commercial,2021-05-28,,109.46,87.91,1203,1200,2021,148,LARGE,UK,COMMUNICATIONS,LEO,5,True
ONEWEB-0210,48787,PAYLOAD,Polar,United Kingdom,Commercial,2021-05-28,,109.46,87.91,1203,1200,2021,148,LARGE,UK,COMMUNICATIONS,LEO,5,True
ONEWEB-0227,48792,PAYLOAD,Polar,United Kingdom,Commercial,2021-05-28,,109.46,87.91,1204,1200,2021,148,MEDIUM,UK,COMMUNICATIONS,LEO,5,True
ONEWEB-0224,48794,PAYLOAD,Polar,United Kingdom,Commercial,2021-05-28,,109.46,87.91,1202,1201,2021,148,LARGE,UK,COMMUNICATIONS,LEO,5,True
ONEWEB-0233,48795,PAYLOAD,Polar,United Kingdom,Commercial,2021-05-28,,109.46,87.91,1203,1201,2021,148,LARGE,UK,COMMUNICATIONS,LEO,5,True
ONEWEB-0190,48796,PAYLOAD,Polar,United Kingdom,Commercial,2021-05-28,,109.46,87.91,1202,1201,2021,148,LARGE,UK,COMMUNICATIONS,LEO,5,True
SPACEBEE-102,48886,PAYLOAD,Sun-Synchronous,USA,Commercial,2021-06-30,2024-03-28,87.38,97.58,153,136,2021,2,SMALL,US,COMMUNICATIONS,LEO,2,False
SPACEBEE-104,48890,PAYLOAD,Sun-Synchronous,USA,Commercial,2021-06-30,2024-03-09,87.66,97.59,166,151,2021,2,SMALL,US,COMMUNICATIONS,LEO,2,False
SPACEBEENZ-8,48891,PAYLOAD,Sun-Synchronous,USA,Commercial,2021-06-30,2023-09-19,87.95,97.57,183,163,2021,2,SMALL,NZ,COMMUNICATIONS,LEO,2,False
SPACEBEE-105,48896,PAYLOAD,Sun-Synchronous,USA,Commercial,2021-06-30,2024-03-12,87.57,97.58,162,146,2021,2,MEDIUM,US,COMMUNICATIONS,LEO,2,False
ONEWEB-0250,48968,PAYLOAD,Polar,United Kingdom,Commercial,2021-07-01,,108.62,87.9,1164,1162,2021,148,LARGE,UK,COMMUNICATIONS,LEO,5,True
ONEWEB-0257,48975,PAYLOAD,Polar,United Kingdom,Commercial,2021-07-01,,109.37,87.9,1199,1197,2021,148,LARGE,UK,COMMUNICATIONS,LEO,5,True
ONEWEB-0258,48976,PAYLOAD,Polar,United Kingdom,Commercial,2021-07-01,,109.37,87.9,1199,1196,2021,148,LARGE,UK,COMMUNICATIONS,LEO,5,True
ONEWEB-0259,48977,PAYLOAD,Polar,United Kingdom,Commercial,2021-07-01,,109.37,87.9,1199,1197,2021,148,LARGE,UK,COMMUNICATIONS,LEO,5,True
ONEWEB-0260,48978,PAYLOAD,Polar,United Kingdom,Commercial,2021-07-01,,109.37,87.9,1199,1196,2021,148,LARGE,UK,COMMUNICATIONS,LEO,5,True
ONEWEB-0263,48981,PAYLOAD,Polar,United Kingdom,Commercial,2021-07-01,,109.37,87.9,1199,1197,2021,148,LARGE,UK,COMMUNICATIONS,LEO,5,True
ONEWEB-0264,48982,PAYLOAD,Polar,United Kingdom,Commercial,2021-07-01,,109.37,87.9,1199,1196,2021,148,LARGE,UK,COMMUNICATIONS,LEO,5,True
ONEWEB-0266,48984,PAYLOAD,Polar,United Kingdom,Commercial,2021-07-01,,109.37,87.9,1199,1197,2021,148,LARGE,UK,COMMUNICATIONS,LEO,5,True
ONEWEB-0273,48991,PAYLOAD,Polar,United Kingdom,Commercial,2021-07-01,,109.37,87.9,1199,1197,2021,148,MEDIUM,UK,COMMUNICATIONS,LEO,5,True
ONEWEB-0278,48996,PAYLOAD,Polar,United Kingdom,Commercial,2021-07-01,,109.37,87.9,1199,1197,2021,148,LARGE,UK,COMMUNICATIONS,LEO,5,True
ONEWEB-0283,49001,PAYLOAD,Polar,United Kingdom,Commercial,2021-07-01,,109.37,87.9,1199,1197,2021,148,LARGE,UK,COMMUNICATIONS,LEO,5,True
EUTELSAT QUANTUM,49056,PAYLOAD,,Multinational,Commercial,2021-07-30,,1436.12,0.03,35792,35782,2021,3461,LARGE,EUTE,COMMUNICATIONS,GEO,15,True
ONEWEB-0285,49075,PAYLOAD,Polar,United Kingdom,Commercial,2021-08-21,,109.72,87.89,1215,1212,2021,148,MEDIUM,UK,COMMUNICATIONS,LEO,5,True
ONEWEB-0296,49085,PAYLOAD,Polar,United Kingdom,Commercial,2021-08-21,,109.72,87.89,1215,1212,2021,148,LARGE,UK,COMMUNICATIONS,LEO,5,True
ONEWEB-0298,49087,PAYLOAD,Polar,United Kingdom,Commercial,2021-08-21,,109.29,87.9,1195,1192,2021,148,LARGE,UK,COMMUNICATIONS,LEO,5,True
ONEWEB-0305,49093,PAYLOAD,Polar,United Kingdom,Commercial,2021-08-21,,109.29,87.9,1196,1192,2021,148,LARGE,UK,COMMUNICATIONS,LEO,5,True
ONEWEB-0314,49100,PAYLOAD,Polar,United Kingdom,Commercial,2021-08-21,,109.29,87.9,1195,1192,2021,148,LARGE,UK,COMMUNICATIONS,LEO,5,True
ONEWEB-0317,49103,PAYLOAD,Polar,United Kingdom,Commercial,2021-08-21,,109.72,87.88,1215,1213,2021,148,LARGE,UK,COMMUNICATIONS,LEO,5,True
ONEWEB-0318,49104,PAYLOAD,Polar,United Kingdom,Commercial,2021-08-21,,109.2,87.91,1191,1188,2021,148,LARGE,UK,COMMUNICATIONS,LEO,5,True
ONEWEB-0323,49106,PAYLOAD,Polar,United Kingdom,Commercial,2021-08-21,,109.72,87.88,1216,1212,2021,148,MEDIUM,UK,COMMUNICATIONS,LEO,5,True
GAOFEN-5 02,49122,PAYLOAD,Sun-Synchronous,China,Government,2021-09-07,,98.78,98.14,702,698,2021,4200,LARGE,PRC,EARTH OBSERVATION,LEO,8,True
STARLINK-3096,49131,PAYLOAD,Polar,USA,Commercial,2021-09-14,,96.11,70,573,571,2021,260,LARGE,US,COMMUNICATIONS,LEO,4,True
STARLINK-3073,49135,PAYLOAD,Polar,USA,Commercial,2021-09-14,,96.11,70,574,570,2021,260,LARGE,US,COMMUNICATIONS,LEO,4,True
STARLINK-3118,49140,PAYLOAD,Polar,USA,Commercial,2021-09-14,2024-10-07,87.46,69.97,155,142,2021,260,LARGE,US,COMMUNICATIONS,LEO,4,False
STARLINK-3109,49143,PAYLOAD,Polar,USA,Commercial,2021-09-14,,96.1,70,574,570,2021,260,LARGE,US,COMMUNICATIONS,LEO,4,True
STARLINK-3100,49144,PAYLOAD,Polar,USA,Commercial,2021-09-14,,96.1,70,574,570,2021,260,LARGE,US,COMMUNICATIONS,LEO,4,True
STARLINK-3081,49152,PAYLOAD,Polar,USA,Commercial,2021-09-14,2025-04-15,88.01,69.96,185,167,2021,260,LARGE,US,COMMUNICATIONS,LEO,4,False
STARLINK-3083,49158,PAYLOAD,Polar,USA,Commercial,2021-09-14,,94.06,69.98,475,471,2021,260,LARGE,US,COMMUNICATIONS,LEO,4,True
STARLINK-3086,49178,PAYLOAD,Polar,USA,Commercial,2021-09-14,,96.11,70,574,570,2021,260,LARGE,US,COMMUNICATIONS,LEO,4,True
STARLINK-3059,49181,PAYLOAD,Polar,USA,Commercial,2021-09-14,,96.11,70,574,570,2021,260,LARGE,US,COMMUNICATIONS,LEO,4,True
ONEWEB-0306,49188,PAYLOAD,Polar,United Kingdom,Commercial,2021-09-14,,109.2,87.91,1191,1188,2021,148,LARGE,UK,COMMUNICATIONS,LEO,5,True
ONEWEB-0307,49189,PAYLOAD,Polar,United Kingdom,Commercial,2021-09-14,,109.63,87.9,1211,1209,2021,148,LARGE,UK,COMMUNICATIONS,LEO,5,True
ONEWEB-0324,49193,PAYLOAD,Polar,United Kingdom,Commercial,2021-09-14,,109.2,87.91,1191,1188,2021,148,LARGE,UK,COMMUNICATIONS,LEO,5,True
ONEWEB-0336,49202,PAYLOAD,Polar,United Kingdom,Commercial,2021-09-14,,109.63,87.9,1211,1208,2021,148,LARGE,UK,COMMUNICATIONS,LEO,5,True
ONEWEB-0343,49209,PAYLOAD,Polar,United Kingdom,Commercial,2021-09-14,,109.2,87.91,1191,1189,2021,148,LARGE,UK,COMMUNICATIONS,LEO,5,True
ONEWEB-0345,49211,PAYLOAD,Polar,United Kingdom,Commercial,2021-09-14,,109.63,87.9,1211,1208,2021,148,MEDIUM,UK,COMMUNICATIONS,LEO,5,True
ONEWEB-0351,49215,PAYLOAD,Polar,United Kingdom,Commercial,2021-09-14,,109.03,87.93,1183,1181,2021,148,LARGE,UK,COMMUNICATIONS,LEO,5,True
ONEWEB-0355,49218,PAYLOAD,Polar,United Kingdom,Commercial,2021-09-14,,109.63,87.9,1211,1208,2021,148,LARGE,UK,COMMUNICATIONS,LEO,5,True
LANDSAT 9,49260,PAYLOAD,Sun-Synchronous,USA,Government,2021-09-27,,98.82,98.19,703,702,2021,2710,LARGE,US,EARTH OBSERVATION,LEO,5,True
ONEWEB-0359,49285,PAYLOAD,Polar,United Kingdom,Commercial,2021-10-14,,109.03,87.93,1183,1180,2021,148,LARGE,UK,COMMUNICATIONS,LEO,5,True
ONEWEB-0363,49289,PAYLOAD,Polar,United Kingdom,Commercial,2021-10-14,,109.03,87.93,1183,1180,2021,148,LARGE,UK,COMMUNICATIONS,LEO,5,True
ONEWEB-0365,49291,PAYLOAD,Polar,United Kingdom,Commercial,2021-10-14,,109.11,87.93,1187,1184,2021,148,LARGE,UK,COMMUNICATIONS,LEO,5,True
ONEWEB-0368,49294,PAYLOAD,Polar,United Kingdom,Commercial,2021-10-14,,109.03,87.93,1184,1180,2021,148,MEDIUM,UK,COMMUNICATIONS,LEO,5,True
ONEWEB-0372,49298,PAYLOAD,Polar,United Kingdom,Commercial,2021-10-14,,109.03,87.93,1183,1180,2021,148,MEDIUM,UK,COMMUNICATIONS,LEO,5,True
ONEWEB-0374,49300,PAYLOAD,Polar,United Kingdom,Commercial,2021-10-14,,109.55,87.91,1208,1204,2021,148,LARGE,UK,COMMUNICATIONS,LEO,5,True
ONEWEB-0378,49304,PAYLOAD,Polar,United Kingdom,Commercial,2021-10-14,,109.03,87.93,1183,1180,2021,148,LARGE,UK,COMMUNICATIONS,LEO,5,True
ONEWEB-0385,49311,PAYLOAD,Polar,United Kingdom,Commercial,2021-10-14,,109.03,87.93,1183,1180,2021,148,LARGE,UK,COMMUNICATIONS,LEO,5,True
ONEWEB-0386,49312,PAYLOAD,Polar,United Kingdom,Commercial,2021-10-14,,109.03,87.93,1184,1180,2021,148,LARGE,UK,COMMUNICATIONS,LEO,5,True
STARLINK-3151,49408,PAYLOAD,Non-Polar Inclined,USA,Commercial,2021-11-13,,95.44,53.22,541,539,2021,260,LARGE,US,COMMUNICATIONS,LEO,4,True
STARLINK-3146,49414,PAYLOAD,Non-Polar Inclined,USA,Commercial,2021-11-13,,95.44,53.22,541,539,2021,260,LARGE,US,COMMUNICATIONS,LEO,4,True
STARLINK-3154,49417,PAYLOAD,Non-Polar Inclined,USA,Commercial,2021-11-13,,95.44,53.22,541,539,2021,260,LARGE,US,COMMUNICATIONS,LEO,4,True
STARLINK-3135,49424,PAYLOAD,Non-Polar Inclined,USA,Commercial,2021-11-13,,95.44,53.22,541,539,2021,260,LARGE,US,COMMUNICATIONS,LEO,4,True
STARLINK-3139,49425,PAYLOAD,Non-Polar Inclined,USA,Commercial,2021-11-13,,95.44,53.22,541,539,2021,260,LARGE,US,COMMUNICATIONS,LEO,4,True
STARLINK-3105,49440,PAYLOAD,Non-Polar Inclined,USA,Commercial,2021-11-13,,95.44,53.22,541,539,2021,260,LARGE,US,COMMUNICATIONS,LEO,4,True
STARLINK-3125,49451,PAYLOAD,Non-Polar Inclined,USA,Commercial,2021-11-13,,95.44,53.22,541,539,2021,260,LARGE,US,COMMUNICATIONS,LEO,4,True
STARLINK-3124,49456,PAYLOAD,Non-Polar Inclined,USA,Commercial,2021-11-13,,95.44,53.22,541,538,2021,260,LARGE,US,COMMUNICATIONS,LEO,4,True
STARLINK-3140,49460,PAYLOAD,Non-Polar Inclined,USA,Commercial,2021-11-13,,95.44,53.22,541,539,2021,260,LARGE,US,COMMUNICATIONS,LEO,4,True
STARLINK-3240,49728,PAYLOAD,Non-Polar Inclined,USA,Commercial,2021-12-02,,95.44,53.22,541,539,2021,260,LARGE,US,COMMUNICATIONS,LEO,4,True
STARLINK-3251,49729,PAYLOAD,Non-Polar Inclined,USA,Commercial,2021-12-02,,95.44,53.22,541,539,2021,260,LARGE,US,COMMUNICATIONS,LEO,4,True
STARLINK-3239,49743,PAYLOAD,Non-Polar Inclined,USA,Commercial,2021-12-02,,95.44,53.22,541,539,2021,260,LARGE,US,COMMUNICATIONS,LEO,4,True
STARLINK-3231,49744,PAYLOAD,Non-Polar Inclined,USA,Commercial,2021-12-02,,95.44,53.22,541,539,2021,260,LARGE,US,COMMUNICATIONS,LEO,4,True
STARLINK-3241,49745,PAYLOAD,Non-Polar Inclined,USA,Commercial,2021-12-02,,95.44,53.22,541,539,2021,260,LARGE,US,COMMUNICATIONS,LEO,4,True
STARLINK-3250,49749,PAYLOAD,Non-Polar Inclined,USA,Commercial,2021-12-02,,95.44,53.22,541,539,2021,260,LARGE,US,COMMUNICATIONS,LEO,4,True
STARLINK-3193,49754,PAYLOAD,Non-Polar Inclined,USA,Commercial,2021-12-02,,95.44,53.22,541,539,2021,260,LARGE,US,COMMUNICATIONS,LEO,4,True
STARLINK-3196,49768,PAYLOAD,Non-Polar Inclined,USA,Commercial,2021-12-02,,95.44,53.22,541,539,2021,260,LARGE,US,COMMUNICATIONS,LEO,4,True
GALILEO 27 (223),49809,PAYLOAD,Non-Polar Inclined,ESA,Commercial,2021-12-05,,844.7,57.27,23224,23220,2021,733,LARGE,ESA,NAVIGATION/GLOBAL POSITIONING,MEO,12,True
EXPRESS AMU-7,50001,PAYLOAD,,Russia,Commercial,2021-12-13,,1436.11,0.02,35788,35786,2021,2150,LARGE,CIS,COMMUNICATIONS,GEO,15,True
EXPRESS AMU-3,50002,PAYLOAD,,Russia,Commercial,2021-12-13,,1436.12,0.02,35789,35785,2021,1980,LARGE,CIS,COMMUNICATIONS,GEO,15,True
STARLINK-3309,50158,PAYLOAD,Non-Polar Inclined,USA,Commercial,2021-12-18,,95.44,53.22,541,539,2021,260,LARGE,US,COMMUNICATIONS,LEO,4,True
STARLINK-3287,50172,PAYLOAD,Non-Polar Inclined,USA,Commercial,2021-12-18,,95.44,53.22,540,539,2021,260,LARGE,US,COMMUNICATIONS,LEO,4,True
STARLINK-3284,50178,PAYLOAD,Non-Polar Inclined,USA,Commercial,2021-12-18,,95.44,53.22,541,539,2021,260,LARGE,US,COMMUNICATIONS,LEO,4,True
STARLINK-3265,50180,PAYLOAD,Non-Polar Inclined,USA,Commercial,2021-12-18,,95.44,53.22,541,539,2021,260,LARGE,US,COMMUNICATIONS,LEO,4,True
STARLINK-3266,50195,PAYLOAD,Non-Polar Inclined,USA,Commercial,2021-12-18,,95.44,53.22,541,539,2021,260,LARGE,US,COMMUNICATIONS,LEO,4,True
STARLINK-3254,50204,PAYLOAD,Non-Polar Inclined,USA,Commercial,2021-12-18,,95.44,53.22,541,539,2021,260,LARGE,US,COMMUNICATIONS,LEO,4,True
STARLINK-3260,50205,PAYLOAD,Non-Polar Inclined,USA,Commercial,2021-12-18,,95.44,53.22,541,539,2021,260,LARGE,US,COMMUNICATIONS,LEO,4,True
STARLINK-3258,50206,PAYLOAD,Non-Polar Inclined,USA,Commercial,2021-12-18,,95.44,53.22,541,539,2021,260,LARGE,US,COMMUNICATIONS,LEO,4,True
TURKSAT 5B,50212,PAYLOAD,,Turkey,Commercial,2021-12-19,,1436.11,0.08,35806,35767,2021,4500,LARGE,TURK,COMMUNICATIONS,GEO,15,True
ONEWEB-0389,50469,PAYLOAD,Polar,United Kingdom,Commercial,2021-12-27,,109.29,87.9,1196,1192,2021,148,LARGE,UK,COMMUNICATIONS,LEO,5,True
ONEWEB-0392,50472,PAYLOAD,Polar,United Kingdom,Commercial,2021-12-27,,109.29,87.9,1196,1192,2021,148,LARGE,UK,COMMUNICATIONS,LEO,5,True
ONEWEB-0400,50480,PAYLOAD,Polar,United Kingdom,Commercial,2021-12-27,,109.2,87.91,1191,1188,2021,148,LARGE,UK,COMMUNICATIONS,LEO,5,True
ONEWEB-0412,50489,PAYLOAD,Polar,United Kingdom,Commercial,2021-12-27,,109.2,87.91,1192,1188,2021,148,LARGE,UK,COMMUNICATIONS,LEO,5,True
ONEWEB-0421,50496,PAYLOAD,Polar,United Kingdom,Commercial,2021-12-27,,109.2,87.91,1191,1188,2021,148,LARGE,UK,COMMUNICATIONS,LEO,5,True
ONEWEB-0424,50497,PAYLOAD,Polar,United Kingdom,Commercial,2021-12-27,,109.2,87.91,1191,1188,2021,148,LARGE,UK,COMMUNICATIONS,LEO,5,True
STARLINK-3321,50803,PAYLOAD,Non-Polar Inclined,USA,Commercial,2022-01-06,2025-02-03,87.42,53.19,148,145,2022,260,LARGE,US,COMMUNICATIONS,LEO,4,False
STARLINK-3335,50806,PAYLOAD,Non-Polar Inclined,USA,Commercial,2022-01-06,,95.44,53.22,541,539,2022,260,LARGE,US,COMMUNICATIONS,LEO,4,True
STARLINK-3347,50811,PAYLOAD,Non-Polar Inclined,USA,Commercial,2022-01-06,2024-12-26,87.25,53.19,140,136,2022,260,LARGE,US,COMMUNICATIONS,LEO,4,False
STARLINK-3341,50817,PAYLOAD,Non-Polar Inclined,USA,Commercial,2022-01-06,,95.44,53.22,541,539,2022,260,LARGE,US,COMMUNICATIONS,LEO,4,True
STARLINK-3336,50818,PAYLOAD,Non-Polar Inclined,USA,Commercial,2022-01-06,,95.44,53.22,541,539,2022,260,LARGE,US,COMMUNICATIONS,LEO,4,True
STARLINK-3339,50820,PAYLOAD,Non-Polar Inclined,USA,Commercial,2022-01-06,,95.44,53.22,541,539,2022,260,LARGE,US,COMMUNICATIONS,LEO,4,True
STARLINK-3343,50822,PAYLOAD,Non-Polar Inclined,USA,Commercial,2022-01-06,,95.44,53.22,541,539,2022,260,LARGE,US,COMMUNICATIONS,LEO,4,True
STARLINK-3340,50824,PAYLOAD,Non-Polar Inclined,USA,Commercial,2022-01-06,2024-09-23,87.71,53.19,169,154,2022,260,LARGE,US,COMMUNICATIONS,LEO,4,False
STARLINK-3320,50839,PAYLOAD,Non-Polar Inclined,USA,Commercial,2022-01-06,,95.44,53.22,541,539,2022,260,LARGE,US,COMMUNICATIONS,LEO,4,True
STARLINK-3300,50841,PAYLOAD,Non-Polar Inclined,USA,Commercial,2022-01-06,,95.44,53.22,541,539,2022,260,LARGE,US,COMMUNICATIONS,LEO,4,True
STARLINK-3302,50842,PAYLOAD,Non-Polar Inclined,USA,Commercial,2022-01-06,,95.44,53.22,540,539,2022,260,LARGE,US,COMMUNICATIONS,LEO,4,True
STARLINK-3308,50846,PAYLOAD,Non-Polar Inclined,USA,Commercial,2022-01-06,,95.44,53.22,541,539,2022,260,LARGE,US,COMMUNICATIONS,LEO,4,True
STARLINK-3319,50847,PAYLOAD,Non-Polar Inclined,USA,Commercial,2022-01-06,2024-12-19,87.34,53.2,144,141,2022,260,LARGE,US,COMMUNICATIONS,LEO,4,False
STARLINK-3312,50850,PAYLOAD,Non-Polar Inclined,USA,Commercial,2022-01-06,,95.44,53.22,541,539,2022,260,LARGE,US,COMMUNICATIONS,LEO,4,True
FLOCK 4X 8,50992,PAYLOAD,Sun-Synchronous,USA,Commercial,2022-01-13,2024-11-05,87.51,97.35,159,144,2022,5.7,SMALL,US,EARTH OBSERVATION,LEO,3,False
FLOCK 4X 3,51006,PAYLOAD,Sun-Synchronous,USA,Commercial,2022-01-13,2024-10-20,87.89,97.35,179,161,2022,6,MEDIUM,US,EARTH OBSERVATION,LEO,3,False
FLOCK 4X 42,51018,PAYLOAD,Sun-Synchronous,USA,Commercial,2022-01-13,2024-08-21,91.57,97.37,356,347,2022,6,SMALL,US,EARTH OBSERVATION,LEO,3,False
FLOCK 4X 14,51066,PAYLOAD,Sun-Synchronous,USA,Commercial,2022-01-13,2024-08-06,90.33,97.37,298,283,2022,6,SMALL,US,EARTH OBSERVATION,LEO,3,False
STARLINK-3358,51109,PAYLOAD,Non-Polar Inclined,USA,Commercial,2022-01-19,,95.44,53.22,541,539,2022,260,LARGE,US,COMMUNICATIONS,LEO,4,True
STARLINK-3344,51110,PAYLOAD,Non-Polar Inclined,USA,Commercial,2022-01-19,,95.44,53.22,541,539,2022,260,LARGE,US,COMMUNICATIONS,LEO,4,True
STARLINK-3173,51111,PAYLOAD,Non-Polar Inclined,USA,Commercial,2022-01-19,,95.44,53.22,541,539,2022,260,LARGE,US,COMMUNICATIONS,LEO,4,True
STARLINK-3397,51115,PAYLOAD,Non-Polar Inclined,USA,Commercial,2022-01-19,,95.44,53.22,541,539,2022,260,LARGE,US,COMMUNICATIONS,LEO,4,True
STARLINK-3394,51118,PAYLOAD,Non-Polar Inclined,USA,Commercial,2022-01-19,,95.43,53.22,540,539,2022,260,LARGE,US,COMMUNICATIONS,LEO,4,True
STARLINK-3390,51119,PAYLOAD,Non-Polar Inclined,USA,Commercial,2022-01-19,2024-07-27,87.67,53.2,164,154,2022,260,LARGE,US,COMMUNICATIONS,LEO,4,False
STARLINK-3399,51121,PAYLOAD,Non-Polar Inclined,USA,Commercial,2022-01-19,,95.44,53.22,541,539,2022,260,LARGE,US,COMMUNICATIONS,LEO,4,True
STARLINK-3370,51127,PAYLOAD,Non-Polar Inclined,USA,Commercial,2022-01-19,,95.44,53.22,541,539,2022,260,LARGE,US,COMMUNICATIONS,LEO,4,True
STARLINK-3363,51135,PAYLOAD,Non-Polar Inclined,USA,Commercial,2022-01-19,,95.44,53.22,541,539,2022,260,LARGE,US,COMMUNICATIONS,LEO,4,True
STARLINK-3172,51139,PAYLOAD,Non-Polar Inclined,USA,Commercial,2022-01-19,,95.44,53.22,541,539,2022,260,LARGE,US,COMMUNICATIONS,LEO,4,True
STARLINK-3179,51141,PAYLOAD,Non-Polar Inclined,USA,Commercial,2022-01-19,,95.44,53.22,541,539,2022,260,LARGE,US,COMMUNICATIONS,LEO,4,True
STARLINK-3185,51144,PAYLOAD,Non-Polar Inclined,USA,Commercial,2022-01-19,,95.44,53.22,541,539,2022,260,LARGE,US,COMMUNICATIONS,LEO,4,True
STARLINK-3364,51152,PAYLOAD,Non-Polar Inclined,USA,Commercial,2022-01-19,,95.44,53.22,541,539,2022,260,LARGE,US,COMMUNICATIONS,LEO,4,True
STARLINK-3415,51472,PAYLOAD,Non-Polar Inclined,USA,Commercial,2022-02-03,,95.44,53.22,541,539,2022,260,LARGE,US,COMMUNICATIONS,LEO,4,True
ONEWEB-0442,51636,PAYLOAD,Polar,United Kingdom,Commercial,2022-02-10,,109.29,87.9,1196,1191,2022,148,LARGE,UK,COMMUNICATIONS,LEO,5,True
ONEWEB-0448,51641,PAYLOAD,Polar,United Kingdom,Commercial,2022-02-10,,109.89,87.88,1223,1220,2022,148,LARGE,UK,COMMUNICATIONS,LEO,5,True
EOS-4,51656,PAYLOAD,Sun-Synchronous,India,Government,2022-02-14,,95.19,97.51,529,526,2022,1710,LARGE,IND,EARTH OBSERVATION,LEO,10,True
STARLINK-3527,51726,PAYLOAD,Non-Polar Inclined,USA,Commercial,2022-02-21,,95.44,53.22,542,537,2022,260,LARGE,US,COMMUNICATIONS,LEO,4,True
STARLINK-3448,51728,PAYLOAD,Non-Polar Inclined,USA,Commercial,2022-02-21,2025-04-16,89.4,53.65,400,89,2022,260,LARGE,US,COMMUNICATIONS,LEO,4,False
STARLINK-3523,51729,PAYLOAD,Non-Polar Inclined,USA,Commercial,2022-02-21,,95.44,53.22,541,538,2022,260,LARGE,US,COMMUNICATIONS,LEO,4,True
STARLINK-3514,51731,PAYLOAD,Non-Polar Inclined,USA,Commercial,2022-02-21,,95.44,53.22,541,539,2022,260,LARGE,US,COMMUNICATIONS,LEO,4,True
STARLINK-3450,51734,PAYLOAD,Non-Polar Inclined,USA,Commercial,2022-02-21,,95.44,53.22,541,538,2022,260,LARGE,US,COMMUNICATIONS,LEO,4,True
STARLINK-3452,51744,PAYLOAD,Non-Polar Inclined,USA,Commercial,2022-02-21,,95.44,53.22,541,539,2022,260,LARGE,US,COMMUNICATIONS,LEO,4,True
STARLINK-3511,51752,PAYLOAD,Non-Polar Inclined,USA,Commercial,2022-02-21,,95.44,53.22,541,539,2022,260,LARGE,US,COMMUNICATIONS,LEO,4,True
STARLINK-3460,51755,PAYLOAD,Non-Polar Inclined,USA,Commercial,2022-02-21,,95.44,53.22,541,539,2022,260,LARGE,US,COMMUNICATIONS,LEO,4,True
STARLINK-3513,51756,PAYLOAD,Non-Polar Inclined,USA,Commercial,2022-02-21,,95.44,53.22,541,539,2022,260,LARGE,US,COMMUNICATIONS,LEO,4,True
STARLINK-3458,51758,PAYLOAD,Non-Polar Inclined,USA,Commercial,2022-02-21,,95.44,53.22,541,539,2022,260,LARGE,US,COMMUNICATIONS,LEO,4,True
STARLINK-3621,51769,PAYLOAD,Non-Polar Inclined,USA,Commercial,2022-02-25,,95.44,53.22,540,539,2022,260,LARGE,US,COMMUNICATIONS,LEO,4,True
STARLINK-3629,51774,PAYLOAD,Non-Polar Inclined,USA,Commercial,2022-02-25,,95.44,53.22,541,539,2022,260,LARGE,US,COMMUNICATIONS,LEO,4,True
STARLINK-3628,51783,PAYLOAD,Non-Polar Inclined,USA,Commercial,2022-02-25,,95.44,53.22,541,539,2022,260,LARGE,US,COMMUNICATIONS,LEO,4,True
STARLINK-3632,51784,PAYLOAD,Non-Polar Inclined,USA,Commercial,2022-02-25,,95.44,53.22,541,539,2022,260,LARGE,US,COMMUNICATIONS,LEO,4,True
STARLINK-3646,51785,PAYLOAD,Non-Polar Inclined,USA,Commercial,2022-02-25,,95.44,53.22,540,539,2022,260,LARGE,US,COMMUNICATIONS,LEO,4,True
STARLINK-3619,51787,PAYLOAD,Non-Polar Inclined,USA,Commercial,2022-02-25,,95.44,53.22,541,539,2022,260,LARGE,US,COMMUNICATIONS,LEO,4,True
STARLINK-3639,51789,PAYLOAD,Non-Polar Inclined,USA,Commercial,2022-02-25,,95.44,53.22,540,539,2022,260,LARGE,US,COMMUNICATIONS,LEO,4,True
STARLINK-3573,51794,PAYLOAD,Non-Polar Inclined,USA,Commercial,2022-02-25,,95.44,53.22,541,539,2022,260,LARGE,US,COMMUNICATIONS,LEO,4,True
STARLINK-3586,51795,PAYLOAD,Non-Polar Inclined,USA,Commercial,2022-02-25,,95.44,53.22,541,539,2022,260,LARGE,US,COMMUNICATIONS,LEO,4,True
STARLINK-3630,51796,PAYLOAD,Non-Polar Inclined,USA,Commercial,2022-02-25,2024-08-29,89.66,53.21,259,257,2022,260,LARGE,US,COMMUNICATIONS,LEO,4,False
STARLINK-3592,51801,PAYLOAD,Non-Polar Inclined,USA,Commercial,2022-02-25,,95.44,53.22,541,539,2022,260,LARGE,US,COMMUNICATIONS,LEO,4,True
STARLINK-3544,51803,PAYLOAD,Non-Polar Inclined,USA,Commercial,2022-02-25,,95.44,53.22,541,539,2022,260,LARGE,US,COMMUNICATIONS,LEO,4,True
STARLINK-3605,51805,PAYLOAD,Non-Polar Inclined,USA,Commercial,2022-02-25,,95.44,53.22,541,539,2022,260,LARGE,US,COMMUNICATIONS,LEO,4,True
STARLINK-3609,51808,PAYLOAD,Non-Polar Inclined,USA,Commercial,2022-02-25,,95.44,53.22,541,539,2022,260,LARGE,US,COMMUNICATIONS,LEO,4,True
STARLINK-3613,51810,PAYLOAD,Non-Polar Inclined,USA,Commercial,2022-02-25,,95.44,53.22,541,538,2022,260,LARGE,US,COMMUNICATIONS,LEO,4,True
STARLINK-3599,51814,PAYLOAD,Non-Polar Inclined,USA,Commercial,2022-02-25,,95.44,53.22,541,539,2022,260,LARGE,US,COMMUNICATIONS,LEO,4,True
STARLINK-3604,51815,PAYLOAD,Non-Polar Inclined,USA,Commercial,2022-02-25,,95.44,53.22,541,538,2022,260,LARGE,US,COMMUNICATIONS,LEO,4,True
STARLINK-3560,51859,PAYLOAD,Non-Polar Inclined,USA,Commercial,2022-03-03,,95.44,53.22,541,539,2022,260,LARGE,US,COMMUNICATIONS,LEO,4,True
STARLINK-3548,51864,PAYLOAD,Non-Polar Inclined,USA,Commercial,2022-03-03,,95.44,53.22,541,539,2022,260,LARGE,US,COMMUNICATIONS,LEO,4,True
STARLINK-3591,51870,PAYLOAD,Non-Polar Inclined,USA,Commercial,2022-03-03,,95.44,53.22,541,539,2022,260,LARGE,US,COMMUNICATIONS,LEO,4,True
STARLINK-3566,51880,PAYLOAD,Non-Polar Inclined,USA,Commercial,2022-03-03,,95.44,53.22,541,539,2022,260,LARGE,US,COMMUNICATIONS,LEO,4,True
STARLINK-3576,51883,PAYLOAD,Non-Polar Inclined,USA,Commercial,2022-03-03,,95.44,53.22,541,539,2022,260,LARGE,US,COMMUNICATIONS,LEO,4,True
STARLINK-3584,51885,PAYLOAD,Non-Polar Inclined,USA,Commercial,2022-03-03,,95.44,53.22,541,539,2022,260,LARGE,US,COMMUNICATIONS,LEO,4,True
STARLINK-3565,51886,PAYLOAD,Non-Polar Inclined,USA,Commercial,2022-03-03,,95.44,53.22,541,539,2022,260,LARGE,US,COMMUNICATIONS,LEO,4,True
STARLINK-3547,51889,PAYLOAD,Non-Polar Inclined,USA,Commercial,2022-03-03,,95.44,53.22,541,539,2022,260,LARGE,US,COMMUNICATIONS,LEO,4,True
STARLINK-3689,51961,PAYLOAD,Non-Polar Inclined,USA,Commercial,2022-03-09,2025-01-11,87.36,53.03,145,142,2022,260,LARGE,US,COMMUNICATIONS,LEO,4,False
STARLINK-3675,51963,PAYLOAD,Non-Polar Inclined,USA,Commercial,2022-03-09,,95.59,53.06,549,546,2022,260,LARGE,US,COMMUNICATIONS,LEO,4,True
STARLINK-3690,51964,PAYLOAD,Non-Polar Inclined,USA,Commercial,2022-03-09,,95.59,53.06,548,546,2022,260,LARGE,US,COMMUNICATIONS,LEO,4,True
STARLINK-3655,51983,PAYLOAD,Non-Polar Inclined,USA,Commercial,2022-03-09,,95.44,53.22,541,539,2022,260,LARGE,US,COMMUNICATIONS,LEO,4,True
STARLINK-3664,51984,PAYLOAD,Non-Polar Inclined,USA,Commercial,2022-03-09,,95.44,53.22,541,539,2022,260,LARGE,US,COMMUNICATIONS,LEO,4,True
STARLINK-3640,51988,PAYLOAD,Non-Polar Inclined,USA,Commercial,2022-03-09,,95.44,53.22,541,539,2022,260,LARGE,US,COMMUNICATIONS,LEO,4,True
STARLINK-3648,51993,PAYLOAD,Non-Polar Inclined,USA,Commercial,2022-03-09,,95.44,53.22,541,539,2022,260,LARGE,US,COMMUNICATIONS,LEO,4,True
STARLINK-3647,51994,PAYLOAD,Non-Polar Inclined,USA,Commercial,2022-03-09,,95.44,53.22,540,539,2022,260,LARGE,US,COMMUNICATIONS,LEO,4,True
STARLINK-3659,52001,PAYLOAD,Non-Polar Inclined,USA,Commercial,2022-03-09,,95.44,53.22,541,538,2022,260,LARGE,US,COMMUNICATIONS,LEO,4,True
SPACEBEE-122,52014,PAYLOAD,Sun-Synchronous,USA,Commercial,2022-03-15,2024-02-21,88.38,97.46,198,190,2022,2,SMALL,US,COMMUNICATIONS,LEO,2,False
SPACEBEE-124,52029,PAYLOAD,Sun-Synchronous,USA,Commercial,2022-03-15,2024-03-09,88.42,97.46,202,191,2022,2,MEDIUM,US,COMMUNICATIONS,LEO,2,False
STARLINK-3537,52088,PAYLOAD,Non-Polar Inclined,USA,Commercial,2022-03-19,,93.79,53.21,461,460,2022,260,LARGE,US,COMMUNICATIONS,LEO,4,True
STARLINK-3714,52094,PAYLOAD,Non-Polar Inclined,USA,Commercial,2022-03-19,,95.44,53.22,541,539,2022,260,LARGE,US,COMMUNICATIONS,LEO,4,True
STARLINK-3702,52100,PAYLOAD,Non-Polar Inclined,USA,Commercial,2022-03-19,,95.44,53.22,541,539,2022,260,LARGE,US,COMMUNICATIONS,LEO,4,True
STARLINK-3687,52110,PAYLOAD,Non-Polar Inclined,USA,Commercial,2022-03-19,,95.44,53.22,541,539,2022,260,LARGE,US,COMMUNICATIONS,LEO,4,True
STARLINK-3735,52116,PAYLOAD,Non-Polar Inclined,USA,Commercial,2022-03-19,,95.44,53.22,541,539,2022,260,LARGE,US,COMMUNICATIONS,LEO,4,True
STARLINK-3558,52119,PAYLOAD,Non-Polar Inclined,USA,Commercial,2022-03-19,,95.44,53.22,541,539,2022,260,LARGE,US,COMMUNICATIONS,LEO,4,True
STARLINK-3720,52136,PAYLOAD,Non-Polar Inclined,USA,Commercial,2022-03-19,,95.44,53.22,541,539,2022,260,LARGE,US,COMMUNICATIONS,LEO,4,True
STARLINK-3682,52140,PAYLOAD,Non-Polar Inclined,USA,Commercial,2022-03-19,,95.44,53.22,541,539,2022,260,LARGE,US,COMMUNICATIONS,LEO,4,True
SPACEBEE-134,52180,PAYLOAD,Sun-Synchronous,USA,Commercial,2022-04-01,2023-10-17,89.28,97.31,245,233,2022,2,SMALL,US,COMMUNICATIONS,LEO,2,False
SPACEBEE-133,52183,PAYLOAD,Sun-Synchronous,USA,Commercial,2022-04-01,2023-10-17,89.11,97.32,238,223,2022,2,SMALL,US,COMMUNICATIONS,LEO,2,False
GAOFEN 3 03,52200,PAYLOAD,Sun-Synchronous,China,Government,2022-04-06,,99.85,98.41,752,750,2022,2500,LARGE,PRC,EARTH OBSERVATION,LEO,8,True
STARLINK-3761,52262,PAYLOAD,Non-Polar Inclined,USA,Commercial,2022-04-21,,95.44,53.22,541,539,2022,260,LARGE,US,COMMUNICATIONS,LEO,4,True
STARLINK-3790,52274,PAYLOAD,Non-Polar Inclined,USA,Commercial,2022-04-21,,95.44,53.22,541,539,2022,260,LARGE,US,COMMUNICATIONS,LEO,4,True
STARLINK-3776,52288,PAYLOAD,Non-Polar Inclined,USA,Commercial,2022-04-21,,95.44,53.22,541,539,2022,260,LARGE,US,COMMUNICATIONS,LEO,4,True
STARLINK-3771,52293,PAYLOAD,Non-Polar Inclined,USA,Commercial,2022-04-21,,95.44,53.22,541,539,2022,260,LARGE,US,COMMUNICATIONS,LEO,4,True
STARLINK-3765,52295,PAYLOAD,Non-Polar Inclined,USA,Commercial,2022-04-21,,95.44,53.22,541,539,2022,260,LARGE,US,COMMUNICATIONS,LEO,4,True
STARLINK-3724,52305,PAYLOAD,Non-Polar Inclined,USA,Commercial,2022-04-21,,95.44,53.22,541,539,2022,260,LARGE,US,COMMUNICATIONS,LEO,4,True
STARLINK-3756,52309,PAYLOAD,Non-Polar Inclined,USA,Commercial,2022-04-21,,95.44,53.22,541,539,2022,260,LARGE,US,COMMUNICATIONS,LEO,4,True
STARLINK-3849,52343,PAYLOAD,Non-Polar Inclined,USA,Commercial,2022-04-29,,95.44,53.22,541,539,2022,260,LARGE,US,COMMUNICATIONS,LEO,4,True
STARLINK-3877,52355,PAYLOAD,Non-Polar Inclined,USA,Commercial,2022-04-29,,95.44,53.22,541,539,2022,260,LARGE,US,COMMUNICATIONS,LEO,4,True
STARLINK-3827,52370,PAYLOAD,Non-Polar Inclined,USA,Commercial,2022-04-29,,95.44,53.22,541,539,2022,260,LARGE,US,COMMUNICATIONS,LEO,4,True
STARLINK-3767,52376,PAYLOAD,Non-Polar Inclined,USA,Commercial,2022-04-29,,95.44,53.22,541,539,2022,260,LARGE,US,COMMUNICATIONS,LEO,4,True
STARLINK-3805,52377,PAYLOAD,Non-Polar Inclined,USA,Commercial,2022-04-29,,95.44,53.22,541,539,2022,260,LARGE,US,COMMUNICATIONS,LEO,4,True
STARLINK-3806,52378,PAYLOAD,Non-Polar Inclined,USA,Commercial,2022-04-29,,95.44,53.22,541,539,2022,260,LARGE,US,COMMUNICATIONS,LEO,4,True
STARLINK-3793,52380,PAYLOAD,Non-Polar Inclined,USA,Commercial,2022-04-29,,95.44,53.22,541,539,2022,260,LARGE,US,COMMUNICATIONS,LEO,4,True
STARLINK-3811,52383,PAYLOAD,Non-Polar Inclined,USA,Commercial,2022-04-29,,95.44,53.22,541,539,2022,260,LARGE,US,COMMUNICATIONS,LEO,4,True
SPACEBEE-143,52394,PAYLOAD,Sun-Synchronous,USA,Commercial,2022-05-02,2024-04-30,87.46,97.37,159,138,2022,2,SMALL,US,COMMUNICATIONS,LEO,2,False
SPACEBEENZ-15,52395,PAYLOAD,Sun-Synchronous,USA,Commercial,2022-05-02,2023-12-30,87.82,97.37,175,159,2022,2,SMALL,NZ,COMMUNICATIONS,LEO,2,False
SPACEBEENZ-16,52396,PAYLOAD,Sun-Synchronous,USA,Commercial,2022-05-02,2024-01-03,88.1,97.37,188,173,2022,2,SMALL,NZ,COMMUNICATIONS,LEO,2,False
SPACEBEE-141,52400,PAYLOAD,Sun-Synchronous,USA,Commercial,2022-05-02,2024-05-01,87.9,97.36,181,160,2022,2,SMALL,US,COMMUNICATIONS,LEO,2,False
SPACEBEE-148,52406,PAYLOAD,Sun-Synchronous,USA,Commercial,2022-05-02,2024-03-14,87.67,97.35,166,152,2022,2,SMALL,US,COMMUNICATIONS,LEO,2,False
SPACEBEE-150,52409,PAYLOAD,Sun-Synchronous,USA,Commercial,2022-05-02,2024-04-28,87.64,97.35,167,148,2022,2,SMALL,US,COMMUNICATIONS,LEO,2,False
SPACEBEE-151,52413,PAYLOAD,Sun-Synchronous,USA,Commercial,2022-05-02,2024-04-30,87.56,97.35,163,145,2022,2,SMALL,US,COMMUNICATIONS,LEO,2,False
MYRADAR1,52419,PAYLOAD,Sun-Synchronous,USA,Commercial,2022-05-02,2024-08-20,91.23,97.38,339,330,2022,1,SMALL,US,TECHNOLOGY DEVELOPMENT,LEO,1,False
STARLINK-3872,52453,PAYLOAD,Non-Polar Inclined,USA,Commercial,2022-05-06,,95.44,53.22,541,539,2022,260,LARGE,US,COMMUNICATIONS,LEO,4,True
STARLINK-3896,52456,PAYLOAD,Non-Polar Inclined,USA,Commercial,2022-05-06,,95.44,53.22,541,539,2022,260,LARGE,US,COMMUNICATIONS,LEO,4,True
STARLINK-3864,52468,PAYLOAD,Non-Polar Inclined,USA,Commercial,2022-05-06,,95.44,53.22,541,539,2022,260,LARGE,US,COMMUNICATIONS,LEO,4,True
STARLINK-3859,52470,PAYLOAD,Non-Polar Inclined,USA,Commercial,2022-05-06,,95.44,53.22,541,539,2022,260,LARGE,US,COMMUNICATIONS,LEO,4,True
STARLINK-3842,52481,PAYLOAD,Non-Polar Inclined,USA,Commercial,2022-05-06,2024-12-16,87.39,53.2,147,144,2022,260,LARGE,US,COMMUNICATIONS,LEO,4,False
STARLINK-3813,52482,PAYLOAD,Non-Polar Inclined,USA,Commercial,2022-05-06,,95.44,53.22,541,539,2022,260,LARGE,US,COMMUNICATIONS,LEO,4,True
STARLINK-3913,52485,PAYLOAD,Non-Polar Inclined,USA,Commercial,2022-05-06,,95.44,53.22,541,539,2022,260,LARGE,US,COMMUNICATIONS,LEO,4,True
STARLINK-3923,52489,PAYLOAD,Non-Polar Inclined,USA,Commercial,2022-05-06,,95.44,53.22,541,539,2022,260,LARGE,US,COMMUNICATIONS,LEO,4,True
STARLINK-3916,52492,PAYLOAD,Non-Polar Inclined,USA,Commercial,2022-05-06,,95.44,53.22,541,539,2022,260,LARGE,US,COMMUNICATIONS,LEO,4,True
STARLINK-3883,52493,PAYLOAD,Non-Polar Inclined,USA,Commercial,2022-05-06,,95.44,53.22,541,539,2022,260,LARGE,US,COMMUNICATIONS,LEO,4,True
STARLINK-3871,52496,PAYLOAD,Non-Polar Inclined,USA,Commercial,2022-05-06,,95.44,53.22,541,539,2022,260,LARGE,US,COMMUNICATIONS,LEO,4,True
STARLINK-3861,52503,PAYLOAD,Non-Polar Inclined,USA,Commercial,2022-05-06,,95.44,53.22,541,539,2022,260,LARGE,US,COMMUNICATIONS,LEO,4,True
STARLINK-3944,52544,PAYLOAD,Non-Polar Inclined,USA,Commercial,2022-05-13,,95.44,53.22,541,539,2022,260,LARGE,US,COMMUNICATIONS,LEO,4,True
STARLINK-3869,52547,PAYLOAD,Non-Polar Inclined,USA,Commercial,2022-05-13,,87.97,53.19,177,172,2022,260,LARGE,US,COMMUNICATIONS,LEO,4,True
STARLINK-3915,52581,PAYLOAD,Non-Polar Inclined,USA,Commercial,2022-05-13,,95.44,53.22,541,539,2022,260,LARGE,US,COMMUNICATIONS,LEO,4,True
STARLINK-3886,52582,PAYLOAD,Non-Polar Inclined,USA,Commercial,2022-05-13,2025-01-07,86.81,53.19,118,115,2022,260,LARGE,US,COMMUNICATIONS,LEO,4,False
STARLINK-3922,52584,PAYLOAD,Non-Polar Inclined,USA,Commercial,2022-05-13,,95.44,53.22,541,538,2022,260,LARGE,US,COMMUNICATIONS,LEO,4,True
STARLINK-3917,52588,PAYLOAD,Non-Polar Inclined,USA,Commercial,2022-05-13,,95.44,53.22,541,539,2022,260,LARGE,US,COMMUNICATIONS,LEO,4,True
STARLINK-4024,52599,PAYLOAD,Non-Polar Inclined,USA,Commercial,2022-05-14,,95.44,53.22,542,537,2022,260,LARGE,US,COMMUNICATIONS,LEO,4,True
STARLINK-4026,52600,PAYLOAD,Non-Polar Inclined,USA,Commercial,2022-05-14,,95.44,53.22,541,539,2022,260,LARGE,US,COMMUNICATIONS,LEO,4,True
STARLINK-4016,52603,PAYLOAD,Non-Polar Inclined,USA,Commercial,2022-05-14,,95.44,53.22,541,539,2022,260,LARGE,US,COMMUNICATIONS,LEO,4,True
STARLINK-3996,52617,PAYLOAD,Non-Polar Inclined,USA,Commercial,2022-05-14,,95.44,53.22,541,539,2022,260,LARGE,US,COMMUNICATIONS,LEO,4,True
STARLINK-3989,52630,PAYLOAD,Non-Polar Inclined,USA,Commercial,2022-05-14,,95.44,53.22,541,539,2022,260,LARGE,US,COMMUNICATIONS,LEO,4,True
STARLINK-3994,52633,PAYLOAD,Non-Polar Inclined,USA,Commercial,2022-05-14,,95.44,53.22,541,539,2022,260,LARGE,US,COMMUNICATIONS,LEO,4,True
STARLINK-3971,52642,PAYLOAD,Non-Polar Inclined,USA,Commercial,2022-05-14,,95.44,53.22,542,538,2022,260,LARGE,US,COMMUNICATIONS,LEO,4,True
STARLINK-3973,52645,PAYLOAD,Non-Polar Inclined,USA,Commercial,2022-05-14,,95.44,53.22,541,539,2022,260,LARGE,US,COMMUNICATIONS,LEO,4,True
STARLINK-3832,52646,PAYLOAD,Non-Polar Inclined,USA,Commercial,2022-05-14,,95.44,53.22,541,539,2022,260,LARGE,US,COMMUNICATIONS,LEO,4,True
STARLINK-4081,52660,PAYLOAD,Non-Polar Inclined,USA,Commercial,2022-05-18,,95.44,53.22,541,539,2022,260,LARGE,US,COMMUNICATIONS,LEO,4,True
STARLINK-3976,52673,PAYLOAD,Non-Polar Inclined,USA,Commercial,2022-05-18,,95.44,53.22,541,539,2022,260,LARGE,US,COMMUNICATIONS,LEO,4,True
STARLINK-4028,52677,PAYLOAD,Non-Polar Inclined,USA,Commercial,2022-05-18,,95.17,53.21,532,522,2022,260,LARGE,US,COMMUNICATIONS,LEO,4,True
STARLINK-4005,52686,PAYLOAD,Non-Polar Inclined,USA,Commercial,2022-05-18,,95.44,53.22,541,539,2022,260,LARGE,US,COMMUNICATIONS,LEO,4,True
STARLINK-3981,52687,PAYLOAD,Non-Polar Inclined,USA,Commercial,2022-05-18,,95.44,53.22,540,539,2022,260,LARGE,US,COMMUNICATIONS,LEO,4,True
STARLINK-3993,52692,PAYLOAD,Non-Polar Inclined,USA,Commercial,2022-05-18,,95.44,53.22,541,539,2022,260,LARGE,US,COMMUNICATIONS,LEO,4,True
STARLINK-4020,52703,PAYLOAD,Non-Polar Inclined,USA,Commercial,2022-05-18,,95.44,53.22,541,539,2022,260,LARGE,US,COMMUNICATIONS,LEO,4,True
GEESAT 1-02,52786,PAYLOAD,Non-Polar Inclined,China,Commercial,2022-06-02,,96.27,50,582,578,2022,100,MEDIUM,PRC,EARTH OBSERVATION/NAVIGATION,LEO,5,True
STARLINK-4043,52836,PAYLOAD,Non-Polar Inclined,USA,Commercial,2022-06-17,,95.44,53.22,541,539,2022,260,LARGE,US,COMMUNICATIONS,LEO,4,True
STARLINK-4092,52838,PAYLOAD,Non-Polar Inclined,USA,Commercial,2022-06-17,,95.44,53.22,541,539,2022,260,LARGE,US,COMMUNICATIONS,LEO,4,True
STARLINK-4046,52842,PAYLOAD,Non-Polar Inclined,USA,Commercial,2022-06-17,,95.44,53.22,541,539,2022,260,LARGE,US,COMMUNICATIONS,LEO,4,True
STARLINK-4168,52845,PAYLOAD,Non-Polar Inclined,USA,Commercial,2022-06-17,,95.44,53.22,541,539,2022,260,LARGE,US,COMMUNICATIONS,LEO,4,True
STARLINK-4187,52850,PAYLOAD,Non-Polar Inclined,USA,Commercial,2022-06-17,,95.44,53.22,541,539,2022,260,LARGE,US,COMMUNICATIONS,LEO,4,True
STARLINK-4209,52855,PAYLOAD,Non-Polar Inclined,USA,Commercial,2022-06-17,,95.44,53.22,541,539,2022,260,LARGE,US,COMMUNICATIONS,LEO,4,True
STARLINK-4267,52864,PAYLOAD,Non-Polar Inclined,USA,Commercial,2022-06-17,,95.44,53.22,541,539,2022,260,LARGE,US,COMMUNICATIONS,LEO,4,True
STARLINK-4200,52876,PAYLOAD,Non-Polar Inclined,USA,Commercial,2022-06-17,,95.44,53.22,541,539,2022,260,LARGE,US,COMMUNICATIONS,LEO,4,True
STARLINK-4171,52878,PAYLOAD,Non-Polar Inclined,USA,Commercial,2022-06-17,,95.44,53.22,541,538,2022,260,LARGE,US,COMMUNICATIONS,LEO,4,True
STARLINK-4139,52879,PAYLOAD,Non-Polar Inclined,USA,Commercial,2022-06-17,,95.44,53.22,540,539,2022,260,LARGE,US,COMMUNICATIONS,LEO,4,True
STARLINK-4186,52880,PAYLOAD,Non-Polar Inclined,USA,Commercial,2022-06-17,,95.44,53.22,541,539,2022,260,LARGE,US,COMMUNICATIONS,LEO,4,True
SRH3,52887,PAYLOAD,Sun-Synchronous,Germany,Military,2022-06-18,,,,,,2022,4000,,GER,EARTH OBSERVATION,LEO,10,True
GLOBALSTAR M087,52888,PAYLOAD,Non-Polar Inclined,USA,Commercial,2022-06-19,,114.08,51.98,1414,1413,2022,715,LARGE,US,COMMUNICATIONS,LEO,15,True
STARLINK-4275,53008,PAYLOAD,Non-Polar Inclined,USA,Commercial,2022-07-07,,95.44,53.22,541,539,2022,260,LARGE,US,COMMUNICATIONS,LEO,4,True
STARLINK-4279,53018,PAYLOAD,Non-Polar Inclined,USA,Commercial,2022-07-07,,95.44,53.22,541,539,2022,260,LARGE,US,COMMUNICATIONS,LEO,4,True
STARLINK-4158,53027,PAYLOAD,Non-Polar Inclined,USA,Commercial,2022-07-07,,95.44,53.22,541,539,2022,260,LARGE,US,COMMUNICATIONS,LEO,4,True
STARLINK-4151,53034,PAYLOAD,Non-Polar Inclined,USA,Commercial,2022-07-07,,95.44,53.22,541,539,2022,260,LARGE,US,COMMUNICATIONS,LEO,4,True
STARLINK-4362,53043,PAYLOAD,Sun-Synchronous,USA,Commercial,2022-07-11,,95.92,97.65,564,562,2022,260,LARGE,US,COMMUNICATIONS,LEO,4,True
STARLINK-4305,53060,PAYLOAD,Sun-Synchronous,USA,Commercial,2022-07-11,,95.92,97.65,564,562,2022,260,LARGE,US,COMMUNICATIONS,LEO,4,True
STARLINK-4309,53066,PAYLOAD,Sun-Synchronous,USA,Commercial,2022-07-11,,95.92,97.65,566,560,2022,260,LARGE,US,COMMUNICATIONS,LEO,4,True
STARLINK-4306,53067,PAYLOAD,Sun-Synchronous,USA,Commercial,2022-07-11,,93.78,97.66,461,459,2022,260,LARGE,US,COMMUNICATIONS,LEO,4,True
STARLINK-4325,53068,PAYLOAD,Sun-Synchronous,USA,Commercial,2022-07-11,,95.92,97.65,564,562,2022,260,LARGE,US,COMMUNICATIONS,LEO,4,True
STARLINK-4344,53072,PAYLOAD,Sun-Synchronous,USA,Commercial,2022-07-11,,95.92,97.66,564,562,2022,260,LARGE,US,COMMUNICATIONS,LEO,4,True
STARLINK-4310,53074,PAYLOAD,Sun-Synchronous,USA,Commercial,2022-07-11,,95.92,97.65,565,561,2022,260,LARGE,US,COMMUNICATIONS,LEO,4,True
STARLINK-4347,53076,PAYLOAD,Sun-Synchronous,USA,Commercial,2022-07-11,,95.92,97.66,565,561,2022,260,LARGE,US,COMMUNICATIONS,LEO,4,True
STARLINK-4327,53079,PAYLOAD,Sun-Synchronous,USA,Commercial,2022-07-11,,95.92,97.66,564,562,2022,260,LARGE,US,COMMUNICATIONS,LEO,4,True
STARLINK-4330,53080,PAYLOAD,Sun-Synchronous,USA,Commercial,2022-07-11,,95.95,97.65,567,561,2022,260,LARGE,US,COMMUNICATIONS,LEO,4,True
STARLINK-4326,53081,PAYLOAD,Sun-Synchronous,USA,Commercial,2022-07-11,,95.87,97.66,566,555,2022,260,LARGE,US,COMMUNICATIONS,LEO,4,True
STARLINK-4318,53086,PAYLOAD,Sun-Synchronous,USA,Commercial,2022-07-11,,95.92,97.65,565,561,2022,260,LARGE,US,COMMUNICATIONS,LEO,4,True
STARLINK-4063,53132,PAYLOAD,Non-Polar Inclined,USA,Commercial,2022-07-17,,95.44,53.22,541,539,2022,260,LARGE,US,COMMUNICATIONS,LEO,4,True
STARLINK-4023,53135,PAYLOAD,Non-Polar Inclined,USA,Commercial,2022-07-17,,95.44,53.22,541,539,2022,260,LARGE,US,COMMUNICATIONS,LEO,4,True
STARLINK-4145,53137,PAYLOAD,Non-Polar Inclined,USA,Commercial,2022-07-17,,95.44,53.22,541,539,2022,260,LARGE,US,COMMUNICATIONS,LEO,4,True
STARLINK-4101,53142,PAYLOAD,Non-Polar Inclined,USA,Commercial,2022-07-17,,95.44,53.22,541,539,2022,260,LARGE,US,COMMUNICATIONS,LEO,4,True
STARLINK-4106,53145,PAYLOAD,Non-Polar Inclined,USA,Commercial,2022-07-17,,95.44,53.22,541,539,2022,260,LARGE,US,COMMUNICATIONS,LEO,4,True
STARLINK-4094,53147,PAYLOAD,Non-Polar Inclined,USA,Commercial,2022-07-17,,95.44,53.22,541,539,2022,260,LARGE,US,COMMUNICATIONS,LEO,4,True
STARLINK-4066,53148,PAYLOAD,Non-Polar Inclined,USA,Commercial,2022-07-17,2024-06-24,87.15,53.2,138,128,2022,260,LARGE,US,COMMUNICATIONS,LEO,4,False
STARLINK-4040,53151,PAYLOAD,Non-Polar Inclined,USA,Commercial,2022-07-17,,95.44,53.22,541,539,2022,260,LARGE,US,COMMUNICATIONS,LEO,4,True
STARLINK-4088,53155,PAYLOAD,Non-Polar Inclined,USA,Commercial,2022-07-17,,95.44,53.22,541,539,2022,260,LARGE,US,COMMUNICATIONS,LEO,4,True
STARLINK-4093,53157,PAYLOAD,Non-Polar Inclined,USA,Commercial,2022-07-17,,95.44,53.22,541,539,2022,260,LARGE,US,COMMUNICATIONS,LEO,4,True
STARLINK-4105,53168,PAYLOAD,Non-Polar Inclined,USA,Commercial,2022-07-17,,95.44,53.22,541,539,2022,260,LARGE,US,COMMUNICATIONS,LEO,4,True
STARLINK-4052,53171,PAYLOAD,Non-Polar Inclined,USA,Commercial,2022-07-17,,95.44,53.22,541,539,2022,260,LARGE,US,COMMUNICATIONS,LEO,4,True
STARLINK-4299,53172,PAYLOAD,Non-Polar Inclined,USA,Commercial,2022-07-17,,95.43,53.22,540,539,2022,260,LARGE,US,COMMUNICATIONS,LEO,4,True
STARLINK-4292,53175,PAYLOAD,Non-Polar Inclined,USA,Commercial,2022-07-17,,95.44,53.22,541,539,2022,260,LARGE,US,COMMUNICATIONS,LEO,4,True
STARLINK-4298,53177,PAYLOAD,Non-Polar Inclined,USA,Commercial,2022-07-17,,95.44,53.22,541,539,2022,260,LARGE,US,COMMUNICATIONS,LEO,4,True
STARLINK-4278,53182,PAYLOAD,Non-Polar Inclined,USA,Commercial,2022-07-17,,95.44,53.22,541,539,2022,260,LARGE,US,COMMUNICATIONS,LEO,4,True
STARLINK-4332,53190,PAYLOAD,Sun-Synchronous,USA,Commercial,2022-07-22,,95.92,97.66,563,563,2022,260,LARGE,US,COMMUNICATIONS,LEO,4,True
STARLINK-4404,53195,PAYLOAD,Sun-Synchronous,USA,Commercial,2022-07-22,,95.92,97.66,564,562,2022,260,LARGE,US,COMMUNICATIONS,LEO,4,True
STARLINK-4385,53198,PAYLOAD,Sun-Synchronous,USA,Commercial,2022-07-22,,95.92,97.66,565,561,2022,260,LARGE,US,COMMUNICATIONS,LEO,4,True
STARLINK-4417,53200,PAYLOAD,Sun-Synchronous,USA,Commercial,2022-07-22,,96,97.65,572,562,2022,260,LARGE,US,COMMUNICATIONS,LEO,4,True
STARLINK-4409,53203,PAYLOAD,Sun-Synchronous,USA,Commercial,2022-07-22,,95.92,97.66,564,562,2022,260,LARGE,US,COMMUNICATIONS,LEO,4,True
STARLINK-4397,53205,PAYLOAD,Sun-Synchronous,USA,Commercial,2022-07-22,,95.92,97.66,564,562,2022,260,LARGE,US,COMMUNICATIONS,LEO,4,True
STARLINK-4408,53206,PAYLOAD,Sun-Synchronous,USA,Commercial,2022-07-22,,95.92,97.66,564,562,2022,260,LARGE,US,COMMUNICATIONS,LEO,4,True
STARLINK-4423,53209,PAYLOAD,Sun-Synchronous,USA,Commercial,2022-07-22,,95.92,97.65,563,562,2022,260,LARGE,US,COMMUNICATIONS,LEO,4,True
STARLINK-4335,53215,PAYLOAD,Sun-Synchronous,USA,Commercial,2022-07-22,,95.92,97.66,565,561,2022,260,LARGE,US,COMMUNICATIONS,LEO,4,True
STARLINK-4365,53228,PAYLOAD,Sun-Synchronous,USA,Commercial,2022-07-22,,95.92,97.66,563,563,2022,260,LARGE,US,COMMUNICATIONS,LEO,4,True
STARLINK-4134,53254,PAYLOAD,Non-Polar Inclined,USA,Commercial,2022-07-24,,95.44,53.22,541,539,2022,260,LARGE,US,COMMUNICATIONS,LEO,4,True
STARLINK-4147,53256,PAYLOAD,Non-Polar Inclined,USA,Commercial,2022-07-24,,95.44,53.22,541,539,2022,260,LARGE,US,COMMUNICATIONS,LEO,4,True
STARLINK-4136,53260,PAYLOAD,Non-Polar Inclined,USA,Commercial,2022-07-24,,93.66,53.22,454,453,2022,260,LARGE,US,COMMUNICATIONS,LEO,4,True
STARLINK-4058,53266,PAYLOAD,Non-Polar Inclined,USA,Commercial,2022-07-24,,95.44,53.22,541,539,2022,260,LARGE,US,COMMUNICATIONS,LEO,4,True
STARLINK-4057,53269,PAYLOAD,Non-Polar Inclined,USA,Commercial,2022-07-24,,95.44,53.22,541,539,2022,260,LARGE,US,COMMUNICATIONS,LEO,4,True
STARLINK-4179,53275,PAYLOAD,Non-Polar Inclined,USA,Commercial,2022-07-24,,95.44,53.22,541,539,2022,260,LARGE,US,COMMUNICATIONS,LEO,4,True
STARLINK-4180,53278,PAYLOAD,Non-Polar Inclined,USA,Commercial,2022-07-24,,95.44,53.22,541,539,2022,260,LARGE,US,COMMUNICATIONS,LEO,4,True
STARLINK-4182,53281,PAYLOAD,Non-Polar Inclined,USA,Commercial,2022-07-24,2024-12-26,87.42,53.2,154,140,2022,260,LARGE,US,COMMUNICATIONS,LEO,4,False
STARLINK-4149,53290,PAYLOAD,Non-Polar Inclined,USA,Commercial,2022-07-24,,95.44,53.22,541,539,2022,260,LARGE,US,COMMUNICATIONS,LEO,4,True
STARLINK-4517,53390,PAYLOAD,Non-Polar Inclined,USA,Commercial,2022-08-10,,95.43,53.22,540,539,2022,260,LARGE,US,COMMUNICATIONS,LEO,4,True
STARLINK-4521,53391,PAYLOAD,Non-Polar Inclined,USA,Commercial,2022-08-10,,95.44,53.22,541,539,2022,260,LARGE,US,COMMUNICATIONS,LEO,4,True
STARLINK-4524,53396,PAYLOAD,Non-Polar Inclined,USA,Commercial,2022-08-10,,95.44,53.22,541,539,2022,260,LARGE,US,COMMUNICATIONS,LEO,4,True
STARLINK-4512,53398,PAYLOAD,Non-Polar Inclined,USA,Commercial,2022-08-10,,95.44,53.22,541,539,2022,260,LARGE,US,COMMUNICATIONS,LEO,4,True
STARLINK-4491,53408,PAYLOAD,Non-Polar Inclined,USA,Commercial,2022-08-10,,95.44,53.22,541,539,2022,260,LARGE,US,COMMUNICATIONS,LEO,4,True
STARLINK-4496,53412,PAYLOAD,Non-Polar Inclined,USA,Commercial,2022-08-10,,95.44,53.22,541,539,2022,260,LARGE,US,COMMUNICATIONS,LEO,4,True
STARLINK-4479,53415,PAYLOAD,Non-Polar Inclined,USA,Commercial,2022-08-10,,95.44,53.22,541,539,2022,260,LARGE,US,COMMUNICATIONS,LEO,4,True
STARLINK-4532,53424,PAYLOAD,Non-Polar Inclined,USA,Commercial,2022-08-10,,95.44,53.22,541,539,2022,260,LARGE,US,COMMUNICATIONS,LEO,4,True
STARLINK-4543,53429,PAYLOAD,Non-Polar Inclined,USA,Commercial,2022-08-10,,95.44,53.22,541,539,2022,260,LARGE,US,COMMUNICATIONS,LEO,4,True
STARLINK-4549,53433,PAYLOAD,Non-Polar Inclined,USA,Commercial,2022-08-10,,95.44,53.22,541,539,2022,260,LARGE,US,COMMUNICATIONS,LEO,4,True
STARLINK-4415,53465,PAYLOAD,Non-Polar Inclined,USA,Commercial,2022-08-12,,95.92,97.66,566,560,2022,260,LARGE,US,COMMUNICATIONS,LEO,4,True
STARLINK-4389,53475,PAYLOAD,Non-Polar Inclined,USA,Commercial,2022-08-12,,95.92,97.65,563,562,2022,260,LARGE,US,COMMUNICATIONS,LEO,4,True
STARLINK-4434,53501,PAYLOAD,Non-Polar Inclined,USA,Commercial,2022-08-12,,95.92,97.65,565,561,2022,260,LARGE,US,COMMUNICATIONS,LEO,4,True
STARLINK-4446,53505,PAYLOAD,Non-Polar Inclined,USA,Commercial,2022-08-12,,95.92,97.66,565,561,2022,260,LARGE,US,COMMUNICATIONS,LEO,4,True
STARLINK-4441,53510,PAYLOAD,Non-Polar Inclined,USA,Commercial,2022-08-12,2025-04-13,88.29,97.65,197,183,2022,260,LARGE,US,COMMUNICATIONS,LEO,4,False
STARLINK-4118,53538,PAYLOAD,Non-Polar Inclined,USA,Commercial,2022-08-19,,95.44,53.22,541,539,2022,260,LARGE,US,COMMUNICATIONS,LEO,4,True
STARLINK-4489,53542,PAYLOAD,Non-Polar Inclined,USA,Commercial,2022-08-19,,95.44,53.22,541,538,2022,260,LARGE,US,COMMUNICATIONS,LEO,4,True
STARLINK-4477,53546,PAYLOAD,Non-Polar Inclined,USA,Commercial,2022-08-19,,95.44,53.22,541,539,2022,260,LARGE,US,COMMUNICATIONS,LEO,4,True
STARLINK-4577,53564,PAYLOAD,Non-Polar Inclined,USA,Commercial,2022-08-19,,95.44,53.22,541,539,2022,260,LARGE,US,COMMUNICATIONS,LEO,4,True
STARLINK-4582,53569,PAYLOAD,Non-Polar Inclined,USA,Commercial,2022-08-19,,95.44,53.22,541,539,2022,260,LARGE,US,COMMUNICATIONS,LEO,4,True
STARLINK-4547,53573,PAYLOAD,Non-Polar Inclined,USA,Commercial,2022-08-19,,95.44,53.22,542,538,2022,260,LARGE,US,COMMUNICATIONS,LEO,4,True
STARLINK-4559,53574,PAYLOAD,Non-Polar Inclined,USA,Commercial,2022-08-19,,95.44,53.22,540,539,2022,260,LARGE,US,COMMUNICATIONS,LEO,4,True
STARLINK-4689,53590,PAYLOAD,Non-Polar Inclined,USA,Commercial,2022-08-28,,95.44,53.22,541,539,2022,260,LARGE,US,COMMUNICATIONS,LEO,4,True
STARLINK-4674,53591,PAYLOAD,Non-Polar Inclined,USA,Commercial,2022-08-28,,95.44,53.22,541,539,2022,260,LARGE,US,COMMUNICATIONS,LEO,4,True
STARLINK-4681,53594,PAYLOAD,Non-Polar Inclined,USA,Commercial,2022-08-28,,95.44,53.22,541,539,2022,260,LARGE,US,COMMUNICATIONS,LEO,4,True
STARLINK-4668,53596,PAYLOAD,Non-Polar Inclined,USA,Commercial,2022-08-28,,91.9,53.2,374,361,2022,260,LARGE,US,COMMUNICATIONS,LEO,4,True
STARLINK-4693,53605,PAYLOAD,Non-Polar Inclined,USA,Commercial,2022-08-28,,95.44,53.22,541,539,2022,260,LARGE,US,COMMUNICATIONS,LEO,4,True
STARLINK-4650,53611,PAYLOAD,Non-Polar Inclined,USA,Commercial,2022-08-28,,92.61,53.19,406,399,2022,260,LARGE,US,COMMUNICATIONS,LEO,4,True
STARLINK-4598,53630,PAYLOAD,Non-Polar Inclined,USA,Commercial,2022-08-28,,95.44,53.22,541,539,2022,260,LARGE,US,COMMUNICATIONS,LEO,4,True
STARLINK-4599,53631,PAYLOAD,Non-Polar Inclined,USA,Commercial,2022-08-28,,95.44,53.22,541,539,2022,260,LARGE,US,COMMUNICATIONS,LEO,4,True
STARLINK-4586,53636,PAYLOAD,Non-Polar Inclined,USA,Commercial,2022-08-28,,95.43,53.22,540,539,2022,260,LARGE,US,COMMUNICATIONS,LEO,4,True
STARLINK-4594,53638,PAYLOAD,Non-Polar Inclined,USA,Commercial,2022-08-28,,95.44,53.22,541,539,2022,260,LARGE,US,COMMUNICATIONS,LEO,4,True
STARLINK-4622,53648,PAYLOAD,Sun-Synchronous,USA,Commercial,2022-08-31,,95.92,97.65,564,562,2022,260,LARGE,US,COMMUNICATIONS,LEO,4,True
STARLINK-4380,53650,PAYLOAD,Sun-Synchronous,USA,Commercial,2022-08-31,,95.92,97.65,566,560,2022,260,LARGE,US,COMMUNICATIONS,LEO,4,True
STARLINK-4466,53656,PAYLOAD,Sun-Synchronous,USA,Commercial,2022-08-31,,95.92,97.65,565,561,2022,260,LARGE,US,COMMUNICATIONS,LEO,4,True
STARLINK-4473,53660,PAYLOAD,Sun-Synchronous,USA,Commercial,2022-08-31,,95.92,97.66,564,562,2022,260,LARGE,US,COMMUNICATIONS,LEO,4,True
STARLINK-4334,53665,PAYLOAD,Sun-Synchronous,USA,Commercial,2022-08-31,,95.92,97.66,565,561,2022,260,LARGE,US,COMMUNICATIONS,LEO,4,True
STARLINK-4620,53674,PAYLOAD,Sun-Synchronous,USA,Commercial,2022-08-31,,95.92,97.66,566,560,2022,260,LARGE,US,COMMUNICATIONS,LEO,4,True
STARLINK-4625,53683,PAYLOAD,Sun-Synchronous,USA,Commercial,2022-08-31,,95.92,97.66,566,560,2022,260,LARGE,US,COMMUNICATIONS,LEO,4,True
STARLINK-4562,53689,PAYLOAD,Sun-Synchronous,USA,Commercial,2022-08-31,,88.61,97.64,210,202,2022,260,LARGE,US,COMMUNICATIONS,LEO,4,True
STARLINK-4711,53701,PAYLOAD,Non-Polar Inclined,USA,Commercial,2022-09-05,,95.44,53.22,541,539,2022,260,LARGE,US,COMMUNICATIONS,LEO,4,True
STARLINK-4714,53704,PAYLOAD,Non-Polar Inclined,USA,Commercial,2022-09-05,,95.44,53.22,541,539,2022,260,LARGE,US,COMMUNICATIONS,LEO,4,True
STARLINK-4716,53706,PAYLOAD,Non-Polar Inclined,USA,Commercial,2022-09-05,,95.44,53.22,541,539,2022,260,LARGE,US,COMMUNICATIONS,LEO,4,True
STARLINK-4627,53711,PAYLOAD,Non-Polar Inclined,USA,Commercial,2022-09-05,,95.44,53.22,540,539,2022,260,LARGE,US,COMMUNICATIONS,LEO,4,True
STARLINK-4698,53713,PAYLOAD,Non-Polar Inclined,USA,Commercial,2022-09-05,,92.86,53.2,417,412,2022,260,LARGE,US,COMMUNICATIONS,LEO,4,True
STARLINK-4688,53714,PAYLOAD,Non-Polar Inclined,USA,Commercial,2022-09-05,2025-01-01,87.41,53.2,148,145,2022,260,LARGE,US,COMMUNICATIONS,LEO,4,False
STARLINK-4700,53722,PAYLOAD,Non-Polar Inclined,USA,Commercial,2022-09-05,,95.44,53.22,541,539,2022,260,LARGE,US,COMMUNICATIONS,LEO,4,True
STARLINK-4697,53726,PAYLOAD,Non-Polar Inclined,USA,Commercial,2022-09-05,,95.44,53.22,541,538,2022,260,LARGE,US,COMMUNICATIONS,LEO,4,True
STARLINK-4651,53729,PAYLOAD,Non-Polar Inclined,USA,Commercial,2022-09-05,,95.44,53.22,541,538,2022,260,LARGE,US,COMMUNICATIONS,LEO,4,True
STARLINK-4641,53730,PAYLOAD,Non-Polar Inclined,USA,Commercial,2022-09-05,,95.44,53.22,541,539,2022,260,LARGE,US,COMMUNICATIONS,LEO,4,True
STARLINK-4661,53732,PAYLOAD,Non-Polar Inclined,USA,Commercial,2022-09-05,,95.44,53.22,541,539,2022,260,LARGE,US,COMMUNICATIONS,LEO,4,True
STARLINK-4646,53737,PAYLOAD,Non-Polar Inclined,USA,Commercial,2022-09-05,,95.32,53.22,535,534,2022,260,LARGE,US,COMMUNICATIONS,LEO,4,True
STARLINK-4614,53741,PAYLOAD,Non-Polar Inclined,USA,Commercial,2022-09-05,,95.17,53.22,530,523,2022,260,LARGE,US,COMMUNICATIONS,LEO,4,True
STARLINK-4670,53744,PAYLOAD,Non-Polar Inclined,USA,Commercial,2022-09-05,,95.44,53.22,541,539,2022,260,LARGE,US,COMMUNICATIONS,LEO,4,True
STARLINK-4589,53746,PAYLOAD,Non-Polar Inclined,USA,Commercial,2022-09-05,,95.44,53.22,541,539,2022,260,LARGE,US,COMMUNICATIONS,LEO,4,True
EUTE KONNECT VHTS,53765,PAYLOAD,,Multinational,Commercial,2022-09-07,,1436.13,0.05,35798,35776,2022,6400,LARGE,EUTE,COMMUNICATIONS,GEO,15,True
STARLINK-4664,53777,PAYLOAD,Non-Polar Inclined,USA,Commercial,2022-09-11,,95.44,53.22,541,539,2022,260,LARGE,US,COMMUNICATIONS,LEO,4,True
STARLINK-4678,53780,PAYLOAD,Non-Polar Inclined,USA,Commercial,2022-09-11,,95.44,53.22,541,539,2022,260,LARGE,US,COMMUNICATIONS,LEO,4,True
STARLINK-4679,53782,PAYLOAD,Non-Polar Inclined,USA,Commercial,2022-09-11,,95.44,53.22,541,539,2022,260,LARGE,US,COMMUNICATIONS,LEO,4,True
STARLINK-4536,53783,PAYLOAD,Non-Polar Inclined,USA,Commercial,2022-09-11,,95.44,53.22,540,539,2022,260,LARGE,US,COMMUNICATIONS,LEO,4,True
STARLINK-4743,53787,PAYLOAD,Non-Polar Inclined,USA,Commercial,2022-09-11,,95.44,53.22,541,539,2022,260,LARGE,US,COMMUNICATIONS,LEO,4,True
STARLINK-4715,53801,PAYLOAD,Non-Polar Inclined,USA,Commercial,2022-09-11,,95.44,53.22,541,539,2022,260,LARGE,US,COMMUNICATIONS,LEO,4,True
STARLINK-4729,53804,PAYLOAD,Non-Polar Inclined,USA,Commercial,2022-09-11,,95.44,53.22,541,539,2022,260,LARGE,US,COMMUNICATIONS,LEO,4,True
STARLINK-4769,53843,PAYLOAD,Non-Polar Inclined,USA,Commercial,2022-09-19,,95.44,53.22,543,537,2022,260,LARGE,US,COMMUNICATIONS,LEO,4,True
STARLINK-4753,53845,PAYLOAD,Non-Polar Inclined,USA,Commercial,2022-09-19,,95.44,53.21,541,538,2022,260,LARGE,US,COMMUNICATIONS,LEO,4,True
STARLINK-4777,53847,PAYLOAD,Non-Polar Inclined,USA,Commercial,2022-09-19,,95.44,53.22,541,539,2022,260,LARGE,US,COMMUNICATIONS,LEO,4,True
STARLINK-4770,53849,PAYLOAD,Non-Polar Inclined,USA,Commercial,2022-09-19,,95.44,53.22,541,539,2022,260,LARGE,US,COMMUNICATIONS,LEO,4,True
STARLINK-4703,53855,PAYLOAD,Non-Polar Inclined,USA,Commercial,2022-09-19,,95.44,53.22,541,539,2022,260,LARGE,US,COMMUNICATIONS,LEO,4,True
STARLINK-4792,53862,PAYLOAD,Non-Polar Inclined,USA,Commercial,2022-09-19,2024-12-29,87.6,53.19,158,153,2022,260,LARGE,US,COMMUNICATIONS,LEO,4,False
STARLINK-4779,53864,PAYLOAD,Non-Polar Inclined,USA,Commercial,2022-09-19,,95.44,53.22,541,539,2022,260,LARGE,US,COMMUNICATIONS,LEO,4,True
STARLINK-4810,53869,PAYLOAD,Non-Polar Inclined,USA,Commercial,2022-09-19,,95.44,53.22,541,539,2022,260,LARGE,US,COMMUNICATIONS,LEO,4,True
STARLINK-4732,53870,PAYLOAD,Non-Polar Inclined,USA,Commercial,2022-09-19,,95.44,53.22,541,539,2022,260,LARGE,US,COMMUNICATIONS,LEO,4,True
STARLINK-4740,53871,PAYLOAD,Non-Polar Inclined,USA,Commercial,2022-09-19,,95.44,53.22,541,539,2022,260,LARGE,US,COMMUNICATIONS,LEO,4,True
STARLINK-5050,53890,PAYLOAD,Non-Polar Inclined,USA,Commercial,2022-09-24,,95.44,53.22,541,539,2022,260,LARGE,US,COMMUNICATIONS,LEO,4,True
STARLINK-5046,53892,PAYLOAD,Non-Polar Inclined,USA,Commercial,2022-09-24,,95.44,53.22,541,539,2022,260,LARGE,US,COMMUNICATIONS,LEO,4,True
STARLINK-5043,53894,PAYLOAD,Non-Polar Inclined,USA,Commercial,2022-09-24,,95.44,53.22,541,539,2022,260,LARGE,US,COMMUNICATIONS,LEO,4,True
STARLINK-5035,53897,PAYLOAD,Non-Polar Inclined,USA,Commercial,2022-09-24,,95.44,53.22,541,539,2022,260,LARGE,US,COMMUNICATIONS,LEO,4,True
STARLINK-5045,53900,PAYLOAD,Non-Polar Inclined,USA,Commercial,2022-09-24,,95.44,53.22,540,539,2022,260,LARGE,US,COMMUNICATIONS,LEO,4,True
STARLINK-5024,53901,PAYLOAD,Non-Polar Inclined,USA,Commercial,2022-09-24,,95.44,53.21,541,538,2022,260,LARGE,US,COMMUNICATIONS,LEO,4,True
STARLINK-4787,53904,PAYLOAD,Non-Polar Inclined,USA,Commercial,2022-09-24,,95.44,53.22,540,539,2022,260,LARGE,US,COMMUNICATIONS,LEO,4,True
STARLINK-4796,53909,PAYLOAD,Non-Polar Inclined,USA,Commercial,2022-09-24,,95.44,53.22,541,539,2022,260,LARGE,US,COMMUNICATIONS,LEO,4,True
STARLINK-5056,53910,PAYLOAD,Non-Polar Inclined,USA,Commercial,2022-09-24,,93.75,53.2,463,453,2022,260,LARGE,US,COMMUNICATIONS,LEO,4,True
STARLINK-5053,53913,PAYLOAD,Non-Polar Inclined,USA,Commercial,2022-09-24,,95.44,53.22,541,539,2022,260,LARGE,US,COMMUNICATIONS,LEO,4,True
STARLINK-5012,53918,PAYLOAD,Non-Polar Inclined,USA,Commercial,2022-09-24,,95.44,53.22,541,538,2022,260,LARGE,US,COMMUNICATIONS,LEO,4,True
STARLINK-5025,53920,PAYLOAD,Non-Polar Inclined,USA,Commercial,2022-09-24,,95.44,53.22,541,539,2022,260,LARGE,US,COMMUNICATIONS,LEO,4,True
STARLINK-5010,53930,PAYLOAD,Non-Polar Inclined,USA,Commercial,2022-09-24,,95.44,53.21,541,539,2022,260,LARGE,US,COMMUNICATIONS,LEO,4,True
STARLINK-4765,53937,PAYLOAD,Non-Polar Inclined,USA,Commercial,2022-09-24,2025-01-14,87.15,53.2,138,128,2022,260,LARGE,US,COMMUNICATIONS,LEO,4,False
SES 20,53960,PAYLOAD,,Luxembourg,Commercial,2022-10-04,,1436.12,0.04,35795,35779,2022,1600,LARGE,SES,COMMUNICATIONS,GEO,18,True
STARLINK-4629,53968,PAYLOAD,Non-Polar Inclined,USA,Commercial,2022-10-05,,95.44,53.22,541,539,2022,260,LARGE,US,COMMUNICATIONS,LEO,4,True
STARLINK-5157,53972,PAYLOAD,Non-Polar Inclined,USA,Commercial,2022-10-05,2024-05-23,88.11,53.2,185,178,2022,260,LARGE,US,COMMUNICATIONS,LEO,4,False
STARLINK-5142,53984,PAYLOAD,Non-Polar Inclined,USA,Commercial,2022-10-05,,95.44,53.22,541,539,2022,260,LARGE,US,COMMUNICATIONS,LEO,4,True
STARLINK-5075,53990,PAYLOAD,Non-Polar Inclined,USA,Commercial,2022-10-05,2024-08-22,92.81,53.22,413,411,2022,260,LARGE,US,COMMUNICATIONS,LEO,4,False
STARLINK-5128,53998,PAYLOAD,Non-Polar Inclined,USA,Commercial,2022-10-05,,95.44,53.22,541,539,2022,260,LARGE,US,COMMUNICATIONS,LEO,4,True
STARLINK-5088,54000,PAYLOAD,Non-Polar Inclined,USA,Commercial,2022-10-05,,95.44,53.22,540,539,2022,260,LARGE,US,COMMUNICATIONS,LEO,4,True
STARLINK-5132,54007,PAYLOAD,Non-Polar Inclined,USA,Commercial,2022-10-05,,95.44,53.22,541,539,2022,260,LARGE,US,COMMUNICATIONS,LEO,4,True
STARLINK-5099,54009,PAYLOAD,Non-Polar Inclined,USA,Commercial,2022-10-05,,95.44,53.22,541,539,2022,260,LARGE,US,COMMUNICATIONS,LEO,4,True
GALAXY 33,54026,PAYLOAD,,USA,Commercial,2022-10-08,,1436.1,0.01,35794,35779,2022,3650,LARGE,US,COMMUNICATIONS,GEO,15,True
COSMOS 2559 (GLONASS),54031,PAYLOAD,Non-Polar Inclined,Russia,Military/Commercial,2022-10-10,,675.74,64.52,19143,19117,2022,1415,LARGE,CIS,NAVIGATION/GLOBAL POSITIONING,MEO,7,True
STARLINK-5189,54052,PAYLOAD,Non-Polar Inclined,USA,Commercial,2022-10-20,,95.44,53.22,541,539,2022,260,LARGE,US,COMMUNICATIONS,LEO,4,True
STARLINK-5158,54055,PAYLOAD,Non-Polar Inclined,USA,Commercial,2022-10-20,,95.44,53.22,541,539,2022,260,LARGE,US,COMMUNICATIONS,LEO,4,True
STARLINK-5167,54058,PAYLOAD,Non-Polar Inclined,USA,Commercial,2022-10-20,,95.44,53.22,540,539,2022,260,LARGE,US,COMMUNICATIONS,LEO,4,True
STARLINK-5172,54064,PAYLOAD,Non-Polar Inclined,USA,Commercial,2022-10-20,,95.44,53.22,541,539,2022,260,LARGE,US,COMMUNICATIONS,LEO,4,True
STARLINK-5222,54068,PAYLOAD,Non-Polar Inclined,USA,Commercial,2022-10-20,,95.44,53.22,541,538,2022,260,LARGE,US,COMMUNICATIONS,LEO,4,True
STARLINK-5223,54069,PAYLOAD,Non-Polar Inclined,USA,Commercial,2022-10-20,2024-08-28,89.02,53.21,227,225,2022,260,LARGE,US,COMMUNICATIONS,LEO,4,False
STARLINK-5181,54070,PAYLOAD,Non-Polar Inclined,USA,Commercial,2022-10-20,,95.44,53.22,541,539,2022,260,LARGE,US,COMMUNICATIONS,LEO,4,True
STARLINK-5165,54081,PAYLOAD,Non-Polar Inclined,USA,Commercial,2022-10-20,,95.44,53.22,541,539,2022,260,LARGE,US,COMMUNICATIONS,LEO,4,True
STARLINK-5188,54096,PAYLOAD,Non-Polar Inclined,USA,Commercial,2022-10-20,,95.44,53.22,541,539,2022,260,LARGE,US,COMMUNICATIONS,LEO,4,True
STARLINK-5217,54098,PAYLOAD,Non-Polar Inclined,USA,Commercial,2022-10-20,,95.44,53.22,541,539,2022,260,LARGE,US,COMMUNICATIONS,LEO,4,True
STARLINK-5185,54100,PAYLOAD,Non-Polar Inclined,USA,Commercial,2022-10-20,,95.44,53.22,541,539,2022,260,LARGE,US,COMMUNICATIONS,LEO,4,True
STARLINK-5204,54101,PAYLOAD,Non-Polar Inclined,USA,Commercial,2022-10-20,,95.44,53.22,541,539,2022,260,LARGE,US,COMMUNICATIONS,LEO,4,True
ONEWEB-0519,54137,PAYLOAD,Polar,United Kingdom,Commercial,2022-10-22,,109.11,87.93,1187,1184,2022,148,LARGE,UK,COMMUNICATIONS,LEO,5,True
ONEWEB-0520,54138,PAYLOAD,Polar,United Kingdom,Commercial,2022-10-22,,109.11,87.92,1187,1184,2022,148,LARGE,UK,COMMUNICATIONS,LEO,5,True
STARLINK-5297,54158,PAYLOAD,Non-Polar Inclined,USA,Commercial,2022-10-28,,95.44,53.22,541,539,2022,260,LARGE,US,COMMUNICATIONS,LEO,4,True
STARLINK-5243,54167,PAYLOAD,Non-Polar Inclined,USA,Commercial,2022-10-28,,95.44,53.22,541,539,2022,260,LARGE,US,COMMUNICATIONS,LEO,4,True
STARLINK-5155,54170,PAYLOAD,Non-Polar Inclined,USA,Commercial,2022-10-28,,95.44,53.22,541,539,2022,260,LARGE,US,COMMUNICATIONS,LEO,4,True
STARLINK-5248,54174,PAYLOAD,Non-Polar Inclined,USA,Commercial,2022-10-28,,95.44,53.22,541,539,2022,260,LARGE,US,COMMUNICATIONS,LEO,4,True
STARLINK-5256,54175,PAYLOAD,Non-Polar Inclined,USA,Commercial,2022-10-28,,95.44,53.22,541,539,2022,260,LARGE,US,COMMUNICATIONS,LEO,4,True
STARLINK-5227,54181,PAYLOAD,Non-Polar Inclined,USA,Commercial,2022-10-28,,95.44,53.22,541,539,2022,260,LARGE,US,COMMUNICATIONS,LEO,4,True
STARLINK-5182,54189,PAYLOAD,Non-Polar Inclined,USA,Commercial,2022-10-28,2024-06-24,87.95,53.19,176,170,2022,260,LARGE,US,COMMUNICATIONS,LEO,4,False
STARLINK-5246,54198,PAYLOAD,Non-Polar Inclined,USA,Commercial,2022-10-28,,95.44,53.22,541,538,2022,260,LARGE,US,COMMUNICATIONS,LEO,4,True
STARLINK-5205,54202,PAYLOAD,Non-Polar Inclined,USA,Commercial,2022-10-28,,95.44,53.22,540,539,2022,260,LARGE,US,COMMUNICATIONS,LEO,4,True
ONEWEB-0584,54651,PAYLOAD,Polar,United Kingdom,Commercial,2022-12-08,,108.94,87.93,1179,1176,2022,148,LARGE,UK,COMMUNICATIONS,LEO,5,True
ONEWEB-0587,54654,PAYLOAD,Polar,United Kingdom,Commercial,2022-12-08,,108.94,87.93,1179,1177,2022,148,LARGE,UK,COMMUNICATIONS,LEO,5,True
ONEWEB-0589,54655,PAYLOAD,Polar,United Kingdom,Commercial,2022-12-08,,108.94,87.93,1180,1176,2022,148,LARGE,UK,COMMUNICATIONS,LEO,5,True
ONEWEB-0592,54658,PAYLOAD,Polar,United Kingdom,Commercial,2022-12-08,,108.94,87.93,1179,1176,2022,148,LARGE,UK,COMMUNICATIONS,LEO,5,True
ONEWEB-0593,54659,PAYLOAD,Polar,United Kingdom,Commercial,2022-12-08,,108.94,87.93,1179,1176,2022,148,LARGE,UK,COMMUNICATIONS,LEO,5,True
ONEWEB-0611,54674,PAYLOAD,Polar,United Kingdom,Commercial,2022-12-08,,108.94,87.93,1179,1177,2022,148,MEDIUM,UK,COMMUNICATIONS,LEO,5,True
ONEWEB-0659,54678,PAYLOAD,Polar,United Kingdom,Commercial,2022-12-08,,108.94,87.93,1179,1176,2022,148,LARGE,UK,COMMUNICATIONS,LEO,5,True
ONEWEB-0712,54680,PAYLOAD,Polar,United Kingdom,Commercial,2022-12-08,,109.37,87.9,1199,1196,2022,148,LARGE,UK,COMMUNICATIONS,LEO,5,True
STARLINK-5214,54762,PAYLOAD,Non-Polar Inclined,USA,Commercial,2022-12-17,,95.44,53.22,541,539,2022,260,LARGE,US,COMMUNICATIONS,LEO,4,True
STARLINK-5449,54780,PAYLOAD,Non-Polar Inclined,USA,Commercial,2022-12-17,,95.44,53.22,541,539,2022,260,LARGE,US,COMMUNICATIONS,LEO,4,True
STARLINK-5438,54786,PAYLOAD,Non-Polar Inclined,USA,Commercial,2022-12-17,2024-08-18,92.33,53.21,390,388,2022,260,LARGE,US,COMMUNICATIONS,LEO,4,False
STARLINK-5425,54791,PAYLOAD,Non-Polar Inclined,USA,Commercial,2022-12-17,,95.44,53.22,541,539,2022,260,LARGE,US,COMMUNICATIONS,LEO,4,True
STARLINK-5433,54793,PAYLOAD,Non-Polar Inclined,USA,Commercial,2022-12-17,,95.44,53.22,541,539,2022,260,LARGE,US,COMMUNICATIONS,LEO,4,True
STARLINK-5415,54796,PAYLOAD,Non-Polar Inclined,USA,Commercial,2022-12-17,,95.43,53.22,540,539,2022,260,LARGE,US,COMMUNICATIONS,LEO,4,True
STARLINK-5420,54798,PAYLOAD,Non-Polar Inclined,USA,Commercial,2022-12-17,,95.44,53.22,541,539,2022,260,LARGE,US,COMMUNICATIONS,LEO,4,True
STARLINK-5428,54800,PAYLOAD,Non-Polar Inclined,USA,Commercial,2022-12-17,,95.45,53.22,541,539,2022,260,LARGE,US,COMMUNICATIONS,LEO,4,True
STARLINK-5412,54806,PAYLOAD,Non-Polar Inclined,USA,Commercial,2022-12-17,,95.44,53.22,541,538,2022,260,LARGE,US,COMMUNICATIONS,LEO,4,True
STARLINK-5424,54811,PAYLOAD,Non-Polar Inclined,USA,Commercial,2022-12-17,,95.44,53.22,540,539,2022,260,LARGE,US,COMMUNICATIONS,LEO,4,True
STARLINK-5382,54820,PAYLOAD,Non-Polar Inclined,USA,Commercial,2022-12-28,,95.84,43,560,558,2022,260,LARGE,US,COMMUNICATIONS,LEO,4,True
STARLINK-5107,54826,PAYLOAD,Non-Polar Inclined,USA,Commercial,2022-12-28,,95.84,43.01,560,558,2022,260,LARGE,US,COMMUNICATIONS,LEO,4,True
STARLINK-5384,54836,PAYLOAD,Non-Polar Inclined,USA,Commercial,2022-12-28,,95.84,43,560,558,2022,260,LARGE,US,COMMUNICATIONS,LEO,4,True
STARLINK-5369,54837,PAYLOAD,Non-Polar Inclined,USA,Commercial,2022-12-28,,95.84,43,560,559,2022,260,LARGE,US,COMMUNICATIONS,LEO,4,True
STARLINK-5368,54840,PAYLOAD,Non-Polar Inclined,USA,Commercial,2022-12-28,,95.84,43,560,558,2022,260,LARGE,US,COMMUNICATIONS,LEO,4,True
STARLINK-4659,54841,PAYLOAD,Non-Polar Inclined,USA,Commercial,2022-12-28,,95.84,43,560,558,2022,260,LARGE,US,COMMUNICATIONS,LEO,4,True
STARLINK-5304,54843,PAYLOAD,Non-Polar Inclined,USA,Commercial,2022-12-28,,95.84,43,560,558,2022,260,LARGE,US,COMMUNICATIONS,LEO,4,True
STARLINK-5061,54847,PAYLOAD,Non-Polar Inclined,USA,Commercial,2022-12-28,,95.84,43,560,558,2022,260,LARGE,US,COMMUNICATIONS,LEO,4,True
STARLINK-5416,54855,PAYLOAD,Non-Polar Inclined,USA,Commercial,2022-12-28,,95.84,43,560,558,2022,260,LARGE,US,COMMUNICATIONS,LEO,4,True
STARLINK-5086,54856,PAYLOAD,Non-Polar Inclined,USA,Commercial,2022-12-28,,95.84,43,560,558,2022,260,LARGE,US,COMMUNICATIONS,LEO,4,True
STARLINK-5401,54870,PAYLOAD,Non-Polar Inclined,USA,Commercial,2022-12-28,,95.84,43,560,558,2022,260,LARGE,US,COMMUNICATIONS,LEO,4,True
FLOCK 4Y 24,55020,PAYLOAD,Sun-Synchronous,USA,Commercial,2023-01-03,,92.64,97.37,409,399,2023,6,MEDIUM,US,EARTH OBSERVATION,LEO,3,True
FLOCK 4Y 22,55022,PAYLOAD,Sun-Synchronous,USA,Commercial,2023-01-03,,92.74,97.37,414,404,2023,6,MEDIUM,US,EARTH OBSERVATION,LEO,3,True
FLOCK 4Y 14,55024,PAYLOAD,Sun-Synchronous,USA,Commercial,2023-01-03,,92.64,97.37,408,400,2023,6,SMALL,US,EARTH OBSERVATION,LEO,3,True
FLOCK 4Y 10,55029,PAYLOAD,Sun-Synchronous,USA,Commercial,2023-01-03,,92.64,97.37,408,400,2023,6,SMALL,US,EARTH OBSERVATION,LEO,3,True
FLOCK 4Y 7,55032,PAYLOAD,Sun-Synchronous,USA,Commercial,2023-01-03,,92.89,97.37,421,411,2023,6,MEDIUM,US,EARTH OBSERVATION,LEO,3,True
NUSAT-34 (AMELIA EARHART,55045,PAYLOAD,Sun-Synchronous,Argentina,Commercial,2023-01-03,,94.21,97.37,487,474,2023,42,MEDIUM,ARGN,EARTH OBSERVATION,LEO,3,True
FLOCK 4Y 35,55057,PAYLOAD,Sun-Synchronous,USA,Commercial,2023-01-03,,92.15,97.37,384,376,2023,6,MEDIUM,US,EARTH OBSERVATION,LEO,3,True
FLOCK 4Y 2,55074,PAYLOAD,Sun-Synchronous,USA,Commercial,2023-01-03,,92.68,97.37,412,400,2023,6,SMALL,US,EARTH OBSERVATION,LEO,3,True
FLOCK 4Y 23,55080,PAYLOAD,Sun-Synchronous,USA,Commercial,2023-01-03,,92.19,97.38,387,377,2023,6,MEDIUM,US,EARTH OBSERVATION,LEO,3,True
SPACEBEE-167,55087,PAYLOAD,Sun-Synchronous,USA,Commercial,2023-01-03,2024-10-10,87.59,97.37,162,148,2023,2,MEDIUM,US,COMMUNICATIONS,LEO,2,False
SPACEBEE-165,55094,PAYLOAD,Sun-Synchronous,USA,Commercial,2023-01-03,2024-09-18,89.66,97.39,264,251,2023,2,MEDIUM,US,COMMUNICATIONS,LEO,2,False
SPACEBEE-161,55096,PAYLOAD,Sun-Synchronous,USA,Commercial,2023-01-03,2024-09-21,87.74,97.38,171,154,2023,2,SMALL,US,COMMUNICATIONS,LEO,2,False
ONEWEB-0532,55140,PAYLOAD,Polar,United Kingdom,Commercial,2023-01-10,,109.29,87.9,1195,1192,2023,148,LARGE,UK,COMMUNICATIONS,LEO,5,True
ONEWEB-0565,55146,PAYLOAD,Polar,United Kingdom,Commercial,2023-01-10,,109.2,87.91,1191,1188,2023,148,LARGE,UK,COMMUNICATIONS,LEO,5,True
ONEWEB-0569,55148,PAYLOAD,Polar,United Kingdom,Commercial,2023-01-10,,109.63,87.9,1211,1209,2023,148,LARGE,UK,COMMUNICATIONS,LEO,5,True
ONEWEB-0588,55153,PAYLOAD,Polar,United Kingdom,Commercial,2023-01-10,,109.2,87.91,1191,1188,2023,148,LARGE,UK,COMMUNICATIONS,LEO,5,True
ONEWEB-0619,55160,PAYLOAD,Polar,United Kingdom,Commercial,2023-01-10,,109.29,87.9,1196,1192,2023,148,LARGE,UK,COMMUNICATIONS,LEO,5,True
ONEWEB-0622,55163,PAYLOAD,Polar,United Kingdom,Commercial,2023-01-10,,109.8,87.88,1220,1216,2023,148,LARGE,UK,COMMUNICATIONS,LEO,5,True
STARLINK-5310,55272,PAYLOAD,Polar,USA,Commercial,2023-01-19,,96.11,70,574,570,2023,290,LARGE,US,COMMUNICATIONS,LEO,4,True
STARLINK-5261,55276,PAYLOAD,Polar,USA,Commercial,2023-01-19,,96.11,70,574,570,2023,290,LARGE,US,COMMUNICATIONS,LEO,4,True
STARLINK-5286,55294,PAYLOAD,Polar,USA,Commercial,2023-01-19,,96.11,70,574,570,2023,290,LARGE,US,COMMUNICATIONS,LEO,4,True
STARLINK-5272,55298,PAYLOAD,Polar,USA,Commercial,2023-01-19,2024-09-23,87.62,69.99,169,144,2023,290,LARGE,US,COMMUNICATIONS,LEO,4,False
STARLINK-5316,55305,PAYLOAD,Polar,USA,Commercial,2023-01-19,,96.11,70,575,569,2023,290,LARGE,US,COMMUNICATIONS,LEO,4,True
STARLINK-5313,55313,PAYLOAD,Polar,USA,Commercial,2023-01-19,,96.11,70,574,570,2023,290,LARGE,US,COMMUNICATIONS,LEO,4,True
STARLINK-5657,55342,PAYLOAD,Non-Polar Inclined,USA,Commercial,2023-01-26,,95.84,43,560,558,2023,290,LARGE,US,COMMUNICATIONS,LEO,4,True
STARLINK-5663,55347,PAYLOAD,Non-Polar Inclined,USA,Commercial,2023-01-26,,95.84,43,560,558,2023,290,LARGE,US,COMMUNICATIONS,LEO,4,True
STARLINK-5608,55353,PAYLOAD,Non-Polar Inclined,USA,Commercial,2023-01-26,,95.84,43,560,558,2023,290,LARGE,US,COMMUNICATIONS,LEO,4,True
STARLINK-5641,55359,PAYLOAD,Non-Polar Inclined,USA,Commercial,2023-01-26,,95.84,42.99,560,558,2023,290,LARGE,US,COMMUNICATIONS,LEO,4,True
STARLINK-5664,55360,PAYLOAD,Non-Polar Inclined,USA,Commercial,2023-01-26,,95.84,43.01,561,557,2023,290,LARGE,US,COMMUNICATIONS,LEO,4,True
STARLINK-5654,55366,PAYLOAD,Non-Polar Inclined,USA,Commercial,2023-01-26,,95.84,43,560,558,2023,290,LARGE,US,COMMUNICATIONS,LEO,4,True
STARLINK-5625,55368,PAYLOAD,Non-Polar Inclined,USA,Commercial,2023-01-26,,95.84,43,560,558,2023,290,LARGE,US,COMMUNICATIONS,LEO,4,True
STARLINK-5644,55369,PAYLOAD,Non-Polar Inclined,USA,Commercial,2023-01-26,,95.84,43,560,558,2023,290,LARGE,US,COMMUNICATIONS,LEO,4,True
STARLINK-5578,55374,PAYLOAD,Non-Polar Inclined,USA,Commercial,2023-01-26,,95.84,43,561,557,2023,290,LARGE,US,COMMUNICATIONS,LEO,4,True
STARLINK-5274,55395,PAYLOAD,Polar,USA,Commercial,2023-01-31,,96.11,70,574,570,2023,290,LARGE,US,COMMUNICATIONS,LEO,4,True
STARLINK-5224,55397,PAYLOAD,Polar,USA,Commercial,2023-01-31,,96.11,70,574,570,2023,290,LARGE,US,COMMUNICATIONS,LEO,4,True
STARLINK-5076,55401,PAYLOAD,Polar,USA,Commercial,2023-01-31,,96.11,70,574,570,2023,290,LARGE,US,COMMUNICATIONS,LEO,4,True
STARLINK-5623,55405,PAYLOAD,Polar,USA,Commercial,2023-01-31,,96.11,70,574,570,2023,290,LARGE,US,COMMUNICATIONS,LEO,4,True
STARLINK-5630,55406,PAYLOAD,Polar,USA,Commercial,2023-01-31,,96.11,70,574,570,2023,290,LARGE,US,COMMUNICATIONS,LEO,4,True
STARLINK-5092,55408,PAYLOAD,Polar,USA,Commercial,2023-01-31,,96.11,70,574,570,2023,290,LARGE,US,COMMUNICATIONS,LEO,4,True
STARLINK-5620,55414,PAYLOAD,Polar,USA,Commercial,2023-01-31,,96.11,70,574,570,2023,290,LARGE,US,COMMUNICATIONS,LEO,4,True
STARLINK-5616,55417,PAYLOAD,Polar,USA,Commercial,2023-01-31,,88.14,69.98,189,175,2023,290,LARGE,US,COMMUNICATIONS,LEO,4,True
STARLINK-5006,55422,PAYLOAD,Polar,USA,Commercial,2023-01-31,,96.11,70,574,570,2023,290,LARGE,US,COMMUNICATIONS,LEO,4,True
STARLINK-5570,55433,PAYLOAD,Polar,USA,Commercial,2023-01-31,,96.11,70,574,570,2023,290,LARGE,US,COMMUNICATIONS,LEO,4,True
STARLINK-5074,55438,PAYLOAD,Polar,USA,Commercial,2023-01-31,,96.11,70,574,570,2023,290,LARGE,US,COMMUNICATIONS,LEO,4,True
STARLINK-5682,55457,PAYLOAD,Non-Polar Inclined,USA,Commercial,2023-02-02,,95.84,43,560,558,2023,290,LARGE,US,COMMUNICATIONS,LEO,4,True
STARLINK-5672,55468,PAYLOAD,Non-Polar Inclined,USA,Commercial,2023-02-02,,95.84,43,560,558,2023,290,LARGE,US,COMMUNICATIONS,LEO,4,True
STARLINK-5681,55469,PAYLOAD,Non-Polar Inclined,USA,Commercial,2023-02-02,,95.84,43,560,558,2023,290,LARGE,US,COMMUNICATIONS,LEO,4,True
STARLINK-5650,55475,PAYLOAD,Non-Polar Inclined,USA,Commercial,2023-02-02,,95.84,43,560,558,2023,290,LARGE,US,COMMUNICATIONS,LEO,4,True
STARLINK-5704,55486,PAYLOAD,Non-Polar Inclined,USA,Commercial,2023-02-02,,95.84,43,560,558,2023,290,LARGE,US,COMMUNICATIONS,LEO,4,True
STARLINK-5706,55488,PAYLOAD,Non-Polar Inclined,USA,Commercial,2023-02-02,,95.84,43,560,558,2023,290,LARGE,US,COMMUNICATIONS,LEO,4,True
STARLINK-5013,55492,PAYLOAD,Non-Polar Inclined,USA,Commercial,2023-02-02,,95.84,43.01,561,557,2023,290,LARGE,US,COMMUNICATIONS,LEO,4,True
STARLINK-5100,55495,PAYLOAD,Non-Polar Inclined,USA,Commercial,2023-02-02,,95.84,43,560,558,2023,290,LARGE,US,COMMUNICATIONS,LEO,4,True
STARLINK-5739,55571,PAYLOAD,Non-Polar Inclined,USA,Commercial,2023-02-12,,95.84,43,560,558,2023,290,LARGE,US,COMMUNICATIONS,LEO,4,True
STARLINK-5745,55575,PAYLOAD,Non-Polar Inclined,USA,Commercial,2023-02-12,,95.84,43,560,558,2023,290,LARGE,US,COMMUNICATIONS,LEO,4,True
STARLINK-5751,55576,PAYLOAD,Non-Polar Inclined,USA,Commercial,2023-02-12,,95.84,43,560,558,2023,290,LARGE,US,COMMUNICATIONS,LEO,4,True
STARLINK-5713,55578,PAYLOAD,Non-Polar Inclined,USA,Commercial,2023-02-12,2025-04-08,87.37,42.97,149,139,2023,290,LARGE,US,COMMUNICATIONS,LEO,4,False
STARLINK-5727,55587,PAYLOAD,Non-Polar Inclined,USA,Commercial,2023-02-12,,95.84,43,560,558,2023,290,LARGE,US,COMMUNICATIONS,LEO,4,True
STARLINK-5760,55591,PAYLOAD,Non-Polar Inclined,USA,Commercial,2023-02-12,,95.84,43.01,560,558,2023,290,LARGE,US,COMMUNICATIONS,LEO,4,True
STARLINK-5743,55597,PAYLOAD,Non-Polar Inclined,USA,Commercial,2023-02-12,,95.84,43.01,560,558,2023,290,LARGE,US,COMMUNICATIONS,LEO,4,True
STARLINK-5764,55602,PAYLOAD,Non-Polar Inclined,USA,Commercial,2023-02-12,,95.84,43,560,558,2023,290,LARGE,US,COMMUNICATIONS,LEO,4,True
STARLINK-5748,55604,PAYLOAD,Non-Polar Inclined,USA,Commercial,2023-02-12,,95.84,43,560,558,2023,290,LARGE,US,COMMUNICATIONS,LEO,4,True
STARLINK-5722,55610,PAYLOAD,Non-Polar Inclined,USA,Commercial,2023-02-12,,95.84,43,560,558,2023,290,LARGE,US,COMMUNICATIONS,LEO,4,True
STARLINK-5715,55613,PAYLOAD,Non-Polar Inclined,USA,Commercial,2023-02-12,,95.84,43,560,558,2023,290,LARGE,US,COMMUNICATIONS,LEO,4,True
STARLINK-5710,55616,PAYLOAD,Non-Polar Inclined,USA,Commercial,2023-02-12,,95.84,43,560,558,2023,290,LARGE,US,COMMUNICATIONS,LEO,4,True
STARLINK-5709,55621,PAYLOAD,Non-Polar Inclined,USA,Commercial,2023-02-12,,95.84,43,560,558,2023,290,LARGE,US,COMMUNICATIONS,LEO,4,True
STARLINK-5484,55628,PAYLOAD,Polar,USA,Commercial,2023-02-17,,96.11,70,574,570,2023,290,LARGE,US,COMMUNICATIONS,LEO,4,True
STARLINK-5497,55629,PAYLOAD,Polar,USA,Commercial,2023-02-17,,96.11,70,574,570,2023,290,LARGE,US,COMMUNICATIONS,LEO,4,True
STARLINK-5546,55632,PAYLOAD,Polar,USA,Commercial,2023-02-17,,96.11,70,575,569,2023,290,LARGE,US,COMMUNICATIONS,LEO,4,True
STARLINK-5478,55642,PAYLOAD,Polar,USA,Commercial,2023-02-17,2024-06-26,88.02,69.97,185,168,2023,290,LARGE,US,COMMUNICATIONS,LEO,4,False
STARLINK-5510,55647,PAYLOAD,Polar,USA,Commercial,2023-02-17,,96.11,70,574,570,2023,290,LARGE,US,COMMUNICATIONS,LEO,4,True
STARLINK-5501,55648,PAYLOAD,Polar,USA,Commercial,2023-02-17,,96.11,70,574,570,2023,290,LARGE,US,COMMUNICATIONS,LEO,4,True
STARLINK-5328,55657,PAYLOAD,Polar,USA,Commercial,2023-02-17,,96.02,70.01,575,561,2023,290,LARGE,US,COMMUNICATIONS,LEO,4,True
STARLINK-5307,55658,PAYLOAD,Polar,USA,Commercial,2023-02-17,,96.11,70,574,570,2023,290,LARGE,US,COMMUNICATIONS,LEO,4,True
STARLINK-5467,55660,PAYLOAD,Polar,USA,Commercial,2023-02-17,,96.11,70,574,570,2023,290,LARGE,US,COMMUNICATIONS,LEO,4,True
STARLINK-5456,55667,PAYLOAD,Polar,USA,Commercial,2023-02-17,,96.1,70,574,570,2023,290,LARGE,US,COMMUNICATIONS,LEO,4,True
STARLINK-5459,55669,PAYLOAD,Polar,USA,Commercial,2023-02-17,,96.11,70,574,570,2023,290,LARGE,US,COMMUNICATIONS,LEO,4,True
STARLINK-5462,55674,PAYLOAD,Polar,USA,Commercial,2023-02-17,,96.11,70,574,570,2023,290,LARGE,US,COMMUNICATIONS,LEO,4,True
STARLINK-5592,55741,PAYLOAD,Polar,USA,Commercial,2023-03-03,,96.11,70,574,570,2023,290,LARGE,US,COMMUNICATIONS,LEO,4,True
STARLINK-5580,55748,PAYLOAD,Polar,USA,Commercial,2023-03-03,,96.11,70,574,570,2023,290,LARGE,US,COMMUNICATIONS,LEO,4,True
STARLINK-5612,55754,PAYLOAD,Polar,USA,Commercial,2023-03-03,,96.11,70,574,570,2023,290,LARGE,US,COMMUNICATIONS,LEO,4,True
STARLINK-5072,55758,PAYLOAD,Polar,USA,Commercial,2023-03-03,,96.11,70,574,570,2023,290,LARGE,US,COMMUNICATIONS,LEO,4,True
STARLINK-5603,55762,PAYLOAD,Polar,USA,Commercial,2023-03-03,,96.11,70,574,570,2023,290,LARGE,US,COMMUNICATIONS,LEO,4,True
STARLINK-5595,55765,PAYLOAD,Polar,USA,Commercial,2023-03-03,,96.11,70,574,570,2023,290,LARGE,US,COMMUNICATIONS,LEO,4,True
STARLINK-5557,55770,PAYLOAD,Polar,USA,Commercial,2023-03-03,,96.11,70,574,570,2023,290,LARGE,US,COMMUNICATIONS,LEO,4,True
STARLINK-5809,55775,PAYLOAD,Polar,USA,Commercial,2023-03-03,,96.11,70,574,570,2023,290,LARGE,US,COMMUNICATIONS,LEO,4,True
STARLINK-5810,55776,PAYLOAD,Polar,USA,Commercial,2023-03-03,,96.11,70,574,570,2023,290,LARGE,US,COMMUNICATIONS,LEO,4,True
STARLINK-5814,55777,PAYLOAD,Polar,USA,Commercial,2023-03-03,,96.11,70,574,570,2023,290,LARGE,US,COMMUNICATIONS,LEO,4,True
STARLINK-5813,55790,PAYLOAD,Polar,USA,Commercial,2023-03-03,,96.11,70,574,570,2023,290,LARGE,US,COMMUNICATIONS,LEO,4,True
ONEWEB-0642,55806,PAYLOAD,Polar,United Kingdom,Commercial,2023-03-09,,109.11,87.93,1187,1185,2023,148,LARGE,UK,COMMUNICATIONS,LEO,5,True
ONEWEB-0646,55810,PAYLOAD,Polar,United Kingdom,Commercial,2023-03-09,,109.11,87.93,1187,1185,2023,148,LARGE,UK,COMMUNICATIONS,LEO,5,True
ONEWEB-0652,55814,PAYLOAD,Polar,United Kingdom,Commercial,2023-03-09,,109.55,87.91,1207,1204,2023,148,LARGE,UK,COMMUNICATIONS,LEO,5,True
ONEWEB-0656,55817,PAYLOAD,Polar,United Kingdom,Commercial,2023-03-09,,109.03,87.93,1184,1180,2023,148,LARGE,UK,COMMUNICATIONS,LEO,5,True
ONEWEB-0663,55823,PAYLOAD,Polar,United Kingdom,Commercial,2023-03-09,,109.02,87.93,1183,1180,2023,148,LARGE,UK,COMMUNICATIONS,LEO,5,True
ONEWEB-0667,55827,PAYLOAD,Polar,United Kingdom,Commercial,2023-03-09,,109.03,87.93,1183,1180,2023,148,LARGE,UK,COMMUNICATIONS,LEO,5,True
STARLINK-5849,55924,PAYLOAD,Polar,USA,Commercial,2023-03-17,,96.11,70,574,570,2023,290,LARGE,US,COMMUNICATIONS,LEO,4,True
STARLINK-5919,55927,PAYLOAD,Polar,USA,Commercial,2023-03-17,,96.11,70,574,570,2023,290,LARGE,US,COMMUNICATIONS,LEO,4,True
STARLINK-5918,55939,PAYLOAD,Polar,USA,Commercial,2023-03-17,,96.11,70,574,571,2023,290,LARGE,US,COMMUNICATIONS,LEO,4,True
STARLINK-5932,55943,PAYLOAD,Polar,USA,Commercial,2023-03-17,,96.11,70,574,570,2023,290,LARGE,US,COMMUNICATIONS,LEO,4,True
STARLINK-5926,55944,PAYLOAD,Polar,USA,Commercial,2023-03-17,,96.11,70,574,570,2023,290,LARGE,US,COMMUNICATIONS,LEO,4,True
STARLINK-5889,55953,PAYLOAD,Polar,USA,Commercial,2023-03-17,,92.5,70,399,395,2023,290,LARGE,US,COMMUNICATIONS,LEO,4,True
STARLINK-5884,55957,PAYLOAD,Polar,USA,Commercial,2023-03-17,,96.11,70,574,570,2023,290,LARGE,US,COMMUNICATIONS,LEO,4,True
STARLINK-5924,55963,PAYLOAD,Polar,USA,Commercial,2023-03-17,,96.11,70,575,569,2023,290,LARGE,US,COMMUNICATIONS,LEO,4,True
SES 18,55970,PAYLOAD,,Luxembourg,Commercial,2023-03-17,,1436.09,0.03,35791,35781,2023,3605,LARGE,SES,COMMUNICATIONS,GEO,18,True
STARLINK-5905,55986,PAYLOAD,Non-Polar Inclined,USA,Commercial,2023-03-24,,95.84,43.01,560,558,2023,290,LARGE,US,COMMUNICATIONS,LEO,4,True
STARLINK-5948,55991,PAYLOAD,Non-Polar Inclined,USA,Commercial,2023-03-24,,95.84,43.01,560,558,2023,290,LARGE,US,COMMUNICATIONS,LEO,4,True
STARLINK-5956,55994,PAYLOAD,Non-Polar Inclined,USA,Commercial,2023-03-24,,95.84,43.01,560,558,2023,290,LARGE,US,COMMUNICATIONS,LEO,4,True
STARLINK-5903,55996,PAYLOAD,Non-Polar Inclined,USA,Commercial,2023-03-24,,95.84,43.01,560,558,2023,290,LARGE,US,COMMUNICATIONS,LEO,4,True
STARLINK-5787,56004,PAYLOAD,Non-Polar Inclined,USA,Commercial,2023-03-24,,95.84,43,560,558,2023,290,LARGE,US,COMMUNICATIONS,LEO,4,True
STARLINK-5794,56006,PAYLOAD,Non-Polar Inclined,USA,Commercial,2023-03-24,,95.84,43.01,560,558,2023,290,LARGE,US,COMMUNICATIONS,LEO,4,True
STARLINK-5806,56007,PAYLOAD,Non-Polar Inclined,USA,Commercial,2023-03-24,,95.84,43,560,558,2023,290,LARGE,US,COMMUNICATIONS,LEO,4,True
STARLINK-5968,56010,PAYLOAD,Non-Polar Inclined,USA,Commercial,2023-03-24,,95.84,43,560,558,2023,290,LARGE,US,COMMUNICATIONS,LEO,4,True
STARLINK-5936,56011,PAYLOAD,Non-Polar Inclined,USA,Commercial,2023-03-24,,95.84,43,560,558,2023,290,LARGE,US,COMMUNICATIONS,LEO,4,True
STARLINK-5942,56014,PAYLOAD,Non-Polar Inclined,USA,Commercial,2023-03-24,,95.83,43.01,560,557,2023,290,LARGE,US,COMMUNICATIONS,LEO,4,True
STARLINK-5934,56017,PAYLOAD,Non-Polar Inclined,USA,Commercial,2023-03-24,,95.83,43,560,558,2023,290,LARGE,US,COMMUNICATIONS,LEO,4,True
STARLINK-5912,56020,PAYLOAD,Non-Polar Inclined,USA,Commercial,2023-03-24,,95.84,43,560,558,2023,290,LARGE,US,COMMUNICATIONS,LEO,4,True
STARLINK-5779,56028,PAYLOAD,Non-Polar Inclined,USA,Commercial,2023-03-24,,95.84,43.01,560,558,2023,290,LARGE,US,COMMUNICATIONS,LEO,4,True
STARLINK-5781,56030,PAYLOAD,Non-Polar Inclined,USA,Commercial,2023-03-24,,95.84,43.01,560,558,2023,290,LARGE,US,COMMUNICATIONS,LEO,4,True
STARLINK-5785,56031,PAYLOAD,Non-Polar Inclined,USA,Commercial,2023-03-24,,95.84,43,560,558,2023,290,LARGE,US,COMMUNICATIONS,LEO,4,True
STARLINK-5782,56034,PAYLOAD,Non-Polar Inclined,USA,Commercial,2023-03-24,,95.84,43.01,560,558,2023,290,LARGE,US,COMMUNICATIONS,LEO,4,True
ONEWEB-0553,56055,PAYLOAD,Polar,United Kingdom,Commercial,2023-03-26,,109.37,87.9,1199,1196,2023,148,MEDIUM,UK,COMMUNICATIONS,LEO,5,True
ONEWEB-0559,56060,PAYLOAD,Polar,United Kingdom,Commercial,2023-03-26,,108.94,87.93,1179,1176,2023,148,LARGE,UK,COMMUNICATIONS,LEO,5,True
ONEWEB-0637,56078,PAYLOAD,Polar,United Kingdom,Commercial,2023-03-26,,109.46,87.91,1203,1200,2023,148,MEDIUM,UK,COMMUNICATIONS,LEO,5,True
STARLINK-6095,56101,PAYLOAD,Non-Polar Inclined,USA,Commercial,2023-03-29,,95.84,43,560,558,2023,290,LARGE,US,COMMUNICATIONS,LEO,4,True
STARLINK-6066,56105,PAYLOAD,Non-Polar Inclined,USA,Commercial,2023-03-29,,95.84,43.01,560,558,2023,290,LARGE,US,COMMUNICATIONS,LEO,4,True
STARLINK-6084,56111,PAYLOAD,Non-Polar Inclined,USA,Commercial,2023-03-29,,95.84,43,560,558,2023,290,LARGE,US,COMMUNICATIONS,LEO,4,True
STARLINK-6080,56112,PAYLOAD,Non-Polar Inclined,USA,Commercial,2023-03-29,,95.84,43,560,558,2023,290,LARGE,US,COMMUNICATIONS,LEO,4,True
STARLINK-6113,56113,PAYLOAD,Non-Polar Inclined,USA,Commercial,2023-03-29,,95.84,43,560,558,2023,290,LARGE,US,COMMUNICATIONS,LEO,4,True
STARLINK-6094,56122,PAYLOAD,Non-Polar Inclined,USA,Commercial,2023-03-29,,95.84,43,560,559,2023,290,LARGE,US,COMMUNICATIONS,LEO,4,True
STARLINK-6117,56130,PAYLOAD,Non-Polar Inclined,USA,Commercial,2023-03-29,,95.84,43,560,558,2023,290,LARGE,US,COMMUNICATIONS,LEO,4,True
STARLINK-5564,56134,PAYLOAD,Non-Polar Inclined,USA,Commercial,2023-03-29,,95.84,43.01,561,557,2023,290,LARGE,US,COMMUNICATIONS,LEO,4,True
STARLINK-5378,56139,PAYLOAD,Non-Polar Inclined,USA,Commercial,2023-03-29,2024-05-24,88.69,42.99,214,205,2023,290,LARGE,US,COMMUNICATIONS,LEO,4,False
STARLINK-5374,56144,PAYLOAD,Non-Polar Inclined,USA,Commercial,2023-03-29,,95.83,43,560,558,2023,290,LARGE,US,COMMUNICATIONS,LEO,4,True
STARLINK-5111,56146,PAYLOAD,Non-Polar Inclined,USA,Commercial,2023-03-29,,95.84,43,560,558,2023,290,LARGE,US,COMMUNICATIONS,LEO,4,True
